external_id,source_zip,source_domain,call_direction,text_hash,pseudo_call_code,pseudo_label_confidence,should_use_for_training,rationale
2020-03-25-14-28-18_dfcdc93e-6ea4-11ea-ae61-063126baf78b_deb9868c-6ea4-11ea-9d73-a5a9dd8182ac_transcript,auto_insurance_customer_service_inbound.zip,insurance,inbound,aecdf3168b1daf853c7cf31ac6b0b462864eccf0a8e24293f2b255c859c9be67,"OPENING, NEEDS_ANALYSIS, FEE_DISCUSSION, PRODUCT_PITCH, SUDDEN_HANG_UP",0.9,True,"The call includes a greeting, extensive data collection for insurance eligibility, discussion of current monthly costs, a bundling suggestion, and an abrupt termination."
4408355874_transcript,insurance_outbound.zip,insurance,outbound,8bbfb1d4ab3bc0d0f8afa70e96476d82f0b18ef092d0480190b1328dbbbf5f24,"OPENING, PRODUCT_PITCH, NEEDS_ANALYSIS, FEE_DISCUSSION, WARM_LEAD",0.9,True,"Agent opens the call, pitches Medicare benefits, analyzes eligibility, discusses premiums, and identifies a warm lead for transfer."
2020-09-18-18-29-40_e7482867-ef99-41e1-9a5b-a113990ddb96_v2ATpQQNJLSGAXWt6cxeEBFN5vqmcgcvcPgfU28dCKVHqPwMUOOwMd-w_transcript,auto_insurance_customer_service_inbound.zip,insurance,inbound,e9628c041072fc212817b62c7f3639c16bbbf2c4c476a903bf18b5e532918a52,"OPENING, NEEDS_ANALYSIS, PASSIVE_AGREEMENT, FOLLOW_UP_EMAIL_REQUESTED",0.9,True,"The call includes a greeting, extensive data collection for insurance eligibility, a cooperative customer, and a request to send a follow-up link via text."
5104365624_P2_transcript,insurance_outbound.zip,insurance,outbound,4d88fa0cb65136c1e0548d0c51c5993497287a074030ed136c869541187bcc2c,"OPENING, PRODUCT_PITCH, NEEDS_ANALYSIS, FEE_DISCUSSION, PASSIVE_AGREEMENT",0.95,True,"The agent opens the call, pitches Medicare benefits, performs needs analysis on eligibility and health, discusses premiums/co-pays, and the customer provides passive agreement throughout."
3179469133_P2_transcript,insurance_outbound.zip,insurance,outbound,ef02afb6b096c5b16518d67da7b3d52664f54db3157cd91b82a9f22f9e246e1d,"OPENING, PRODUCT_PITCH, NEEDS_ANALYSIS, PASSIVE_AGREEMENT",0.9,True,"The agent opens the call, pitches potential savings, collects Medicare details for analysis, and the customer agrees to the process and expresses satisfaction with their current plan."
6106702089_transcript,insurance_outbound.zip,insurance,outbound,1e2c4183901de5e674a939d59ba121175ea20391533bdc658bb295498762b9c7,"OPENING, PRODUCT_PITCH, NEEDS_ANALYSIS, FEE_DISCUSSION, WARM_LEAD",0.95,True,"Agent opens the call, pitches Medicare benefits, conducts eligibility verification, discusses costs, and the customer is highly cooperative, indicating a warm lead."
7067695799_transcript,insurance_outbound.zip,insurance,outbound,85e6d105614007f36394feb31174c21d581919838ce5cac4f52931d672206f5b,"OPENING, PRODUCT_PITCH, NEEDS_ANALYSIS, FEE_DISCUSSION, WARM_LEAD",0.95,True,"Agent opens call, pitches Medicare benefits, analyzes eligibility, discusses costs, and the customer cooperatively provides personal info for a transfer."
recording-public_1051_transcript,customer_service_general_inbound.zip,customer_service,inbound,f3d096d2a5b89abf9ff507366e9d0963148c50b018f0ad03ff2522eb2c297fbe,"OPENING, PRODUCT_PITCH, NEEDS_ANALYSIS, FEE_DISCUSSION, SUDDEN_HANG_UP",0.95,True,"The call contains a greeting, a pitch for insurance, health and eligibility questioning, discussion of premium costs, and ends with the agent losing the customer."
2020-09-09-18-40-22_dfbc514a-902a-4fa4-9cab-34eb41003cbb_v2Kp-9ngU6SMIzsBrOtM5tnNoMAn2mHN5M1BgwAERuR6KLOCCDDga25w_transcript,auto_insurance_customer_service_inbound.zip,insurance,inbound,b3c17a5ff9c8ea3dd389ccc822c5105c26232e199dfb1017a29172eba0096d86,"OPENING, NEEDS_ANALYSIS, FEE_DISCUSSION, PRODUCT_PITCH, SUDDEN_HANG_UP",0.9,True,"The call starts with a greeting, involves extensive data gathering for insurance, discusses current monthly payments, mentions affordable quotes, and ends with a suspected disconnection."
2020-10-14-15-47-01_16ee6816-4260-41d9-a3df-7de06d1d70bc_v2pFChBt1sdRNJojH3ogsUs_pwjuMAMAo1gDe8JAc0QkglazxNAnZLQw_transcript,auto_insurance_customer_service_inbound.zip,insurance,inbound,05f35409d9f19db0db62ed7d87e1cfcbb502b2814b7727f0736c5a7c2988b51a,"OPENING, NEEDS_ANALYSIS",0.9,True,The call begins with a standard greeting and consists primarily of the agent gathering personal information and military status to verify identity and eligibility.
2020-03-30-14-18-11_4a45e586-7291-11ea-bc3b-1200da9013b7_49398cec-7291-11ea-bafe-c58f45a98613_transcript,auto_insurance_customer_service_inbound.zip,insurance,inbound,7c0fe7ae981891e04cf13786e771c6f75c3ff060a1983d41c728ad2fe5f4c5fc,"OPENING, NEEDS_ANALYSIS, FEE_DISCUSSION, SOFT_REJECTION, FOLLOW_UP_EMAIL_REQUESTED",0.95,True,"The call includes a greeting, data gathering about current insurance and costs, a soft rejection due to time constraints, and a request for written information."
7046360226_transcript,insurance_outbound.zip,insurance,outbound,7b6c235bd2554c142d334ef5f08814f4c3c0f0a24c9e168ef638f44aceb56d63,"OPENING, PRODUCT_PITCH, NEEDS_ANALYSIS, FEE_DISCUSSION, PASSIVE_AGREEMENT",0.9,True,"The call features a greeting, a pitch for Medicare benefits, verification of eligibility (Part A/B), mentions of no additional cost, and the customer's passive agreement during data verification."
8177813141_transcript,insurance_outbound.zip,insurance,outbound,49553f3b1f59e4723a568daad92d7a6042c314f59c73b4bbf4a85f2430497b9f,"OPENING, PRODUCT_PITCH, NEEDS_ANALYSIS, FEE_DISCUSSION, CURIOUS_EXPLORATION",0.95,True,"The call features a greeting, a detailed pitch of Medicare benefits, verification of eligibility and personal details, mention of zero premiums, and a specific question from the customer about benefit amounts."
2020-09-14-18-43-09_9c7b14a9-90ca-4911-94e8-073bbe0571ca_v2V_iPWqBNAKy9tj4YkWHEudHcVhVwOq0cgShSWqcqfrVqf2wY_90oCQ_transcript,auto_insurance_customer_service_inbound.zip,insurance,inbound,5803b0c65d6dd709950c3723cb44ceeaa437cb25b70f80ba5f13265cd3a63ce1,"OPENING, NEEDS_ANALYSIS, OVERWHELMED_CONFUSION, PASSIVE_AGREEMENT",0.9,True,"The agent opens the call and performs a detailed needs analysis. The customer expresses confusion regarding the online link, but ultimately gives passive agreement to the process."
5042584571_transcript,insurance_outbound.zip,insurance,outbound,b69e6829bb929fea1ecc9c127be3bde08219cce5321f67d375eb143b63d4b211,"OPENING, PRODUCT_PITCH, NEEDS_ANALYSIS, FEE_DISCUSSION, ENTHUSIASTIC_AGREEMENT",0.95,True,"The call contains a greeting, a pitch for Medicare benefits, eligibility screening, mention of zero cost, and highly positive customer responses."
2020-09-17-19-28-11_cd3fc057-a069-4903-9ea8-7d93e612a964_v2m49hIJT115mm-hwAZzixLHw4QnHjBAM5HAZKXLEAF37RcbDXgNIPpg_transcript,auto_insurance_customer_service_inbound.zip,insurance,inbound,0818f93027aa999d6dcf967def586d052ad17b55913c7e5feb3259555014bb7d,"OPENING, NEEDS_ANALYSIS, COMPETITOR_COMPARISON, DEFENSIVE_POSTURE, SOFT_REJECTION",0.9,True,"The call features a greeting, extensive data gathering, a focus on beating a competitor's rate, the customer refusing to disclose their current provider, and a rejection of the first suggested company."
2020-04-07-19-02-37_5a10c040-7902-11ea-9a18-06ef0022aaed_58dff33a-7902-11ea-826d-970ed49bb7ca_transcript,auto_insurance_customer_service_inbound.zip,insurance,inbound,771fdfbb5ea01c8008ee04730bee64d8147b6a7bba68fc5e9704b84334f7f1d5,"OPENING, SOFT_REJECTION, OBJECTION_HANDLING, NEEDS_ANALYSIS, FEE_DISCUSSION",0.95,True,"The call includes a greeting, initial customer reluctance, agent's pivot to a quote, extensive data gathering for insurance, and a mention of a monthly payment amount."
2020-05-19-15-55-12_e5cd75f4-06cb-412d-b3e0-7949186cdc63_v2GQp0-RqnWr8dfKZjJvOx5P8UbRohX0wqbfmc0lfZs4M6eVN_GoBGkA_transcript,auto_insurance_customer_service_inbound.zip,insurance,inbound,d7992eb38278e599a6d366df2870ee5de733baa05d5b47bcf422f43469fb7ab3,"OPENING, NEEDS_ANALYSIS, FEE_DISCUSSION, PASSIVE_AGREEMENT",0.95,True,"The agent opens the call, conducts a thorough needs analysis including current insurance costs, and the customer cooperates by providing the requested information."
4176823066_transcript,insurance_outbound.zip,insurance,outbound,ef466ae04fc843748107e52fba7fe479ed5a2c1b11b43c737e8898efee50d9e3,"OPENING, PRODUCT_PITCH, NEEDS_ANALYSIS, CURIOUS_EXPLORATION, FEE_DISCUSSION",0.95,True,"The call contains a greeting, a pitch of Medicare benefits, qualifying questions for eligibility, customer inquiry about glasses, and mentions of zero cost and no copays."
9365648523_part_1_transcript,insurance_outbound.zip,insurance,outbound,ea55c08c5f1cda5fa8aaebb12e7abe3416193ada160b292b7992de0f96dc9a34,"OPENING, PRODUCT_PITCH, NEEDS_ANALYSIS, PASSIVE_AGREEMENT, SUSPICIOUS_PROBING",0.9,True,"Agent opens the call, pitches Medicare benefits, and performs needs analysis. The customer is mostly passive but asks about the company identity."
3304774325_part_2_transcript,insurance_outbound.zip,insurance,outbound,3e1029c21e8152e387779ddf3ed4b99159c04f01e08fc1778b16458e7eb0e95d,"OPENING, ACTIVE_LISTENING",0.7,True,"Agent greets the customer and manages a call transfer, repeatedly confirming the customer is still on the line."
8036356528_transcript,insurance_outbound.zip,insurance,outbound,085370209979a23c43bddf53cb6802246f7ba6c4f36f8d4a0a9c931ca983cae5,"OPENING, PRODUCT_PITCH, NEEDS_ANALYSIS, FEE_DISCUSSION",0.9,True,"Agent opens the call, pitches Medicare upgrades, mentions no additional cost, and collects eligibility and personal details."
2020-10-06-23-18-09_f1a71bc8-2d53-4168-8af3-e1f10cf86c31_v2nO3aH5EooMPWgemcTOhXJiaMQI7SiZmc1S0YhEuegtxFgPwFm_2kBw_transcript,auto_insurance_customer_service_inbound.zip,insurance,inbound,2eee36b644c0c4e219f2ac79f598b7ac02770f0a9772543042a2a9a782ded205,"OPENING, NEEDS_ANALYSIS, ACTIVE_LISTENING",0.9,True,Agent opens the call and conducts a detailed needs analysis by verifying personal info and current insurance provider.
4345695679_transcript,insurance_outbound.zip,insurance,outbound,8139fade7b28f75f09e50e73d8826c226b6226a00d000035bdbc13bbb5781a3f,"OPENING, PRODUCT_PITCH, NEEDS_ANALYSIS, FEE_DISCUSSION, OBJECTION_HANDLING",0.9,True,"Agent opens, pitches benefits, discusses premiums, and handles the customer's objection that they have already updated their plan."
9035692576_P2_transcript,insurance_outbound.zip,insurance,outbound,1b491380510dde3db71082b05490848831dc545b4926bf597025a72cd3484e56,"OPENING, NEEDS_ANALYSIS, ACTIVE_LISTENING",0.9,True,Agent opens the call and performs needs analysis by collecting the Medicare ID and verifying current supplement coverage.
2020-03-30-18-04-26_e56abc66-72b0-11ea-a73f-061c0345b5f5_e4358ab0-72b0-11ea-aeb6-17c578b9e8aa_transcript,auto_insurance_customer_service_inbound.zip,insurance,inbound,af56f62e89585bb71184ad937e0613cdf15c1e0da9a2c84855032a749de0f7c2,"OPENING, NEEDS_ANALYSIS",0.9,True,Contains the IVR greeting and requests for initial information like zip code to begin the quoting process.
2020-09-17-17-39-40_c215d6d7-be75-4b72-b770-d13c3cb85ed0_v2_kzy6nRJUrBDFS2HoTwCZvH1JYZG8eazpkkUPuA1QVMe1m9aoxccUQ_transcript,auto_insurance_customer_service_inbound.zip,insurance,inbound,c554df36e4e4a6aecc63bbad6cd40ee9e1525a7bfc8600519ba3d81e0511b29d,"OPENING, NEEDS_ANALYSIS, FEE_DISCUSSION, PASSIVE_AGREEMENT",0.95,True,"Agent opens the call, gathers customer details and current provider info, and discusses current insurance costs."
2020-09-18-23-16-11_e20d6f4a-2e9c-4874-a11d-b594622bc2db_v2IH9kyhqF-CGQ1n7RY6AhzgvWDmUF1AGMK9gbcTwEIMthEIYK5inT4w_transcript,auto_insurance_customer_service_inbound.zip,insurance,inbound,bb42743cb18162520170ce8ef2baf9dc2656981392e3ab504203ee440a62f2ed,"OPENING, NEEDS_ANALYSIS, FEE_DISCUSSION, PASSIVE_AGREEMENT",0.95,True,"Standard intake call featuring an opening, detailed needs analysis (including military and driving history), and premium discussion."
2020-09-17-19-21-29_31abf745-badf-4061-8601-ec6a3b8aa976_v2FM9GeFVi-cl8qLLUbsAaEKv9QP6QFNi387VkE9yKP8T9-werOSzRHA_transcript,auto_insurance_customer_service_inbound.zip,insurance,inbound,2fd4b996c3c4a96545d5ac3e2136af797cd556d3a147971aae63ae015824795e,"OPENING, NEEDS_ANALYSIS, FEE_DISCUSSION, MISUNDERSTANDING",0.9,True,"Includes opening and needs analysis, with a discussion on rate increases and several instances of hearing-related misunderstandings."
6143488097_P2_transcript,insurance_outbound.zip,insurance,outbound,a8f557a87c55b723e169f2da69d4cdb627d335ca1cff9a206c47a3e2f418838f,"OPENING, NEEDS_ANALYSIS, PASSIVE_AGREEMENT, WARM_LEAD",0.85,True,Agent opens the call after a transfer (warm lead) and performs needs analysis by verifying Medicare ID and eligibility.
8163569158(1)_transcript,insurance_outbound.zip,insurance,outbound,c3cff8fcaa6a491c15422819f19bbbcd2cd650779cda2bad2b4d04d092a41a36,"OPENING, PRODUCT_PITCH, NEEDS_ANALYSIS, FEE_DISCUSSION",0.9,True,"Agent greets the customer, pitches Medicare benefits, asks about eligibility (Part A/B), and discusses zero-cost premiums."
3145311408_transcript,insurance_outbound.zip,insurance,outbound,0fe738aae7777aa4a20deb264fecf2ceeca37125edc1904767cc4c8589337a4d,"OPENING, PRODUCT_PITCH, NEEDS_ANALYSIS, FEE_DISCUSSION",0.9,True,"Agent greets the customer, presents a list of Medicare benefits, verifies eligibility, and mentions no copayments."
9365904637_P2_transcript,insurance_outbound.zip,insurance,outbound,418e1dbc0ed443c8598a203cfa5f0682333212728032a7f57e8fdd71ac974003,"OPENING, PRODUCT_PITCH, NEEDS_ANALYSIS, PASSIVE_AGREEMENT",0.8,True,"Agent greets the customer, mentions saving money/increasing benefits, and collects Medicare ID and coverage dates."
2020-10-29-19-02-59_95895258-26d8-4d71-ad71-88d1448eedc7_v2e96Y6OK6gbTpdku7DQdkYgYgr0IZv-taGPH3ktbWkhWkkVbp3KbVsw_transcript,auto_insurance_customer_service_inbound.zip,insurance,inbound,7d8dc0721e2cffdd9d1e3bd2180d5f27e41e7d9b12c53bf5578426e26a9f4873,"OPENING, NEEDS_ANALYSIS",0.5,False,Transcript consists of IVR menus with a greeting and a request for a zip code.
recording-public_983_transcript,customer_service_general_inbound.zip,customer_service,inbound,9b8c23d402d3af0a573fcdf9834c061ceeaf3e66d007cdcf43fbb3087e1a1a5d,"OPENING, NEEDS_ANALYSIS, PASSIVE_AGREEMENT",0.9,True,"Agent greets the customer and conducts a detailed needs analysis regarding health, demographics, and current coverage."
3177482377_P2_transcript,insurance_outbound.zip,insurance,outbound,9cfb8ca6bf3a0dc59f5dcb6b4c7c03bdcdf05d4f9094796c628ba5d1e9de9917,"OPENING, PRODUCT_PITCH, NEEDS_ANALYSIS, PASSIVE_AGREEMENT",0.95,True,"The call includes a greeting, a pitch for additional Medicare benefits, verification of personal and insurance details, and passive agreement from the customer."
5408304078_transcript,insurance_outbound.zip,insurance,outbound,7d1aedc3287ca0a6b4c136726fda1ca295c20e10d0d582193db604b6bf116db9,"OPENING, PRODUCT_PITCH, NEEDS_ANALYSIS, FEE_DISCUSSION, PASSIVE_AGREEMENT",0.9,True,"Contains greeting, a detailed pitch for Medicare benefits, mentions of zero cost, eligibility check for Part A/B, and passive customer agreement."
2020-09-07-17-25-28_653dff9a-05db-4704-9dab-554280171650_v2oK1GxLQCDngLksUDha2ArlvsZkCMz9sOZwPU3Txpd6tqyLg8ZK-cqg_transcript,auto_insurance_customer_service_inbound.zip,insurance,inbound,fd2b69330bb22fb8cd0b4ffc57c9dc6be23da7e53c2f124291803a1ace76f743,"OPENING, NEEDS_ANALYSIS, FEE_DISCUSSION, PRODUCT_PITCH",0.95,True,"The call includes a greeting, extensive data collection on current insurance and homeownership, a question about monthly payments, and an initial offer to bundle services."
recording-public_744_transcript,customer_service_general_inbound.zip,customer_service,inbound,3c05971a0fb1de6e68fc9d302c7de62f5bfb5d5b0b539f906f76f2e51d6a3355,"OPENING, PRODUCT_PITCH, FEE_DISCUSSION, NEEDS_ANALYSIS",0.9,True,"The call includes greetings, confirmation of a specific quote price, and the collection of personal data to submit a policy application."
2020-09-24-19-06-59_c58ccaeb-0005-4dba-9e18-2d3e3cb576bd_v2ZOEMGQxvqbV2LyAXp34ejE9sO60PQEKzrYTPevdizvwFqORsFk-pCA_transcript,auto_insurance_customer_service_inbound.zip,insurance,inbound,eec0042b0d314ab3523b2c8692032042378dadbfffc394264117a54ba6d0b912,"OPENING, PRODUCT_PITCH, NEEDS_ANALYSIS, PASSIVE_AGREEMENT",0.9,True,"The call includes a greeting, a pitch for insurance savings, questions about the customer's car purchase timeline, and the customer agreeing to proceed."
recording-public_864_transcript,customer_service_general_inbound.zip,customer_service,inbound,79b6bf3fceae1e0df3dbf3e76ad719b369fe2647825fd25cda87e8679b3834e4,"OPENING, NEEDS_ANALYSIS, PRODUCT_PITCH, FEE_DISCUSSION",0.95,True,"Contains greeting, questions about existing coverage and beneficiaries, explanation of burial plans, and discussion of premiums and costs."
7047121504_transcript,insurance_outbound.zip,insurance,outbound,2585c55eaee2ae095b377c2a4ce19f81af1e4fc59665fe1ef0cbc516a2fbd49d,"OPENING, PRODUCT_PITCH, NEEDS_ANALYSIS, PASSIVE_AGREEMENT",0.9,True,"Includes greeting, a pitch for Medicare benefits, qualifying questions for eligibility, and positive customer feedback."
recording-public_1154_transcript,customer_service_general_inbound.zip,customer_service,inbound,e61c2c21fc2f5a2b4e07a9c5d78871ebc830209d76f0ecb8f3bfab989cdf60a4,"OPENING, NEEDS_ANALYSIS, FEE_DISCUSSION, PRODUCT_PITCH",0.95,True,"Greeting present, agent discusses rate ranges, pitches a coverage plan, and conducts a detailed needs analysis regarding health and finances."
2020-03-31-15-18-52_ef2cbdb4-7362-11ea-a35f-121373ac6a8f_ee1df14a-7362-11ea-ada3-b73b9a7dc382_transcript,auto_insurance_customer_service_inbound.zip,insurance,inbound,dbd18a2aa986dbb20e650e8b795ad0745c7c1ef376a0743b6e5411f1ae8e30ec,"OPENING, NEEDS_ANALYSIS, CURIOUS_EXPLORATION",0.85,True,Contains greeting and the start of a quote process where the agent gathers personal information from the customer.
recording-public_994_transcript,customer_service_general_inbound.zip,customer_service,inbound,a0ecde12fd8d5fff8ac36b06bb947f6e1f7dc9961b2af2e7e27bd2e2abaa2448,"OPENING, WARM_LEAD, NEEDS_ANALYSIS",0.8,True,"Greeting is present, the customer is introduced as a prospect by another agent, and the agent begins the intake process."
2020-05-29-16-49-31_9dd8c35d-27cc-4d2b-ad87-0926a1e8b3ae_v2Kr18cLGjIC14WNyMDkes6HD4bVTrzve6nHibox5jZagaW4ek0eWpKQ_transcript,auto_insurance_customer_service_inbound.zip,insurance,inbound,aab7d36b250f5f73614745a435b7d85d12e60cc946938630ee98713c765550cd,"OPENING, NEEDS_ANALYSIS, ACTIVE_LISTENING",0.9,True,"Contains a greeting, agent asks about current insurance and accident history (needs analysis), and listens to the customer's detailed story."
7136721588_transcript,insurance_outbound.zip,insurance,outbound,2277570dee10d73ace43f7933c07ecc9bfa12d0e24e4403bc75fbbcbd3284c22,"OPENING, PRODUCT_PITCH, FEE_DISCUSSION, NEEDS_ANALYSIS, OVERWHELMED_CONFUSION",0.85,True,Greeting present; pitch for Medicare benefits at no cost; asks for eligibility and personal details; customer is confused about their birth date.
9039818022_transcript,insurance_outbound.zip,insurance,outbound,89932a80f55a040a28f5bc717e4edb2ce329345339e366216d171a756855b709,"OPENING, PRODUCT_PITCH, FEE_DISCUSSION, NEEDS_ANALYSIS, PASSIVE_AGREEMENT",0.9,True,Greeting present; pitch for Medicare upgrades at no cost; agent verifies eligibility and current insurance; customer agrees it sounds good.
2020-03-23-14-28-39_5453BBAD8580EAD979EA8CAC936DB79F_968cca1a-6d12-11ea-a7c5-a189680600a8_transcript,auto_insurance_customer_service_inbound.zip,insurance,inbound,b89893b64e2b8da9e5b84e204a823af5bb8294483955408341b04325b2ad4571,"OPENING, NEEDS_ANALYSIS, FEE_DISCUSSION",0.95,True,"Greeting present; extensive needs analysis regarding auto insurance, current provider, and personal history; discussion of current monthly payment."
6202320909_transcript,insurance_outbound.zip,insurance,outbound,49154245be508df60c495791272996aa926c07644de4635f4d14b80270014ca4,"OPENING, PRODUCT_PITCH, FEE_DISCUSSION, NEEDS_ANALYSIS, ENTHUSIASTIC_AGREEMENT",0.9,True,Greeting present; pitch for Medicare benefits at no cost; eligibility verification; customer expresses strong positive reaction ('Real good').
4695524599_transcript,insurance_outbound.zip,insurance,outbound,e9155193b369a77a96096c83544035bd9cd96c793c94f54b3e20a1182a8ec2fb,"OPENING, PRODUCT_PITCH, NEEDS_ANALYSIS, FEE_DISCUSSION",0.95,True,"Contains greeting, a pitch for Medicare benefits, qualifying questions for eligibility, and mentions of zero cost."
2020-07-21-15-19-27_ef552bc2-2dee-416b-9284-0838c66dbcc7_v2GbpA9q0YOaEbJ9a3HX003Djx2aI7kbylda2eCvKxFAQIRul8FBitiQ_transcript,auto_insurance_customer_service_inbound.zip,insurance,inbound,7ca5638121ca52d29e3d427c5bbe10f85dd8fdf6adbd9fe839e66099267cb6f9,"OPENING, NEEDS_ANALYSIS, CURIOUS_EXPLORATION, PASSIVE_AGREEMENT",0.9,True,Greeting followed by extensive data collection for an auto quote and customer's willingness to save money.
2020-09-15-20-13-30_86cb4b7e-c8a9-4858-831b-12736309c940_v27-xs29codzb75kdjiOYCLGFvp7k7iAEyTN-AJPvw00C22n7aYNE3sA_transcript,auto_insurance_customer_service_inbound.zip,insurance,inbound,c48b5f193e54536b952b3a162a135b457559ff58b97a4ea33f0ff895343035ab,"OPENING, NEEDS_ANALYSIS, FEE_DISCUSSION, SOFT_REJECTION, OBJECTION_HANDLING",0.95,True,"Greeting, needs analysis including monthly payments, customer stating they don't want to change, and agent's attempt to persist."
9037535641_transcript,insurance_outbound.zip,insurance,outbound,b122af23d36adf5aea5c3b9557681c47814f6c39b2a71a971028115b3139c3f7,"OPENING, PRODUCT_PITCH, NEEDS_ANALYSIS, OVERWHELMED_CONFUSION",0.85,True,"Greeting, Medicare pitch, qualifying questions, and customer becoming confused/frustrated regarding the card request."
6142391678_transcript,insurance_outbound.zip,insurance,outbound,3b56f789c5cd4ad0ed637db4645267350904ee843bf87a7cea795b2569f0d183,"OPENING, PRODUCT_PITCH, NEEDS_ANALYSIS, DEFENSIVE_POSTURE",0.9,True,"Greeting, initial customer defensiveness ('What do you want?'), Medicare pitch, and eligibility questioning."
2020-03-30-16-43-51_a3d99bba-72a5-11ea-9cf6-1211a5ac2c3d_a2cb4ec6-72a5-11ea-8604-692ace9e1288_transcript,auto_insurance_customer_service_inbound.zip,insurance,inbound,42ef9fe211b0ec092b172601b1a1c5e64b877324bc517b16556542a014b21276,"OPENING, NEEDS_ANALYSIS, PRODUCT_PITCH",0.95,True,"Contains a greeting, extensive questioning about current insurance and personal details for eligibility, and a pitch for bundling home and auto policies."
4173587240_part_2_transcript,insurance_outbound.zip,insurance,outbound,42ffbe42228181b09cd2bb375dac1facf39c83c0a9a7e207aeffe01537c126e3,"OPENING, DEFENSIVE_POSTURE, OBJECTION_HANDLING",0.8,True,"Starts with a greeting; the customer is resistant and defensive about their age and phone usage, while the agent tries to keep them on the line."
recording-public_1141_transcript,customer_service_general_inbound.zip,customer_service,inbound,01b4cd8b859e6ba4592ef246f40535745849e9a1655cef5673cf0a708e6f82c0,"OPENING, NEEDS_ANALYSIS, PRODUCT_PITCH, FEE_DISCUSSION, SUCCESSFUL_SALE",0.98,True,"Includes greeting, health/coverage needs analysis, a specific rate quote (pitch/fee), and an explicit agreement to start an application."
8035091128_transcript,insurance_outbound.zip,insurance,outbound,ff2a0f67653517fdd1dc9be54db0c233cc33cbddb41693b2e17f73263fc775f0,"OPENING, PRODUCT_PITCH, NEEDS_ANALYSIS",0.95,True,"Contains a greeting, a pitch regarding Medicare upgrades and benefits, and verification of the customer's current benefits and personal information."
3133453402_P1_transcript,insurance_outbound.zip,insurance,outbound,cd781876c510266e99c0e5785003f7a86801f7e15455a1ef4a3a703b7872fb6d,"OPENING, PRODUCT_PITCH, NEEDS_ANALYSIS, FEE_DISCUSSION",0.95,True,"Includes greeting, a pitch for Medicare benefits, eligibility verification (needs analysis), and a mention of the premium cost."
2020-10-15-15-51-28_8d35f5b1-565c-4f58-882b-62b0cc50d6f6_v20YYQoOi_JouQ3JTy11pm2G-fBgcD3OTt5IZ8qmp8uAQ7WHZ1DL0-xw_transcript,auto_insurance_customer_service_inbound.zip,insurance,inbound,c208277747305174b034b37e689d354c4b1bf4104b0e2851390d2cf81df165d9,"OPENING, NEEDS_ANALYSIS",0.9,True,Contains the IVR greeting and initial questions to determine the type of insurance coverage the customer needs.
recording-public_1024_transcript,customer_service_general_inbound.zip,customer_service,inbound,3e5f421db12b55511ca30580441488fa9c3311d499fd8d6fc6ae5f4b9ddf2486,"OPENING, NEEDS_ANALYSIS",0.95,True,Includes agent introduction and a series of questions regarding existing policies and health to determine plan suitability.
8508373279_transcript,insurance_outbound.zip,insurance,outbound,6bfa9e171a4bd5e36dcd21424655cca50abc287c94a063d28b225edf3df3358a,"OPENING, PRODUCT_PITCH, NEEDS_ANALYSIS",0.95,True,"Features the call opening, a detailed pitch of Medicare benefits, and eligibility verification (Part A and B)."
2020-09-14-20-33-59_ca81a577-0e27-4964-bde8-bb1fd996ddf6_v2pj4aRAP9wiSJ_HTqiYnYFM_AS8g2MVFUIXoCChIKsii-b8GAWZ7eHA_transcript,auto_insurance_customer_service_inbound.zip,insurance,inbound,3ecc78ae044438d7603e805f13afc62bf6cf41f00ec59933da730c10624046be,"OPENING, NEEDS_ANALYSIS, SOFT_REJECTION",0.8,True,"Includes the opening and data collection for needs analysis, preceded by the customer expressing reluctance to change providers."
2020-06-11-14-59-09_121d303f-b613-4ccb-82c1-1028bea3b9a4_v26MrJS4mPbwZYk8l33_lx4EqlhQlQ8gOlYoa850hEcx3uATFm0bRcXA_transcript,auto_insurance_customer_service_inbound.zip,insurance,inbound,8ebb26b66410b3c522aa4b7a2a38201cb6ab30b1b855a5cfe77f73e549d0c346,"OPENING, PRODUCT_PITCH, OBJECTION_HANDLING, NEEDS_ANALYSIS",0.9,True,"Contains the opening, a pitch for auto insurance, and the agent overcoming the customer's objection about a recently renewed policy."
recording-public_1032_transcript,customer_service_general_inbound.zip,customer_service,inbound,9f4c482a07af7a9dc251f821fbcb91fa7d0bd2ffe4bf41492ebb788e026e4897,"OPENING, NEEDS_ANALYSIS, FEE_DISCUSSION, PRODUCT_PITCH",0.9,True,"Contains greeting, questions about current burial policy, mention of shopping for rates, and a pitch for final expense carriers."
2020-09-08-23-09-22_f315f1d4-5216-4f26-a472-e13436c1624b_v2iozSxFxZqRhlO6moY4DUpAbsBQanEfYfCgs-MZIFQAjDdJROXzYIVg_transcript,auto_insurance_customer_service_inbound.zip,insurance,inbound,71661990c2cd48fb2e904472b2a07b6789f1c11dd7e902b5d304d18afcaa5dcd,"OPENING, NEEDS_ANALYSIS, FEE_DISCUSSION, DEFENSIVE_POSTURE",0.9,True,Greeting present; agent asks about current provider and accidents; mentions rates; customer refuses to provide date of birth.
2020-09-16-21-24-07_2ba1c831-8500-4d5a-8925-c67e904889e8_v23mITcHXO9OM4A9RK-1Y5FJ_f8C61-y8TtXCN-4zUHUhUptzwbjuxBg_transcript,auto_insurance_customer_service_inbound.zip,insurance,inbound,5a1f4facb52d8f923216ec5de570d92f3bb49511b2a58ac20e5c09fe34c37538,"OPENING, NEEDS_ANALYSIS, FEE_DISCUSSION, MISUNDERSTANDING",0.85,True,Greeting present; agent asks about current insurance and monthly payments; agent explicitly mentions difficulty understanding the customer.
2020-09-25-21-01-34_496a06b8-ebf4-46a2-a193-e907aaaec948_v2GYnKEp9n441yRs1te1ce7_uGgoSDi-JvmmsBHWJLpeZWABFwtMoIuw_transcript,auto_insurance_customer_service_inbound.zip,insurance,inbound,d575433d117b03c77ac7d37143417fdcbf7739ef903c16fcd639e46d56786c2e,"OPENING, NEEDS_ANALYSIS, FEE_DISCUSSION, ACTIVE_LISTENING",0.9,True,Greeting present; extensive questioning on eligibility and history; mentions comparing rates; agent uses affirmative markers like 'Perfect'.
6083324400_transcript,insurance_outbound.zip,insurance,outbound,7096a2e35c8632d6ed46c88e2b8b06b0dd50292f342fc3cf666bfcdbaf7a7f76,"OPENING, PRODUCT_PITCH, FEE_DISCUSSION, NEEDS_ANALYSIS",0.95,True,Greeting present; detailed pitch of Medicare benefits; discussion of $0 premium; verification of employment and military status.
8288742533_P1_transcript,insurance_outbound.zip,insurance,outbound,2c6aa33c1f0560856bf5ed15b638b94010caeb0479ab429e4ab2f72fec98f90a,"OPENING, PRODUCT_PITCH, NEEDS_ANALYSIS, FEE_DISCUSSION, PASSIVE_AGREEMENT",0.9,True,"Agent opens call, pitches Medicare benefits, verifies eligibility/details, mentions no cost, and customer provides passive confirmation."
9106520455_P2_transcript,insurance_outbound.zip,insurance,outbound,83d7658f7ac7b3b1d1ac2e59e345bacdeb183792ce31477cdac3502db017d0c5,"OPENING, PRODUCT_PITCH, NEEDS_ANALYSIS, FEE_DISCUSSION, ENTHUSIASTIC_AGREEMENT",0.9,True,"Call includes greeting, pitch for Medicare upgrades, eligibility check, discussion of zero cost, and enthusiastic customer responses."
7178382712_transcript,insurance_outbound.zip,insurance,outbound,cb99c11a094ee74301356c3b66d05b983683c8a2128c0184dcd94e95ea756218,"OPENING, PRODUCT_PITCH, NEEDS_ANALYSIS, FEE_DISCUSSION, WARM_LEAD",0.85,True,"Agent opens, pitches specific benefits, discusses zero cost, and performs needs analysis while the customer shows positive interest."
9312738896_transcript,insurance_outbound.zip,insurance,outbound,1de172c05e4664a45702edcbab027806adb0e1e408d62907d2d23bd4e6ec8364,"OPENING, PRODUCT_PITCH, NEEDS_ANALYSIS, FEE_DISCUSSION, ENTHUSIASTIC_AGREEMENT",0.9,True,"Greeting present, detailed pitch of benefits and money back, eligibility verification, and strong positive agreement from the customer."
4808204201_transcript,insurance_outbound.zip,insurance,outbound,33618c2876dcc2abd7c5a416562696653d9f534196aa3d7757af5aaab5785028,"OPENING, PRODUCT_PITCH, NEEDS_ANALYSIS, FEE_DISCUSSION, PASSIVE_AGREEMENT",0.9,True,"Agent opens, pitches various Medicare benefits, discusses premiums/costs, verifies personal details, and customer agrees passively."
9363216648_P2_transcript,insurance_outbound.zip,insurance,outbound,016df22e77f42c8816aa7305a8723c546148cabb2aaeabb4346afe8c42ff2ea8,"OPENING, PRODUCT_PITCH, NEEDS_ANALYSIS, PASSIVE_AGREEMENT",0.9,True,"Contains greeting, pitch for Medicare benefits, eligibility questions (Part A/B), and customer agreement."
9525452074_transcript,insurance_outbound.zip,insurance,outbound,f6d812489904911ba510beada494284996477a448cc910de77e41c1ef97f7d7d,"OPENING, PRODUCT_PITCH, FEE_DISCUSSION, NEEDS_ANALYSIS, PASSIVE_AGREEMENT",0.95,True,"Includes greeting, Medicare upgrade pitch, discussion of zero cost/premium, eligibility screening, and customer agreement."
5708786532_transcript,insurance_outbound.zip,insurance,outbound,7d596f7ac7415276b056d9c0cb33eb96f74737959790323edfb6b39486b7e261,"OPENING, PRODUCT_PITCH, FEE_DISCUSSION, NEEDS_ANALYSIS, PASSIVE_AGREEMENT",0.95,True,"Greeting present, pitch for Medicare benefits at no cost, extensive needs analysis (DOB, zip, provider), and agreement."
9126853243_transcript,insurance_outbound.zip,insurance,outbound,2f6ff2987d3976263f91946e2817eef0053886ad9f6ab40d3e5f921ad3f0b372,"OPENING, PRODUCT_PITCH, FEE_DISCUSSION, NEEDS_ANALYSIS, PASSIVE_AGREEMENT",0.95,True,"Greeting, pitch for upgraded Medicare benefits at no cost, eligibility verification, and customer agreement."
2020-10-02-15-34-01_61009a20-f62b-42a1-bbe8-f93e84c58db9_v2mQm2lu9mUZAHEVFGTPX9kWL6p0I6JiA1lzonEOSCS0cvbqbmrmidVA_transcript,auto_insurance_customer_service_inbound.zip,insurance,inbound,81f53893effe745de01a92ab162640cd54c94d04c7e8e231ed9dda0e42114ce2,"OPENING, NEEDS_ANALYSIS, FEE_DISCUSSION, PASSIVE_AGREEMENT",0.9,True,"Greeting, detailed needs analysis for auto insurance (provider, home ownership, driving record), and discussion of current payments."
2020-10-19-20-30-47_ececc31c-143e-4f48-9064-93a990a0bf1c_v2tF2HMOzahrR5iaO72V5RicrNbIHUbl7Vp8caBgQj-JZSCOLIyzKoFA_transcript,auto_insurance_customer_service_inbound.zip,insurance,inbound,c75da58806a605494a51653d35e85ef0f916731fcd207a96676523646e3defbf,"OPENING, NEEDS_ANALYSIS, DEFENSIVE_POSTURE",0.9,True,"Contains greeting, agent asks for verification details, and customer expresses frustration about repeating information."
3304484572_transcript,insurance_outbound.zip,insurance,outbound,fb0420a1498b51ca1e08eed9b4eeeb6908b1f0b84a2238a674b35c0b13056e7a,"OPENING, PRODUCT_PITCH, NEEDS_ANALYSIS, WARM_LEAD",0.95,True,"Greeting present, agent pitches Medicare benefits, asks qualifying questions, and customer responds positively."
recording-public_978_transcript,customer_service_general_inbound.zip,customer_service,inbound,11764f7e82b3f13c3321c789ee90eb413a0cf03b19e88147000bc450e847f08f,"OPENING, NEEDS_ANALYSIS, PRODUCT_PITCH, ACTIVE_LISTENING",0.85,True,"Greeting present, agent analyzes current coverage needs, explains their brokerage service, and confirms customer's goals."
8438173261_transcript,insurance_outbound.zip,insurance,outbound,475b641e3b01d9e733e7ab433eff62cfb8f59ba5b0e0adbaff98bfee089ecf8d,"OPENING, PRODUCT_PITCH, NEEDS_ANALYSIS, WARM_LEAD",0.95,True,"Greeting present, agent pitches specific Medicare benefits, verifies eligibility, and customer agrees."
2020-09-28-18-04-16_6c3c30a1-2e11-4632-b8cb-370ae8db933f_v2mOc-3KKMG0k8XuNXX_9ZUKsAhtR-HHj4patEvLyuXSnq0XSm2MMVSA_transcript,auto_insurance_customer_service_inbound.zip,insurance,inbound,16c9888a272040aff01cceef284428663fa6f3f6a33005f4ac404506a72f8417,"OPENING, NEEDS_ANALYSIS, FEE_DISCUSSION, SOFT_REJECTION, OBJECTION_HANDLING",0.9,True,"Greeting present, detailed needs analysis including current costs, customer declines bundling, and agent attempts to push the offer."
9724363764_transcript,insurance_outbound.zip,insurance,outbound,fb57605b78884a395fe1ebc36bd6586e1f07c53c7c80d9c5077cd7b8f8b82b7a,"OPENING, PRODUCT_PITCH, FEE_DISCUSSION, NEEDS_ANALYSIS, CURIOUS_EXPLORATION",0.9,True,"Contains greeting, pitch for Medicare benefits, mention of zero cost, eligibility checks for Part A/B, and customer asking about plan changes."
8107898534_transcript,insurance_outbound.zip,insurance,outbound,d7783fd7a19af531f4add6a077fc9be2d26e3a5fb6af1beb9ab3348ec24c8e4d,"OPENING, PRODUCT_PITCH, FEE_DISCUSSION, NEEDS_ANALYSIS, OVERWHELMED_CONFUSION",0.85,True,"Greeting present, pitch for no-cost benefits, verification of identity and Medicare status, and customer expressing difficulty understanding the agent."
6602819077_transcript,insurance_outbound.zip,insurance,outbound,4056567d9b0056cff27570d611b295486f59a3fe1bc19e14bf7d10ecda83e02f,"OPENING, PRODUCT_PITCH, FEE_DISCUSSION, NEEDS_ANALYSIS, SUSPICIOUS_PROBING",0.85,True,"Greeting, pitch for Medicare upgrades at no cost, eligibility questions, and customer questioning how the bank will notify them."
5709379140_transcript,insurance_outbound.zip,insurance,outbound,eb03f43e62f7f306be25e1c0dd6b24231634133adfdf51748397686e1ed32135,"OPENING, PRODUCT_PITCH, FEE_DISCUSSION, NEEDS_ANALYSIS, CURIOUS_EXPLORATION",0.9,True,"Greeting, pitch for benefits at no cost, customer asking for clarification on the 'upgrade', and agent verifying Medicare eligibility."
6143161657_transcript,insurance_outbound.zip,insurance,outbound,6944e493268fa7a3accf2d693da6edbdc0b7a70a799c218215f2093c056cfe75,"OPENING, PRODUCT_PITCH, FEE_DISCUSSION, NEEDS_ANALYSIS, CURIOUS_EXPLORATION",0.9,True,"Greeting, pitch for Medicare benefits with no premium, customer asking about age criteria, and agent verifying zip code and eligibility."
2020-09-28-17-36-34_b61952c2-d6a1-43a4-adaa-6d05d6a49203_v2EtwfHQZO3Hn-BXhNqr0w-OZyXfIsceYCt1WLHeCK6GAqvzVTcme78g_transcript,auto_insurance_customer_service_inbound.zip,insurance,inbound,1d6096fbf1cd47f71e4c434946ae188b32cb29f75e7f40f2c1b1b95f498bd99e,"OPENING, NEEDS_ANALYSIS, FEE_DISCUSSION, CURIOUS_EXPLORATION",0.9,True,"Agent opens the call, asks for insurance details and monthly payments, and the customer asks about the company website."
9734734292_transcript,insurance_outbound.zip,insurance,outbound,308c62b1199e2fe0a0bf0b0b9682ef12bcb3bafcd23b082e93ca1b3b0b2c90de,"OPENING, PRODUCT_PITCH, NEEDS_ANALYSIS, FEE_DISCUSSION",0.95,True,"Agent greets the customer, pitches Medicare benefits and premiums, and verifies eligibility and current plan details."
2020-10-06-16-08-07_5cfc29ea-83f8-4a9a-9839-f8a4df3930f9_v2V9HSWJgRFasuUL6lv3R36N-sRt6vrmLlJqtWbVcgcdJzOEeRZNmVKw_transcript,auto_insurance_customer_service_inbound.zip,insurance,inbound,2cab29ee429d10c820093a2dd71df96efa5b47172a9503a22fba3e207246a330,"OPENING, NEEDS_ANALYSIS, FEE_DISCUSSION, CURIOUS_EXPLORATION",0.9,True,"Agent opens the call, collects personal and insurance data including costs, and the customer asks for clarification on SR22."
2020-09-18-15-40-10_b97c0acc-042c-4a73-a3aa-149ffb5d16f6_v2I80z0-8ENRT2mVgspAf_t1bvkgOh_zwibWEo8Xi9QAJsGmEyXhp1Zw_transcript,auto_insurance_customer_service_inbound.zip,insurance,inbound,80772a4cf9f66a512b6d78bb0dc319d3de2ff58bc7872df4977187873bc2abb8,"OPENING, NEEDS_ANALYSIS, FEE_DISCUSSION, PRODUCT_PITCH, SOFT_REJECTION",0.95,True,"Agent opens the call, analyzes needs and costs, pitches a bundling option, which the customer declines."
5036220857_transcript,insurance_outbound.zip,insurance,outbound,e3d10877937026ae9071b2ae1b527583cdfcfd456e4c562e531fa3be463bd6c8,"OPENING, PRODUCT_PITCH, NEEDS_ANALYSIS, FEE_DISCUSSION",0.95,True,"Agent opens the call, pitches Medicare benefits with no cost, and verifies the customer's personal and plan information."
2020-09-25-14-52-36_90b14af0-d89c-4866-b9da-d359b31f2845_v2d-pTvPg--qm_MT9Nrw0GYY64YClw38VZK0jM7PEJGpKrW9dcj_8TJg_transcript,auto_insurance_customer_service_inbound.zip,insurance,inbound,b28064da212ee5a420234aeae059b0c55b5ea4f747f37431d1b425e5b4ad005e,"OPENING, NEEDS_ANALYSIS, FEE_DISCUSSION",0.9,True,"Contains greeting, extensive questioning about current insurance and personal details, and a specific question about monthly payments."
2020-09-29-20-01-51_31b0117f-05ed-4e59-932b-5518259d2bd0_v2GWfnhaURO4ij8ZPtDEKE_y_ue-daydqLJfcKa8D3xVxBRxSHk2y9zA_transcript,auto_insurance_customer_service_inbound.zip,insurance,inbound,ee28ca0ec26569933d63b6101e6909a77bdb5092a97025dcc8dec5c37f08e150,"OPENING, NEEDS_ANALYSIS, FEE_DISCUSSION",0.9,True,"Includes opening greeting, verification of insurance details and credit, and discussion of current monthly payments."
2020-10-07-18-46-08_d262771c-8941-420a-8428-c768625b488e_v2Y8OpoEbpTR-l7zlz_57jpNWJ0BYytk3BilSzXSFMNzQitPzVltruwQ_transcript,auto_insurance_customer_service_inbound.zip,insurance,inbound,979289f6b707a6bac7137e8c3ebde8ee8011f4a7851491c01ecd01a1f27b1cad,"OPENING, NEEDS_ANALYSIS, FEE_DISCUSSION, MISUNDERSTANDING",0.85,True,"Greeting present, agent collects insurance data and costs, but call is marked by audio issues and repeated clarifications."
2020-10-01-21-02-09_8da5d477-020b-4ea0-a84f-f55905015530_v2zyo67VzBpPfEkvg9J85a-RDZhDtOPK1B7tdFrJ8P7uOklMrqmL70rg_transcript,auto_insurance_customer_service_inbound.zip,insurance,inbound,598601b22213fa0cf81e6eeff25f91ac088b85b7731d9044f3ad63b0a9bfbb32,"OPENING, NEEDS_ANALYSIS, FEE_DISCUSSION",0.9,True,"Greeting present, agent conducts a verification process and asks about the customer's current monthly premium."
2020-10-01-14-53-44_1e5aa4f4-d247-431f-9700-89554eafd387_v2dnUvOKxgPSxUX491oOj2909h7vjNx6Fmj_cyO9viKhtiGggXvjcatA_transcript,auto_insurance_customer_service_inbound.zip,insurance,inbound,fe95c859859f6032f98409499d1283fd2d15e914bca4201c7385b555c20870a0,"OPENING, SOFT_REJECTION, OBJECTION_HANDLING, NEEDS_ANALYSIS, FEE_DISCUSSION",0.85,True,"Greeting present, customer expresses reluctance, agent pivots to explain the service, then collects insurance and cost details."
2020-10-15-23-05-08_c0bc18a0-3988-4248-af65-fc8dc541e3d2_v2GhY7Ferv-8Zm0U9JMmtzup7Y3p47LKIJpgPAQ_jWSmEc4LipG5QsqA_transcript,auto_insurance_customer_service_inbound.zip,insurance,inbound,dd88a0b06968b51a8619267416d15783621b264fd6d90c881c13fd9ab66dec87,"OPENING, NEEDS_ANALYSIS, FEE_DISCUSSION",0.9,True,"Contains greeting, verification of personal details and current provider, and a question about current insurance costs."
9193656687_transcript,insurance_outbound.zip,insurance,outbound,b753813f6380eb2b7dd9d5f06d0744739d17821f28b3be3ccaea552c399a3def,"OPENING, PRODUCT_PITCH, FEE_DISCUSSION, NEEDS_ANALYSIS, PASSIVE_AGREEMENT",0.85,True,Greeting present; agent pitches Medicare upgrades and free benefits; asks about current plans; customer agrees passively.
2020-09-16-20-54-47_db833f31-8c43-4297-8ceb-2eed078c7aba_v262Mn4i_hHVRc4xRBBUREitHeJ2QSjI0Wl-ZlXYmjHj5y_fm3APiNfw_transcript,auto_insurance_customer_service_inbound.zip,insurance,inbound,26d958dd0a40ee93a18b9219959790cf4697920709d190169c0abc692608de76,"OPENING, NEEDS_ANALYSIS, FEE_DISCUSSION, PRODUCT_PITCH",0.9,True,Greeting present; agent collects provider and duration info; customer discusses current monthly payment; agent pitches bundling.
2020-10-06-16-24-46_18b68de2-ce70-40d0-97f1-698ce76aaefb_v2oOY0WXaqNL9pD_0qkQhOIk9_Kzwq2MwJcJWj-kbSMJZvRe_VEjHrxg_transcript,auto_insurance_customer_service_inbound.zip,insurance,inbound,fe7f4ee2e0bf31f0dd20d4e6414221397cdbeb6a90156d65a43ac41b7da3f566,"OPENING, NEEDS_ANALYSIS, FEE_DISCUSSION, PRODUCT_PITCH, SOFT_REJECTION",0.9,True,"Greeting present; agent analyzes needs and costs; pitches bundling, which the customer politely declines."
6516330607_transcript,insurance_outbound.zip,insurance,outbound,e2480ac0befd4f5b5869663583aa1b1c90ef6ccb1605c6707c161c0fbad3052c,"OPENING, PRODUCT_PITCH, FEE_DISCUSSION, NEEDS_ANALYSIS, PASSIVE_AGREEMENT",0.85,True,Greeting present; agent pitches Medicare benefits at no cost; verifies eligibility and address; customer agrees passively.
2020-09-07-20-33-15_d2a1092d-fbfe-4a04-91b7-5338e1b831fa_v21MnMdlUqIdZcyXen6LCRAGos4gnQFRMMY0APzuE-RT0CjgUie5Lzcw_transcript,auto_insurance_customer_service_inbound.zip,insurance,inbound,e2f79d76114b23e1f45e521a5151acf889e60167500c30a05c9baff0480c72a9,"OPENING, PRODUCT_PITCH, NEEDS_ANALYSIS, FEE_DISCUSSION",0.95,True,"Contains greeting, offer to compare auto insurance rates, detailed verification of customer data, and a question about current insurance costs."
5176460142_transcript,insurance_outbound.zip,insurance,outbound,bc3a8187bdd607bc958357addf9a0606ab40bc00b0cf687fab7e77dcfed89399,"OPENING, PRODUCT_PITCH, NEEDS_ANALYSIS, FEE_DISCUSSION",0.9,True,"Includes greeting, pitch for Medicare upgrades, verification of eligibility/address, and mention of zero additional cost and premiums."
recording-public_1064_transcript,customer_service_general_inbound.zip,customer_service,inbound,04d97ee9b2ca173011e20dae79f3c90214c4fecbe7fb85f057ce12a917e7b1e6,"OPENING, PRODUCT_PITCH, NEEDS_ANALYSIS, FEE_DISCUSSION",0.95,True,"Greeting present, pitch for final expense plans, health/policy needs analysis, and discussion of premium price ranges."
2020-10-09-19-46-24_000990c9-d628-4635-93b5-f166108861b1_v2BmQu6jq5EEmdLHuw2YTDPZ4fSRsLZLsph0mBegkEmoc4rzBfpgzeoQ_transcript,auto_insurance_customer_service_inbound.zip,insurance,inbound,104ef0e3fb28b01bb7a225124e2b0be2ac290b2fb202746c8f17cf7f907bdcc2,"OPENING, PRODUCT_PITCH, NEEDS_ANALYSIS, FEE_DISCUSSION",0.9,True,"Greeting included, pitch to compare auto rates, extensive verification of personal and insurance details, and focus on rates."
2020-09-14-17-25-07_870ae612-6811-4ced-b64f-d2d186d91e93_v28t8o7_0DxRtu5-sDq1QNbv8cDfksrcrTBWcGPBnTUOYa0xSFjMbr3Q_transcript,auto_insurance_customer_service_inbound.zip,insurance,inbound,5c191c90c1e53fcb3eecfafb5b2631d3b56db85a88d9ba7ad54d408b9868ccb4,"OPENING, PRODUCT_PITCH, NEEDS_ANALYSIS, FEE_DISCUSSION",0.9,True,"Greeting present, pitch for auto insurance rates, verification of homeowner status and credit, and discussion of rate comparison."
6066798688_transcript,insurance_outbound.zip,insurance,outbound,b90c0e8d44afb6cafbdbe3f81398bf53a2836b37002aee8b244dc597421fa1df,"OPENING, PRODUCT_PITCH, FEE_DISCUSSION, NEEDS_ANALYSIS",0.95,True,"Contains greeting, a detailed pitch of Medicare benefits, mention of premium costs, and verification of Medicare Part A and B eligibility."
recording-public_1135_transcript,customer_service_general_inbound.zip,customer_service,inbound,85c57982e12d78210fad657fb51d1b58aa19e6618f936526ad181754985c20b8,"OPENING, NEEDS_ANALYSIS, FEE_DISCUSSION",0.9,True,"Includes greeting, extensive questioning about health and financial status, and discussion of rate ranges and budget."
7654532816_P2_transcript,insurance_outbound.zip,insurance,outbound,9ca7aafb13774966fe38de1f00e5772cccfe53a3296cd685b80dc6d34448ed16,"OPENING, NEEDS_ANALYSIS",0.9,True,Contains greeting and a thorough collection of personal and insurance details to analyze the customer's current coverage.
2157527079_transcript,insurance_outbound.zip,insurance,outbound,7272e46185c36098518ddfae07cf658abefd5c2eec3fba76c7206b5d9e5e8a3f,"OPENING, PRODUCT_PITCH, FEE_DISCUSSION, CURIOUS_EXPLORATION",0.9,True,"Greeting present, pitch of upgraded benefits, emphasis on zero cost, and customer asking clarifying questions about vision and glasses."
recording-public_1160_transcript,customer_service_general_inbound.zip,customer_service,inbound,145cbf67b41babfe316ccb9b878910ffa0ec065c0b8877df1fa88d0d7a88a28f,"OPENING, NEEDS_ANALYSIS, PRODUCT_PITCH, FEE_DISCUSSION",0.85,True,"Greeting present, analysis of current policy type and coverage amount, and a pitch for whole life insurance rates."
8646403318_transcript,insurance_outbound.zip,insurance,outbound,8a1a676aadd6cbc70561d83fc3e134d7b6208685ce13feae3a4432c7b6c9c5c0,"OPENING, PRODUCT_PITCH, FEE_DISCUSSION, NEEDS_ANALYSIS",0.95,True,"Agent greets the customer, pitches additional Medicare benefits, mentions zero cost, and asks eligibility and verification questions."
7863189828_transcript,insurance_outbound.zip,insurance,outbound,f8832e5769faffa1597bd5edfc468783ead386ad5b6ca3d8b935ebddb1c9470e,"OPENING, PRODUCT_PITCH, FEE_DISCUSSION, NEEDS_ANALYSIS",0.95,True,"Agent greets the customer, pitches cash back and Medicare benefits at no cost, and verifies personal identity and eligibility."
2020-10-28-22-03-57_ae2acc13-9aaa-4e8b-be0f-1d30d9b2b4d9_v2-eIdQ8GcKVbqTJMC1L7Z-TKAlIme8aQ_mNm5T0ZZJDE40ai2Gi0bRA_transcript,auto_insurance_customer_service_inbound.zip,insurance,inbound,bd17c255b992aa99da0422e1100d3cbffc01c3b6992390e6c4c5f236abbfb8e6,"OPENING, PRODUCT_PITCH, NEEDS_ANALYSIS",0.9,True,"Agent greets the customer, offers to compare auto insurance rates, and performs a comprehensive needs analysis regarding driving history and vehicles."
7039785917_transcript,insurance_outbound.zip,insurance,outbound,39af2eb09d98b6717273ef93bc56b6de74f052b9e41947f23623630ef9204452,"OPENING, PRODUCT_PITCH, FEE_DISCUSSION, NEEDS_ANALYSIS",0.95,True,"Agent greets the customer, pitches Medicare benefits at no cost, and verifies eligibility and the presence of the insurance card."
2020-04-06-16-52-50_0eea30e6-7827-11ea-8285-12106bace1c7_0d0b8482-7827-11ea-bd18-fbf916655b62_transcript,auto_insurance_customer_service_inbound.zip,insurance,inbound,59047b5d0f1179242a07b1505c6ca710c620b5e20c6a958b2282918613f1ca4a,"OPENING, PRODUCT_PITCH, NEEDS_ANALYSIS",0.85,True,"Following an IVR, the agent greets the customer, discusses a quote for a truck/trailer, and asks qualifying driver questions."
9377011328_p2_transcript,insurance_outbound.zip,insurance,outbound,9a700d45d05c3f5fe924c03a66d8c29ed906f616abe1664bbb92a91504fee226,"OPENING, PRODUCT_PITCH, FEE_DISCUSSION, NEEDS_ANALYSIS",0.95,True,"Contains a greeting, a detailed pitch for Medicare benefits, discussion about costs/premiums, and verification of customer details."
recording-public_1000_transcript,customer_service_general_inbound.zip,customer_service,inbound,ba10f34b1cba4dde88c67191c934c8782a59bfa2e40465cb13f62654702903bf,"OPENING, PRODUCT_PITCH, NEEDS_ANALYSIS",0.85,True,"Includes a greeting, mention of a final expense plan, and the customer sharing personal life situation and age."
recording-public_1185_transcript,customer_service_general_inbound.zip,customer_service,inbound,947d6342e56a1c52b0fc98f961bed2dcc4d7c8e94bb62d4dd1a700f7c0dbef96,"OPENING, PRODUCT_PITCH, NEEDS_ANALYSIS, FEE_DISCUSSION",0.9,True,"Greeting present, discussion of quotes, health screening for rates, and mention of payment methods."
9516841657_transcript,insurance_outbound.zip,insurance,outbound,698ddbcd9b8ca4819618991bec124d579c3a279fc60f30f808617d63c49d7970,"OPENING, PRODUCT_PITCH, FEE_DISCUSSION, NEEDS_ANALYSIS",0.95,True,"Greeting, pitch for Medicare upgrades, explicit mention of no-cost premiums, and verification of residence and employment."
recording-public_911_transcript,customer_service_general_inbound.zip,customer_service,inbound,7bd427a1ca872592ecdec50498aa597c6bd18345c7d43e6d65b3b19ebfd78788,"OPENING, PRODUCT_PITCH, FEE_DISCUSSION, NEEDS_ANALYSIS",0.9,True,"Greeting, specific price quotes provided, and health-related screening questions to process an application."
8644279989_transcript,insurance_outbound.zip,insurance,outbound,a1b90d3841619f0caa14fb24142427d0249cc8e45beb3357452320c7795b40c2,"OPENING, PRODUCT_PITCH, NEEDS_ANALYSIS",0.95,True,"Contains a greeting, a pitch for Medicare benefits, and qualifying questions about Medicare status and decision-making."
recording-public_920_transcript,customer_service_general_inbound.zip,customer_service,inbound,8644e08ab39ef7814075adbc77a7e82560439af192b91a951b528236dd9e7d4d,"OPENING, NEEDS_ANALYSIS, PRODUCT_PITCH",0.9,True,"Includes a greeting, gathering customer health and age information, and explaining the agent's process for finding insurance options."
5865665712_transcript,insurance_outbound.zip,insurance,outbound,9471e3d54f74c84f12795da92d80114a73f260225a60287717033fc1341282f9,"OPENING, PRODUCT_PITCH, NEEDS_ANALYSIS, FEE_DISCUSSION",0.95,True,"Greeting, Medicare benefit pitch, qualifying questions, and the customer discussing the specific costs of their current coverage."
3149972005_P1_transcript,insurance_outbound.zip,insurance,outbound,d4954026c9da86c6a8208fdd199502e2930d90060d4d3a4c1d0d349cdb6182da,"OPENING, PRODUCT_PITCH, NEEDS_ANALYSIS",0.95,True,"Greeting, detailed presentation of Medicare benefits, and verification of eligibility and personal details."
2020-09-08-18-35-24_a38086b2-d882-4622-8d69-cdc19f01a9cd_v20WznVvSj0PMe3hNgVm3aim4lLtamjw_4sr5PqBuTckggAtlAqpMfmw_transcript,auto_insurance_customer_service_inbound.zip,insurance,inbound,84a214e34fd2986f3996518526d75b21841fb14823f4b507b9c0ceb5118875e4,"OPENING, NEEDS_ANALYSIS, FEE_DISCUSSION, PRODUCT_PITCH",0.9,True,"Greeting, gathering driver and insurance history, asking about current payments, and pitching a bundling option."
recording-public_766_transcript,customer_service_general_inbound.zip,customer_service,inbound,0937f1cab8d31343ebaecf8a5cdf5beaea2f1e3c2eb42722298a0904db3c1d42,"OPENING, PRODUCT_PITCH, NEEDS_ANALYSIS",0.95,True,"Contains a greeting, a pitch for final expense insurance, and extensive health-related eligibility questions."
6097991422_P2_transcript,insurance_outbound.zip,insurance,outbound,4750973187db8210c2ac742ad6e946b418e28213c039f57211e7e2dc26e558d2,"OPENING, PRODUCT_PITCH, FEE_DISCUSSION, NEEDS_ANALYSIS",0.95,True,"Includes greeting, a detailed pitch of Medicare benefits, mentions of 'no additional cost', and verification of customer details."
9182850091_transcript,insurance_outbound.zip,insurance,outbound,de23b6e83780ffbdd4ee453faad0ba441995c42df3044f486d568bf5e943df2a,"OPENING, PRODUCT_PITCH, FEE_DISCUSSION, NEEDS_ANALYSIS",0.95,True,"Greeting is present, followed by a Medicare benefits pitch, discussion of premiums/costs, and address verification."
8172495092_P2_transcript,insurance_outbound.zip,insurance,outbound,31c2c3efd6356e6cce29ac43846052cd464b7dbd5b05a9c90a2fea957bff29d2,"OPENING, PRODUCT_PITCH, NEEDS_ANALYSIS, MISUNDERSTANDING",0.85,True,"Greeting and pitch for upgrades are present, along with a request for the Medicare number and confusion over the correct card."
2020-10-01-14-57-13_2e3e4d8e-e8a5-412c-9893-748242151b93_v2CODKVDTUjL_yw38qPxI3_oKEc1_pB0cdHMGPL2pd1yY_M7Fma8Io-A_transcript,auto_insurance_customer_service_inbound.zip,insurance,inbound,845bea3c0bf14e7169d11a807933fa4c11739fe84d58e6fc3f374d03268cb3ca,"OPENING, PRODUCT_PITCH, NEEDS_ANALYSIS, FEE_DISCUSSION",0.9,True,"Greeting, pitch to compare auto insurance rates, and gathering of personal information for the quote."
2020-09-11-15-03-10_20d1ae3f-5f3a-4428-a798-932bb9521b16_v2GXx2xHKBS3cMWac-doYAkvvfvviAKRU4b0QmWR2dQzura6c1EhdGeg_transcript,auto_insurance_customer_service_inbound.zip,insurance,inbound,42567ddde13e5b2c9cfc5964ace72ac9287fb1b9ecc256aab19ae733344bda12,"OPENING, NEEDS_ANALYSIS, DEFENSIVE_POSTURE, SUSPICIOUS_PROBING",0.85,True,Call starts with a greeting and info gathering. Customer is defensive about providing data and probes the agent's location.
3308372104_transcript,insurance_outbound.zip,insurance,outbound,bf5f9e7bc4b0cf205691d5d7c298d6c0ba3ba964286f9f3dbb931f757df9d68b,"OPENING, PRODUCT_PITCH, FEE_DISCUSSION, ENTHUSIASTIC_AGREEMENT",0.95,True,Agent pitches Medicare benefits and mentions zero cost; customer responds very positively to the offer.
recording-public_1148_transcript,customer_service_general_inbound.zip,customer_service,inbound,4c1591e5d7cfb8e55d8b34e159577aa623dcd6234ca0324a3dd6b454206cb0e0,"OPENING, NEEDS_ANALYSIS, FEE_DISCUSSION, PRODUCT_PITCH",0.9,True,"Includes greeting, inquiry about existing policies, and a discussion regarding rate ranges and budget for coverage."
2020-10-06-23-26-53_d3a9b67d-4e9c-4eba-a2d3-ca6b77ba0ebe_v2QSZ2yV79BvFyd19vvytcx4gOoUZUABB4Kp0cdSS-fU8m9igRw2f1xw_transcript,auto_insurance_customer_service_inbound.zip,insurance,inbound,719a0e8b5323322510b1a710c35178e58a0b8428ef3816ed0664a2a1d8c4f62a,"OPENING, NEEDS_ANALYSIS, FEE_DISCUSSION",0.95,True,Standard opening followed by detailed needs analysis regarding current provider and monthly insurance costs.
9158212659_transcript,insurance_outbound.zip,insurance,outbound,821a524468328c7638ad126ec9798461e9afc923bc863b69b31195cc0cabc181,"OPENING, PRODUCT_PITCH, OBJECTION_HANDLING, FEE_DISCUSSION, NEEDS_ANALYSIS",0.9,True,"Agent pitches Medicare benefits, handles the customer's confusion/objection about existing insurance, and verifies eligibility."
7573891509_transcript,insurance_outbound.zip,insurance,outbound,fcfec2e7bd67739e912e9beb3c33e9b0b1569cbb4fedc48beb4e287a684afb5e,"OPENING, PRODUCT_PITCH, NEEDS_ANALYSIS, PASSIVE_AGREEMENT",0.9,True,"Contains greeting, pitch for Medicare benefits, eligibility questions, and customer agreement."
5419555359_transcript,insurance_outbound.zip,insurance,outbound,e42ae894b8219a7f01a269126fd6dda1bb1705e9a1bd02baf91f7266c6a8fd3a,"OPENING, PRODUCT_PITCH, NEEDS_ANALYSIS, FEE_DISCUSSION, PASSIVE_AGREEMENT",0.9,True,"Greeting, benefit pitch, eligibility check, discussion of premiums/co-payments, and customer agreement."
recording-public_1070_transcript,customer_service_general_inbound.zip,customer_service,inbound,a474e6d6fac49f42189d5eb231dcc338c5ea525b0f2617059ed935c0cf3702bf,"OPENING, NEEDS_ANALYSIS, PASSIVE_AGREEMENT",0.85,True,"Greeting, detailed health and policy needs analysis, and customer agreement."
7047825637_transcript,insurance_outbound.zip,insurance,outbound,add5d32fcdc7cb8b76d2aa8719daaa45059283ac9f3d1d759d40bdcf3a11f414,"OPENING, PRODUCT_PITCH, NEEDS_ANALYSIS, FEE_DISCUSSION, PASSIVE_AGREEMENT",0.9,True,"Greeting, pitch for Medicare benefits, eligibility verification, mention of money back/co-pays, and agreement."
recording-public_1199_transcript,customer_service_general_inbound.zip,customer_service,inbound,b40086c51678dc255c7c4ddf49c92ac3a6331daa9efe6a5054ce5c92a0514ca8,"OPENING, NEEDS_ANALYSIS, PRODUCT_PITCH, FEE_DISCUSSION, PASSIVE_AGREEMENT",0.9,True,"Greeting, health/insurance needs analysis, pitch for whole life insurance, discussion of premiums/face value, and agreement."
2020-09-17-15-58-55_c1258cfd-53a3-4805-a706-0e840d35824e_v2QaR0K7hTydS6zcFKtlt8k9DdeUIWakIazdqMF7ZErn56jwXlWJB18A_transcript,auto_insurance_customer_service_inbound.zip,insurance,inbound,e3db83f8148881423b43f483a5f9116cbedcc5b0c7d924e26e0a4aec73af23b0,"OPENING, NEEDS_ANALYSIS, FEE_DISCUSSION",0.95,True,"Contains greeting, extensive data collection for eligibility (needs analysis), and discussion of current monthly insurance payments."
7087477038_transcript,insurance_outbound.zip,insurance,outbound,817b1824dfb28b2e88f746f4febf76b8231ce6f4b88db0b971a594215d950c98,"OPENING, PRODUCT_PITCH, NEEDS_ANALYSIS, FEE_DISCUSSION",0.95,True,"Greeting present, agent pitches Medicare benefits, asks qualifying questions, and mentions zero cost and money back."
3138856862_transcript,insurance_outbound.zip,insurance,outbound,f4d555b446992aa15d3dc4ff001918875ae7983605b5e8952997055367578187,"OPENING, PRODUCT_PITCH, NEEDS_ANALYSIS, FEE_DISCUSSION",0.95,True,"Greeting present, agent pitches Medicare benefits, asks qualifying questions, and mentions zero cost."
2020-09-25-22-45-03_71f7b394-c6b4-4c65-8d71-91f490a844b9_v2V6-QYwWqsY5mcKkdFH5SbhqkVm_R2tWNRKsuXCZ-te4kOcQByw_bWw_transcript,auto_insurance_customer_service_inbound.zip,insurance,inbound,b1b98ebbf1f05a9525be067f8fe3339f134f318e5236eedf1229119d400c7769,"OPENING, NEEDS_ANALYSIS, FEE_DISCUSSION",0.9,True,"Greeting present, agent collects provider and tenure information and discusses current insurance costs."
9705904769_transcript,insurance_outbound.zip,insurance,outbound,f6c19a3474f5d94d4494fd1de6981acf910b90e4c7ab5492d99f323e91af712f,"OPENING, PRODUCT_PITCH, NEEDS_ANALYSIS, FEE_DISCUSSION",0.95,True,"Greeting present, agent pitches Medicare benefits, verifies current coverage, and discusses premiums and co-payments."
2020-03-31-14-47-29_8c74339a-735e-11ea-8cfd-125120011735_8b42f2ea-735e-11ea-a796-61d85cfa0825_transcript,auto_insurance_customer_service_inbound.zip,insurance,inbound,157d1a221dc69f7a550e1934be674e06a45fc4ba9b16ec3811a8570ba33d467a,"OPENING, NEEDS_ANALYSIS",0.9,True,Contains IVR greeting and requests for zip code and coverage type to determine needs.
2020-09-14-15-05-51_c935408c-b099-4d2c-b3aa-61ba5a759201_v2jcHI2-I0yKTmyXo4smYRnJLGAuTwuniI3KfAlzSkJQ-EQ6RSDBKgAg_transcript,auto_insurance_customer_service_inbound.zip,insurance,inbound,49a8701811f6ead702c57557a413971549031a341ec192305ebf03e276f5d515,"OPENING, NEEDS_ANALYSIS, FEE_DISCUSSION, PRODUCT_PITCH",0.95,True,"Includes greeting, detailed eligibility questions, inquiry about current payments, and a bundling offer."
2020-03-23-17-34-54_210140303B25238B63098958C6FDA91A_9bc11922-6d2c-11ea-914a-a39153a59112_transcript,auto_insurance_customer_service_inbound.zip,insurance,inbound,b4e9b7858a748ad6d47954b02b9a26bfb375049702d2a987b848c025c8dbf00e,"OPENING, NEEDS_ANALYSIS",0.9,True,IVR greeting and initial data collection for insurance coverage needs.
4176372183_transcript,insurance_outbound.zip,insurance,outbound,afcb3b9086003422f6e8cd855197fa2a9d283ac124b2860dc9d1789fbe538975,"OPENING, PRODUCT_PITCH, NEEDS_ANALYSIS, FEE_DISCUSSION",0.95,True,"Greeting, pitch of Medicare benefits, qualifying questions, and discussion of zero cost."
2020-10-05-18-21-30_8138652c-7f9f-43ec-b8ec-e916dc866697_v2IOUfP_WQa0yjrVPzglRFGS_z0DYhDBRp0Od5m-GKAu3vuB4-WrpLog_transcript,auto_insurance_customer_service_inbound.zip,insurance,inbound,652c1851c4a52c95ec69f4d9c911bbb5a86a73c67ae1d41e1d505a1275d34be2,"OPENING, NEEDS_ANALYSIS, FEE_DISCUSSION",0.95,True,"Greeting, extensive eligibility questioning, and inquiry about current insurance costs."
2020-09-30-19-34-10_51413193-7b3f-4fff-8746-c415423e0d95_v269u6xWkK78gQfG_nbIe6KpuWFNp-0rUhfDiZ2jgsowFYHqGksXOaiQ_transcript,auto_insurance_customer_service_inbound.zip,insurance,inbound,c77f2dd57c679cf7a6cc83a43a9b2408f3d1ff1a1fe5794a4fa638d39ebc7958,"OPENING, NEEDS_ANALYSIS, FEE_DISCUSSION",0.95,True,"Contains a greeting, verification of personal details, current insurance provider, and a question about the monthly rate."
4192898669_transcript,insurance_outbound.zip,insurance,outbound,c111e01d0cb617f24b2f749490d16f5d4994b5cb3c4912b04aa2bcd42bf4e23f,"OPENING, PRODUCT_PITCH, NEEDS_ANALYSIS, FEE_DISCUSSION",0.95,True,"Includes greeting, a pitch for Medicare upgrades, verification of Part A/B eligibility, and mention of no-cost premiums."
7063270169_CPL_4_transcript,insurance_outbound.zip,insurance,outbound,2d4474890eaed6af6cb634719cee05a39a58a2a38ca41eba6160a76e310d6789,"OPENING, PRODUCT_PITCH, NEEDS_ANALYSIS, FEE_DISCUSSION",0.95,True,"Greeting followed by a detailed pitch of Medicare benefits, eligibility checks for Part A/B, and discussion of premiums."
2020-10-01-18-20-58_4d9de258-c69b-4476-944b-3ff5fbce3d77_v2dotlJa5xnS_l8RsldAwbWsptIbonIm93N75mS8enjWhCmX7QaOK1AA_transcript,auto_insurance_customer_service_inbound.zip,insurance,inbound,01de9e8798ce6eb717e89582a131b2d2b89b777ef6f30bf22a0c26d02575b411,"OPENING, NEEDS_ANALYSIS, FEE_DISCUSSION, OBJECTION_HANDLING",0.9,True,Greeting and needs analysis for auto insurance; includes a fee discussion where the agent handles the customer's refusal to disclose their rate.
2052014748_P3_transcript,insurance_outbound.zip,insurance,outbound,14123412b0ea178df086c7caaeb13ce0d0cc458aba7af73e01199ad63cc98164,"OPENING, PRODUCT_PITCH, NEEDS_ANALYSIS",0.9,True,"Greeting after transfer, a pitch regarding potential benefits or savings, and verification of decision-making authority."
8505872149_transcript,insurance_outbound.zip,insurance,outbound,00e8b202d9010d0548c388f6bba33bb74145f6ff1b56d287da3782fe4391d2d2,"OPENING, PRODUCT_PITCH, NEEDS_ANALYSIS",0.95,True,"Contains a greeting, a pitch regarding Medicare benefits, and a detailed verification of the customer's personal information and eligibility."
2253555091_transcript,insurance_outbound.zip,insurance,outbound,74c235320b575f9aecb2a7808b3208a703879cbdd678f91c2ff2dc0c4091dde1,"OPENING, PRODUCT_PITCH, NEEDS_ANALYSIS",0.95,True,"Includes the call opening, a pitch for Medicare upgrades, and a needs analysis phase verifying the customer's identity and location."
2154241135_P2_transcript,insurance_outbound.zip,insurance,outbound,92265ff07f9bf1552b46270e601ef59f2126d160e08b2fe897c22b7c00a345d4,"OPENING, PRODUCT_PITCH, NEEDS_ANALYSIS",0.9,True,"Features a greeting, a pitch for a Medicare review to find a better plan, and questions about healthcare decision-making."
8707343747_transcript,insurance_outbound.zip,insurance,outbound,9824b8091910a475138ac5b9a196ab595a0554266fcd7d46cf7708d8e25a8df7,"PRODUCT_PITCH, NEEDS_ANALYSIS, FEE_DISCUSSION",0.9,True,"Agent performs needs analysis on Medicare status and employment, pitches benefits, and mentions a specific premium amount."
2020-09-16-19-32-30_9e87028e-4f05-42bf-8457-728114e8b692_v2tiM_IzoeuTHNvDJppQYVPAIWkJakMjzhqZzNRWUiAw5OvnOo1oZZew_transcript,auto_insurance_customer_service_inbound.zip,insurance,inbound,a7501d7ad705a4457d0665c27594435344121d89683bd2216b96de4fef51b552,"OPENING, PRODUCT_PITCH, NEEDS_ANALYSIS, COMPETITOR_COMPARISON",0.95,True,"Includes a greeting, a pitch to compare auto rates, extensive needs analysis, and a question about the current insurance provider."
2095442036_P1_transcript,insurance_outbound.zip,insurance,outbound,94720eb6a14d54c8240a74ded314486a0911613fbbf776481600feddd81688d2,"OPENING, PRODUCT_PITCH, NEEDS_ANALYSIS, PASSIVE_AGREEMENT",0.9,True,"Contains greeting, pitch for Medicare benefits, eligibility verification, and passive customer agreement."
5867515498_transcript,insurance_outbound.zip,insurance,outbound,eb9d698a336dbfc2538e3d5d4f30e7b8ab0143a1787dbd4b35341942f47d59e7,"OPENING, PRODUCT_PITCH, NEEDS_ANALYSIS, FEE_DISCUSSION, PASSIVE_AGREEMENT",0.95,True,"Includes greeting, benefit pitch, premium cost discussion, eligibility checks, and passive agreement."
2020-09-17-19-19-42_12f58bd9-c80c-4c09-b6a5-c34af10e8694_v2HWVsvPd3OtSEVrVMxK_I_bUzzKFzFv4cW6XMfHzZSVnEL9dChAwB4g_transcript,auto_insurance_customer_service_inbound.zip,insurance,inbound,0579bcd39f4914e528b3bd17eaf32760f5274db35e07f1f82932a073651e77b4,"OPENING, NEEDS_ANALYSIS, PRODUCT_PITCH, FEE_DISCUSSION",0.85,True,"Greeting present, extensive data collection for insurance, a bundle offer, and discussion of current payment amounts."
2020-04-02-17-30-37_ab9f9426-7507-11ea-b72d-0eba4545d7f7_aa703934-7507-11ea-ae32-4bf74326b976_transcript,auto_insurance_customer_service_inbound.zip,insurance,inbound,36bff16ccaa29cdcf6f1f31aef4edae4aabec343184da27083b31135f2611ff6,"OPENING, NEEDS_ANALYSIS, FEE_DISCUSSION",0.8,True,"Greeting present, detailed questioning about current provider and credit, and discussion of monthly insurance rates."
5852430283_transcript,insurance_outbound.zip,insurance,outbound,6a609bbb0d19eafe1e55929b37273a9553ca6fc435ce404233a7fb47b62af8c8,"OPENING, PRODUCT_PITCH, FEE_DISCUSSION, NEEDS_ANALYSIS, PASSIVE_AGREEMENT",0.9,True,"Greeting, pitch for Medicare upgrades, mention of premiums, eligibility verification, and passive customer responses."
2020-03-26-14-29-31_36356970-6f6e-11ea-9c49-16e71f7413b9_3503c2b8-6f6e-11ea-a972-29cbba3ac483_transcript,auto_insurance_customer_service_inbound.zip,insurance,inbound,41c4851691f89750c6166eb02498b0a192b6e1bef4b69458b36e804c58cfa45f,"OPENING, NEEDS_ANALYSIS",0.9,True,"Contains the initial IVR and agent greeting, followed by the agent asking the reason for the call."
8162742730_transcript,insurance_outbound.zip,insurance,outbound,d6f2f540d7bd6c03b58d94d334058acf544dd3ce31e188ce744f1f295fe69d61,"OPENING, PRODUCT_PITCH, NEEDS_ANALYSIS, PASSIVE_AGREEMENT",0.95,True,"Includes greeting, a pitch for Medicare benefits, gathering personal/insurance details, and a passive agreement from the customer."
recording-public_1155_transcript,customer_service_general_inbound.zip,customer_service,inbound,3aa89e567151c6275035f37fd0e3213eb30fe3088a81ffe38d670e7070bee1cc,"OPENING, PRODUCT_PITCH, NEEDS_ANALYSIS",0.9,True,"Contains greeting, an offer to provide insurance rates, and health-related screening questions."
6622332608_P1_transcript,insurance_outbound.zip,insurance,outbound,644358fd8df5d33edf883e3122b81fc71e6c508f8dde84324e0dd93b0e388a43,"OPENING, PRODUCT_PITCH, NEEDS_ANALYSIS, PASSIVE_AGREEMENT",0.95,True,"Includes greeting, pitch for Medicare upgrades, verification of personal data, and customer agreement."
recording-public_1054_transcript,customer_service_general_inbound.zip,customer_service,inbound,b46e934f6f04e8d2f7d05ccd97dd9f82c52d742a503c3c78770d2bce4efc9c57,"OPENING, PRODUCT_PITCH, FEE_DISCUSSION, NEEDS_ANALYSIS, SUCCESSFUL_SALE",0.98,True,"Greeting, pitch for coverage, discussion of rates/budget, health screening, and initiation of the application process."
6022647324_transcript,insurance_outbound.zip,insurance,outbound,f6157a4b81ff94601d0527b83ab5ec1082e687caf75a20d1efe9078c1676abd3,"OPENING, PRODUCT_PITCH, NEEDS_ANALYSIS, PASSIVE_AGREEMENT",0.9,True,"Contains greeting, pitch for Medicare benefits, eligibility questions, and customer agreement."
2020-10-01-14-48-28_3aa0460e-b430-4cb7-879d-b3789c1f5bdc_v29rbQFxEkNgAYOntpKyd_3ygLprsU9a83P3JGH2I17dV-BbChNhC2OQ_transcript,auto_insurance_customer_service_inbound.zip,insurance,inbound,5f7095fffd4f4c073507904a4609cce83798976d7b04fac02dee280a820e7b8a,"OPENING, PRODUCT_PITCH, NEEDS_ANALYSIS, FEE_DISCUSSION",0.9,True,"Greeting, intent to compare auto insurance, verification of current provider, and discussion of monthly payments."
recording-public_1107_transcript,customer_service_general_inbound.zip,customer_service,inbound,441814afbb60c6da645a3cbc7521a1b4e893a2420c7e1eb24146002db8274de5,"OPENING, NEEDS_ANALYSIS, PRODUCT_PITCH, FEE_DISCUSSION",0.9,True,"Greeting, questions about smoking and current policies, life insurance offer, and specific pricing mentioned."
2020-09-16-17-52-35_0933cbf3-2d22-4508-8d88-63b8134ae4b8_v2lmUD2PC_MTAZJh9I6enNMGYwTNx6xShAbZCcPCMtqCcWI5CvRy_4ng_transcript,auto_insurance_customer_service_inbound.zip,insurance,inbound,2ad41fe1778993ab63381ef04a554a2917ee970cd54bdf535179126be2698721,"OPENING, PRODUCT_PITCH, NEEDS_ANALYSIS, SUDDEN_HANG_UP",0.9,True,"Greeting, insurance comparison offer, name verification, and abrupt disconnection from the conference."
5862635373_transcript,insurance_outbound.zip,insurance,outbound,20be06352244121394bb9b3a0d9e2789cd80f52dfdca980c4539d089a832f147,"OPENING, PRODUCT_PITCH, NEEDS_ANALYSIS, PASSIVE_AGREEMENT",0.9,True,"Greeting, Medicare benefit offer, verification of eligibility and personal details, and customer agreement."
recording-public_1159_transcript,customer_service_general_inbound.zip,customer_service,inbound,314a839f003e6b9df3c99933346e925dc78d92469d9ce0484981ef5934c48a78,"OPENING, NEEDS_ANALYSIS, OVERWHELMED_CONFUSION",0.9,True,"Contains greeting, agent asks about current funeral policies, and customer expresses confusion and requests the agent to speak slower."
recording-public_897_transcript,customer_service_general_inbound.zip,customer_service,inbound,36416ba8c7a23d597c0fb6544219433608c3abe4d822417470e5187c10a42caf,"OPENING, PRODUCT_PITCH, NEEDS_ANALYSIS, FEE_DISCUSSION",0.95,True,"Greeting present, agent pitches final expense insurance, asks about existing coverage, and discusses specific premium price ranges."
5408193659_transcript,insurance_outbound.zip,insurance,outbound,d5717e77c7fc7ef6a2284a7fc938e46c3e51ed4623437a435e38e84f0b215d22,"OPENING, PRODUCT_PITCH, NEEDS_ANALYSIS",0.9,True,"Greeting present, agent pitches Medicare upgrades and benefits, and asks about current insurance and employer benefits."
8708721844_transcript,insurance_outbound.zip,insurance,outbound,5c9b9f41348da97ec041dabf4af626b9ea67212a926a7d2aecbf9d822a46c980,"OPENING, PRODUCT_PITCH, FEE_DISCUSSION, NEEDS_ANALYSIS",0.95,True,"Greeting present, agent pitches specific Medicare benefits, mentions zero premium, and verifies eligibility and personal details."
2020-03-11-15-12-23_8556FEF58AC98AEAB9C5A507F628CC60_b561ca24-63aa-11ea-9bb2-351607bb836e_transcript,auto_insurance_customer_service_inbound.zip,insurance,inbound,3f0bd39b974a5ba67ed97922f6566bee3f871f2dad5e69f5a92353b4c625a59d,"OPENING, NEEDS_ANALYSIS",0.7,False,IVR greeting and automated request for zip code and information gathering for insurance quotes.
4042880593_P1_transcript,insurance_outbound.zip,insurance,outbound,8373c2877822f38d6dc214625ab7d45aa33a3e17a35f834b8da628d21f287d10,"OPENING, PRODUCT_PITCH, NEEDS_ANALYSIS, MISUNDERSTANDING",0.9,True,"Contains greeting, pitch for Medicare upgrade, verification of eligibility/details, and a moment where the customer doesn't understand a question."
8287137801_transcript,insurance_outbound.zip,insurance,outbound,5f14ffbe5672cf6f6a04715a73fdb1568a2f31ec4a12c86540612d5e0aa7efe0,"OPENING, PRODUCT_PITCH, NEEDS_ANALYSIS",0.9,True,"Includes greeting, a pitch for additional Medicare benefits, and a detailed verification of the customer's personal information."
recording-public_984_transcript,customer_service_general_inbound.zip,customer_service,inbound,cc7aeb7030553db4e7430dca21c6e6452f7e3202160e2ca514c33d7315e9db31,"OPENING, PRODUCT_PITCH, NEEDS_ANALYSIS",0.85,True,"Greeting is present, agent pitches their service process, and asks about current insurance coverage for needs analysis."
2020-09-30-18-15-12_151d0e9c-55eb-4f8b-b2a4-3832cdbc0ce1_v2eKS03B_4RZbvXqpmQ9UBHnDKxljSPcVkwtRO7ZFudYYF8gm1J6G1PA_transcript,auto_insurance_customer_service_inbound.zip,insurance,inbound,d78ac25c78e6b4b34490c51c3fb8dd2cd2d0bb092fa258c645661df4d689142b,"OPENING, PRODUCT_PITCH, NEEDS_ANALYSIS, FEE_DISCUSSION",0.9,True,"Greeting, pitch for auto insurance and bundling, verification of current provider, and discussion of current payment amounts."
recording-public_698_transcript,customer_service_general_inbound.zip,customer_service,inbound,e2da1850e170ce6779ce6aba41cb034fb20a3474fb3d1c3dd59ea711dc83e7a2,"OPENING, NEEDS_ANALYSIS, CURIOUS_EXPLORATION",0.8,True,"Greeting is present, agent asks health/prescription questions for eligibility, and customer explores the difference between term and whole life."
2020-09-18-18-44-23_911b8d0e-a83e-4095-9212-4b4c33abeba4_v2ovG7a-wOC29UzIgxuhwTT2EzTe-yySEbME4kNFPEwmYkqyupABTGjg_transcript,auto_insurance_customer_service_inbound.zip,insurance,inbound,ba0e95c74f8de69a51052f6cef310b192cbdcb1650745b978d7df1365eb42cac,"OPENING, NEEDS_ANALYSIS, PRODUCT_PITCH, PASSIVE_AGREEMENT",0.9,True,"Agent opens the call, gathers current insurance details, pitches a bundling option, and the customer agrees."
2020-09-30-16-18-32_d6173fed-f790-4975-85a4-10ea9dc4dac3_v2l3MqlFTXrgOC6YuXuTxmZ9rLifI0WPCIDBQJ5v3dtSXV880QWpdx_w_transcript,auto_insurance_customer_service_inbound.zip,insurance,inbound,449c31663da1d1b03de03cf75f4df7fefe3c5549795710163338e8c640410c18,"OPENING, NEEDS_ANALYSIS, COMPETITOR_COMPARISON",0.85,True,Agent opens the call and performs needs analysis; customer mentions that other quotes have not been competitive.
8107240106_transcript,insurance_outbound.zip,insurance,outbound,f16ed223c68ce5229b554498ace737eb433988a3ac7454e89e972f0d75397218,"OPENING, PRODUCT_PITCH, NEEDS_ANALYSIS, SOFT_REJECTION",0.8,True,Agent opens call and pitches Medicare benefits; customer expresses slight reluctance before agent proceeds with eligibility verification.
2020-10-15-16-28-22_08d62a9b-dc15-461a-9584-8c23c98f616d_v2ZEZw9o1xOlGjVmJsdPHHpXm5O9XeuNU8S_ZtFqwjUgE2d3mH6J85tA_transcript,auto_insurance_customer_service_inbound.zip,insurance,inbound,273cbea0220faa6631f60ec1351d42a147cf746b8d84b2614973b43d8a6dc725,"OPENING, NEEDS_ANALYSIS",0.95,True,Agent opens the call and conducts a thorough needs analysis to verify the customer's insurance history and eligibility.
8033858769_transcript,insurance_outbound.zip,insurance,outbound,16b697fa8aebeb6e164397429bb2ec1b87946a6e7106a70abc33065eda20a875,"OPENING, PRODUCT_PITCH, NEEDS_ANALYSIS",0.9,True,"Agent opens the call, pitches Medicare upgrades, and verifies the customer's current benefits and personal information."
2528274050_P2_transcript,insurance_outbound.zip,insurance,outbound,3c2790d931b438d04fd367d55a6ed55b803c09308aef526546977986d683407b,"OPENING, PRODUCT_PITCH, NEEDS_ANALYSIS, FEE_DISCUSSION",0.95,True,"Contains greeting, pitch for Medicare benefits, eligibility check for Parts A and B, and discussion of premiums and co-pays."
5042284969_transcript,insurance_outbound.zip,insurance,outbound,3292eebd443aefdc46b8316fdc305fbaed68ed47abedca033ca34facea41083d,"OPENING, PRODUCT_PITCH, NEEDS_ANALYSIS, FEE_DISCUSSION",0.95,True,"Includes greeting, pitch for additional benefits, qualifying questions about Medicare status, and mentions of no additional cost."
8037810793_transcript,insurance_outbound.zip,insurance,outbound,304cf4ae9296d05cf1c96e8c5ce125c89b105f56ac264a2542ea23fa5964444d,"OPENING, PRODUCT_PITCH, NEEDS_ANALYSIS, FEE_DISCUSSION",0.95,True,"Greeting present, pitch for Medicare upgrade, eligibility check for Parts A and B, and mention of zero additional cost."
8169219212_P2_transcript,insurance_outbound.zip,insurance,outbound,e944888a2ef5df09750e70f061bb537c606809617e6da51e309076e788eac4a9,"OPENING, PRODUCT_PITCH, NEEDS_ANALYSIS, PASSIVE_AGREEMENT",0.85,True,"Greeting/re-connection, mention of benefits, check for Medicare card, and customer providing passive agreement throughout."
2176225412_transcript,insurance_outbound.zip,insurance,outbound,5cc9a035c6c99fc37e1e315e5934109f33c3c27c8b57ee75cf70d25c46c50da8,"OPENING, PRODUCT_PITCH, NEEDS_ANALYSIS, FEE_DISCUSSION",0.95,True,"Greeting, pitch for Medicare upgrade and money back, identity verification, and discussion of no-cost benefits."
7068880821_transcript,insurance_outbound.zip,insurance,outbound,09a43fc582edb0bc86154aab4a2e3876a2006857af1be48eb4e78da072d59d43,"OPENING, PRODUCT_PITCH, FEE_DISCUSSION, NEEDS_ANALYSIS",0.9,True,"Contains greeting, pitch for Medicare benefits, discussion of premiums/costs, and verification of Medicare parts and employment benefits."
recording-public_752_transcript,customer_service_general_inbound.zip,customer_service,inbound,9931aebf9585e283b44815c3bc51680f0627cb7abb2108aac1abea8ffcf6b409,"OPENING, NEEDS_ANALYSIS, CURIOUS_EXPLORATION",0.8,True,"Includes greeting, detailed questioning about current policies and health status, and customer asking which option sounds better."
9896428401_transcript,insurance_outbound.zip,insurance,outbound,2d9527e56e7ca9aea102d56f3391b2034ccd25f23de1529293a5bb6107dbbfcf,"OPENING, PRODUCT_PITCH, FEE_DISCUSSION, NEEDS_ANALYSIS",0.9,True,"Greeting present, pitch for Medicare updates, mention of premium costs, and verification of Medicare eligibility."
recording-public_1090_transcript,customer_service_general_inbound.zip,customer_service,inbound,92f9b32dbd41bf186d61668377ed8457983af755d5f06227b9d72c575bf7a6cb,"OPENING, NEEDS_ANALYSIS, PRODUCT_PITCH",0.8,True,"Greeting included, agent asks about coverage purpose and health, and pitches their service as a broker finding the best options."
5168681271_transcript,insurance_outbound.zip,insurance,outbound,33d7636e374e1984b2263f97c5455dcf303a229c6f592d1c6f82afe62e074a0b,"OPENING, PRODUCT_PITCH, NEEDS_ANALYSIS",0.9,True,"Greeting present, pitch for Medicare benefits, and verification of Medicare parts and previous insurance."
recording-public_1003_transcript,customer_service_general_inbound.zip,customer_service,inbound,d0a1cb6b7033eaaaa4cb7a9faa37474674b69f85cb32bf5af511b17627ff667b,"OPENING, NEEDS_ANALYSIS",0.9,True,"Agent greets the customer and asks about current insurance coverage, health history, and physical attributes."
recording-public_1101_transcript,customer_service_general_inbound.zip,customer_service,inbound,248cc5df7fa2699b1aafe19a464d859b26d26cba2a658922364ebcf30f1475cb,"OPENING, NEEDS_ANALYSIS, PRODUCT_PITCH, FEE_DISCUSSION",0.9,True,"Agent greets customer, analyzes existing burial plan, and pitches specific coverage amounts and rates."
2020-03-24-14-39-13_3bd17884-6ddd-11ea-ab99-022c04b91b79_3ac7b7c8-6ddd-11ea-8352-49e3ca912331_transcript,auto_insurance_customer_service_inbound.zip,insurance,inbound,7d9e0cc16bf68a2851184b1a7fe4780a0fd9140b4b237cf6e4f6574061361e60,"OPENING, PRODUCT_PITCH",0.5,False,Automated IVR greeting and description of available insurance quotes and services.
recording-public_929_transcript,customer_service_general_inbound.zip,customer_service,inbound,d69398e7e25901d2a80ff09907960048e72e71f4a41ec3a5643f67dca876c32f,"OPENING, NEEDS_ANALYSIS, PRODUCT_PITCH, FEE_DISCUSSION",0.9,True,"Agent greets customer, explains the plan search process, and asks eligibility and health questions."
9123753504_transcript,insurance_outbound.zip,insurance,outbound,0ccfc3da781a1d0240cbf56206e34912eab1befa95ad7ee69dd9ab7eaaaeb954,"OPENING, PRODUCT_PITCH, NEEDS_ANALYSIS, FEE_DISCUSSION",0.9,True,"Outbound call pitching Medicare benefits, verifying eligibility, and discussing premiums and co-payments."
2020-09-17-14-17-40_d99159f7-af3f-4a0e-a49e-fc0619410055_v2Uf7-uIIbb6YKnyiyAd1u9CvkyRJzYwhiqmlI7ylVhcCbPFVcWkQ-KQ_transcript,auto_insurance_customer_service_inbound.zip,insurance,inbound,6996c47556ebf5d1f90ae4822874f5c0dce5a022fd40cc7723d660e5f3a4f512,"OPENING, NEEDS_ANALYSIS, PRODUCT_PITCH, FEE_DISCUSSION",0.9,True,"Contains greeting, detailed eligibility/demographic questions, a pitch to save 35%, and discussion of rates."
2020-10-05-23-21-08_52c9146b-b6dc-4ed3-9f91-30530fe1b5c1_v23MpVUfQ5lLtHizbgs9PNi5UNEtnjyERGeLnjSXUF0JtpsAhMuHYUIg_transcript,auto_insurance_customer_service_inbound.zip,insurance,inbound,024d1bf025f32fa82ea16ed0f29449db7aa90f9d630a36892f2397e998305e94,"OPENING, NEEDS_ANALYSIS, FEE_DISCUSSION, PRODUCT_PITCH",0.9,True,"Includes greeting, verification of customer details, current insurance cost discussion, and a pitch to compare rates."
2020-03-30-15-43-08_287acdde-729d-11ea-b0dc-120eb19d1c81_276bc506-729d-11ea-815d-7148385f6136_transcript,auto_insurance_customer_service_inbound.zip,insurance,inbound,ff78c5ed84825de5ca05c793ec0e0081f16efbde44dabb5f1d41e7344561ba9c,"OPENING, PRODUCT_PITCH, NEEDS_ANALYSIS",0.8,True,"Greeting is present, agent offers an auto quote, and begins the process of gathering customer information."
9013273957_transcript,insurance_outbound.zip,insurance,outbound,85d1e4e088d18d1e3cf686d7769288330c59e832c3de1393c80d059c0573ef13,"OPENING, PRODUCT_PITCH, NEEDS_ANALYSIS, FEE_DISCUSSION",0.9,True,"Greeting present, pitch for Medicare upgrades, detailed health/eligibility questions, and mention of 'no additional cost'."
recording-public_964_transcript,customer_service_general_inbound.zip,customer_service,inbound,3566d583c2caa389bba3469798fbf877db7d57112c7838f6f9ff25622740b9f4,"OPENING, NEEDS_ANALYSIS, PRODUCT_PITCH, FEE_DISCUSSION, OBJECTION_HANDLING",0.95,True,"Greeting, health/policy screening, specific price quotes, and agent adjusting the price after customer says it sounds like a lot."
5734715229_transcript,insurance_outbound.zip,insurance,outbound,384ac536ce4b40ec735cbde39bd2e34e4a3cc6b8b59b0a184644ca2acae5867a,"OPENING, PRODUCT_PITCH, NEEDS_ANALYSIS, FEE_DISCUSSION",0.95,True,"Contains greeting, pitch for Medicare benefits, verification of eligibility/details, and discussion of premiums and costs."
2020-10-02-16-53-23_ec61b8c1-dea5-4efc-9476-7546f6d3b28b_v22VoDcBgY8jyDAVBYXPM-7NMf2J46XQEAZUfUO2lKuwERY6Pv5DyIwA_transcript,auto_insurance_customer_service_inbound.zip,insurance,inbound,ba4bb50e22566ffc2863d7c04f7cd0037513b6968991d95547c540f9424a6cec,"OPENING, NEEDS_ANALYSIS, FEE_DISCUSSION, PASSIVE_AGREEMENT",0.9,True,"Greeting present, extensive data collection for insurance quotes, inquiry about current payments, and customer providing simple confirmations."
4787850459_transcript,insurance_outbound.zip,insurance,outbound,891227ed640f4b71069062854caf1e7550b7d8135cd2b87d1609df15a44bf87d,"OPENING, PRODUCT_PITCH, NEEDS_ANALYSIS, FEE_DISCUSSION",0.95,True,"Greeting, pitch for Medicare benefits, verification of personal and insurance details, and mention of zero premium."
3863040642_transcript,insurance_outbound.zip,insurance,outbound,d73072bec448ce27510f27fcc9a9c0411f89d2e9efe897322164ae81836e3f5f,"OPENING, PRODUCT_PITCH, OBJECTION_HANDLING, NEEDS_ANALYSIS, FEE_DISCUSSION",0.9,True,"Greeting, pitch for Medicare, agent clarifies that it is not new insurance after customer asks, and collects eligibility data."
2020-09-16-16-46-48_e1f668e8-fd62-4e54-ad46-58bd90147526_v2qfwe10qTKCzaAIeXIfY46WAQ-ZSS22bR1W7_qypoLrKWA-V-fvoW2w_transcript,auto_insurance_customer_service_inbound.zip,insurance,inbound,3b4a0a51849f711d43006fd66b3e0b8172afd52fd4838bcb7a5b9c76e517c71c,"OPENING, NEEDS_ANALYSIS, FEE_DISCUSSION, CURIOUS_EXPLORATION",0.85,True,"Greeting, detailed needs analysis for auto insurance, discussion of monthly payments, and customer asking for clarification on SR22."
7758286995_transcript,insurance_outbound.zip,insurance,outbound,a84327b8e338e8eb4d291f90abfd7d9f8924b1ff03badf1cdc876f22ee91f810,"OPENING, PRODUCT_PITCH, FEE_DISCUSSION, NEEDS_ANALYSIS, CURIOUS_EXPLORATION",0.9,True,"Agent greets customer, pitches Medicare benefits and cash back, discusses costs, collects personal details, and customer asks about the start date."
8509972606_transcript,insurance_outbound.zip,insurance,outbound,429b9cfe56b6bcdea7df662b57668a650e5ca370cebdf3e539397c22609874da,"OPENING, PRODUCT_PITCH, FEE_DISCUSSION, NEEDS_ANALYSIS, ENTHUSIASTIC_AGREEMENT",0.95,True,"Greeting present, agent pitches Medicare updates and money back, discusses premiums, verifies eligibility, and customer responds enthusiastically."
2020-04-06-14-59-23_354d1b3c-7817-11ea-9812-022c04b91b79_334a1038-7817-11ea-841f-2fc7907b73fc_transcript,auto_insurance_customer_service_inbound.zip,insurance,inbound,ac15a57f45afbfafa14369645557c45aeb2958274640dc7d3edb39eda5ba24f4,"OPENING, NEEDS_ANALYSIS, DEFENSIVE_POSTURE",0.8,True,"Call starts with greeting, agent collects extensive personal and financial information, and customer responds sharply regarding home ownership."
3048822726_P2_transcript,insurance_outbound.zip,insurance,outbound,f2ff83224d147471605a82f6f7bc2ded3aaf0469e247efd11290e79a137eb99c,"OPENING, PRODUCT_PITCH, NEEDS_ANALYSIS, SUDDEN_HANG_UP",0.85,True,"Greeting present, agent pitches a coverage review, asks for Medicare card details, and the call is interrupted by a disconnection."
6158396114_P2_transcript,insurance_outbound.zip,insurance,outbound,4f8fa1b4102c36a27d2e84126732157b851ad752b188ebbe1865125f8586a61c,"OPENING, NEEDS_ANALYSIS, ANGRY_OUTBURST, OBJECTION_HANDLING",0.9,True,"Greeting present, agent collects personal data, customer becomes angry about repetitive questions, and agent attempts to apologize and resolve the tension."
7025881225_transcript,insurance_outbound.zip,insurance,outbound,75a5e3db22cce8b99ed36822b736b521b3e0eebfefa3ce767e7fbbe33b647725,"OPENING, PRODUCT_PITCH, NEEDS_ANALYSIS",0.95,True,"Contains a greeting, a pitch for Medicare upgrades/benefits, and questions regarding the customer's current insurance and eligibility."
recording-public_1084_transcript,customer_service_general_inbound.zip,customer_service,inbound,fad1f69768a47ac4f0b848a3b6f8c3a58e1122d5ee6bf5a675da04fa356e108f,"OPENING, NEEDS_ANALYSIS, FEE_DISCUSSION",0.9,True,"Includes a greeting, questions about age and tobacco use (needs analysis), and a discussion regarding quotes and plan amounts."
6163756270_transcript,insurance_outbound.zip,insurance,outbound,c259991f8a8118acbd71e483f7f216aa4adc177b3528611b0c80da552c16d148,"OPENING, PRODUCT_PITCH, NEEDS_ANALYSIS",0.95,True,"Contains a greeting, a pitch for Medicare benefits, and eligibility questions regarding Part A, Part B, and retirement benefits."
2020-03-27-20-26-06_3185c3ec-7069-11ea-9fd5-0eec45eb3237_2f6779b6-7069-11ea-93d5-1111a3f3bc1f_transcript,auto_insurance_customer_service_inbound.zip,insurance,inbound,db0438b00e5037c1922cb32f54f0830a25a76ee40fc1e70dc501590f5e0a5bb1,"OPENING, NEEDS_ANALYSIS",0.7,False,The transcript consists of an IVR greeting and automated prompts asking for insurance status and zip code to determine provider fit.
8642771179_transcript,insurance_outbound.zip,insurance,outbound,44ba42de761b8aa8969929ace9803d0b79f3ff985f5807fc4c2c106c667e8116,"OPENING, PRODUCT_PITCH, NEEDS_ANALYSIS",0.95,True,"Includes a greeting, a pitch for Medicare updates, and verification of the customer's healthcare decisions, insurance status, and address."
2020-09-14-19-05-35_58df1dd4-f4f6-4ec1-b720-eb977e1c74ea_v2ar9i24wIsfQ5u9NNiYKHA4gz6EiZlvOL7nj7a1NzwaR8-tGn9ySX2w_transcript,auto_insurance_customer_service_inbound.zip,insurance,inbound,012740868c1a05badc5a980595d70d4cb45b3979975760e776821b86edcc75c5,"OPENING, NEEDS_ANALYSIS, FEE_DISCUSSION",0.9,True,"Agent greets the customer and conducts a thorough needs analysis regarding auto insurance, including a discussion on coverage amounts and deductibles."
recording-public_884_transcript,customer_service_general_inbound.zip,customer_service,inbound,c825de55fe3df321e0e90bc9c7dec07c3bb9be7dd2cfcb11c3b04221a44563ac,"OPENING, NEEDS_ANALYSIS, PRODUCT_PITCH, FEE_DISCUSSION",0.9,True,"Contains a greeting, qualifying questions for a final expense plan, a pitch for finding the best options, and mention of premium costs."
8502652723_transcript,insurance_outbound.zip,insurance,outbound,aa4504824c7c12488bb847dc233799a5b039deb09d0b76cf00b300a7e4429970,"OPENING, PRODUCT_PITCH, NEEDS_ANALYSIS",0.9,True,"Outbound call starting with a greeting, pitching Medicare benefit upgrades, and verifying the customer's current plan and personal details."
2020-09-14-20-04-18_1545e8aa-1172-41c5-b794-4fa47ff91dc1_v22AGjuLIHxmY9ZtjdLDcsaNzAXKdowADlyTOhjsCZuxsfrvwCKEIaDA_transcript,auto_insurance_customer_service_inbound.zip,insurance,inbound,ccf74d0b147c73ab4fe1b3072321d482e254c57ba3109bd124f4a32f8edbc793,"OPENING, NEEDS_ANALYSIS, PRODUCT_PITCH, SOFT_REJECTION",0.9,True,Greeting followed by extensive needs analysis; agent pitches a bundling option which the customer explicitly declines.
recording-public_832_transcript,customer_service_general_inbound.zip,customer_service,inbound,a84c9f86d9e4a566c3f66b705766d46746415b3b4f06cfdc29431c0134caf77b,"OPENING, NEEDS_ANALYSIS, PRODUCT_PITCH, FEE_DISCUSSION",0.9,True,"Greeting, qualifying questions for a final expense plan, a pitch for the service, and a discussion of specific premium price ranges."
2020-09-18-21-40-50_46b4f888-4d4b-41d0-975a-13e9411ccc38_v2CB8tu_ai-UZZ6OVM01nh_DTcnOAidSqR2R2hFxVVLCn4AMH9y6IwlA_transcript,auto_insurance_customer_service_inbound.zip,insurance,inbound,ca5e030676893147b5a7d58e3fbd4f95dc6ffd640add452c38bfd3af83c0fd5e,"OPENING, NEEDS_ANALYSIS, FEE_DISCUSSION, PRODUCT_PITCH, SOFT_REJECTION",0.9,True,"Contains greeting, verification of current provider and costs, a bundle offer, and a customer expressing hesitation about combining policies."
recording-public_901_transcript,customer_service_general_inbound.zip,customer_service,inbound,b8d0ae81fbe9b5b53f79fb43d2b71b0bd2065aaeaf68769e26597aae97a857c8,"OPENING, NEEDS_ANALYSIS, PRODUCT_PITCH",0.9,True,"Includes a greeting, detailed health and personal information gathering for eligibility, and a pitch to find the best carrier rates."
2020-04-06-16-36-22_c10e0c50-7824-11ea-8285-12106bace1c7_bfd132ae-7824-11ea-8faa-fbf916655b62_transcript,auto_insurance_customer_service_inbound.zip,insurance,inbound,8e99409063fcc59c461f5d31e783fc81af6d3733752a832a10c499d3bbe8c377,"OPENING, FEE_DISCUSSION, COMPETITOR_COMPARISON, PRODUCT_PITCH, SOFT_REJECTION",0.85,True,Greeting present; customer compares previous high prices with current ones; agent offers a quote; customer requests mail instead of immediate commitment.
2020-03-18-16-01-55_D23744DC9AF73BD42FB1E1E71621411D_ca44a18c-6931-11ea-b25f-89335dbe7bfc_transcript,auto_insurance_customer_service_inbound.zip,insurance,inbound,7cdc9d72dbeb61bb5897ca662ae55ca6796bdaa0c88d8d007b5696e9bb3eed1b,"OPENING, NEEDS_ANALYSIS, MISUNDERSTANDING",0.9,True,Greeting and verification process; agent and customer struggle to agree on the correct zip code before asking about the current provider.
2020-04-21-14-48-28_9f816f89-6a34-4a4c-9759-62f3a653bca5_v2ILoaaQVjVXOH4rOec-Zcils92mW8w7sS2SZCyCNOsxUOr9_n1GS3jw_transcript,auto_insurance_customer_service_inbound.zip,insurance,inbound,e84e3f223771ba89a817d6290f4dafc40f0b459affbb4d5c764a9872697cbbff,"OPENING, PRODUCT_PITCH",0.7,False,Automated IVR greeting and a general explanation of the insurance quoting process and data collection policies.
2020-09-16-20-37-59_549c0127-1032-4b42-8030-2ae4c95d80e8_v2-GuXboEto1FU5Ua2-2-FkUWJNQ2VR7TnRwx2HBcdT6X1Q8OEtzFaWQ_transcript,auto_insurance_customer_service_inbound.zip,insurance,inbound,3304defc97fb2cc3bafbc575ffda7ae41aa62810a535654d019574132b3585fc,"OPENING, NEEDS_ANALYSIS, FEE_DISCUSSION, OBJECTION_HANDLING",0.9,True,"Contains greeting, verification of customer details, discussion of specific price targets, and agent addressing the customer's reluctance to switch providers."
4102435905_P2_transcript,insurance_outbound.zip,insurance,outbound,5296ddcc2b19f3c13dc3d2089dcb17ef68163f3a4864dccc751522ac50dba329,"OPENING, PRODUCT_PITCH, FEE_DISCUSSION, PASSIVE_AGREEMENT",0.85,True,"Includes greeting, presentation of Medicare benefits and premiums, and the customer providing brief affirmative responses."
8124599735_transcript,insurance_outbound.zip,insurance,outbound,54d2e86ffb5b8ee85ebb2ca57815b8daf6f75f466c13d725baad3d00320430e1,"OPENING, PRODUCT_PITCH, FEE_DISCUSSION, NEEDS_ANALYSIS",0.9,True,"Greeting present, pitch for Medicare upgrade at no cost, and verification of eligibility and personal details."
2020-04-03-18-25-33_829d3764-75d8-11ea-9bbf-0e2767e8dc7f_81782740-75d8-11ea-91c9-a9109c3f00f1_transcript,auto_insurance_customer_service_inbound.zip,insurance,inbound,fdf8c3b792d5b5cf33ad294ab19852c6528f4b21812280c33ac0977a59e45e93,"OPENING, NEEDS_ANALYSIS, FEE_DISCUSSION, PASSIVE_AGREEMENT",0.95,True,"Greeting, extensive data collection on current insurance and driving record, discussion of current costs, and customer agreement."
2020-10-02-19-22-36_25e2cea0-674d-47e1-b031-9ba551c53584_v29cqoYLJ_nu7UihWjlmsz_6zFBLNU4O1LzwB43aK1PRarXnvtI8O_5Q_transcript,auto_insurance_customer_service_inbound.zip,insurance,inbound,b6e357340f266d798375aaa67f690bd511b9018ed9c3f05240c7b6f5858978e0,"OPENING, NEEDS_ANALYSIS, FEE_DISCUSSION, SOFT_REJECTION, OBJECTION_HANDLING",0.85,True,"Greeting, data collection, and cost discussion. Customer expresses hesitation about switching, which the agent attempts to overcome by mentioning savings."
2020-09-11-14-53-19_4df4b771-f73b-4df4-afff-fd3d4c1243cc_v2MD50puUjAbm7dmn8_MFDLNotBis4A6fpZ_UFG8QlZbL0Dn2Si7Vtvg_transcript,auto_insurance_customer_service_inbound.zip,insurance,inbound,dd30653dc2b723730383e94ba251c00a29331078cd7f5d61b0791f77430feceb,"OPENING, NEEDS_ANALYSIS, FEE_DISCUSSION",0.95,True,"Contains greeting, verification of personal details, current provider inquiry, and current insurance cost."
2020-09-30-20-05-41_2d330c4d-15dd-42c9-b8a1-1d63197efa20_v2r-BfywWZ4y-mmF6prUOuFWh6KCwal3iyd99mFtIRg5j1HoHgHM5Pgw_transcript,auto_insurance_customer_service_inbound.zip,insurance,inbound,481d0926f24093fa18f705ddd79d949568040d1967332c13418a9278b73e5aff,"OPENING, NEEDS_ANALYSIS",0.9,True,Contains greeting and a series of verification questions regarding identity and current insurance provider.
8632910973_transcript,insurance_outbound.zip,insurance,outbound,a8d42cddeb7e4d77cb21c5fdbf09274cbfd700e38cb98dbe56b9b8ab2f53146b,"OPENING, PRODUCT_PITCH, OBJECTION_HANDLING, NEEDS_ANALYSIS",0.9,True,"Greeting present, pitch for Medicare benefits, agent handles customer's claim of already having benefits, and verifies eligibility/details."
2020-06-25-13-55-42_9e2b4d0e-08ad-44f4-9d0f-b23b1d1d3b4c_v2JLZHRcHxoamErM9J54DHq0_N_G4akoKZWBshDLjaM4Hgo735_M4X2Q_transcript,auto_insurance_customer_service_inbound.zip,insurance,inbound,83780f8d8e8b3255ec597a246f7d4ea6995aec85e5b6845712340e0dbef84eae,"OPENING, PRODUCT_PITCH, NEEDS_ANALYSIS, SOFT_REJECTION",0.85,True,"Greeting present, agent offers a quote, asks for current provider, and customer expresses reluctance/confusion about the call origin."
recording-public_1013_transcript,customer_service_general_inbound.zip,customer_service,inbound,ce3d7fb31dc6f8403f899f3309c099f1536a34310dbae9e869fe4eef92e19324,"OPENING, NEEDS_ANALYSIS, PRODUCT_PITCH, FEE_DISCUSSION, SUCCESSFUL_SALE",0.95,True,"Greeting, health screening, specific quote provided, and explicit agreement to start the application process."
2020-09-16-17-04-35_e3582574-07c1-4812-804b-a3eff0860cdf_v2IB3YfcwMVLM-XHv9uVMQkQAhw7oCFLc0jXFa3IW70spCXZlcqsjqYw_transcript,auto_insurance_customer_service_inbound.zip,insurance,inbound,bcea6d6379d1afaffd06ee7dfa6120bc73a09f5e0c0a6e6528c4c24eec98d07d,"OPENING, NEEDS_ANALYSIS, FEE_DISCUSSION",0.95,True,"Contains a greeting, asks for current provider and payment details, and collects eligibility information for an auto insurance quote."
8655244859_transcript,insurance_outbound.zip,insurance,outbound,ec6e9365745f86f6f41563ba5a5f29a65c6839fcfa11196ab4d521d1e9609bcf,"OPENING, PRODUCT_PITCH, NEEDS_ANALYSIS, FEE_DISCUSSION",0.95,True,"Includes greeting, a pitch for Medicare benefits at zero cost, and qualifying questions regarding Medicare status."
8282875288_transcript,insurance_outbound.zip,insurance,outbound,2920054b61dc225ac177505370c1ca933606988d0cc4fe8b7a61ffab62eca3b5,"OPENING, PRODUCT_PITCH, NEEDS_ANALYSIS, FEE_DISCUSSION",0.9,True,"Greeting present, pitches enhanced Medicare coverage and savings on premiums, and verifies Medicare part eligibility."
5403374223_transcript,insurance_outbound.zip,insurance,outbound,5af97596146868007b98701a5254e35c32c1047574c92b90510e3e7d1aed5b07,"OPENING, PRODUCT_PITCH, NEEDS_ANALYSIS, FEE_DISCUSSION",0.95,True,"Greeting, pitch for Medicare upgrades at no cost, and detailed qualifying questions about insurance and personal details."
2020-10-02-14-40-46_b92ead67-4b7a-4862-8676-8936db1f2cc7_v2gX86LAFz9N7jJ2VSnPysh2d5jxskWLdb7XN83Bqa-wRj8VW0uWcAgQ_transcript,auto_insurance_customer_service_inbound.zip,insurance,inbound,832a24a59b1d4ac9325e8ce1a87add602c7cab4a8415fc935ebe798d4f896348,"OPENING, NEEDS_ANALYSIS, FEE_DISCUSSION",0.95,True,Greeting followed by extensive data collection including current monthly payments and insurance history for a rate comparison.
2020-09-04-19-50-34_60750b0d-039f-4113-9076-3a4f1f0cd7bd_v2QyUtDDWUCGV7OXPItpGTdUvSBiw_K_Gs6ua4ZZfQ-wkc8kFtD-wA4Q_transcript,auto_insurance_customer_service_inbound.zip,insurance,inbound,52256dca27bf727775cda35cc67f0641b2cb38b070c98dee7bcf04ceee2f4f39,"OPENING, NEEDS_ANALYSIS, FEE_DISCUSSION",0.95,True,"Contains a greeting, verification of customer details, and a discussion regarding current insurance payments."
2020-10-06-22-34-06_778d69b8-48c9-4821-9c4c-5d4e3f2c18b1_v2UfB3anC0LQ4qgybczrfmXdG1BgYJa0I9ozldX_uHHXRu8CG0wNxNWQ_transcript,auto_insurance_customer_service_inbound.zip,insurance,inbound,626a46f8add19e24a316aaed649b300880f091954981f7c22a2e48799e017c5e,"OPENING, NEEDS_ANALYSIS, DEFENSIVE_POSTURE",0.85,True,"Includes greeting and data collection, with the customer initially expressing annoyance about being harassed."
recording-public_954_transcript,customer_service_general_inbound.zip,customer_service,inbound,f7ec26b7719468aa108535656cc125f3cf259ca718bc491c58e602c261fb7b01,"OPENING, NEEDS_ANALYSIS, PRODUCT_PITCH, FEE_DISCUSSION",0.95,True,"Greeting followed by qualifying questions, a pitch for final expense plans, and specific premium pricing."
recording-public_914_transcript,customer_service_general_inbound.zip,customer_service,inbound,7fe54a5519744207656c1572ef9edd5c6212ce83649963c6e08f86eb3119ba91,"OPENING, NEEDS_ANALYSIS, PRODUCT_PITCH, FEE_DISCUSSION, WARM_LEAD",0.95,True,"Greeting, needs analysis, and pitch. Customer shows high intent by agreeing to set up a policy today."
2020-10-02-16-58-34_6a3bdff4-6c21-4622-b0bc-dfc79d8f3b51_v2dfPBmlosSOAbHuXRUvfE_wsVVrC4qwuFi2dQ7-KBvKqA-26dp9yYwQ_transcript,auto_insurance_customer_service_inbound.zip,insurance,inbound,3c314d8e524fd5245e5ac6c6158ab7e6aeed8712ffb8268153f48840bc39d676,"OPENING, NEEDS_ANALYSIS, FEE_DISCUSSION",0.95,True,"Greeting and extensive needs analysis including verification of current provider, payment, and personal history."
4358651484_transcript,insurance_outbound.zip,insurance,outbound,b54e5911e8e6d51fb1615430310f087cdfb96994be7a451d8c66b9468c75b730,"OPENING, PRODUCT_PITCH, NEEDS_ANALYSIS, FEE_DISCUSSION, PASSIVE_AGREEMENT",0.95,True,"The call includes a greeting, a pitch for Medicare benefits, discussion of zero premiums, eligibility verification, and the customer agreeing that it sounds good."
9733383733_P1_transcript,insurance_outbound.zip,insurance,outbound,c47b1de344127761c0f99df0059b5844332283bc2ad637175a158b3a937634b2,"OPENING, PRODUCT_PITCH, FEE_DISCUSSION, NEEDS_ANALYSIS, OBJECTION_HANDLING",0.95,True,"Contains greeting, pitch of Medicare benefits, discussion of zero premium, eligibility questions, and agent overcoming the request for mail."
8634224050_transcript,insurance_outbound.zip,insurance,outbound,146a6d5dba925b2073aeb3af5296b1d8f8dda159866a799eb189c5f40a1833ac,"OPENING, PRODUCT_PITCH, NEEDS_ANALYSIS, FEE_DISCUSSION, OVERWHELMED_CONFUSION",0.95,True,"Includes greeting, pitch for Medicare benefits, eligibility verification, mentions of no cost, and customer expressing confusion about the call's purpose."
2020-09-14-15-34-04_1a85a432-d544-4711-8635-82825275d2e5_v2qKBEcEITVXHqLElndEIs_RU84ud1jA2sViMDohsmp89FXCeGRFU9IA_transcript,auto_insurance_customer_service_inbound.zip,insurance,inbound,b47eb5366a31921d9ea8a705cc1120b5d6591ae74be9201de86665b5842cc23f,"OPENING, NEEDS_ANALYSIS, CURIOUS_EXPLORATION, PASSIVE_AGREEMENT",0.95,True,"The call includes a greeting, verification of personal and provider details, a customer question about the company, and confirmation of information."
6014670885_transcript,insurance_outbound.zip,insurance,outbound,5e8a88c7ad670d92a3e6582b020daab633f07ec1e7d82356cb9c981e3e7f0781,"OPENING, PRODUCT_PITCH, NEEDS_ANALYSIS, WARM_LEAD",0.95,True,"The call includes a greeting, a pitch for Medicare benefits, eligibility questions regarding Part A and B, and a highly positive customer response."
9786877984_transcript,insurance_outbound.zip,insurance,outbound,e10cc9cfac414f064f4502e2dd673a1620d4ad9731e67d6dae2a596a9d1916d6,"OPENING, PRODUCT_PITCH, NEEDS_ANALYSIS, FEE_DISCUSSION, MISUNDERSTANDING",0.9,True,"Contains greeting, pitch for Medicare benefits, eligibility questions, discussion of premiums, and a brief misunderstanding regarding the zip code request."
recording-public_1113_transcript,customer_service_general_inbound.zip,customer_service,inbound,5bc0b361269feb0650a414ddd194e19ca44f6f76585e7c8e356aded77f89aa7d,"OPENING, NEEDS_ANALYSIS, ACTIVE_LISTENING, WARM_LEAD",0.95,True,"The call starts with greetings, proceeds to a detailed needs analysis regarding health and current coverage, and the agent uses active listening cues with a warm lead."
2020-09-18-23-01-13_7f75e0d5-cfe3-46a5-867f-52c6b4494de1_v20Oi7LnjqODJysMiOSqF6F32Yf614_6bXWjBvQrpOYSQA_jWLR5NYWw_transcript,auto_insurance_customer_service_inbound.zip,insurance,inbound,48f830b955bf0fb8c951415920bbfb14747a688f856bc3fb6446779e2628ff09,"OPENING, NEEDS_ANALYSIS, FEE_DISCUSSION",0.95,True,"The agent greets the customer, collects personal and insurance history for eligibility, and discusses the customer's current insurance payments."
2020-09-23-16-54-35_94d562c8-c93d-4e7b-8b8b-0c7f5f703f67_v2VH6_0vwFFi8B2QEWldj3jcYjrbuI_0XVl3SLYp2arN5ycb4zOdp8YQ_transcript,auto_insurance_customer_service_inbound.zip,insurance,inbound,e981c33d6a0d5c123811f68ebaabb8ec935959a53db676c45a2bf0da783529d1,"OPENING, NEEDS_ANALYSIS, FEE_DISCUSSION, PRODUCT_PITCH, CURIOUS_EXPLORATION",0.95,True,"Contains greeting, extensive data collection for eligibility, discussion of monthly payments, a bundling offer, and a customer question about insurance terms."
recording-public_1052_transcript,customer_service_general_inbound.zip,customer_service,inbound,faccf2db50d55efb85b09d719c5c9cec98a7a50e376536e55d146d9f266b0e6e,"OPENING, NEEDS_ANALYSIS, PRODUCT_PITCH, FEE_DISCUSSION",0.95,True,"The agent greets the customer, asks about health and financial eligibility, and presents specific coverage options and pricing."
2020-07-07-15-25-51_c205e30b-6578-478e-b218-b3e6603dc683_v2MoAwiq3MW3YDfhhOq-XxxzJ7l5J7KtkoWFU3fvBzc8QYSct9kl2veA_transcript,auto_insurance_customer_service_inbound.zip,insurance,inbound,2f87b497c1532a0c0179755d719780d20979e35c8e7bac3b66acabdb7a26b9e3,"OPENING, PRODUCT_PITCH",0.9,True,The transcript begins with a greeting and contains automated promotional messages pitching insurance services and the company's mobile app.
2020-09-28-14-11-47_59cd0a20-056d-494b-af6d-c70570264773_v2vZDvnZV4lUcoXWXKQiasJ-GC1kZJ97igDPVUoag734B4Tbvv1UnzUw_transcript,auto_insurance_customer_service_inbound.zip,insurance,inbound,2bff19c1603b6729d31116a7252f5c171d179c6248d87ec68162c5298028bfd6,"OPENING, NEEDS_ANALYSIS, FEE_DISCUSSION, PRODUCT_PITCH",0.95,True,"The call includes a greeting, extensive data gathering on the customer's current situation, a question about current monthly payments, and a pitch for a bundled policy."
5867549839_P2_transcript,insurance_outbound.zip,insurance,outbound,1ae6e2b0c33c1c827e46c981da79ede3c63b8839aa5898ed5426147fa0d0faaf,"OPENING, PRODUCT_PITCH, FEE_DISCUSSION, NEEDS_ANALYSIS, PASSIVE_AGREEMENT",0.95,True,"The call includes a greeting, a pitch for Medicare benefits, mention of premium fees, eligibility questions, and the customer agreeing that it sounds good."
8142663418_transcript,insurance_outbound.zip,insurance,outbound,dd088bb104ceccdb6f1f269cbe7897805c8c3c5f707653845cffe0bff38c80dc,"OPENING, PRODUCT_PITCH, NEEDS_ANALYSIS, FEE_DISCUSSION, PASSIVE_AGREEMENT",0.9,True,"Contains greeting, pitch for Medicare benefits, verification of eligibility/DOB, mention of no cost, and customer's passive agreement."
9897775007_transcript,insurance_outbound.zip,insurance,outbound,f925a557c742610ff5c902e2595d5c87e113ebc24d768b3d478adf3268073576,"OPENING, PRODUCT_PITCH, NEEDS_ANALYSIS, FEE_DISCUSSION, PASSIVE_AGREEMENT",0.95,True,"Contains greeting, pitch for Medicare benefits, eligibility checks (DOB/location), mention of no cost, and customer's passive confirmation."
7137333845_transcript,insurance_outbound.zip,insurance,outbound,2375dbee9d432d2c49484c0eb5872f7ccd0e9447ddca33b79f18447d8d57fad3,"OPENING, PRODUCT_PITCH, NEEDS_ANALYSIS, FEE_DISCUSSION, PASSIVE_AGREEMENT",0.95,True,"Agent opens the call, pitches Medicare benefits, discusses no-cost fees, and verifies personal details for qualification while the customer provides passive confirmation."
2020-03-27-15-58-24_cae09d30-7043-11ea-832c-02ce05d387dd_c9d2d070-7043-11ea-aebe-9136c870f0b7_transcript,auto_insurance_customer_service_inbound.zip,insurance,inbound,2c1e30db775ba8dbc8594f0dc20c7adc4e95042ce05bd34c0452e2942a1c5ea0,"OPENING, NEEDS_ANALYSIS, FEE_DISCUSSION",0.95,True,"The call includes a greeting, a discussion about seeking lower rates, and a detailed gathering of personal and insurance information for qualification."
2020-09-15-15-49-13_090d809c-ce93-4791-b54e-c194461723d6_v2yxUCzUFzJ-ww9fYP1axL1w--qEXwrv91h0tjlz-B59Uu30eFs7WDRQ_transcript,auto_insurance_customer_service_inbound.zip,insurance,inbound,b9dcd9830f7d7c441221bfee99bd84c2a19b990e25e1cba9ea00dc11b9805719,"OPENING, NEEDS_ANALYSIS, PRODUCT_PITCH, ACTIVE_LISTENING",0.95,True,"The call includes a formal greeting, extensive questioning about the customer's current insurance and demographics, a brief pitch for bundling, and frequent acknowledgments."
2020-09-15-22-34-42_e4b407cc-be43-4cd4-adcf-3d5d6576cc9e_v2jZU0Pnpa722m_aab9WCobF_d039hrKbTS7zmFj-wu7rbcb_d-3F7gg_transcript,auto_insurance_customer_service_inbound.zip,insurance,inbound,4a6972943a8b25d6c4987c72758ad63eb9ddd513b0301e77c29ceb7a9913321f,"OPENING, NEEDS_ANALYSIS, PRODUCT_PITCH, SOFT_REJECTION",0.95,True,"The call includes a greeting, extensive questioning about the customer's current insurance and history, a bundling offer, and a hesitant 'maybe later' response."
recording-public_1126_transcript,customer_service_general_inbound.zip,customer_service,inbound,f69337969dbcb45c355c6c46d6d54cd15fb585b3bf49387d3654153c4f3d3743,"OPENING, PRODUCT_PITCH, FEE_DISCUSSION, NEEDS_ANALYSIS, STALLING_FOR_TIME",0.95,True,"Includes greetings, mention of coverage and premiums, eligibility questions regarding health and demographics, and the customer wanting to consult a spouse."
4123212242_transcript,insurance_outbound.zip,insurance,outbound,29a10a8ad31dd48fa6e15bb6d9d5ff9b88dfcbc5eae3e51b1185a7e218c47f41,"OPENING, PRODUCT_PITCH, NEEDS_ANALYSIS, FEE_DISCUSSION, PASSIVE_AGREEMENT",0.95,True,"Contains greeting, pitch for Medicare benefits, eligibility checks, mention of premiums, and passive customer agreement."
2020-09-17-15-57-42_8c40adb4-dd64-4190-9769-f9b5ccb087f2_v2So0yUGJJHUXKwhpMzXT3jvqevL9j_Pjo1vhldC2b0ST6AsVg6mtS5g_transcript,auto_insurance_customer_service_inbound.zip,insurance,inbound,ecc02bc4cb7b36896ace990e320d32f8dc397225b905b22e839cdd8d3b292fc5,"OPENING, NEEDS_ANALYSIS, FEE_DISCUSSION, PASSIVE_AGREEMENT",0.95,True,"The call includes a greeting, extensive questioning about the customer's current insurance and personal details, and a discussion regarding current monthly payments."
recording-public_887_transcript,customer_service_general_inbound.zip,customer_service,inbound,c7fadf2e8b657908be231003c77ba1f3d0d7328d2c742e4da3b6f8f9833f5285,"OPENING, PRODUCT_PITCH, NEEDS_ANALYSIS, FEE_DISCUSSION, OBJECTION_HANDLING",0.9,True,"Contains greeting, pricing discussion, health/policy screening questions, and agent pivoting after customer expresses initial reluctance to life insurance."
9038292012_P2_transcript,insurance_outbound.zip,insurance,outbound,d6e3748e8163de9983149e6c58b7c5ad267d8c7059b42a05d50f4eda8206faf6,"OPENING, PRODUCT_PITCH, NEEDS_ANALYSIS, FEE_DISCUSSION, PASSIVE_AGREEMENT",0.9,True,"Call includes a greeting, a pitch for Medicare benefits, eligibility check for a medical card, mention of premiums/costs, and customer agreement to the transfer."
2020-09-17-17-30-31_2d620fe2-f8d7-49e4-a25e-34b829fc0b02_v2lZCro_8CbpXlgLuXm1jFTzyYk_QjqAvtILX8Hez-FnS7wsMy5J2PwA_transcript,auto_insurance_customer_service_inbound.zip,insurance,inbound,0ade2981beac0b62d62110b44cd61d98843c97662f109d3078a088934e2a04ae,"OPENING, NEEDS_ANALYSIS, PRODUCT_PITCH, PASSIVE_AGREEMENT",0.95,True,"The call includes a greeting, extensive questioning about the customer's current provider and eligibility, a brief pitch for bundling policies, and passive responses from the customer."
recording-public_1175_transcript,customer_service_general_inbound.zip,customer_service,inbound,ed95f6b96607507016ad822564ae07c5abb831d748b6e634679292520de659de,"OPENING, NEEDS_ANALYSIS, PRODUCT_PITCH, FEE_DISCUSSION",0.95,True,"The call includes a greeting, questions about current coverage and health, a pitch for the final expense plan service, and a discussion of premium costs."
2566526534_transcript,insurance_outbound.zip,insurance,outbound,56560a70c5194a748b3952c28fa74c8fd6f65413352c6d5e90b77298d897cf4c,"OPENING, PRODUCT_PITCH, NEEDS_ANALYSIS, FEE_DISCUSSION",0.95,True,"The call includes a greeting, a pitch for additional Medicare benefits, eligibility verification for Part A and B, and mentions of no additional costs."
7143633047_transcript,insurance_outbound.zip,insurance,outbound,25aef7284aeb33e924bda353ee235a5f3f32e5bb5de757bbdfc6b4778043f706,"OPENING, PRODUCT_PITCH, NEEDS_ANALYSIS, OVERWHELMED_CONFUSION",0.9,True,"Contains a greeting, a pitch for Medicare benefits, eligibility questions, and clear customer confusion indicated by repeated 'What?' responses."
9208422403_transcript,insurance_outbound.zip,insurance,outbound,d9f9a0067bd36bc2d974fd809b077e3f04f35c4f8fa203916e78cd36024eb093,"OPENING, PRODUCT_PITCH, NEEDS_ANALYSIS, FEE_DISCUSSION, PASSIVE_AGREEMENT",0.95,True,"Agent opens the call, pitches Medicare benefits, verifies eligibility and insurance details, mentions no cost, and the customer provides passive confirmation."
7734881515_transcript,insurance_outbound.zip,insurance,outbound,85d04a2ea92ca2fa78d59ea8cba7f44b416acf73f280258d9659f3008261ee65,"OPENING, PRODUCT_PITCH, NEEDS_ANALYSIS, FEE_DISCUSSION, PASSIVE_AGREEMENT",0.95,True,"The call includes a greeting, a pitch for Medicare benefits, verification of eligibility and personal details, mention of premiums/cost, and passive confirmation from the customer."
recording-public_1210_transcript,customer_service_general_inbound.zip,customer_service,inbound,5c4c63c5c2224e3fefb316fb02cfec52b8047b12d7a4d9a246bc89cbc41f3846,"OPENING, NEEDS_ANALYSIS, PRODUCT_PITCH, FEE_DISCUSSION",0.95,True,"The call includes a greeting, questions about current coverage and health, an explanation of the plan search process, and a discussion of premium cost ranges."
8167016016_transcript,insurance_outbound.zip,insurance,outbound,a87df5b54f42fecdc3fa001d87f61b8adf6375f11b3d059fb74c1cf35c17d21f,"OPENING, PRODUCT_PITCH, FEE_DISCUSSION, OBJECTION_HANDLING, NEEDS_ANALYSIS",0.95,True,"Includes greeting, pitch for Medicare benefits, discussion of no-cost premiums, handling of eligibility objection, and verification of Medicare Part A and B status."
9102728241_transcript,insurance_outbound.zip,insurance,outbound,25fc65c16d85b0005664125b67a422ccaf81fbb871e72cdc2f5df1dcfe973552,"OPENING, PRODUCT_PITCH, NEEDS_ANALYSIS, FEE_DISCUSSION, PASSIVE_AGREEMENT",0.95,True,"Agent opens the call, pitches Medicare benefits, verifies eligibility and personal details, mentions zero premium, and the customer provides passive agreement."
2020-10-05-21-50-31_af649419-e851-44f1-a26a-51ea9e58e16d_v2KxpzHsL3ihRm7L58ZmWhZDupoL4LV7gSgOuDRUA4gcXVBcV2RF7PuA_transcript,auto_insurance_customer_service_inbound.zip,insurance,inbound,02d7b93708a07abaea85c50f91fb1b2452edb3f0b313a2d5c4ab6898d5da1942,"OPENING, NEEDS_ANALYSIS, CURIOUS_EXPLORATION",0.9,True,"The transcript includes multiple greetings, questions regarding the type of coverage and zip code, and the customer explicitly requesting an insurance quote."
2020-09-14-17-29-23_db2c75eb-e608-4227-9ca1-23756ac4569f_v2V1SIOoP6FHfUqAGFK3g4wcejzbXHTbVpYkNbewEHCb9zIkkXK0OBgQ_transcript,auto_insurance_customer_service_inbound.zip,insurance,inbound,9602370ef77af9a1058605b9e7f58f4b08b8083eaa912ba875af0b445327e0fe,"OPENING, NEEDS_ANALYSIS, FEE_DISCUSSION, PRODUCT_PITCH",0.95,True,"The call includes a greeting, extensive questioning about the customer's insurance and personal details, a query about monthly payments, and a suggestion to bundle policies."
7852461234_transcript,insurance_outbound.zip,insurance,outbound,76180a6563ad283b36aa02b39d39beb1f1aa3fd676f6ff847aa9ee16059b0d80,"OPENING, PRODUCT_PITCH, NEEDS_ANALYSIS, FEE_DISCUSSION, PASSIVE_AGREEMENT",0.95,True,"The call includes a greeting, a pitch for Medicare benefits, eligibility screening questions, mentions of no-cost services, and passive confirmation from the customer."
2020-09-23-18-05-43_d6f102ec-5de5-4ff8-921a-3a419bc35a76_v2dGC897j_JpUVYxN62uqVX_eKjryvh66FNbFe1OEwfeUnpCbCXWuVig_transcript,auto_insurance_customer_service_inbound.zip,insurance,inbound,5e917f629b7407c8429b0a23c4f295d572873af639523deac6a9a7d1b56c1788,"OPENING, NEEDS_ANALYSIS, ACTIVE_LISTENING, PASSIVE_AGREEMENT",0.95,True,The call begins with a greeting and consists primarily of the agent gathering eligibility and personal details for an insurance quote.
9196633907_transcript,insurance_outbound.zip,insurance,outbound,46b8848ef386e086c78f10c6e4f751a623f226feeaaec0a8b5d79e4e3bf75611,"OPENING, PRODUCT_PITCH, NEEDS_ANALYSIS, MISUNDERSTANDING",0.9,True,"Includes greeting, a pitch for Medicare benefits, eligibility verification (Part A/B), and a clear exchange of confusion regarding decision-making power."
recording-public_836_transcript,customer_service_general_inbound.zip,customer_service,inbound,870463fe5e4d74179c928be6edf09dac02f81ac14b1c0a05b69eb37975dd2b3c,"OPENING, NEEDS_ANALYSIS, PRODUCT_PITCH, FEE_DISCUSSION",0.95,True,"The call includes a greeting, questions about existing coverage, an explanation of the final expense program, and a discussion of premium price ranges."
9167255810_transcript,insurance_outbound.zip,insurance,outbound,ba74fcfebb09bcfaf6e2ac69549d580f54f7bb71f5a3747437080f8a5bfee3f6,"OPENING, PRODUCT_PITCH, NEEDS_ANALYSIS, PASSIVE_AGREEMENT",0.95,True,"The call includes a greeting, a pitch for Medicare benefits, verification of personal and eligibility details, and passive agreement from the customer."
f19aa08525534c4aa60ca1d3a50b62ec_transcript,automotive_inbound.zip,automotive,inbound,5a4862449b2a039f0e5b0eecd2763f8731f603e295a4359da13f019913e7d8c9,"OPENING, FEE_DISCUSSION, PASSIVE_AGREEMENT",0.85,True,"Contains a greeting, discussion about taxes and payment for a vehicle fix, and customer agreement to be transferred."
0e944caa01e24ff68d34c68edf8d89b2_transcript,automotive_and_healthcare_insurance_inbound.zip,insurance,inbound,85c03e3d5f937c06295f7207ca12199f6f0a3a716c0c3eb1b1b8709dd9404a02,"OPENING, CURIOUS_EXPLORATION, PASSIVE_AGREEMENT",0.9,True,"Includes a formal opening, customer inquiring about a collision alert, and agreement that the situation is fine."
4056850239_P2_transcript,insurance_outbound.zip,insurance,outbound,579b8eace29c4560324a1178f16936d689bba0cd1625aca87f4c1b41fb7e0fe7,"OPENING, NEEDS_ANALYSIS, PASSIVE_AGREEMENT, CURIOUS_EXPLORATION",0.95,True,Greeting present; agent analyzes current plan and requests ID; customer asks if this is the last call and agrees to proceed.
e206c590ae394c159887ab47ff9b095a_transcript,medicare_inbound.zip,medicare,inbound,dad0accbf55b2173b15591ec146635979d13e58866f05e29f927b7a613133199,"OPENING, FEE_DISCUSSION, NEEDS_ANALYSIS, CURIOUS_EXPLORATION",0.8,True,Greeting present; customer asks about insurance coverage/costs; agent asks for details about the provider and spelling of names.
687a676edc4846259fb0d0645cfd7c9e_transcript,automotive_inbound.zip,automotive,inbound,d8411f5d49f373e3a2de0cc17b0beddead5143b1a5bba5280603f131511d87a7,"OPENING, FEE_DISCUSSION, NEEDS_ANALYSIS, PASSIVE_AGREEMENT",0.9,True,Greeting present; customer asks for F150 price; agent asks if they are in the market for a new vehicle.
aa6fe8aa221d479089ac65de160ca54d_transcript,medicare_inbound.zip,medicare,inbound,6dd2d0598090d3b23682941914024d95de6a04e097719389fcebb97925d22d1f,"OPENING, NEEDS_ANALYSIS, PRODUCT_PITCH, ACTIVE_LISTENING",0.8,True,"Contains a greeting, agent asks for rescheduling details (needs analysis), and hold music pitches dental services (product pitch)."
7ab6af487ccf4948bbaa052e8d4f1c51_transcript,home_ervice_inbound&telecom _outbound.zip,home_service_telecom,outbound,e462606606a4089a38556aa9639143d62b002156e4382097f86f8688fff97d61,"OPENING, NEEDS_ANALYSIS, ACTIVE_LISTENING, CURIOUS_EXPLORATION",0.9,True,"Greeting present, agent verifies customer identity and address (needs analysis), and summarizes the issue (active listening)."
2020-10-02-17-19-37_53c8d09e-71a3-47a5-8aac-c4ca8b7c20ab_v2WzgrTziLcNaORdaJ3LqWC7U9TxAvM4xUk1_udzW2iyqpAtkXBwd6Xg_transcript,auto_insurance_customer_service_inbound.zip,insurance,inbound,81f7f3cc284cdbe58d1c459f13eb56f77a0d52d3e37bbcd9ad72028e36c49db2,"OPENING, NEEDS_ANALYSIS, PRODUCT_PITCH, ACTIVE_LISTENING",0.95,True,"Greeting present, agent pitches rate comparison (product pitch) and conducts a detailed intake of insurance history (needs analysis)."
8819da3c672a428ea0688197c5ad8685_transcript,home_ervice_inbound&telecom _outbound.zip,home_service_telecom,outbound,23ae44cc2b30f6ff2f2f0e108d9bf87121b0a883060afe1d0bec2f8410ceae25,"OPENING, NEEDS_ANALYSIS, ACTIVE_LISTENING, CURIOUS_EXPLORATION",0.85,True,"Greeting present, agent gathers address and service needs (needs analysis), and confirms the ability to help (active listening)."
3b40d8db364f421180e3e82f9b0c7c9f_transcript,automotive_and_healthcare_insurance_inbound.zip,insurance,inbound,fd9cb0c35ecff73bc4d7dfaa812a31a132d0927bf633702a845deb0766c0713a,"OPENING, PRODUCT_PITCH, ACTIVE_LISTENING",0.8,True,"Greeting present, agent clarifies the customer's request (active listening), and hold music pitches vehicle sales (product pitch)."
8288fb9fd617400fa2607833b4c87add35568197_transcript,medicare_inbound.zip,medicare,inbound,2650d55f709108490914059fc80774ea99bdfa50fba393f7d1a9782d1bd53fd6,"OPENING, NEEDS_ANALYSIS, CURIOUS_EXPLORATION",0.9,True,"Contains a greeting, agent asks for dates and registration details, and the customer is inquiring about service availability."
DMEMED_rmbpo11_20211104-164037_8437265335_4684162-all_transcript,medical_equipment_outbound.zip,medical_equipment,outbound,7d065b45afe516d1e25e553db7d3440d57b237d7959413c8c7426dcdc297032b,"OPENING, NEEDS_ANALYSIS, FEE_DISCUSSION, SOFT_REJECTION",0.9,True,"Greeting present, agent asks about Medicare plans and costs, and the customer politely declines the offer."
1beb5da4db0d4cab85e067af5fd9209e_transcript,automotive_and_healthcare_insurance_inbound.zip,insurance,inbound,571b5f312de2d4ba3c3714aa0914af1f2daba2c37ad3f19d2cc2514b1be1e8f4,"OPENING, MISUNDERSTANDING, DEFENSIVE_POSTURE",0.8,True,"Greeting present, initial confusion regarding the company name, and the customer is confrontational about unreturned calls."
a417a0fc8a48465cb21dddfea8c32423_transcript,automotive_inbound.zip,automotive,inbound,20109c24c8e57469e4ba473806eea6805856869da3eb514b8eab947a713c49ff,"OPENING, NEEDS_ANALYSIS, PRODUCT_PITCH, FEE_DISCUSSION",0.9,True,"Greeting present, agent qualifies the customer, pitches national shipping services, and discusses potential shipping costs."
2020-07-06-17-51-29_251d4362-3c5a-42df-9cdd-4d38ffd392f0_v2bfubQJiWuz-47OE8yMLJwfnSiRgPuVRH5BZQjhpyLdvr9DxaJwpQGw_transcript,auto_insurance_customer_service_inbound.zip,insurance,inbound,fddd73e1693dc3dbfe8acc0efc1b2d053ee04f11604104ba297b099325bb940c,"OPENING, SOFT_REJECTION, OBJECTION_HANDLING, NEEDS_ANALYSIS",0.9,True,"Greeting present, customer initially resists, agent handles the objection to keep them on the line, then begins gathering data."
2814e5381d4a4756bce96456b30063ea2463188_transcript,medicare_inbound.zip,medicare,inbound,c8157153fc42b2096f1e2605559ce61743d2432480d3ce62952b7b1064720ec3,"OPENING, NEEDS_ANALYSIS, FEE_DISCUSSION",0.9,True,"Contains a greeting, agent asks about insurance provider, and customer asks about the cost of a crown."
c6ed80b7a41247838f0b600f777862c4_transcript,home_service_inbound.zip,home_service_telecom,inbound,587d0c2945bf1888d212b0ffc45b903da175592db6daa28b52e48518f2f02cf5,"OPENING, NEEDS_ANALYSIS, FEE_DISCUSSION, OBJECTION_HANDLING",0.95,True,"Greeting present, agent collects vehicle details, provides pricing, and handles the customer's request for mobile repair."
673ad0b2fb3d4e089874bd50d3c5000a_transcript,automotive_inbound.zip,automotive,inbound,0ffd1e8e9f5e125d42425034f845906cbe8df7156432365862153442f9fc730f,"OPENING, NEEDS_ANALYSIS, PRODUCT_PITCH",0.85,True,"Greeting present, agent asks for stock number, and pitches the vehicle's desirability due to high demand."
2b8cf4bd90c44bbc9b81ae2494e7a268_transcript,home_ervice_inbound&telecom _outbound.zip,home_service_telecom,outbound,3c5666910b0b28370c269cb348b9f99a193566849ac850b2f536139c39bccded,"OPENING, SUCCESSFUL_SALE",0.8,True,Greeting present and customer explicitly agrees to the proposed appointment for glass installation.
47958272918c489bb8a3f9f5ac6930dc36597095_transcript,medicare_inbound.zip,medicare,inbound,5172f3c5b1aaec12931730341a1c29c0c84f775dce7c00fe57b3b1f12e361712,"OPENING, NEEDS_ANALYSIS, CURIOUS_EXPLORATION",0.85,True,"Greeting present, agent analyzes the customer's medical condition, and customer asks several exploratory questions about treatment."
4193827084_transcript,insurance_outbound.zip,insurance,outbound,363f96dc1b214d4db68c33f1460a9743d101e436474db8b0df1d1b9c0870ac4a,"OPENING, PRODUCT_PITCH, NEEDS_ANALYSIS, FEE_DISCUSSION",0.9,True,"Contains greeting, pitch for Medicare upgrades, checking eligibility for Part A/B, and mentions of zero additional cost."
0a9e2a95a14e450f9867cd9f5f221649_transcript,home_ervice_inbound&telecom _outbound.zip,home_service_telecom,outbound,23da6c2823d942d7018e2c5cb00cfb5d037439d5a5f37b4f5c0a11867c3c2bef,"OPENING, NEEDS_ANALYSIS, PRODUCT_PITCH",0.85,True,"Greeting present, agent analyzes the customer's window repair needs and explains the service process/estimate."
4fc9f65edca54254b26848c2d48b6bdf_transcript,home_service_inbound.zip,home_service_telecom,inbound,9593184f35ffd1887b63ccf0578aa39937331141c0357437b5012386d3dac455,"OPENING, NEEDS_ANALYSIS, FEE_DISCUSSION",0.9,True,"Greeting present, extensive needs analysis regarding the oven issue, and a specific question about the cost of the visit."
2020-09-16-22-02-00_f79dbe6d-9c8c-45e8-8ece-0a93ea462018_v27IQ-fJCo7zU2FbZphkJ6WnA829GVxXQKG6TbRPu_5-fP5TDe8CVaaw_transcript,auto_insurance_customer_service_inbound.zip,insurance,inbound,7ea2e5417e9cf6009884fb17c8f00ae745c3ca1fc5400b4dbe9e0cf569ffd2bb,"OPENING, NEEDS_ANALYSIS, FEE_DISCUSSION, PRODUCT_PITCH",0.9,True,"Greeting present, agent collects current insurance details and costs, and pitches a home/auto bundle."
DMEMED_rmbpo17_20211108-160313_9182580105_4615139-all_transcript,medical_equipment_outbound.zip,medical_equipment,outbound,cd00b7a372c7645fca63a793a6ac7d7a1edbdc85b5a53ac3f85bedddf0979a30,"OPENING, PRODUCT_PITCH, FEE_DISCUSSION, NEEDS_ANALYSIS, CURIOUS_EXPLORATION",0.85,True,"Greeting present, pitch for Medicare benefits at no cost, eligibility check, and customer asking why they don't already have benefits."
7a5e67cb40754462a4f9e03e0d72dc6d_transcript,automotive_inbound.zip,automotive,inbound,a2bae6c3559c3ef20ed768d30f11837f15959a9ca075698dd13c0818eab44a57,"OPENING, NEEDS_ANALYSIS, FEE_DISCUSSION, SOFT_REJECTION",0.9,True,"Contains greeting, inquiry about a specific car model, discussion of high prices, and customer stating they wouldn't invest in that expensive model."
054b22bca94a49d69ec4ac8bc442abaf_transcript,medicare_inbound.zip,medicare,inbound,34b5ec470b3694e198512910c1cc13183159c4ff80c9d05b6e0b0449d441ed1d,"OPENING, NEEDS_ANALYSIS, PRODUCT_PITCH, WARM_LEAD",0.85,True,"Greeting present, agent analyzes boarding needs, offers the boarding service, and customer agrees to provide records for the appointment."
2020-09-29-14-44-37_85127510-a0c3-42ab-ba33-8b72d33100db_v2xovyqhfWCQdkGRwxr0G1ROrkFv0WMZXsUOQCCQ3TEvLH0g4FWvOtbg_transcript,auto_insurance_customer_service_inbound.zip,insurance,inbound,52dc0f9680c82b92b6e0a0599fbfeb184c21a6492f93582814fe26380ef1194c,"OPENING, NEEDS_ANALYSIS, PRODUCT_PITCH, STALLING_FOR_TIME",0.9,True,"Greeting present, extensive data collection for insurance, pitch for bundling policies, and customer delaying decision to consult their son."
bdec41b3b45b4f1a903bf1558555bf49_transcript,home_ervice_inbound&telecom _outbound.zip,home_service_telecom,outbound,5a36f207cd0941ec07d208a68c6a1689b9a9a5198786caf54a836b23575bf169,"OPENING, NEEDS_ANALYSIS, PRODUCT_PITCH, WARM_LEAD",0.85,True,"Greeting present, agent collects address and window details, offers a free quote/visit, and customer agrees to the schedule."
2f0e6d5fdc7149ddb105431c55dfb725_transcript,home_ervice_inbound&telecom _outbound.zip,home_service_telecom,outbound,aafb27feaf55e2c18d410ca1a9b8cbe571ab3bcbb9ecc446ed99cf4dbec8ea9b,"OPENING, NEEDS_ANALYSIS, PASSIVE_AGREEMENT",0.8,True,"Greeting present, agent verifies customer identity and service history, and customer agrees to the proposed follow-up process."
8436682413_transcript,insurance_outbound.zip,insurance,outbound,c8a1d4fd2dce867f3890131997a7710a6c73c1fefe1c366e80357394778f0477,"OPENING, PRODUCT_PITCH, NEEDS_ANALYSIS, FEE_DISCUSSION",0.95,True,"Agent greets the customer, pitches Medicare benefits, asks eligibility and health questions, and discusses the zero-cost premium."
3d08c5697ad44bfe99383c8031452756_transcript,medicare_inbound.zip,medicare,inbound,b0b96e3e1ad6d17544e59741541e9fa405ebb246b08fec033b976b903359a72e,"OPENING, PRODUCT_PITCH",0.6,False,Contains a brief opening followed by an automated recording pitching veterinary services and equipment.
9408723052_transcript,insurance_outbound.zip,insurance,outbound,7b2acc5b289feaaaae906464deed4dcce87f6a60dc58c2baa1135d5fbb2b3ee8,"OPENING, PRODUCT_PITCH, NEEDS_ANALYSIS, FEE_DISCUSSION",0.95,True,"Agent greets the customer, pitches a Medicare upgrade, verifies personal and eligibility details, and discusses the no-cost premium."
a033a9234160475da0ab68a700168330_transcript,automotive_inbound.zip,automotive,inbound,576ae753d8397511e1b84723bc150fcb7c117e342fe4d5df7c9f48afeefe9b64,"OPENING, CURIOUS_EXPLORATION, MISUNDERSTANDING",0.8,True,"Greeting followed by a customer inquiring about an appointment date, with some confusion regarding the specific organization involved."
7d42fa39e1b44220bd20a627ccf4fa41_transcript,automotive_inbound.zip,automotive,inbound,ccc163d055a4647d02b48a346e3a2b34aac5cc138fd639152f4721e7214088fd,"OPENING, CURIOUS_EXPLORATION, PRODUCT_PITCH, FEE_DISCUSSION",0.9,True,"Greeting, customer inquiring about a specific vehicle, agent pitching alternative stock and a sale, and discussion of price ranges."
10ef1d293f014b7088b3173824277e6a_transcript,medicare_inbound.zip,medicare,inbound,0df8671f5ae4859dc5498ca2dfe07e0836e8e41484eef1b448446db2e243c30a,"OPENING, NEEDS_ANALYSIS",0.8,True,Agent greets the customer and asks how to help; customer provides extensive details about their dog's medical situation.
2021-08-18-14-23-16_32ae98f7-ba5b-4356-9373-144e9e28587a_v2sh_TORzzPOZamU13WcNK3Tf-rWQNEbAt1u4g936IyQ-cvF0_WtUlPA_transcript,automotive_and_healthcare_insurance_inbound.zip,insurance,inbound,cb17643ee9e11f40921aca8b38615d1099aa3ff80c9639901da0aa36e7d4abd3,"OPENING, PRODUCT_PITCH, NEEDS_ANALYSIS",0.9,True,"Contains a greeting, a pitch regarding Medicare benefit optimization, and verification of the customer's current plan and eligibility."
8594316149_transcript,insurance_outbound.zip,insurance,outbound,a4d3c68f7dbd09ad05e56aa133ea1bcd9ea0e084f19a7caea0cadcdadf81ab50,"OPENING, PRODUCT_PITCH, FEE_DISCUSSION, NEEDS_ANALYSIS",0.95,True,"Greeting present, agent pitches specific benefits, mentions 'no cost', and verifies customer identity and employment status."
d97d559168264dd69123fe804aadef2f_transcript,automotive_inbound.zip,automotive,inbound,3ef8337e8ade2c6c6475098a7d30b40698a59f64aad4411e397db6ca82e752c8,"OPENING, PRODUCT_PITCH, FEE_DISCUSSION",0.85,True,Greeting followed by a recorded pitch for dealership services and a specific price for vehicle alignment.
c1ac3e30af0f4fb7a40fbd9a7b49c937_transcript,home_ervice_inbound&telecom _outbound.zip,home_service_telecom,outbound,b3fd8b08b0f1d84d533a15064e822ea5868184c7c74268f85af1f0098abe8e7b,"OPENING, NEEDS_ANALYSIS",0.9,True,"Agent greets the customer and asks for specific vehicle details (year, make, model) to assess the repair need."
05b9ab1f000146d3ab18468bb2370edf_transcript,automotive_and_healthcare_insurance_inbound.zip,insurance,inbound,eb5593941c4bef87f23a597fafe6660353ee607509f72d931ffdd987e08d4d9b,"OPENING, PRODUCT_PITCH, FEE_DISCUSSION, NEEDS_ANALYSIS",0.9,True,"Contains greeting, details about the vehicle and warranty, discussion of price and interest rates, and inquiry into the customer's financing options."
bc70143d725449f390af42e130406d28_transcript,medicare_inbound.zip,medicare,inbound,2638afa17b5fc5b759633c53613ff6a2693a19209db25445a02f2d5f106c6f08,"OPENING, NEEDS_ANALYSIS, CURIOUS_EXPLORATION, PASSIVE_AGREEMENT",0.8,True,"Includes opening greeting, gathering scheduling preferences and referral source, and agreement on an appointment time."
2020-09-16-23-40-12_a0adc6a1-49c0-4877-b91c-747da788a017_v2dSze3IcjjYdjVBq7ppIzMQl5hE0Bt75740UaGLwknRQCpY7u71pTIw_transcript,auto_insurance_customer_service_inbound.zip,insurance,inbound,a77441eca02b39138a2ae0ec9ca16e9df673d01d244de3c5a1abd899d2c787f6,"OPENING, SUDDEN_HANG_UP, MISUNDERSTANDING",0.85,True,"Starts with a greeting, involves a language barrier misunderstanding, and ends with an abrupt disconnection from the conference."
7c7c4528af8d4d8186692d5e14b1ec3a_transcript,medicare_inbound.zip,medicare,inbound,cac93b8c138f893405dbac9d5b0a924469e2ca023e8ad0c0487ac799b03d8f35,"OPENING, NEEDS_ANALYSIS, PASSIVE_AGREEMENT, CURIOUS_EXPLORATION",0.85,True,"Greeting present, agent analyzes appointment needs and location, customer explores Saturday options and agrees to a time change."
39ec7604111d4c0e95512d7addd5b0e6 (5)_transcript,home_service_inbound.zip,home_service_telecom,inbound,51d01aad5b749af1276c899e44926230f19f406a20bcc7c3743cd5ad69ee63ca,"OPENING, PRODUCT_PITCH, FEE_DISCUSSION, NEEDS_ANALYSIS",0.9,True,"Greeting included, recorded pitch for glass services, customer requesting a price quote, and agent verifying customer details."
09af2c7f5e70494e8123d75fdb8ee96136379580_transcript,medicare_inbound.zip,medicare,inbound,390acbe78098b83f1c59998b8f1695821809a1d115b1c46c3af29e6bd93fd68f,"OPENING, PRODUCT_PITCH, NEEDS_ANALYSIS, FEE_DISCUSSION",0.95,True,"Contains greeting, agent describes specific service packages (Bronze, Silver, Gold), asks for dates/needs, and mentions pricing."
ed9b6ce5c6c8493db3d0f59f626a72bf36745323_transcript,medicare_inbound.zip,medicare,inbound,37523726fd91fd458ad43cf0434d03d4142844700efdffaa277c828fc0e78b17,"OPENING, NEEDS_ANALYSIS, CURIOUS_EXPLORATION",0.9,True,"Contains greeting, agent asks for patient history and medical records (needs analysis), and customer is inquiring about a specific procedure."
b097f7e41a834252b31f89022285ab4c_transcript,medicare_inbound.zip,medicare,inbound,550bdad0cdf3a59b8d4a658ef30a215adc5bbeff2b7cf76f28ca905510e4c07a,"OPENING, NEEDS_ANALYSIS, CURIOUS_EXPLORATION",0.85,True,"Contains greeting, agent collects identifying information (DOB, name) to locate an appointment, and customer is inquiring about a booking."
36ce18349c544d3c9ea10f3021ecbdca3680030_transcript,medicare_inbound.zip,medicare,inbound,7114cf48bed7eb41fa67dad2fdb02b1c0e355c045a2d5b768fc9f25f5b375025,"OPENING, NEEDS_ANALYSIS, STALLING_FOR_TIME",0.8,True,"Contains greeting, agent verifies identity and account, and uses stalling phrases while waiting for a colleague to review the file."
436de9ca91dc4cd993bacfd841f96f86_transcript,medicare_inbound.zip,medicare,inbound,e73bb8029a1e97453c939f44bb8f6a640387e5bc5298af0011c089933ce8d505,"OPENING, NEEDS_ANALYSIS, FEE_DISCUSSION, SOFT_REJECTION",0.9,True,"Contains greeting, agent asks for puppy details, customer asks about a free service (fee discussion), and agent declines the request."
20211015-210229_2544204153-all_transcript,home_ervice_inbound&telecom _outbound.zip,home_service_telecom,outbound,9a79ebc12fdd0f5794bcc5d151b2318a3581e2158c2ec9f9caece18593bf98e0,"OPENING, PRODUCT_PITCH, NEEDS_ANALYSIS, SUCCESSFUL_SALE",0.8,True,"Agent opens the call, analyzes the current modem/account, pitches fiber speeds, and confirms a scheduled installation appointment."
2021-08-18-14-23-16_32ae98f7-ba5b-4356-9373-144e9e28587a_v2sh_TORzzPOZamU13WcNK3Tf-rWQNEbAt1u4g936IyQ-cvF0_WtUlPA_-_Copy_transcript,automotive_and_healthcare_insurance_inbound.zip,insurance,inbound,5171e007528638a9335994522e8f6aff21c93b297b8cdbeb71d0ba40084d0653,"OPENING, NEEDS_ANALYSIS, WARM_LEAD",0.9,True,Agent opens the call and conducts a thorough needs analysis regarding Medicare eligibility and current plan status with a cooperative customer.
2e44b6f48f8e4efcb9ec2c0245852e78_(5)_transcript,home_service_inbound.zip,home_service_telecom,inbound,f38d5b5ddafc9c777388121fd9c2204cb24db356ee34eec44371ca1be8c83fe2,"OPENING, NEEDS_ANALYSIS, FEE_DISCUSSION, PRODUCT_PITCH",0.9,True,"Agent opens the call, analyzes the glass damage, pitches the two-trip service process, and discusses the 50% deposit requirement."
9e63413d6d184e41bb9e98481f2c7879_(4)_transcript,home_service_inbound.zip,home_service_telecom,inbound,c3edeede58e5f71d5a0971cab7d82e2735c0587427e53862f9da47f551c23012,"PRODUCT_PITCH, FEE_DISCUSSION",0.7,False,The transcript is an IVR recording pitching various glass services and mentioning upfront pricing.
843b0bd3b544497097ad8bbf3ce0b94b36379576_transcript,medicare_inbound.zip,medicare,inbound,78ef0fdb748244340d78a292791409033dd6765b7ab7b71cdf391882485c473c,"OPENING, NEEDS_ANALYSIS, SUCCESSFUL_SALE",0.8,True,"Agent opens the call, analyzes the pet's grooming needs and instructions, and successfully schedules the appointment."
b124ad3b4e9443839fa4eb4f6e3ae2ea_transcript,home_ervice_inbound&telecom _outbound.zip,home_service_telecom,outbound,76baf302366c61660b665cbc23da6d68b17adb55a27805cad914dd7a87672699,"OPENING, NEEDS_ANALYSIS, CURIOUS_EXPLORATION",0.8,True,"Contains a greeting, agent asks for specific part details to check availability, and customer is inquiring about a product."
bb12ae57-fae9-4004-862e-25d13a830550_transcript,home_service_inbound.zip,home_service_telecom,inbound,66f4fa2432730a70118cfe7c6e09f59bd4166cfb15276ae3b235aa46f1ad7425,"OPENING, NEEDS_ANALYSIS, PRODUCT_PITCH, FEE_DISCUSSION, SUCCESSFUL_SALE",0.9,True,"Greeting present, agent analyzes window needs, pitches a consultation, discusses if it is free, and schedules the appointment."
ede17310a180453790c5924785e56a14_transcript,automotive_inbound.zip,automotive,inbound,43e0f6f8392f2da4eb76cdc7513ae3bab645ce84af196a8517a02b53c91860df,"OPENING, MISUNDERSTANDING, STALLING_FOR_TIME",0.7,True,"Greeting present, confusion over the spelling of the salesperson's name, and agent asks for time to check the desk."
0fc75c7c172b4e1aa4c894a5a93dc45c_transcript,medicare_inbound.zip,medicare,inbound,ed30ff797d291fde3cef0efd0758117b34a81187ff8f276f00bea73d46a25165,"OPENING, NEEDS_ANALYSIS, OVERWHELMED_CONFUSION",0.8,True,"Greeting present, agent verifies patient identity and appointment, and customer expresses distress and pain regarding medical referrals."
20211028-174815_6145771611-all_transcript,home_ervice_inbound&telecom _outbound.zip,home_service_telecom,outbound,565ec3ee5a45d9a4915687c2c7bd403f30e9d761bff0212b1327b0959725fbaa,"OPENING, PRODUCT_PITCH, SUCCESSFUL_SALE, CLOSING_NEGOTIATION",0.9,True,"Greeting present, agent pitches fiber optic installation, negotiates the specific time slot, and confirms the appointment."
a13b7ff912424f3aba11ce7e958663a7_transcript,automotive_inbound.zip,automotive,inbound,a4c5031cdd0cc1caac7c0351424aaa851df2b1e7e4e6841e56e57fd476dcebe7,"OPENING, NEEDS_ANALYSIS, PRODUCT_PITCH, FEE_DISCUSSION",0.95,True,"Contains greeting, agent asks for car preference, provides a specific lease quote, and discusses down payment options."
2067810144_transcript,insurance_outbound.zip,insurance,outbound,5ae1bffe9f6ed0f7a6121595d61229822b3a4a8b05018fde63baa79e850ab332,"OPENING, PRODUCT_PITCH, NEEDS_ANALYSIS",0.9,True,"Greeting present, agent pitches Medicare benefits and asks qualifying questions to determine eligibility."
4beb2c21d4984cd790bd47f8248ca532_transcript,home_service_inbound.zip,home_service_telecom,inbound,e5b2367a1e2f7fa075a8648e415c5812c632b641473e77dfb79be408893f5241,"OPENING, NEEDS_ANALYSIS",0.9,True,"Greeting present, agent collects customer personal details and vehicle information to prepare a quote."
9035763562_transcript,insurance_outbound.zip,insurance,outbound,75b48ac130511219b6ba25f3aa8e80a772bd0c0631f842f8aa0fd4c034586cf6,"OPENING, PRODUCT_PITCH, NEEDS_ANALYSIS",0.9,True,"Greeting present, agent presents Medicare benefits and asks qualifying questions regarding Medicare and Medicaid status."
2020-09-16-16-20-08_28ed0a62-61d9-47e7-91e0-e195ef8ec116_v2k_RT_ghBurFfqfs8KPKM9kqjNSZaqRtFF1JOan20AwBNaNW7hzBlGw_transcript,auto_insurance_customer_service_inbound.zip,insurance,inbound,fb016f2e2641c1f7502281992487ccf182b62584dff897509ace57569c0eaf96,"OPENING, DEFENSIVE_POSTURE, NEEDS_ANALYSIS",0.85,True,"Greeting present, customer is irritable and resistant to repeating information, while agent asks for insurance provider details."
2021-08-30-20-37-10_90237ad7-35ae-472d-9d8a-34502eb7143a_RGBC893749CED56DB84E055B1A1EF482D19EE39BB95PJ2M001_-_Copy_transcript,automotive_and_healthcare_insurance_inbound.zip,insurance,inbound,a5b6e9d7017d4f9b64d6ca9ae7599b5617d409ab0601b0d8534d916728056638,"OPENING, NEEDS_ANALYSIS, WARM_LEAD",0.9,True,"Contains greeting and extensive verification of Medicare eligibility and personal details, showing a cooperative customer."
2020-09-15-20-23-12_a0229647-2133-4c2f-a2ae-9b2ef08cc709_v2JY5dK-1s1kzXDEDd-38IwHwk_KOgQrLG55DkRgIkC2lPBH_TeyILoA_transcript,auto_insurance_customer_service_inbound.zip,insurance,inbound,20b5e4c52e8e2640cf2f2f0f44088f7fcb6a57d95e2718be814b9c6cd0f6b2b4,"OPENING, SOFT_REJECTION, OBJECTION_HANDLING, NEEDS_ANALYSIS, MISUNDERSTANDING",0.95,True,"Includes greeting, a misunderstanding about 'codes' vs 'quotes', a soft rejection regarding existing insurance, and agent's attempt to pivot to needs analysis."
7832d58def964bd08d503754d9b9ab8e_transcript,automotive_inbound.zip,automotive,inbound,7b0e96d88fc2ad2160f5022ff8918342ada2ee2487e69b9306dc82dc7934bcc8,"OPENING, NEEDS_ANALYSIS, CURIOUS_EXPLORATION",0.85,True,Greeting is present; agent and customer discuss vehicle availability and the customer explores specific requirements for a van.
64a92d2bbe9946f99adb5147c541df66_transcript,automotive_inbound.zip,automotive,inbound,c016adc9deae32864a6695940d2a5ece6801c73203f049f394c3ff2832f76754,"OPENING, NEEDS_ANALYSIS, WARM_LEAD",0.9,True,"Greeting is present; customer is actively seeking to trade in a vehicle and check equity, indicating a warm lead."
779560f120364dc897fab924589660dd_transcript,home_service_inbound.zip,home_service_telecom,inbound,8a86cc571345097b1f601a3ba36f6a2e305df9a388b4d3ebfe9938b42302d307,"OPENING, NEEDS_ANALYSIS, FEE_DISCUSSION, PRODUCT_PITCH",0.95,True,Greeting is present; agent performs detailed needs analysis on the vehicle and provides a specific price quote for the service.
73fd16fd8dd6428595f27d2eb812a940_transcript,home_service_inbound.zip,home_service_telecom,inbound,875220493a7755ed2b77266f6a5e60b63b7541cd2b4ba5a400f43158ecf1ff05,"OPENING, NEEDS_ANALYSIS, FEE_DISCUSSION, SUCCESSFUL_SALE",0.95,True,"Contains greeting, diagnostic questions about the furnace, a quoted service charge, and a confirmed appointment scheduling."
08cb117bb8d3476da6e51f2240a67cd7_transcript,medicare_inbound.zip,medicare,inbound,5c0373d4694348625f516b730e2043099185c4b253ddbbb2460097b7be4e8c89,"OPENING, NEEDS_ANALYSIS, PRODUCT_PITCH, SUCCESSFUL_SALE",0.9,True,"Includes greeting, patient intake questions, mention of a free gift card incentive, and booking an appointment."
44e46082117f46b5b5cfe6eb4a7a0e1d36702065_transcript,medicare_inbound.zip,medicare,inbound,3aeb22761bcf3ed1b268ac3870fff6635da73bc5d80cc706d906e53f714c0368,"OPENING, PRODUCT_PITCH, FEE_DISCUSSION, NEEDS_ANALYSIS",0.9,True,"Greeting present, agent pitches preschool packages with specific pricing, and asks about the puppy's age and health."
f86687a5e6c14559ac12c2a2003858ed_transcript,home_service_inbound.zip,home_service_telecom,inbound,7c259ab2e05f74444e17284bd386178fa2037d3bff8b4666132c3e1dfd0cf9ea,"OPENING, NEEDS_ANALYSIS, ACTIVE_LISTENING",0.85,True,"Greeting present, agent collects customer details and problem description, using affirmative markers like 'perfect' and 'got it'."
3ffd40967dca4d25bb4a1524c4160338_transcript,automotive_inbound.zip,automotive,inbound,d6a146d907ab347bce521cce1714e782df2faffa7fda6e705718bf99e9a9701b,"OPENING, NEEDS_ANALYSIS, PRODUCT_PITCH, CURIOUS_EXPLORATION",0.9,True,"Greeting present, agent identifies car preferences, pitches available inventory, and customer explores options regarding transmission and color."
d91b24b45425422183eb359bc9ff2622_transcript,home_service_inbound.zip,home_service_telecom,inbound,cf60fe4a888ff32e384f52171d4a3d16999af8c8a80e765ae50421f1e153d4fa,"OPENING, NEEDS_ANALYSIS, ACTIVE_LISTENING",0.9,True,"Contains a greeting, agent verifies the customer's address and the specific service needed (water heater), and acknowledges the customer's frustration."
recording-public_1130_transcript,customer_service_general_inbound.zip,customer_service,inbound,bcec4312182eef5429e7f4d00d452d3d55f1308df1fa8d8339238fcaad82d7c5,"OPENING, NEEDS_ANALYSIS, PRODUCT_PITCH, FEE_DISCUSSION",0.95,True,"Greeting present; agent asks about existing policies, pitches a search for the best carrier, and discusses obtaining an accurate rate."
332305180023969long_transcript,medicare_inbound.zip,medicare,inbound,453bb0f72349b9cf1dd20bc8e4967be47323709e12f5ae121b198dae96e9ff48,"OPENING, NEEDS_ANALYSIS, ACTIVE_LISTENING",0.9,True,Greeting present; agent analyzes the scheduling conflict and verifies the patient's appointment details and office location.
47d097d14a1446109bc14e6443c872ed36379594_transcript,medicare_inbound.zip,medicare,inbound,e6c1e2717dd41517dc56c3c67074b2424bc5c031d89849d932d949bfca058717,"OPENING, NEEDS_ANALYSIS, ACTIVE_LISTENING",0.9,True,Greeting present; agent analyzes the customer's request to use a credit for grooming and checks the calendar for availability.
2020-09-15-23-39-12_32038182-3493-4f66-9df0-d03487e21776_v2nnxCNoF6BRWjv9OevthICnwtq5MfFw9tNWAsXJlDtrQ1qNm4u9kcTw_transcript,auto_insurance_customer_service_inbound.zip,insurance,inbound,914863ce48a8af81be5bcf0eaf1c10d365a029a385f87ade502ecc58bcd1daf1,"OPENING, NEEDS_ANALYSIS, PRODUCT_PITCH, PASSIVE_AGREEMENT",0.95,True,"Greeting present; agent pitches auto insurance rate comparison and collects lead data (zip, current provider); customer agrees to a text."
97858a3ff734483a8dea2d50b914addf_transcript,automotive_inbound.zip,automotive,inbound,e6d31a3d8d6fffbd5ec0138e80b87099b80d27d075acfb41a08399ff09c70add,"OPENING, NEEDS_ANALYSIS, FEE_DISCUSSION",0.9,True,"Contains a greeting, agent asks for customer details and preferences (lease vs buy), and discusses the down payment amount."
1e8b41906b6f4f809675c61ead239ccf_transcript,automotive_and_healthcare_insurance_inbound.zip,insurance,inbound,45767a234846d1c4a27b6e4ffa88fbb178eadc39c81a77d4d94da9923cac2069,"OPENING, ACTIVE_LISTENING, PASSIVE_AGREEMENT",0.8,True,Call starts with a greeting; agent confirms appointment details and customer agrees to the proposed rescheduled time.
faa803f82f824420a7be3f6edb72d2e0_transcript,automotive_inbound.zip,automotive,inbound,f7fed6c1648c3354520c9e1dfa68312ed780d518d46537affcea824812a8575a,"OPENING, NEEDS_ANALYSIS, FEE_DISCUSSION",0.9,True,"Includes opening; agent probes for alternative vehicle preferences after the first choice is sold, and customer mentions price range and down payments."
2020-09-18-20-11-09_c8de6d0d-dbf0-4d2a-8eaf-ba11d0270254_v2tRg5qJON9jL9T5pNzEc083J16x2ZuIH_yrvsnVldE5r9yhYkK6S5rw_transcript,auto_insurance_customer_service_inbound.zip,insurance,inbound,9a767cf7903eb9641d353c1de60b5e353cf577a822c0a1b3ad95329e06a77d8c,"OPENING, NEEDS_ANALYSIS, FEE_DISCUSSION",0.95,True,Greeting is present; agent conducts a structured needs analysis by asking for current provider and current insurance costs.
5fd41e4377ce48a69ee90cf30ed0f7eb34960456_transcript,medicare_inbound.zip,medicare,inbound,7901d0bfa7e97a2c100c1e0f48082c3190fa45ebb45f394e8e4e66e91598918d,"OPENING, NEEDS_ANALYSIS, CURIOUS_EXPLORATION",0.85,True,Starts with a greeting; agent asks clarifying questions about symptoms (needs analysis) while the customer explores the cause of the issue.
6a9a5b5ca44d479c9eb19b6a2e6567c9_transcript,automotive_inbound.zip,automotive,inbound,d945fcdd576a25f10740300cc21a5e3f66fd299f457f293c169413540525ed11,"OPENING, NEEDS_ANALYSIS, FEE_DISCUSSION, WARM_LEAD",0.9,True,"Contains greeting, discussion of financing for a corporation, and a customer eager to start paperwork for a specific vehicle."
42ed4eeea6d24b72b9b0ade637540637_transcript,medicare_inbound.zip,medicare,inbound,785a1fc5a1fac6bf23fae34545440a19b1fe71a496425abdacdfd4b249b37ad5,"OPENING, NEEDS_ANALYSIS, SUCCESSFUL_SALE, WARM_LEAD",0.95,True,"Greeting present, agent collects patient details, and an appointment is explicitly scheduled, constituting a successful conversion."
2021-08-30-18-31-56_aeb4cf71-056e-496d-8a4f-fbd95da2c6a4_RGBBE8F698757E3F5A9D58836099BED9845C47F23B5MY8KB01_-_Copy_transcript,automotive_and_healthcare_insurance_inbound.zip,insurance,inbound,57b87531bde64da0952a3f55ee74716ec070d2c744319d695f9f8719883a9622,"OPENING, PRODUCT_PITCH, NEEDS_ANALYSIS, ACTIVE_LISTENING",0.85,True,"Agent opens the call, pitches Medicare benefit optimization, and asks qualifying questions about current enrollment."
be68c3f1387149e98fc3a56f11f4926a_transcript,home_service_inbound.zip,home_service_telecom,inbound,fc83f2843998b15cb053a516316e4b0244489da6bb7a9e83715ec9fe8e11a68b,"OPENING, NEEDS_ANALYSIS, CURIOUS_EXPLORATION, WARM_LEAD",0.8,True,"Greeting present, customer is inquiring about a window replacement quote and providing address/contact details."
6765f478df6c47b19e684d689966102e_transcript,automotive_inbound.zip,automotive,inbound,4384ea334dd24d26cf2f916d713a470ee2082267d667f133a10247de576b2c0e,"OPENING, NEEDS_ANALYSIS, CURIOUS_EXPLORATION, WARM_LEAD",0.85,True,"Greeting present, customer explores a specific vehicle and provides detailed requirements regarding truck modifications and business use."
1f320d80c54e497aa8431e1900c85d8d_transcript,automotive_and_healthcare_insurance_inbound.zip,insurance,inbound,078bbd56d09076bf09846205a7e22cc3be158ce6a347631dd84c60a46ddacd68,"OPENING, PRODUCT_PITCH, NEEDS_ANALYSIS, FEE_DISCUSSION, SOFT_REJECTION",0.9,True,"Agent opens the call, pitches a specific car, analyzes mileage/budget needs, discusses the price, and the customer rejects the specific vehicle based on mileage."
3ca56dcf63b34aa2ada7fd0ad93d2eca_transcript,medicare_inbound.zip,medicare,inbound,2613b0605eb5914e91641b1757bd4a1bb09417158ffa2c092c9746c2940f2426,"OPENING, NEEDS_ANALYSIS, SUCCESSFUL_SALE, WARM_LEAD",0.95,True,"Call opens with a greeting, agent analyzes the patient's dental pain, and successfully schedules an appointment, indicating a warm lead and a successful conversion."
a62d99e57e794544a44e2ef2ca15b64c (1)_transcript,home_service_inbound.zip,home_service_telecom,inbound,c5af4ad35d0cb795a50010c3c37a74fc9de46325e46a2c5f4c5ebcaf915aa456,"OPENING, NEEDS_ANALYSIS, SUCCESSFUL_SALE, PASSIVE_AGREEMENT",0.85,True,"Agent opens the call, asks about the type of glass needed, and successfully schedules a measurement appointment with the customer's agreement."
539a56359eaa47b0a36207eb11d8c7ec_transcript,home_service_inbound.zip,home_service_telecom,inbound,b45b393e1f1226046d6ddc4b6512ad4166281d2aefb9ce14c906bbcde211fb9b,"OPENING, NEEDS_ANALYSIS, PRODUCT_PITCH, WARM_LEAD",0.9,True,"Agent opens the call, analyzes the commercial window needs, pitches a free estimate service, and handles a customer actively seeking a quote."
c9f8e0d3fd42403e9f51f1daf46c271f_transcript,home_ervice_inbound&telecom _outbound.zip,home_service_telecom,outbound,c93bceccf2b6ed11e5fdcae65425bce7d97fee0d17f0bdb8e1c412f338e8e949,"OPENING, NEEDS_ANALYSIS, FEE_DISCUSSION, SOFT_REJECTION, STALLING_FOR_TIME",0.8,True,"Agent opens the call, analyzes the window issue, discusses the 50% deposit, and the customer declines immediate scheduling to consult a spouse."
fe065dc3620348b995ccc454040888e8_transcript,medicare_inbound.zip,medicare,inbound,3bc6256dcbeea13716fea786cb565de4134a9a5fa61ba02a7cf3e5fe9e266743,"OPENING, PRODUCT_PITCH, FEE_DISCUSSION",0.9,True,Contains call greeting and automated messages pitching zero-interest financing and discussing payment methods/costs.
42e60574cf24430b8016f5d801f82952_transcript,automotive_inbound.zip,automotive,inbound,8c534d5c605882b350236108146af9b367f8df02651a78ab4a9654fce7e3e1b2,"OPENING, NEEDS_ANALYSIS, ACTIVE_LISTENING",0.8,True,Includes greeting; agent performs needs analysis to identify the correct contact person for the customer's appointment.
841f28f4ae1c457da3689ce42e30cd57_transcript,home_ervice_inbound&telecom _outbound.zip,home_service_telecom,outbound,1e1d61cd1f524d98db32fea8de3ddd77c4029eebc9d65d9cf37f026771fc08e6,"OPENING, NEEDS_ANALYSIS, ACTIVE_LISTENING",0.8,True,Includes greeting; agent asks for company name and suite details to analyze the service request.
29cb4544499b4861bca70ec5481b3c7736724941_transcript,medicare_inbound.zip,medicare,inbound,8d81e7dd95dfd9f6dfd0e6492f6d826ac583123861452e8635c614bcf98a7d0f,"OPENING, NEEDS_ANALYSIS, SUCCESSFUL_SALE, ACTIVE_LISTENING",0.9,True,Greeting present; agent analyzes patient history and successfully schedules appointments for the customer.
065ea4549ec14aeda2c460f59d9d67d0_transcript,medicare_inbound.zip,medicare,inbound,92a3368124475e9134fbf0080db887b1422f4499c91534470f6cf26a1e19f0a7,"OPENING, NEEDS_ANALYSIS, ACTIVE_LISTENING",0.8,True,Greeting present; agent analyzes the customer's reason for calling back and verifies account details.
5133891120_transcript,insurance_outbound.zip,insurance,outbound,ddc683d4bad49d8d8a8389d1891762b8f2bfdb2e39876ce5f89b10bacc3fddea,"OPENING, PRODUCT_PITCH, FEE_DISCUSSION, CURIOUS_EXPLORATION",0.9,True,"Contains greeting, a pitch for Medicare upgrades, mention of zero cost, and the customer asking clarifying questions about the benefits."
2020-10-07-19-10-26_78d7a39f-8683-4b6a-9a8e-226e33e07e63_v2_doFRN9emyjg41CoBuawjDGydHowl3qT05c2e4bzLEW0ZpnvTeVTbg_transcript,auto_insurance_customer_service_inbound.zip,insurance,inbound,ada1e67f491c081f7f6556163996f731959ab6f0294e59358ed7e63440a5c314,"OPENING, NEEDS_ANALYSIS, PASSIVE_AGREEMENT",0.95,True,Includes a greeting and an extensive series of qualifying questions regarding insurance history and personal details to determine eligibility.
676c989edaef4551a430e7ec91494cc7_transcript,medicare_inbound.zip,medicare,inbound,002a1b06170518303c4484d30b8cec2a77abead516b826dfc1520f13429f4e0a,"OPENING, NEEDS_ANALYSIS, FEE_DISCUSSION",0.85,True,Greeting present; agent verifies identity (needs analysis) and customer discusses payment plans for dental work.
8035932550_P1_transcript,insurance_outbound.zip,insurance,outbound,09261814b769ddb1d69b9ade54a42a7606cc5f72a26bd919690690cd461d2938,"OPENING, PRODUCT_PITCH, FEE_DISCUSSION, NEEDS_ANALYSIS",0.9,True,"Greeting, pitch for Medicare benefits at no cost, and detailed verification of the customer's current insurance and personal info."
af21988f9af2470b985e900773b3007a_transcript,medicare_inbound.zip,medicare,inbound,b5741ae225fecc4af9e95aaa0264ef8229acb0e7bbf5f04fca21fe4b538bca5b,"OPENING, NEEDS_ANALYSIS, PASSIVE_AGREEMENT",0.8,True,"Greeting present; agent collects name and date of birth to facilitate a callback, with the customer agreeing to the process."
3175877009_transcript,insurance_outbound.zip,insurance,outbound,be8a4963084555c5dbb3031f28a81cb546366e4d8739debdead39ce8a384ec5e,"OPENING, PRODUCT_PITCH, NEEDS_ANALYSIS, FEE_DISCUSSION, ENTHUSIASTIC_AGREEMENT",0.9,True,"Agent greets, pitches Medicare benefits including cash back and no copays, verifies Medicare status, and customer responds positively."
9544542363_transcript,insurance_outbound.zip,insurance,outbound,00656e14804ec6d13187ef8d441541a4f31f342515e87b0e7147cca52f10d4d4,"OPENING, NEEDS_ANALYSIS, PASSIVE_AGREEMENT",0.85,True,Agent greets and performs a detailed needs analysis/verification of identity and Medicare eligibility; customer agrees to the questions.
04b80dfc6743410c89f582fe7bdbc0e9_transcript,automotive_and_healthcare_insurance_inbound.zip,insurance,inbound,9415f0719fd7188153bb9cd1442604e6e949246ef7dc92c4cc3a6e562d019446,"OPENING, NEEDS_ANALYSIS, FEE_DISCUSSION, CURIOUS_EXPLORATION",0.9,True,Agent greets and analyzes customer's car preferences and budget; customer discusses specific cash down payment and price range.
c2f94e9752c647c4a92200bfe70fc8f0_transcript,automotive_inbound.zip,automotive,inbound,3363a2e58706ac99b8bbd2e0c422b35d67bb61271b22ca947615a25da264f9cc,"OPENING, NEEDS_ANALYSIS, COMPETITOR_COMPARISON, CURIOUS_EXPLORATION",0.85,True,Agent greets and discusses vehicle availability; customer compares the CRV hybrid to a RAV4 and explores driving characteristics.
4fd275ba34b548dd9e94afcecc6365d8_transcript,automotive_and_healthcare_insurance_inbound.zip,insurance,inbound,b0b06faceb8902e6aca672ff4155a1ade8a724a966980efcd14eeb7ad441af9b,"OPENING, FEE_DISCUSSION, NEEDS_ANALYSIS, CURIOUS_EXPLORATION",0.8,True,Agent greets; customer asks about down payments and application process; agent analyzes financial factors like credit and income.
2020-09-18-16-04-55_7ab60325-fe47-42b1-ab2c-dceaee1bcadb_v2EPgcgV4-gJikMkRg53c6PUH2Y0oiQe-ESLnaJRKShyCKYxyOFRAMhg_transcript,auto_insurance_customer_service_inbound.zip,insurance,inbound,44cd66fb398e54dd257f057a4a3f4b1f5e51aba3283bd4749593270aed9f1238,"OPENING, NEEDS_ANALYSIS, FEE_DISCUSSION, PRODUCT_PITCH",0.9,True,"Agent greets the customer, collects insurance and home ownership details, discusses current payments, and begins pitching a bundled policy."
7dd39391a6f940bdae757ea535db9075_transcript,home_service_inbound.zip,home_service_telecom,inbound,e43bf9cc4ff552362e5a7b528932b5564c4bd4781802ab643883aef73315aeb6,"OPENING, NEEDS_ANALYSIS, FEE_DISCUSSION",0.9,True,"Agent greets the customer, analyzes the issue with the gas stove, and discusses service call charges."
14a77c36e5524f50ae890c2b0ef63340_transcript,medicare_inbound.zip,medicare,inbound,9c3fa4099053ca07e64abbff813bf5edbfeec53781b57e74737c830a397a1f4d,"OPENING, NEEDS_ANALYSIS",0.8,True,Agent greets the caller and performs a needs analysis by verifying the order status and appointment requirements for glasses.
cbd41b34034b4009bc77f4f1110b5742_transcript,medicare_inbound.zip,medicare,inbound,30f43cc4a2b18c57440443b01cd21215c4cf3bfe99c32084b5f3ffb80e1216fe,"OPENING, NEEDS_ANALYSIS",0.8,True,Agent greets the caller and checks records to see if a lost pet was brought into the clinic.
3143555588_transcript,insurance_outbound.zip,insurance,outbound,22197f86e1633c0351b64f408bdb9b37c765005634b7cd8819b2e144a98811a7,"OPENING, PRODUCT_PITCH, FEE_DISCUSSION, DO_NOT_CALL_REQUEST, OBJECTION_HANDLING",0.95,True,"Agent pitches Medicare benefits and premiums, handles the customer's resistance, and the customer explicitly asks to stop receiving calls."
2802a721c4964e79923d013f43c204f1_transcript,home_ervice_inbound&telecom _outbound.zip,home_service_telecom,outbound,20cef025a85bdf0609672791e0a80c1dfc19608acc95ec87ecb5df9b2f022965,"OPENING, NEEDS_ANALYSIS",0.9,True,Contains a greeting and the agent gathers specific vehicle details and VIN for a service quote.
11f01f303f194bacaf58716bd86d8b4d_transcript,medicare_inbound.zip,medicare,inbound,dbca29cc1b3776884f04088bd564fa7bb4ea9f66a544fcc2b1e60b767d53d82f,"OPENING, NEEDS_ANALYSIS, PRODUCT_PITCH, FEE_DISCUSSION",0.95,True,"Includes greeting, checking availability/records, presenting different room options, and discussing specific prices."
2020-03-31-17-27-19_e0a4ed04-7374-11ea-a34a-0625ef3bb6b9_df7bb49e-7374-11ea-b58b-55f65262a4d1_transcript,auto_insurance_customer_service_inbound.zip,insurance,inbound,04bed677e2147e31f88deec161827c712e934537f857acddda99353363f9a0cd,"OPENING, NEEDS_ANALYSIS, FEE_DISCUSSION",0.9,True,"Greeting present, extensive data gathering for insurance eligibility, and inquiry about current insurance payments."
5dbf69a4b74e49ac8a945d8d28ed37c2_transcript,home_service_inbound.zip,home_service_telecom,inbound,b180b6b0756386663fa8688d4da6946baed7d55b25ac37addd5826cda11d1dc8,"OPENING, NEEDS_ANALYSIS",0.9,True,Greeting present and agent collects customer contact and location information to facilitate a service request.
2e9327709bab4f88b2de9a814487a729_transcript,medicare_inbound.zip,medicare,inbound,c05e1cb43b3f67b9df397eb63912a78c7a69ce27d3c5b39b106dc7d981baa880,"OPENING, NEEDS_ANALYSIS, PRODUCT_PITCH",0.85,True,"Greeting present, agent asks about the pet's condition, and reads a promotional script about clinic services."
3445022f9a554c0a9a6bb3f5cc229fb2_transcript,medicare_inbound.zip,medicare,inbound,932d425b25d2704dcdf133be930507bebe4470541067af3d0ca14297fe00c1eb,"OPENING, PRODUCT_PITCH, NEEDS_ANALYSIS",0.9,True,"Contains IVR greeting, a pitch for vision restoration services, and questions regarding the customer's current eyesight and use of glasses."
6263240794_transcript,insurance_outbound.zip,insurance,outbound,2b15663fc134c76731dded77a9c9a7194e768f97c128604afbb25712e9e54624,"OPENING, PRODUCT_PITCH, FEE_DISCUSSION, NEEDS_ANALYSIS",0.95,True,"Includes a greeting, a pitch for additional Medicare benefits, discussion of $0 premium, and verification of zip code and Medicare status."
e17f87d9ac7c4b7f96a8155af72380b2_transcript,home_ervice_inbound&telecom _outbound.zip,home_service_telecom,outbound,e44c161b91f2d5a6b9fdf69f0f9515e3b7b20af85ab9cd2a2632e5c013140708,"OPENING, NEEDS_ANALYSIS, ACTIVE_LISTENING",0.85,True,"Greeting is present, agent performs needs analysis by gathering contact and location details, and uses active listening to confirm information."
Clay_Blue_CPA_(2)_transcript,home_ervice_inbound&telecom _outbound.zip,home_service_telecom,outbound,0f42203995cfce9a4b7e5da463bf7efd934c606fe3f59686cb56315af24a25cd,"OPENING, NEEDS_ANALYSIS, PRODUCT_PITCH",0.9,True,"Contains a greeting, verification of current account services (needs analysis), and a pitch for a 2 gig fiber internet upgrade."
3b9bdfed1dbf4014acce5c54bc1d5b72_transcript,home_ervice_inbound&telecom _outbound.zip,home_service_telecom,outbound,56f6534b21895e37cf689fca6198b0bd78435130a8ce15fa3ea8b1a8680c8637,"OPENING, NEEDS_ANALYSIS, ACTIVE_LISTENING",0.85,True,"Includes a greeting, gathering of address and zip code for service (needs analysis), and active confirmation of customer details."
cec2ebe2813a48448105a2d4231cb974_transcript,home_service_inbound.zip,home_service_telecom,inbound,be1a963233328a83e67aa3abd0f67ae0c71248e2fc21d3f1c341f45b8489c1f9,"OPENING, NEEDS_ANALYSIS, WARM_LEAD",0.9,True,"Contains a greeting, extensive data collection regarding the customer's service needs and location, and the customer is cooperative."
2020-09-15-19-37-13_6e5ecf67-9cd4-4f67-a2ae-74591befd21c_v2IBGLDmA_Il5dyV0Sy6F4Xn7ZM3kDc-G5y2MIMiKVc1AZ3PIGAoUMMQ_transcript,auto_insurance_customer_service_inbound.zip,insurance,inbound,e5cdd8c93931f1d4c46ff8ed2773746a7bd8f419ce5b0537200eea0556c71add,"OPENING, PRODUCT_PITCH, NEEDS_ANALYSIS, FEE_DISCUSSION",0.95,True,"Includes greeting, a pitch to compare rates, verification of personal details, and a specific discussion about current payment amounts."
3043285372_transcript,insurance_outbound.zip,insurance,outbound,502619c1bd4e48b44cd45a2615c3990eb3da048db7b0bbcc5bde5281d6c25c86,"OPENING, PRODUCT_PITCH, NEEDS_ANALYSIS, WARM_LEAD",0.9,True,"Greeting present, agent pitches Medicare upgrades and money back, asks about insurance status, and customer responds positively."
2021-08-30-14-06-32_5b18098e-82ff-4ca4-9bbb-936a8eda86b9_RGB1A3637D6884E5E3EE2BCF1CB52ACE8531D6E2FF7F6PZ901_transcript,automotive_and_healthcare_insurance_inbound.zip,insurance,inbound,cb10fb1c93cd5ad44d02dafcfb608c32ed574e42dc32dc5f7205728756125341,"OPENING, PRODUCT_PITCH, NEEDS_ANALYSIS",0.95,True,"Greeting present, agent pitches Medicare benefit optimization, and asks detailed questions about current insurance and medical conditions."
332305100034699long_transcript,medicare_inbound.zip,medicare,inbound,13545b9704f6b5bb0b19461438392945e1f393d61ab3f50a763a2a3a9bde37c8,"OPENING, NEEDS_ANALYSIS, PASSIVE_AGREEMENT",0.8,True,"Greeting present, agent analyzes the customer's scheduling needs, and the customer agrees to the proposed appointment times."
9105927013_transcript,insurance_outbound.zip,insurance,outbound,68d4d495113bd7145a1f9dbee1655890097f5f0a1bdb260a8e9d162bf2cafce2,"OPENING, PRODUCT_PITCH, NEEDS_ANALYSIS, CURIOUS_EXPLORATION",0.9,True,"Contains greeting, pitch for Medicare benefits, qualifying questions about Part A/B, and customer inquiring about a Medicaid card."
3ce8324005aa463a97b2367e0963c1ae36745323_transcript,medicare_inbound.zip,medicare,inbound,1ae410b66c5ab27b3cb5b83a056cc8bfd0d11b9bf0aea81bf6c9b439f5cbacd9,"OPENING, PASSIVE_AGREEMENT",0.7,False,Contains opening greeting and customer agreeing to appointment details and location.
recording-public_1174_transcript,customer_service_general_inbound.zip,customer_service,inbound,e9f394922a0ae63ff017425308253648fbeb9c09801de0ef0d3e870f045d0652,"OPENING, NEEDS_ANALYSIS, FEE_DISCUSSION",0.95,True,"Contains greeting, agent asking about existing policies, and a discussion regarding the customer's fixed income and affordability."
5128769053_transcript,insurance_outbound.zip,insurance,outbound,c605b1338257f8c11d60edfd44a4010fd1053ed60f99160823d6fd733baeb37a,"OPENING, PRODUCT_PITCH, NEEDS_ANALYSIS, OBJECTION_HANDLING",0.9,True,"Contains greeting, Medicare benefit pitch, eligibility questions, and agent attempting to handle the customer's deflection regarding their daughter-in-law."
2020-10-06-22-20-17_ce2feb07-61b7-4fc5-beab-df5b30f453de_v29esogvelbaLm_g45th1PYuLu77eNsRXUPnsI3688j8dW2V1D36-v0w_transcript,auto_insurance_customer_service_inbound.zip,insurance,inbound,51b78e46cd328b09a5d7fc3dfe0656b114af444d45c57a99a65be403c73485ee,"OPENING, FEE_DISCUSSION, OBJECTION_HANDLING, NEEDS_ANALYSIS, SARCASTIC_MOCKERY",0.85,True,"Contains greeting, rate discussion, customer mocking the agent's role, agent handling the frustration, and requests for confirmation data."
2021-08-25-22-02-01_af30e11e-d7ef-4431-9667-647ac0b3af3d_v2MzNRo5F470WoPpf8GMT15Uiei-ROJHCxGGvT4TSiItHLO-sXND4JPw_-_Copy_transcript,automotive_and_healthcare_insurance_inbound.zip,insurance,inbound,25723f2bd18752532f41fed1d1b7a298a6630a92649fdcc90810c5a55c673545,"OPENING, NEEDS_ANALYSIS, PRODUCT_PITCH",0.9,True,"Contains greeting, agent asks for zip code and insurance status (needs analysis), and mentions Medicare benefits (pitch)."
5855df0e726c40a8b25c9e87c761fe8a_transcript,medicare_inbound.zip,medicare,inbound,251a48bd565e601c4797eea7b7dd6911dbe27c4617fdc8d8c3c25a27e571654e,"OPENING, NEEDS_ANALYSIS, PRODUCT_PITCH",0.9,True,"Greeting present, agent probes for medical history and previous treatment failures, then suggests available medical options."
3ad6e824b13c42389f046dd99eb7ce19_(1)_transcript,home_service_inbound.zip,home_service_telecom,inbound,b7240e50e3ba2382fd90f16ff2301900d11416a9411a5b59a48d4695b2eaddfd,"OPENING, CURIOUS_EXPLORATION",0.7,False,Greeting present; the caller is inquiring about the ownership of a van and discussing parking logistics.
edc9db9fcb73433db5e2610de3c35517_transcript,automotive_inbound.zip,automotive,inbound,d417fecf3de4fa8748ec5dc082d1d3e7bf9e1e8e7637068799994b783de51f40,"OPENING, FOLLOW_UP_EMAIL_REQUESTED, CURIOUS_EXPLORATION",0.9,True,"Greeting present, customer explicitly requests an email address for communication and asks about the effectiveness of emailing."
db67eabdac7c4c37a01f3b6ace795068_transcript,home_ervice_inbound&telecom _outbound.zip,home_service_telecom,outbound,68cdf1475c82b6a2b9d8ec8601f0cb5229fae50c9c16ce5f763777b733cb690f,"OPENING, NEEDS_ANALYSIS, PRODUCT_PITCH",0.9,True,"Greeting present, agent collects customer details and confirms the company can provide the specific battery installation service requested."
8ef631d7d2bd40aaa61d5781172ad62c_transcript,medicare_inbound.zip,medicare,inbound,084a93d79b7b40a03846b1c41214b374a459e4d3cd8e8d03cc253200b88acd1e,"OPENING, NEEDS_ANALYSIS",0.9,True,Contains the initial greeting and the agent gathering customer identification and the reason for the call.
6c0996fc7ee54620899296628df47980_transcript,home_service_inbound.zip,home_service_telecom,inbound,b3d4e58b69fd3488f9dca85bdeabd3f3fc0ae85c49f91ead40e74de5bf67f0b7,"OPENING, NEEDS_ANALYSIS, SOFT_REJECTION",0.85,True,"Includes greeting, analysis of the appliance issue, and a statement that the service cannot be provided."
9deb9dab0e564f7ab325a7a4ab821d98_transcript,automotive_inbound.zip,automotive,inbound,7401a4a7f69870aa2d5c8c3b933cc4107fa3751d153005c7cb78e5c4e62b05cf,"OPENING, CURIOUS_EXPLORATION",0.9,True,Contains the greeting and the customer inquiring about the availability of a specific vehicle.
6e3d652afe4f43e6a2236f45da51cfc7_transcript,medicare_inbound.zip,medicare,inbound,2c833bebfd597dc2efdc342cefff543a178a3f5af9f981e70debf39ac220d66a,"OPENING, NEEDS_ANALYSIS, CURIOUS_EXPLORATION",0.95,True,Greeting followed by the agent asking about the patient's condition and the customer inquiring about appointment dates.
2021-08-26-16-13-23_741fd219-f5c7-48cd-80ef-0596e7621b30_v2InTURwTlSHejCZxJcbdb7O8MKZDDVKvvFzxKlWUAkaNWQr6Ppx9JKw_-_Copy_transcript,automotive_and_healthcare_insurance_inbound.zip,insurance,inbound,7e6ff6f8cd2689aff3bcbddaaca0c07c83a25455cc94c2a6ee6176af30d2b124,"OPENING, PRODUCT_PITCH, NEEDS_ANALYSIS, OVERWHELMED_CONFUSION",0.9,True,"Greeting, mention of Medicare benefits, eligibility verification, and customer expressing difficulty understanding the agent."
9dd69dcb37a248e3ac151cd2a825c9c2_transcript,automotive_inbound.zip,automotive,inbound,242b9d9ab85316bdc7f251a09bbd2cb5f7b9e7e7ba058f99a61ad7cd42771ea5,"OPENING, NEEDS_ANALYSIS, MISUNDERSTANDING",0.9,True,"Contains a greeting, significant audio-related misunderstandings, and the agent asking about the vehicle type to determine service needs."
ab44330b723e4311a30988a4d122f56a_transcript,automotive_inbound.zip,automotive,inbound,dcb07b3440dffa0d7d2fac203bb02dff187aae50c8793b6277a3d8a3d7157e1a,"OPENING, NEEDS_ANALYSIS, FEE_DISCUSSION, WARM_LEAD",0.95,True,"Greeting present, agent identifies specific vehicle needs, discusses the price, and the customer is highly interested in scheduling a visit."
0c6a811f818842d7b1c81783f867cdef_transcript,medicare_inbound.zip,medicare,inbound,32e4c4d4c70e00881ac8d783dfcb117e0fc5edc53ff26170de2ae2f8d744a789,"OPENING, NEEDS_ANALYSIS, SUCCESSFUL_SALE",0.85,True,"Greeting present, agent analyzes location and medical needs, and successfully schedules an appointment (commitment)."
DMEMED_rmbpo11_20211110-085852_5406227500_4711422-all_transcript,medical_equipment_outbound.zip,medical_equipment,outbound,98abaa5f9f988cc640741b25512160674a2c97e7dd0166922dde9044ee094206,"OPENING, PRODUCT_PITCH, NEEDS_ANALYSIS, OBJECTION_HANDLING, FEE_DISCUSSION",0.95,True,"Outbound greeting, pitch for benefits, health screening, discussion of 'no cost', and agent addressing the customer's financial concerns."
59559ff1d7024d8b9a989ccfb95dd038_transcript,medicare_inbound.zip,medicare,inbound,c3b389b5f0ee70c19b6a80575967688c4b255ca7b127d5a5eadaa4b12bf70f3a,"OPENING, NEEDS_ANALYSIS, SUCCESSFUL_SALE",0.8,True,"Greeting present, agent confirms logistics and asks about additional services, and finalizes a reservation."
290a80063d084fdf9be8efad084d4ffa_transcript,home_service_inbound.zip,home_service_telecom,inbound,5790e43bebb4610a83e7c86c700f55eaa504a6b449bcd66c48cc92595654aba2,"OPENING, NEEDS_ANALYSIS, CURIOUS_EXPLORATION",0.9,True,"Contains a greeting, customer inquiring about a specific repair, and agent collecting customer details and service history."
6b5f05b949ad4468bcc5542fcaa7f3a6_transcript,automotive_and_healthcare_insurance_inbound.zip,insurance,inbound,efad583ac50ba45d39215ec9c72f456dd11488771e1f36f8317822fc095269f0,"OPENING, PRODUCT_PITCH, CURIOUS_EXPLORATION, WARM_LEAD",0.9,True,"Greeting present, agent describes specific vehicle features, and customer expresses strong intent to purchase/visit."
3212535822_transcript,insurance_outbound.zip,insurance,outbound,3e06227ca4934d929e57ab8b041b7dba52d6614b7b4c428bcb4d008ae58881c0,"OPENING, PRODUCT_PITCH, SUSPICIOUS_PROBING, OBJECTION_HANDLING",0.9,True,"Greeting present, agent pitches Medicare benefits, customer questions agent's knowledge of their identity, and agent attempts to reassure them."
2021-08-30-15-12-41_7461a411-e070-4f0d-b9e8-130820853f7c_RGB42E11291496796B99278C82ECC5D0B2462947C1BUAAPU01_transcript,automotive_and_healthcare_insurance_inbound.zip,insurance,inbound,3cb4cb87cf9a7c77efaccf2fa2e9ed70589ac0cd7bc4e62c2fb98e126ba2772f,"OPENING, PRODUCT_PITCH, NEEDS_ANALYSIS",0.9,True,"Greeting present, agent explains the service provided and asks detailed eligibility questions regarding Medicare status."
DMEMED_rmbpo05_20211115-135509_9709647610_4797228-all_transcript,medical_equipment_outbound.zip,medical_equipment,outbound,9176d79f9b2feda77c52d6d956b838c1df9c9cbe3297171e980e482d3dd2ff36,"OPENING, NEEDS_ANALYSIS, DEFENSIVE_POSTURE",0.8,True,"Greeting present, agent verifies medical and personal details, and customer shows hesitation/resistance when asked for a physical address."
ec14726c1c2f45a5a457ad3e576f61e436656574 (1)_transcript,medicare_inbound.zip,medicare,inbound,211766e3e360cb295f143ed7437c7a6135f756e2fe9b5126ada73702e77138e9,"OPENING, NEEDS_ANALYSIS",0.8,True,Contains a greeting and the agent asks if the caller is a client to identify the account.
9103713737_transcript,insurance_outbound.zip,insurance,outbound,19c337e7187b373fca7ef6c48dabcff1fccc77404307f3d875fe153c77c5ecfa,"OPENING, PRODUCT_PITCH, NEEDS_ANALYSIS, FEE_DISCUSSION, PASSIVE_AGREEMENT",0.95,True,"Agent greets, verifies Medicare status, pitches additional benefits, discusses no-cost premiums, and customer agrees."
DMEMED_rmbpo11_20211109-160832_4796432496_4608253-all_transcript,medical_equipment_outbound.zip,medical_equipment,outbound,efe9b308bffa51ac512e11301ee7e9f83ddf75673bf7ca1ae95634a8f1cda224,"OPENING, PRODUCT_PITCH, NEEDS_ANALYSIS, FEE_DISCUSSION, PASSIVE_AGREEMENT",0.95,True,"Greeting present, agent asks about medical conditions, pitches a free test, and customer agrees."
recording-public_1030_transcript,customer_service_general_inbound.zip,customer_service,inbound,32ab5a790c7cc7eae369fc980b126376c91dc2aa1d1cae9035c8fb0a458ad953,"OPENING, PRODUCT_PITCH, NEEDS_ANALYSIS, FEE_DISCUSSION, PASSIVE_AGREEMENT",0.95,True,"Greeting, agent asks about current policies, pitches carrier options, and mentions premiums and costs."
b7c5604ba1604e65b8e9bdd746e8ea1b_transcript,medicare_inbound.zip,medicare,inbound,a882e32e2c0987ff23e6c495f8b74a817e4111b1565543d43c62183d9434b52e,"OPENING, PRODUCT_PITCH",0.6,False,Automated greeting and a description of the clinic's services and locations.
7df078d7c55f4abaa765b71b28894da4_transcript,automotive_inbound.zip,automotive,inbound,03c683407d355cc3b4e6770131c243d2ff35e6d0d3f6e8665c2787b652ea4e9e,"OPENING, NEEDS_ANALYSIS, CURIOUS_EXPLORATION, ACTIVE_LISTENING",0.9,True,Agent greets the customer and performs a needs analysis by checking vehicle availability and warranty details based on the customer's specific inquiry.
2020-09-16-17-17-00_ae80fd02-b095-46ec-bc61-8c21a41cd93f_v2Zz0OrRKnie_cmahXVIR_90tlcE0_Grtcs-9xJFYZKMrTJH6B4_oz3w_transcript,auto_insurance_customer_service_inbound.zip,insurance,inbound,a73e5e646fe7e0b039a7f89a79fcbb175df60e7fd711d36bff70495826e2e452,"OPENING, NEEDS_ANALYSIS, SUDDEN_HANG_UP",0.95,True,The call starts with a greeting and basic information verification but ends abruptly when the user is kicked from the conference.
bbe05e3aa5104edd953f1dc0d718f2d7_(2)_transcript,home_service_inbound.zip,home_service_telecom,inbound,b94e3435cc7b4b9ecf03ed505dac251b7f1ae10f48d1808a4151e36ca06fea54,"OPENING, NEEDS_ANALYSIS, CURIOUS_EXPLORATION",0.85,True,Agent greets the customer and asks detailed questions about the vehicle's specifications to determine the correct windshield part.
b062b8ba07454ddd8baf4067f16cc97a_transcript,home_service_inbound.zip,home_service_telecom,inbound,2a53f67c551c7a804fedd4be87497779262d1b057116699364aef70d15fab598,"OPENING, NEEDS_ANALYSIS, CURIOUS_EXPLORATION, WARM_LEAD",0.9,True,"Customer explores privacy film options and provides full contact details enthusiastically, marking them as a warm lead for a specialist."
79751a635bb3494994495843514cdd85_transcript,home_ervice_inbound&telecom _outbound.zip,home_service_telecom,outbound,aecd7c91e40b7750fea3139acd515505fc0741288b1ad70d129cf3d7dac9e70a,"OPENING, FEE_DISCUSSION, NEEDS_ANALYSIS, PASSIVE_AGREEMENT",0.8,True,"Agent greets the customer, verifies account details, and discusses the use of a coupon to honor a specific price."
f63e5b8d10434264920457133b2edd3736379551_transcript,medicare_inbound.zip,medicare,inbound,dbeadef9e4989c521b3bfc270271f365c9ae0b7613172461631d23bf17e67f5e,"OPENING, NEEDS_ANALYSIS, PRODUCT_PITCH, FEE_DISCUSSION",0.9,True,"Contains greeting, analysis of dog's needs, presentation of suite options, and specific pricing for boarding services."
7242467066_transcript,insurance_outbound.zip,insurance,outbound,2b6ebc1fc3e73775fdb2014fae6d302c031d544425389a2a3d660a798e23608c,"OPENING, PRODUCT_PITCH, NEEDS_ANALYSIS, PASSIVE_AGREEMENT",0.95,True,"Includes greeting, pitch for Medicare benefits, verification of eligibility/details, and customer's consistent agreement."
9400a67981b44e778ff5160eee59bcbb_transcript,medicare_inbound.zip,medicare,inbound,b5dc08adaa289a9c90efa22086b0c4673312228814d5f7557876a811620bed49,"OPENING, NEEDS_ANALYSIS, SUCCESSFUL_SALE, CURIOUS_EXPLORATION",0.85,True,"Greeting present, agent identifies vaccine needs, appointment is successfully scheduled, and customer asks about additional services."
3523475714_P2_transcript,insurance_outbound.zip,insurance,outbound,088eb2a9b73ad70cb97ec567a2af3cce928e335f30594b38ce24da1af4f4e426,"OPENING, NEEDS_ANALYSIS, PRODUCT_PITCH, PASSIVE_AGREEMENT",0.9,True,"Greeting included, agent collects personal/insurance data for analysis, mentions potential savings, and customer agrees to the process."
2020-09-16-21-04-04_050704d1-0d90-4222-a75d-1a0ac2e566cc_v28jYeXqfSVfSudDCrNXd3B-tzxSg-3YgKFmsKQFp4z_6GJOlGUex-XQ_transcript,auto_insurance_customer_service_inbound.zip,insurance,inbound,6e3c5b18f664c91e05c6c96564605c0ba12e4e6c6f2b88264e04162626629ae7,"OPENING, NEEDS_ANALYSIS, CURIOUS_EXPLORATION, PASSIVE_AGREEMENT",0.8,True,"Greeting present, agent verifies identity and current provider, customer engages in off-topic conversation, and agrees to the call's purpose."
10736fb7ba35477fa0fb4ef836579b44_transcript,home_service_inbound.zip,home_service_telecom,inbound,65bf4de0384871e8972a8e42f8534ed072beef40aafe119191bd934d51100632,"OPENING, NEEDS_ANALYSIS, WARM_LEAD",0.9,True,"Contains a clear greeting, agent collects customer contact and service details, and the customer is actively seeking a quote."
DMEMED_rmbpo18_20211018-102420_4236398720_3890565-all_transcript,medical_equipment_outbound.zip,medical_equipment,outbound,efb7479da0ac063de6f0a8e05464f8414af6d26b79bd5d8e795bfd06e3e1c789,"NEEDS_ANALYSIS, PRODUCT_PITCH, PASSIVE_AGREEMENT",0.85,True,Agent verifies personal and medical details and pitches additional Medicare benefits while the customer provides passive confirmation.
a7a48c477ab04ba8bdedc5b772d641ae_transcript,medicare_inbound.zip,medicare,inbound,02105a28fa1a1adb22060b6b60b56960aaf42a33abad67753ce1ca736c0c36b5,"OPENING, NEEDS_ANALYSIS, FEE_DISCUSSION, SOFT_REJECTION",0.95,True,"Includes greeting, scheduling needs, a specific price quote, and the customer ultimately declining the service to use a friend."
2c172fa263fa4947939e9c01f13eca10_transcript,home_ervice_inbound&telecom _outbound.zip,home_service_telecom,outbound,ced62d1de9fa5fed6c0548d29a13b6a38b63850a59db22419b4d7fd8698bbf6a,"OPENING, NEEDS_ANALYSIS, PRODUCT_PITCH, SOFT_REJECTION",0.9,True,"Greeting present; agent analyzes the window issue and pitches replacement services, but the customer declines as it's not the specific process sought."
64b43b3d1b1e4764a36ded8c0d45a41a_transcript,automotive_inbound.zip,automotive,inbound,ffb06a6d685c0d1cebe19bf37f7615a6342f1eb1c48d712333dfa87d2637ac53,"OPENING, NEEDS_ANALYSIS, FEE_DISCUSSION, CURIOUS_EXPLORATION",0.9,True,"Greeting present; agent asks about credit and vehicle history, while customer discusses price range and zero-down options."
recording-public_569_transcript,customer_service_general_inbound.zip,customer_service,inbound,896f2342e66400ff7f3ffc4758ee37031d94ad2eadc6cda74e43178d6dfc73cb,"OPENING, PRODUCT_PITCH, NEEDS_ANALYSIS, FEE_DISCUSSION",0.95,True,"Contains greeting, pitch for final expense policy, health screening for eligibility, and mention of a specific price option."
304eb6c6b970455dbbf86e063e041855_transcript,medicare_inbound.zip,medicare,inbound,11d0469fbdc2faad0a48c9d1be1d23ae7428198b30e27546135f4c07e9a99043,"OPENING, PRODUCT_PITCH, NEEDS_ANALYSIS, FEE_DISCUSSION",0.9,True,"Greeting present, agent explains daycare services, asks about puppy age, and discusses pricing and a free first-day offer."
1ce8e45a98b947318ecb171acbaba401_transcript,medicare_inbound.zip,medicare,inbound,fdf2f09b860cfd8089bd2d7eec31d3aee4e6156b3928acdeae2160d54a375e4c,"OPENING, NEEDS_ANALYSIS, CURIOUS_EXPLORATION",0.85,True,"Greeting present, agent performs medical screening regarding heat cycles, and customer asks for clarification on symptoms."
DMEMED_rmbpo05_20220107-081828_4103425859_5032933-all_transcript,medical_equipment_outbound.zip,medical_equipment,outbound,16fe77a414b8adab78342f3a95fb46281b8452ec52510ef40fff5b3c1897a87d,"OPENING, PRODUCT_PITCH, NEEDS_ANALYSIS, SUCCESSFUL_SALE",0.95,True,"Greeting present, pitch for a free medical kit, health screening, and explicit customer agreement followed by data collection."
2020-09-17-15-55-44_69be8b37-e913-4eb0-b55c-a30af437b9ce_v2V7T9RY48nTImpEFDdDGPIp7RKA35Rk_ruCqIPOruzLKh6EkpKpuxwQ_transcript,auto_insurance_customer_service_inbound.zip,insurance,inbound,e61fc246b605a4dedf088e03cbaa3911981e415c18a320e10ab2aef0960c3dc4,"OPENING, NEEDS_ANALYSIS, FEE_DISCUSSION",0.9,True,"Greeting present, agent gathers current insurance provider details and asks about current monthly payments for a quote comparison."
2020-10-07-19-44-46_f8035dbd-a093-4614-992f-26b78d0d6699_v2Dc1z3ZdLhfdoobyouj2WXALz8Nb0bRxsRXMkjcBOt6eQdL11YdSzIQ_transcript,auto_insurance_customer_service_inbound.zip,insurance,inbound,bb2d6a623c3ad488578f049c4e9b86ac9f61c70ea77cc29a96dd0933f3e0fbc4,"OPENING, NEEDS_ANALYSIS, FEE_DISCUSSION",0.95,True,"Contains a greeting, verification of customer details, and a question regarding current insurance payments."
5bc9df06b5c6429ba793b24ef74b6aaa_transcript,home_ervice_inbound&telecom _outbound.zip,home_service_telecom,outbound,7fd709dc8304089846fdff72d905c1b38c6d5e8654a46d7b25107323c68518df,"OPENING, NEEDS_ANALYSIS, CURIOUS_EXPLORATION",0.85,True,Greeting is present; the customer is inquiring about a specific service for a cracked window.
48b1131b071346e9b3ab89b7b13e82a2_transcript,home_service_inbound.zip,home_service_telecom,inbound,6b78ea77905f95a1f4ba9ffb8c4c5b98b9104aea8afb2245cc5c1b0dc76bbfbf,"OPENING, NEEDS_ANALYSIS, PRODUCT_PITCH",0.9,True,"Greeting present, agent analyzes the specific part needed, and a recorded pitch for other services is played."
00febc350e484d04a5104264dfb9fca8_transcript,automotive_and_healthcare_insurance_inbound.zip,insurance,inbound,2c2ce2ff92a8a516871993d5712f590b191deadc85fa43ffb07340e9b2254845,"OPENING, NEEDS_ANALYSIS, FEE_DISCUSSION, OBJECTION_HANDLING",0.95,True,"Greeting present, agent analyzes car needs, discusses price/taxes, and handles the customer's lack of time."
2020-10-09-21-50-02_1a8dda9f-8b78-4589-b6e8-71a3c3ad86da_v2x3K7qsGsD8lIhmfbeZVMF0ZX9zCxUrqWZv2zR23rmc-0kjsAliOMnQ_transcript,auto_insurance_customer_service_inbound.zip,insurance,inbound,fa12eecf5d95670236db387c66be4fd846b05fbef804a875ca3a2106ee19aab3,"OPENING, NEEDS_ANALYSIS, FEE_DISCUSSION",0.95,True,"Greeting present, extensive needs analysis/verification, and a question about current insurance costs."
295a3a5ba7d04e03b6d871f205bdc43b_transcript,medicare_inbound.zip,medicare,inbound,2b4bce0018010707b4c3ad3bc3ae1ca426e374bea44c7fdbd3c9a5165b04bd39,"OPENING, NEEDS_ANALYSIS, CURIOUS_EXPLORATION",0.9,True,Contains a standard greeting and the agent collects patient information to address the customer's specific medical inquiry.
9185500dd35f4a00b0b740d065db60d7 (1)_transcript,home_service_inbound.zip,home_service_telecom,inbound,1184cd6d15c201a8b23294f238c02208979d54256f5dc28f15b3d5dc3d703763,"OPENING, PRODUCT_PITCH, FEE_DISCUSSION, NEEDS_ANALYSIS",0.95,True,"Includes a greeting, a pitch for estimation options, discussion of a site visit fee, and a request for measurements."
2020-06-19-13-39-05_f642b660-62fc-4e6c-bc47-c72dc9ada420_v2KymRkjq0-U1PgQpaP63zV7INuHGgq2y-e0q4EYPuBXT83kPgWbf6eA_transcript,auto_insurance_customer_service_inbound.zip,insurance,inbound,f56f5ed8e5f8b8cd983deaafcf3d225d7761a21486e7bbbc4f8f755e1e24e7d4,"OPENING, NEEDS_ANALYSIS, FEE_DISCUSSION, CURIOUS_EXPLORATION",0.9,True,"Features a greeting, agent gathering customer details for a quote, and discussion regarding lower insurance pricing."
2021-08-24-15-10-20_8cff0c63-4d74-4e45-bab2-74bd80ccddc1_v2OO8Ap1uNgc3w-JTzsOTwSrtB3a1A03eGZEmVIBjU8ZOpibflN91pwQ_-_Copy_transcript,automotive_and_healthcare_insurance_inbound.zip,insurance,inbound,d4b578f0b2bb917e7fdc6fd51743f357dcb85c60d3bc34a54456720c5e49fde1,"OPENING, PRODUCT_PITCH, NEEDS_ANALYSIS, FEE_DISCUSSION",0.95,True,"Contains a greeting, a pitch for Medicare benefit services, detailed eligibility questioning, and discussion of monthly premiums."
b6891a6cdb77476d85eb48fc2c9be8a4_transcript,automotive_inbound.zip,automotive,inbound,abbba6075fed8c0887210c8fc14d0945956d815d33b3670efbf1914238917e2f,"FEE_DISCUSSION, COMPETITOR_COMPARISON, CLOSING_NEGOTIATION, NEEDS_ANALYSIS",0.85,True,"Focuses on price negotiation, compares the vehicle to a competitor's offer, and discusses financing and final 'out the door' costs."
fdd38970ebbf46a09940996cd7306c69_transcript,home_ervice_inbound&telecom _outbound.zip,home_service_telecom,outbound,9209a2992d0060b62f965fab1e5c1dd19309f8a30b72a0acfaa1940bf7d45659,"OPENING, NEEDS_ANALYSIS, PASSIVE_AGREEMENT",0.8,True,Agent greets the customer and verifies location/contact details. Customer passively agrees to a callback after learning the area is no longer serviced.
07941a95162043caaa00cbc02dad7024_transcript,medicare_inbound.zip,medicare,inbound,9a35188af830185d80c79c3c88a3c2321b198768dbee231cbdddf8d8bec65d63,"OPENING, CURIOUS_EXPLORATION, FEE_DISCUSSION, NEEDS_ANALYSIS",0.9,True,"Customer inquires about doggy daycare services, asks about pricing, and agent explains the behavioral evaluation process."
3182818825_transcript,insurance_outbound.zip,insurance,outbound,1f3d96bd1cdfaaa8c7cebaabf2940aff579d9880766095442b3f5f33bb013491,"OPENING, PRODUCT_PITCH, ENTHUSIASTIC_AGREEMENT, NEEDS_ANALYSIS, FEE_DISCUSSION",0.95,True,Agent pitches Medicare benefits and no-cost upgrades; customer responds positively while agent verifies eligibility and residence.
733af3c51afd4a0290c70b71757bc99b_transcript,medicare_inbound.zip,medicare,inbound,adaab549cfe0ac45270ac5608ee01cfe02cab1f2a44cc9f51164096ae6f1ef3c,"OPENING, NEEDS_ANALYSIS",0.5,False,Transcript consists entirely of an IVR menu providing a greeting and directing users based on their needs.
2020-04-01-19-10-41_7bb35baa-744c-11ea-9852-0ab291527373_7a8d5744-744c-11ea-9c12-e9b4f10ab399_transcript,auto_insurance_customer_service_inbound.zip,insurance,inbound,701c8c77ce8206daeb10c528276399016cb4116289822a2453f0f98f33f4337d,"OPENING, OVERWHELMED_CONFUSION, NEEDS_ANALYSIS, SOFT_REJECTION",0.85,True,Agent greets customer who is confused about the call's purpose; customer denies looking for insurance rates when asked.
ff7193b060a348a5a5dd4b26a61ea0b0_transcript,medicare_inbound.zip,medicare,inbound,1fed64b31079609ecc80a543b6143756528d774f894469d5702689457ede1ec6,"OPENING, NEEDS_ANALYSIS, FEE_DISCUSSION",0.95,True,"Contains a greeting, agent collects patient demographics and insurance details, and mentions providing a cost estimate for charges."
c53d4171bf384cbd8499aab61ae5c290_transcript,medicare_inbound.zip,medicare,inbound,609b7d4ae22e386e5e63920e5c4fe56aa4974856c0de32c695979980884a8ed0,"OPENING, NEEDS_ANALYSIS, PASSIVE_AGREEMENT",0.9,True,"Includes a greeting, agent asks for account verification details to locate a lost item, and customer agrees to a hold."
recording-public_1197_transcript,customer_service_general_inbound.zip,customer_service,inbound,b88aed0c89d73f047d457537e38fdadbd653298883aa8e9ea7b83042a135828c,"OPENING, NEEDS_ANALYSIS, PRODUCT_PITCH",0.95,True,"Greeting is present, agent pitches their ability to find the best carrier options and asks about current coverage and health."
515a3ae80588467fb372e7f62e7785a5_transcript,home_service_inbound.zip,home_service_telecom,inbound,51cbd52b158c51748a9b3024645e0a62c2a61fa20ed6952e3a087157ad4ceff3,"OPENING, NEEDS_ANALYSIS, PASSIVE_AGREEMENT",0.9,True,"Greeting present, agent collects contact and location information to facilitate a transfer for a service estimate."
2020-09-17-17-28-08_97f76e60-2a78-4083-b268-500c5b1b57d8_v2YWOzfFouFelxL0KsZSSTH98S3tEyZAJU8ExzH26pvU_BK8F6AVG09A_transcript,auto_insurance_customer_service_inbound.zip,insurance,inbound,aa90bef469cc479109c6d7e3b956c8aa9cbb918358f39d6d359adf509101d563,"OPENING, NEEDS_ANALYSIS, FEE_DISCUSSION",0.95,True,"Greeting present, agent verifies current provider and military status, and specifically asks about the customer's current insurance payment amount."
recording-public_1008_transcript,customer_service_general_inbound.zip,customer_service,inbound,bf864cb4e6ecc5afb1729723f6012b8f5c7d3dffa84f3d8927ab8bd125a5633b,"OPENING, NEEDS_ANALYSIS, PRODUCT_PITCH, FEE_DISCUSSION",0.95,True,"Contains greeting, detailed questioning about health/coverage needs, presentation of insurance options, and specific pricing/budget discussions."
3bdf25763afa460f90622240e6cd721d_transcript,home_service_inbound.zip,home_service_telecom,inbound,d951dde349ef089e57eccf3c202d0f6721a0f2b26a1c71976b4f37cdd684be9c,"OPENING, NEEDS_ANALYSIS",0.9,True,Includes the call greeting and the agent gathering customer details and problem descriptions to assess the plumbing issue.
97c3bc653b0146678a795dcf617cd48d_transcript,home_ervice_inbound&telecom _outbound.zip,home_service_telecom,outbound,ad31a3b8d7a6d0c8eee4f9b22d2e395f1177f30b108e3309f3ba061b3bfd4c7c,"OPENING, NEEDS_ANALYSIS, CURIOUS_EXPLORATION",0.85,True,"Greeting is present; agent asks specific questions about table dimensions and use, while the customer explores available glass colors."
6037523449_transcript,insurance_outbound.zip,insurance,outbound,fce346a08ba95c77bd48888ac29ae71c89b3fe713d603497c88b51dd5419d6d1,"OPENING, PRODUCT_PITCH, NEEDS_ANALYSIS",0.9,True,"Greeting is present, agent mentions eligibility for benefits (pitch), and verifies personal and Medicare details (needs analysis)."
a5e99186fb514da9b11196b452325bda_transcript,automotive_inbound.zip,automotive,inbound,941ee072d1c04ac47f6ac5ed1bb552e1f382e5c87f1b5298c98a33c602340017,"OPENING, PRODUCT_PITCH, SUCCESSFUL_SALE",0.95,True,"Greeting is present, agent offers a specific appointment time (pitch), and the customer explicitly commits to the booking."
33a058867a424d3b90b838b5141bd6f8_transcript,home_service_inbound.zip,home_service_telecom,inbound,7191a45629f0139a3d185df91d03e6ed52ac76e9bfc865c78f79b42426c7d340,"OPENING, NEEDS_ANALYSIS, CURIOUS_EXPLORATION",0.9,True,Contains a greeting and the agent asks specific questions about the window type to determine the required service.
775481f61a2245268619988d252fddac36311921_transcript,medicare_inbound.zip,medicare,inbound,795a988b0ac04cc1de1c94ea29db8a72770328297f8f0f7a4c592f089fcd0dc1,"OPENING, NEEDS_ANALYSIS, PRODUCT_PITCH, CURIOUS_EXPLORATION",0.9,True,Greeting present; agent analyzes boarding needs and pitches various room tiers and enrichment packages.
0efbc7590ef64d9f8d36dcd65fe4c1ae_transcript,medicare_inbound.zip,medicare,inbound,d63f3095c7ddbb8e6daab490be49529a41faaf63aa84c98eeb3716440b18dc88,"OPENING, NEEDS_ANALYSIS, PASSIVE_AGREEMENT",0.9,True,Greeting present; agent asks about the dog's health and the customer agrees to the offered appointment time.
recording-public_878_transcript,customer_service_general_inbound.zip,customer_service,inbound,70c26d7eedd471e9a299654e1bd2bec8b873f9af15be045b2a580df28035c977,"OPENING, PRODUCT_PITCH, FEE_DISCUSSION, SOFT_REJECTION, OBJECTION_HANDLING",0.95,True,"Greeting present; agent pitches insurance with specific costs, customer rejects due to budget, and agent attempts to adjust the offer."
6544b4090f094fb8aa3d9b1e7a2198b8_transcript,automotive_inbound.zip,automotive,inbound,1561b6d9031cd8a1beb18eefe3ba2e2206a7b9a1ad4cdf2c2afab47887fd84eb,"OPENING, CURIOUS_EXPLORATION, NEEDS_ANALYSIS",0.85,True,Greeting present; customer inquires about repair status and agent asks for account details to locate the vehicle.
7242533518_transcript,insurance_outbound.zip,insurance,outbound,cec8c220cb79a704795fd41066b8c3a8462071aacaa5cf0ec43b2405d7b84970,"OPENING, PRODUCT_PITCH, FEE_DISCUSSION, NEEDS_ANALYSIS",0.95,True,"Contains greeting, a pitch for Medicare upgrades, mentions of zero additional cost, and eligibility verification questions."
9898421587_transcript,insurance_outbound.zip,insurance,outbound,5fb278f77718012b3ee6c74fe98963255b662441b1dd478c1a049b9509b2c162,"OPENING, PRODUCT_PITCH, FEE_DISCUSSION, CURIOUS_EXPLORATION",0.95,True,"Includes greeting, Medicare benefits pitch, discussion of no-cost premiums, and customer inquiring about the timeline."
3b6483041fdf427a924a1d21de897e71_transcript,home_service_inbound.zip,home_service_telecom,inbound,118880b7732742bccb150f3cc0feb8180b18bb4617e4a5e1bbd73c464b5ad376,"OPENING, NEEDS_ANALYSIS, SOFT_REJECTION",0.9,True,"Greeting present, agent attempts to qualify interest in franchise ownership, and customer rejects that specific goal."
8143224696_transcript,insurance_outbound.zip,insurance,outbound,ecf1149067ba5a69969f2da049c1561dcbfce0c0d1106a6318c4ef969abdf1b5,"OPENING, PRODUCT_PITCH, FEE_DISCUSSION, NEEDS_ANALYSIS, APATHETIC_RESPONSE",0.95,True,"Greeting, Medicare pitch with money-back mentions, eligibility checks, and customer responding with 'I don't know'."
c49c30eb855a48349bb9fdcd9518cf1b_transcript,home_ervice_inbound&telecom _outbound.zip,home_service_telecom,outbound,2cc0b16600f89e288bddc4f0fd4e1dd55525601a64f5e40ef6feab7b6247b6cf,"OPENING, NEEDS_ANALYSIS",0.85,True,Greeting is present and the agent collects personal information to process a service request.
9786831540_transcript,insurance_outbound.zip,insurance,outbound,666e6981225bd94828331270371714d444cdc50f5bb4aef69345aeb80f072560,"OPENING, PRODUCT_PITCH, NEEDS_ANALYSIS, FEE_DISCUSSION",0.95,True,"Contains a greeting, a pitch for Medicare benefits, eligibility verification, and discussion of premiums and co-payments."
5a9ba991f48f445689717e0e9a10625a_transcript,automotive_and_healthcare_insurance_inbound.zip,insurance,inbound,660ba321d8e5656f5aecb31c26bc80bd910b8c0bce4298d3bb81b6bd5e3811af,"OPENING, CURIOUS_EXPLORATION, FEE_DISCUSSION, PRODUCT_PITCH",0.9,True,Greeting present; customer explores vehicle details and price; agent pitches the vehicle's availability and condition.
2021-08-25-21-41-08_02a10f10-7c6c-4be6-87c2-131b1b91f846_v2w8Ywhzlam6IAXoXlvSjyn7GrZSferJWR7tqiPJ3mE5NPy72cW6v6mg_transcript,automotive_and_healthcare_insurance_inbound.zip,insurance,inbound,7ef584c8f5a8619594a549cafc2c6f159f97c2b0861c6cc34c257efddc0d89b3,"OPENING, PRODUCT_PITCH, NEEDS_ANALYSIS, FEE_DISCUSSION",0.95,True,"Greeting present; agent pitches Medicare review service, asks about current coverage/zip code, and discusses copays."
efb3c3ba463a4808988f5ec978d67fed36379490_transcript,medicare_inbound.zip,medicare,inbound,1d679cc89b0110c0e020745f51a4115284d0f0b858382cb2ec6a8c86a5365b5b,"OPENING, PASSIVE_AGREEMENT",0.8,False,Greeting present; the call is a service update regarding a pet with the customer agreeing to the information provided.
8128537856_P1_transcript,insurance_outbound.zip,insurance,outbound,efd8724492706f3d9b01f08fd246f4d1b0f503de89b2049d4876d169aeb9d2c0,"OPENING, PRODUCT_PITCH, FEE_DISCUSSION, NEEDS_ANALYSIS",0.95,True,"Greeting present; agent pitches Medicare upgrades, mentions no-cost benefits, and verifies eligibility and decision-making authority."
recording-public_592_transcript,customer_service_general_inbound.zip,customer_service,inbound,ab232e9b28dbab61f022be9b4e42acd6ba7a0d9cabb7a14cfe10507c050d790e,"OPENING, PRODUCT_PITCH, NEEDS_ANALYSIS, FEE_DISCUSSION",0.95,True,"Contains greeting, a specific coverage plan offer, detailed health/eligibility questioning, and discussion of current monthly premiums."
443f1dfa735e4bb0bdd0e5024f57b733_transcript,home_service_inbound.zip,home_service_telecom,inbound,cf38a86c3abf76388ce7769ea41a2ac56359f997ebe716853166a975742266dd,"OPENING, FEE_DISCUSSION, CURIOUS_EXPLORATION, NEEDS_ANALYSIS",0.85,True,"Greeting present, discussion regarding an existing quote, and clarification of the specific window type needed."
5e46913fd4b243f0a16e9795aacd3961_transcript,home_ervice_inbound&telecom _outbound.zip,home_service_telecom,outbound,45294f960e249b588034f07455bafe615182517470621f6ad1d82b71d5f3a92d,"OPENING, PRODUCT_PITCH, HARD_REJECTION, NEEDS_ANALYSIS",0.8,True,Greeting and IVR pitch included. Customer asks about a service the agent explicitly states they do not provide.
2020-10-01-19-30-04_8de93100-156e-48b7-877d-5b0ebeab38c9_v2Mmrmy67-UC3CdqVztEaqyESUVuCEN81zT5ndFhNrganJ531lQK8NTg_transcript,auto_insurance_customer_service_inbound.zip,insurance,inbound,a020845414f843550ac1565133f20503ee35739043c162c1e343d7a21096da58,"OPENING, NEEDS_ANALYSIS, DEFENSIVE_POSTURE, FEE_DISCUSSION",0.9,True,"Greeting, extensive data gathering for insurance quotes, and customer showing irritation/defensiveness regarding the process."
657b0b63a6d147afb952d864aa4c1101_transcript,home_ervice_inbound&telecom _outbound.zip,home_service_telecom,outbound,43469e9fe418d131795e09628563f86bba8cd9936b257e8a06653966685f695b,"OPENING, PRODUCT_PITCH, NEEDS_ANALYSIS, SOFT_REJECTION",0.8,True,"Greeting and IVR pitch present. Agent asks about the window frame but cannot fulfill the request immediately, offering a callback."
2020-09-16-16-18-59_e4372f6b-af6b-428f-a700-2d53837a7194_v2cTOfybmGiWCNJQib6QFO50ZjzUo20r7HzQYFWY-Xfz9vYhvS_Sxwpw_transcript,auto_insurance_customer_service_inbound.zip,insurance,inbound,773e2d73468693ed4ab02d7615e90fb3255670a08e3af81bf79fce908aa8c5ea,"OPENING, NEEDS_ANALYSIS, PRODUCT_PITCH, SOFT_REJECTION",0.95,True,"Agent opens the call, gathers customer data, pitches a bundling offer, and the customer declines politely."
ce9b0df9f6ba4480958fbf02332cc2ee_transcript,home_service_inbound.zip,home_service_telecom,inbound,8fefa350ae13b2cabfbc1ad0a58bcc8750c20377792b17501b02faf26fcdfcfb,"OPENING, PRODUCT_PITCH, NEEDS_ANALYSIS",0.85,True,"Contains a greeting, an automated pitch for glass services, and the agent asking for the customer's name."
4b56f375716f4a5bafe262f28e4100a2_transcript,automotive_and_healthcare_insurance_inbound.zip,insurance,inbound,e09d0b8eb3c8d8f806be46d0db21f74ea25e950e76c614d6f497f4c86718ee4a,"OPENING, NEEDS_ANALYSIS, PRODUCT_PITCH",0.8,True,"Greeting is present, agent asks for location and VIN for analysis, and hold music contains a product pitch."
e0238715d69240f9ad2829e0ff1a92ba_transcript,automotive_inbound.zip,automotive,inbound,b766dce8df515332ea37d3b8a1849f45e45fae08871bdffb91cc3408c373ed65,"OPENING, PRODUCT_PITCH, NEEDS_ANALYSIS, STALLING_FOR_TIME",0.8,True,"Greeting and hold-message pitch are present; agent asks for identity, and customer says they need to gather info first."
332305150005292long_transcript,medicare_inbound.zip,medicare,inbound,afdb8a1bf9beb0dd45ede61c245f5b349e51f898a2a170ad14536963bb5510fa,"OPENING, NEEDS_ANALYSIS, PASSIVE_AGREEMENT",0.9,True,"Agent opens the call, asks for the daughter's name to find the appointment, and the customer agrees to a new time."
recording-public_1014_transcript,customer_service_general_inbound.zip,customer_service,inbound,cb308ca94a006526eeccbb81fe67e70e3b2dd652c03cda370bf3614279a4b71c,"OPENING, NEEDS_ANALYSIS, PRODUCT_PITCH, FEE_DISCUSSION",0.95,True,"Contains greeting, health screening questions for eligibility, and presentation of specific insurance plan costs."
89d04e1dfead4e99b7fde802805a9585_transcript,home_ervice_inbound&telecom _outbound.zip,home_service_telecom,outbound,49d347b93ef116f1ce5fe0d821d8f898b6bc1852cd8ea062096050ea41bb4fe2,"OPENING, NEEDS_ANALYSIS, CURIOUS_EXPLORATION, WARM_LEAD",0.85,True,"Greeting present, agent asks about insurance, customer explores availability, and shows clear intent to use the service."
2020-09-16-23-00-01_a6cd2a1a-bbcc-4322-8264-35f566691316_v2UDaktTEeiI4V6GMXjZxrnOUYbo9IrOsfidSyT3k9Hx4SCL4vN1y-iQ_transcript,auto_insurance_customer_service_inbound.zip,insurance,inbound,9f7678739ed4301a3c38d51058fd1e454618da6c69f97067b0dad5aafdb9aa5e,"OPENING, NEEDS_ANALYSIS, FEE_DISCUSSION, PRODUCT_PITCH",0.9,True,"Greeting present, agent analyzes current provider and costs, and begins presenting rate comparisons."
f0215515a6974aafbd3c3a64abd3512a_transcript,automotive_inbound.zip,automotive,inbound,89f8e4203172f1798de3bca1f4ed69ffadb129b79d1173f131b907ab8d1fb783,"OPENING, CURIOUS_EXPLORATION, PRODUCT_PITCH, WARM_LEAD",0.9,True,"Greeting present, customer inquires about specific car models, and agent pitches available inventory and features."
ea987b5125c048cb945110db6f14dd54 (1)_transcript,home_service_inbound.zip,home_service_telecom,inbound,73e42196101f755423c53aa77b3b3739af68087c65440c50e6f7d0c982b2f2d2,"OPENING, CURIOUS_EXPLORATION, SUCCESSFUL_SALE, WARM_LEAD",0.8,True,"Greeting present, customer asks about quotes, and the call ends with a successful appointment commitment."
983c1c8e635044c7b92d98f2aa2acb7d36982526_transcript,medicare_inbound.zip,medicare,inbound,e1d0af3cd372b03494a8784b3838732a74526a3e1c5d64f67ccd6c6d63fbfe3d,"OPENING, NEEDS_ANALYSIS, SOFT_REJECTION",0.9,True,"Contains a greeting, a query about services (needs analysis), and a polite refusal of service (soft rejection)."
929646ec83cb40f29dca6bffdcbb55b9_transcript,automotive_inbound.zip,automotive,inbound,ff88a75ef5ad6b91ce09d9646e4c0d46ebca988af18988dd798f4857f523e115,"OPENING, NEEDS_ANALYSIS, SOFT_REJECTION, FEE_DISCUSSION",0.85,True,"Includes greeting, agent verifying vehicle details (needs analysis), informing the customer the car is sold (soft rejection), and discussion of vehicle value/money."
d4b2d1f9da4447f6b2bffe89ea1e994c_transcript,home_service_inbound.zip,home_service_telecom,inbound,524e9a5f1506ee596a474c218acb8d971786f314dad9b785805336ec3867e1da,"OPENING, NEEDS_ANALYSIS, PRODUCT_PITCH, FEE_DISCUSSION",0.9,True,"Greeting present, customer describes the problem (needs analysis), agent offers removal service (product pitch) and specifies the cost (fee discussion)."
1b81755f9aca4043a8229a13072a1c70_transcript,automotive_inbound.zip,automotive,inbound,b7f8f875920be8749a612bc0f3ca839116f2c090c371886ec27b98ec331dbcec,"OPENING, PRODUCT_PITCH, NEEDS_ANALYSIS",0.8,True,"Greeting present, IVR actively pitches the new Accord (product pitch), and customer explains a technical issue (needs analysis)."
2fcdccf475fb46f2ae570a1c4e312407_transcript,medicare_inbound.zip,medicare,inbound,d55dd44d987d414e3f67432464069005b9fc730435c880ac93460fd3779d458f,"OPENING, NEEDS_ANALYSIS, PRODUCT_PITCH, FEE_DISCUSSION",0.9,True,"Greeting present, discussion of health requirements (needs analysis), offer to book an appointment (product pitch), and mention of exam fees (fee discussion)."
119c4a7992994d5ba0576bb364918bea_transcript,medicare_inbound.zip,medicare,inbound,77251bca88fe189527095080af9f28631f6ebfe4a41b32ee83a36e1861b21576,"OPENING, NEEDS_ANALYSIS, CURIOUS_EXPLORATION",0.9,True,"Contains a greeting, agent asks for patient details, and customer explores availability for appointments and coverage."
9149631718_transcript,insurance_outbound.zip,insurance,outbound,2600e340ba3deb0f18eaf1d5b79a601100e4920fc635f5bd3d06f3bdb87aa5f9,"OPENING, PRODUCT_PITCH, NEEDS_ANALYSIS, ENTHUSIASTIC_AGREEMENT",0.95,True,"Greeting present, agent pitches Medicare upgrades, asks eligibility questions, and customer responds very positively."
2021-08-30-19-15-20_6b8a998b-76b3-432b-9af0-c228e88b4295_RGB55127B1E880CC46D6D13C7F73E98470033172AE4NF_DP01_transcript,automotive_and_healthcare_insurance_inbound.zip,insurance,inbound,10085987b899a75324ef3dd3b143b0429028da23f34a2eca782ff24a751ed497,"OPENING, PRODUCT_PITCH, NEEDS_ANALYSIS, PASSIVE_AGREEMENT",0.9,True,"Greeting present, agent explains Medicare benefit services and verifies eligibility details with a cooperative customer."
2020-09-17-17-00-41_dcc6d9c6-a55a-463b-9a87-c0803e7c1ca6_v2iOuxLdPK6uzh9yXvvRe6UhEk9oZj9xmmzzetHHn9GTBx-ou72SNPbQ_transcript,auto_insurance_customer_service_inbound.zip,insurance,inbound,a06c7d6676cc328d59b13de140c430e1b107b3f87a3114a370b2f67c85ac1f41,"OPENING, NEEDS_ANALYSIS, CURIOUS_EXPLORATION, MISUNDERSTANDING",0.85,True,"Greeting present, agent asks about military status, customer expresses curiosity, and there is confusion regarding 'shirts'."
2020-10-05-20-23-44_db5deb38-bdc9-4a32-b88d-88614d81acfb_v2WWei-dGseTI38w2UyJZTYyD86RCggOb7BgNiUeW-FgsyOHWKsZjTYQ_transcript,auto_insurance_customer_service_inbound.zip,insurance,inbound,c99222e6ccc3c906e568c905070ac7cbb8885688c5ca2c71927fba05a9f2e17c,"OPENING, NEEDS_ANALYSIS, FEE_DISCUSSION, PASSIVE_AGREEMENT",0.95,True,"Greeting present, agent collects detailed insurance profile and asks about current payment amounts."
0aa891dd966141b1a3aeb070d6edd641_transcript,automotive_and_healthcare_insurance_inbound.zip,insurance,inbound,2052abf2562368cfadb5d02c9a3c6f10e96cbb35a53127f75f143bf9e7f0baf5,"OPENING, PRODUCT_PITCH, FEE_DISCUSSION, NEEDS_ANALYSIS, OBJECTION_HANDLING",0.9,True,"Contains greeting, specific lease offer with pricing, discussion of mileage needs, and agent adjusting the offer to meet customer requirements."
4030cbe0ee9f4606a3428da433581238 (2)_transcript,home_service_inbound.zip,home_service_telecom,inbound,11b3ed72da48d2e9d02cdb5f3b1dc2bbbc27397fb9c11ff874ecbe0aba58cfd7,"OPENING, NEEDS_ANALYSIS, FEE_DISCUSSION, SOFT_REJECTION",0.85,True,Greeting present; agent gathers window details; customer asks for labor costs and rejects the offer of an on-site visit.
95690cbc61634a74a374d318367430b2_transcript,medicare_inbound.zip,medicare,inbound,48f283abb63d4a31c21c7cea2c2bee1170dd7533e8d3ae93cb39e0c6603f9c97,"OPENING, NEEDS_ANALYSIS, FEE_DISCUSSION",0.8,True,Greeting present; agent verifies identity and medical history; customer discusses the high cost of combined procedures.
e0fa2d5e50d949acb65e458f7ff026be36958535_transcript,medicare_inbound.zip,medicare,inbound,f8cbf99c87a983f33e9b691418dc95349c5b98f92281480efa943748ecaec4b3,"OPENING, NEEDS_ANALYSIS, PASSIVE_AGREEMENT",0.7,True,Greeting present; agent asks for identifying information; customer passively accepts the update regarding medication availability.
206133c0a58341c39264c756a4672a78_transcript,medicare_inbound.zip,medicare,inbound,2a5988c973c43b3996a26b973919556ccc5aa49e9fa3f0973bbf6e663b78b272,"OPENING, NEEDS_ANALYSIS, PRODUCT_PITCH, ENTHUSIASTIC_AGREEMENT",0.9,True,"Greeting present; agent analyzes patient needs and offers a specific appointment slot, which the customer accepts enthusiastically."
41a4b539c1e14999a3d08a3bf189eb43_transcript,medicare_inbound.zip,medicare,inbound,071cbe7d0c8c38118eb9f7a4d512fef120c2a60806394fbb71fd5aa9df1197fb,"OPENING, NEEDS_ANALYSIS, FEE_DISCUSSION",0.8,True,"Contains a greeting, agent asks about the customer's situation with emergency clinics, and discusses a refund."
7603440617_transcript,insurance_outbound.zip,insurance,outbound,75e67c64215fdb3304b0b3a39ebde5bb2ea6e52fd98a34d197ad036ad939bc71,"OPENING, PRODUCT_PITCH, FEE_DISCUSSION, NEEDS_ANALYSIS, PASSIVE_AGREEMENT",0.95,True,"Agent pitches Medicare upgrades, discusses costs/premiums, verifies eligibility/details, and customer agrees passively."
5c74602c1c9248a59c1f5a4f4f6492a1_transcript,home_service_inbound.zip,home_service_telecom,inbound,d6c3d4dd524be7e6c359290b55bc08e65ff1b560a25c81aa4a8dd87807b7bc24,"OPENING, NEEDS_ANALYSIS, FEE_DISCUSSION, CURIOUS_EXPLORATION",0.9,True,Greeting present; agent analyzes window needs; customer asks about pricing and options for repair.
f766457149eb4b83aa602dc0c806d7b2_transcript,home_service_inbound.zip,home_service_telecom,inbound,1cd14d881d4eb97b6d72bcfc8c3c1075d392203827cf735f5b7f06cc1c8cc14e,"OPENING, NEEDS_ANALYSIS, CURIOUS_EXPLORATION",0.9,True,Greeting present; agent gathers detailed information about the commercial building and roof type for a quote.
18aed65b8be04800b2517dfc427bbc98_transcript,home_service_inbound.zip,home_service_telecom,inbound,57b8109a8d9a3f8c88839ba84464cc0d3b4979ac8c05b168044e45b4b94b62e8,"OPENING, NEEDS_ANALYSIS, CURIOUS_EXPLORATION",0.85,True,Greeting present; agent collects contact and location details; customer explores specific glass finish requirements.
64c669aee1714ffa8013b9887624cdde_transcript,automotive_inbound.zip,automotive,inbound,f2071c790e78628d46bf1ffbf3ce1228c46b3099b8df6aef66ef49afd7093176,"OPENING, PRODUCT_PITCH, NEEDS_ANALYSIS, WARM_LEAD",0.9,True,"Contains greeting, mention of vehicle availability, discussion of customer's current car and needs, and explicit expression of high interest."
2020-05-18-20-45-57_e32e681f-9cad-4d7d-8373-b1f7f2722a9a_v20B8-LRyt9FpUSeM_duiuboHAGN-t5O07L3Yi697rmh5bUhAQI8kWDQ_transcript,auto_insurance_customer_service_inbound.zip,insurance,inbound,a412b10c376cda4c80867abb5e7d145583556fd9559c6f51e3d085b4770204ad,"OPENING, NEEDS_ANALYSIS, ACTIVE_LISTENING",0.85,True,Includes greeting and a detailed verification process to determine eligibility and insurance history.
033f7aa34f15439ab64dacd273ed0de6_transcript,medicare_inbound.zip,medicare,inbound,71a628a66cde29383cb3866bcf9daa772079acf440519787edcad6f041256a5a,"OPENING, NEEDS_ANALYSIS, PRODUCT_PITCH, CURIOUS_EXPLORATION",0.8,True,"Greeting present, agent asks about dog count and vaccines, pitches available suite types, and customer explores requirements."
7573049321_transcript,insurance_outbound.zip,insurance,outbound,62b6b7a372d9f781b83016dc9c6283f9a28d25bcf02fac4fccc17b48765bd6d9,"OPENING, PRODUCT_PITCH, NEEDS_ANALYSIS, PASSIVE_AGREEMENT",0.9,True,"Greeting present, agent pitches Medicare benefits, asks about current coverage/zip code, and customer agrees passively."
609bf87ee30f499197c85db6b407e408_transcript,home_service_inbound.zip,home_service_telecom,inbound,cd410fd7a2ca398a401c824af27e22e1131899707ca7b893f2ad69fc2b7c5f6e,"OPENING, FEE_DISCUSSION, NEEDS_ANALYSIS, CURIOUS_EXPLORATION",0.85,True,"Greeting present, customer asks about replacement costs, agent analyzes the specific glass needs and gathers contact info."
8b1a1e71-dbd9-4827-8f86-f73f11aa6830_transcript,medicare_inbound.zip,medicare,inbound,d01439d84101c95aedfc734920b27f6a7a49ac69c3556662bb63f87abc388910,"OPENING, NEEDS_ANALYSIS, PRODUCT_PITCH, FEE_DISCUSSION",0.95,True,"Contains a greeting, agent asking about puppy needs, presenting boarding packages, and discussing specific nightly rates."
2020-04-01-15-25-16_fe31b22c-742c-11ea-9bca-0acf620237ff_fcedf9d4-742c-11ea-9c28-b558193bb24c_transcript,auto_insurance_customer_service_inbound.zip,insurance,inbound,7f2772d2e417ce644c64a5133378ca0da490c4ea254825b833ae9139702c3117,"OPENING, NEEDS_ANALYSIS, PRODUCT_PITCH",0.8,True,IVR opening that explains the data collection process for quotes and mentions offering additional insurance policy options.
4237271649_transcript,insurance_outbound.zip,insurance,outbound,f73a93a29b3148c92ba65e6ca4ea1fed8bd5dcffb64828161d0e1f7fb3b84119,"OPENING, PRODUCT_PITCH, NEEDS_ANALYSIS, MISUNDERSTANDING",0.9,True,"Greeting present, pitch for Medicare benefits, verification of eligibility/details, and clear communication failure regarding the agent's accent."
9cdd56ad6b6d4f3c943301ef313a88c4_transcript,medicare_inbound.zip,medicare,inbound,ee36ae3241d499e506fb8cd8a0f20fa784b0989d6a529a2abc401d1f4c2884b7,"OPENING, NEEDS_ANALYSIS, SUCCESSFUL_SALE",0.9,True,"Greeting included, agent analyzes appointment needs and patient history, and successfully schedules the appointment."
3a8358055cd94f3aa028e1dea41427dd_transcript,automotive_inbound.zip,automotive,inbound,fcfb20465ae38b6eb6b88858022392673d16bc2ae2d30f100d8cdf86f090ed7f,"OPENING, PRODUCT_PITCH, NEEDS_ANALYSIS",0.85,True,"Greeting present, IVR pitch for high-quality parts, and agent asking for vehicle details to schedule maintenance."
a196d83857184021b63c7977b479b5f7_transcript,medicare_inbound.zip,medicare,inbound,34fd7e50a064a8df70fe95735a9ab510446ca94443d659387f8e2fe1de39f025,"OPENING, NEEDS_ANALYSIS, FEE_DISCUSSION, CURIOUS_EXPLORATION",0.9,True,"Contains a greeting, inquiry about daycare services, discussion of rates, and questions about hours of operation."
8d110518331a424a8da3dc7202e5b5e7_transcript,medicare_inbound.zip,medicare,inbound,0feeff1e7ca25bb22994abed456ba8d2647c55b499c1b40a3d5fbad95da7ec92,"OPENING, NEEDS_ANALYSIS, ACTIVE_LISTENING",0.85,True,"Greeting present, customer explains a medical administrative need, and agent confirms details and collects identifying information."
fde49e3f04884b45b09b65f47e5fa2c536623599_transcript,medicare_inbound.zip,medicare,inbound,812ea414dd2d5906d2878121ac254d6860d14d75bc28b8b7dbab686f93631a4b,"OPENING, NEEDS_ANALYSIS, PRODUCT_PITCH, FEE_DISCUSSION, CURIOUS_EXPLORATION",0.95,True,"Greeting present, customer asks about boarding, agent pitches a specific room type with pricing, and customer explores options."
585fd984910544beaf9f74f87f13c77f_transcript,home_ervice_inbound&telecom _outbound.zip,home_service_telecom,outbound,33ea9f8bbef8b20aae2ab4f2c1df9d79afccc11777f8bd34c1b33cb6dff38f44,"OPENING, NEEDS_ANALYSIS, FOLLOW_UP_EMAIL_REQUESTED",0.8,True,"Greeting present, agent analyzes the glass replacement need and requests an email/contact method for follow-up photos."
5bcdecdfa708478ba4ac53c919809949_transcript,home_ervice_inbound&telecom _outbound.zip,home_service_telecom,outbound,436cfee39c8e9021b8005eeb0b4a1434f0f291801f66981497e98a08cb979a49,"OPENING, NEEDS_ANALYSIS, ACTIVE_LISTENING",0.9,True,"Greeting present, agent asks detailed diagnostic questions about the plumbing issue to analyze the customer's needs."
f8cdc7c59a8f4008a61fdb3bb41e07cb_transcript,home_service_inbound.zip,home_service_telecom,inbound,81067a609650de958b07a7496b936ca1e84379f38b0e0307aa1b059c1c58653b,"OPENING, FEE_DISCUSSION, NEEDS_ANALYSIS, WARM_LEAD",0.95,True,"Agent greets customer, discusses specific pricing for cleaning services, asks for customer details and concerns, and customer expresses intent to schedule."
bcfab3569131415f84c0e5bdb1f190be_transcript,automotive_inbound.zip,automotive,inbound,89dcc520cce06735689c66d259636471d67470df5a5e4f325d2d5fff5c8d19ac,"OPENING, NEEDS_ANALYSIS, CURIOUS_EXPLORATION, WARM_LEAD",0.9,True,"Agent greets customer, identifies specific vehicles the customer is interested in, and gathers location information to facilitate the sale."
DMEMED_rmbpo19_20211103-104243_3138833158_3889854-all_transcript,medical_equipment_outbound.zip,medical_equipment,outbound,ef987237d31c4514b653d65b8317e8efb88f09b680931e0873c4ad522cb6a1c3,"OPENING, PRODUCT_PITCH, NEEDS_ANALYSIS, MISUNDERSTANDING",0.85,True,"Agent opens call, pitches Medicare benefits, asks about medical conditions, but the call concludes with technical audio issues and lack of understanding."
7403846830_part_1_transcript,insurance_outbound.zip,insurance,outbound,7bddaf13ea8e880793467d9b27d07a4c740b802de29455967d9a235e90223987,"OPENING, PRODUCT_PITCH, NEEDS_ANALYSIS, FEE_DISCUSSION",0.95,True,"Agent opens call, pitches Medicare upgrades, verifies eligibility through personal questions, and mentions premium costs."
0b36a791da684a43b9e9d46c799fb96b4333465_transcript,medicare_inbound.zip,medicare,inbound,c3782eb236020676fecd660583e117ad7c15445f829e225469fc4603da20e535,"PRODUCT_PITCH, NEEDS_ANALYSIS",0.7,False,Transcript consists of a recorded hold message pitching pet health services and explaining how they analyze pet needs.
2b08756c3c57495db599072683f14f66_transcript,medicare_inbound.zip,medicare,inbound,5866591bad165b2c4d1201e225bf94f03b09346f5fd8a77fc8b9315793ee51d7,"OPENING, NEEDS_ANALYSIS, SUCCESSFUL_SALE, ACTIVE_LISTENING",0.9,True,"Contains greeting, agent analyzes the patient's pain, confirms an appointment time, and uses active listening cues."
2020-09-16-15-32-52_6d39b005-a246-43fa-b85c-6e19ae84a8b1_v233h3M-bDveI-WdzGVt_cXMZhxUoZj4k5_Z1rLffK3Fuk-GCDV_LKRA_transcript,auto_insurance_customer_service_inbound.zip,insurance,inbound,a14e18486ccf113f2fcb13a3df1c5f305ab11b1f44a04577b82736f64ecc101f,"OPENING, NEEDS_ANALYSIS, FEE_DISCUSSION",0.95,True,"Includes opening, agent gathers customer data for insurance comparison, and discusses current annual payment amounts."
4fef0c08a7f54c65ad721fe71ba37605_transcript,medicare_inbound.zip,medicare,inbound,9b4c6c2b29728934962cf4c9ceed7d1866ee83f557674715691af86b30248f59,"OPENING, NEEDS_ANALYSIS, CURIOUS_EXPLORATION, ACTIVE_LISTENING",0.8,True,Greeting present; agent explains the consultation process to determine eligibility while the patient explores appointment options.
3f2a732c553c4d9aa7038f48567e2d1a_transcript,automotive_and_healthcare_insurance_inbound.zip,insurance,inbound,aa280ab5bffdbe617520637bc918bffea4d5990e2b51be1af64d70dd24a1baf1,"OPENING, NEEDS_ANALYSIS, WARM_LEAD, ACTIVE_LISTENING",0.85,True,Greeting present; customer is a warm lead calling back about a vehicle; agent begins gathering information.
f1c0fd1812b6414c9b60034b1dfb9944_transcript,medicare_inbound.zip,medicare,inbound,97252cc11eee9d9c95ef265cea457ec21804e929c099ab23b1cf5d11cb8679ef,"OPENING, NEEDS_ANALYSIS, FEE_DISCUSSION, SUCCESSFUL_SALE",0.9,True,Greeting present; agent analyzes scheduling needs; customer asks about payment methods; appointment is successfully scheduled.
8632683167_transcript,insurance_outbound.zip,insurance,outbound,4c83bdeb237ee8da705b46f2e6e78422a8515791943f64d34c5493be4ecc88e8,"OPENING, PRODUCT_PITCH, NEEDS_ANALYSIS, FEE_DISCUSSION",0.95,True,"Agent greets the customer, pitches Medicare benefits, verifies eligibility and personal details, and mentions there is no additional cost."
913072bf712041549d7e7ac365dafe8c (1)_transcript,medicare_inbound.zip,medicare,inbound,c4184746ce9c771890a205a6543baae3318d57169620255248e4f5145d010b40,"OPENING, FEE_DISCUSSION, NEEDS_ANALYSIS",0.9,True,"Agent greets the caller, discusses payment plans for those without insurance, and performs intake by asking for patient status and name."
67f0021b9fce4efb8a688493015a795e_transcript,medicare_inbound.zip,medicare,inbound,f62fa58650d9c879523850c882fbf79eb3337c11ea46a165e4fefc222ebe23ad,"OPENING, PRODUCT_PITCH, FEE_DISCUSSION",0.9,True,"Agent greets the customer, explains various boarding service packages, and provides specific pricing per night."
b662b21bea22466f9799fe072552dd97_transcript,home_service_inbound.zip,home_service_telecom,inbound,0b4569dfff787df236fd49025cbbc68b07047baeab269fb7c433e45ecc5a125d,"OPENING, FEE_DISCUSSION, NEEDS_ANALYSIS",0.9,True,"Agent greets the customer, verifies account information and address, and discusses a billing inquiry regarding an air conditioner repair."
52e6d8412ff34899a2835241a3ba6f9d_transcript,automotive_inbound.zip,automotive,inbound,c11233c5f3f4139fd7db83896dbfc8cab673d8b012a342c8956b03821c1d645b,"OPENING, NEEDS_ANALYSIS, MISUNDERSTANDING",0.8,True,"Agent greets the caller, attempts to identify the requested employee, and handles a request for trade-in paperwork."
3517bfc2f0044af8bf73dcfba5503225_transcript,medicare_inbound.zip,medicare,inbound,b06b1a99552f7ea7403005380a9bd369a94c8e3c5b4b6c45ef8b8b74429d6bfb,"OPENING, NEEDS_ANALYSIS",0.9,True,"Contains a clear greeting and the agent asks for patient details (DOB, name) to check records."
b8a313ab779b42e4847ded8c826a41ab_transcript,home_service_inbound.zip,home_service_telecom,inbound,3fd34279e483a20757f9a861e8d3219ca8c4bdfe61c3de31b626af7f1ef80ab0,"OPENING, NEEDS_ANALYSIS, PRODUCT_PITCH, FEE_DISCUSSION",0.95,True,"Includes greeting, gathering vehicle details, presenting a quote, and discussing the specific cost of the glass."
34a25e14065d4d1da2163da4296096a4_transcript,home_service_inbound.zip,home_service_telecom,inbound,3f80105be00b8ada000c9ecb4e8907a189bd3ba30d7f46a290eff125001b1f05,"OPENING, NEEDS_ANALYSIS, PRODUCT_PITCH, FEE_DISCUSSION",0.9,True,"Greeting is present, agent analyzes needs via VIN, and provides a price quote for the windshield installation."
8426770d3aff4e369ead3193ab415324_transcript,medicare_inbound.zip,medicare,inbound,fea7cdb94e317bbfdd98b4e6b96dced4e5ed932e326c012d579202968fe47d1f,"OPENING, NEEDS_ANALYSIS, CURIOUS_EXPLORATION",0.9,True,"Greeting is present, customer explores services for a child, and agent asks for Medicaid and personal details."
DMEMED_rmbpo18_20211123-101044_3367868729_4709819-all_transcript,medical_equipment_outbound.zip,medical_equipment,outbound,67b10e0ededb93bb6ca0dfa613e4dfd93a6f91be87c886e5d9439143cd0faf30,"OPENING, PRODUCT_PITCH, NEEDS_ANALYSIS",0.95,True,"Outbound greeting, pitch regarding 'additional benefits at no cost', and detailed medical screening questions."
42cd700f49a64ebebee6d719dfa48168_transcript,medicare_inbound.zip,medicare,inbound,6aba0c348e5643189e55025a70ebf4f16b9f9a4ef75e4c68668c56657ad8c42f,"OPENING, NEEDS_ANALYSIS, FEE_DISCUSSION, SUCCESSFUL_SALE",0.9,True,"Contains greeting, agent asks about pet details, discusses deposit cost, and proceeds to create an account for booking."
2117644e2ae14111a9000e53259a8595_transcript,medicare_inbound.zip,medicare,inbound,7b01b1d566aafb229669c9567573579a0a6e9bf76811636f6c698b3c5d60117b,"OPENING, NEEDS_ANALYSIS",0.9,True,Contains greeting and agent asks for date of birth and patient history to analyze the customer's situation.
4bff53c05be041e08fc4d2063c3e2840_(1)_transcript,home_service_inbound.zip,home_service_telecom,inbound,2faf76a5e0bf5efdc938df36d808397c4af6fddffa3f9e70b6608eb07b05e97c,"OPENING, NEEDS_ANALYSIS, FEE_DISCUSSION",0.9,True,"Contains greeting, agent asks for measurements/photos of broken glass, and mentions providing a quote/estimate."
3104562686_transcript,insurance_outbound.zip,insurance,outbound,bb5413ba933338d27480ac0cb567ddddfe4455e1333563c86ca705716d83a184,"OPENING, PRODUCT_PITCH, NEEDS_ANALYSIS",0.9,True,"Contains greeting, agent pitches Medicare upgrades/benefits, and asks qualifying questions about Part A and B."
4c79c0cbd0f24f0fa42440b4613c41a2_transcript,automotive_inbound.zip,automotive,inbound,91bdb30b2ece48222bd9c8677f7d98e55e539e0e49cb699d48794ad98e9272e1,"OPENING, PRODUCT_PITCH, NEEDS_ANALYSIS, SUCCESSFUL_SALE",0.9,True,"Contains greeting, agent pitches car availability, asks about desired features, and customer commits to visiting the dealership."
61231d44a0b04039ad2d7b86bbfa3d15_transcript,medicare_inbound.zip,medicare,inbound,dcce28aec902a1a057e2cc24afb132527f38c5950b1addb27718b79ef1720585,"OPENING, NEEDS_ANALYSIS, PASSIVE_AGREEMENT",0.9,True,"Contains a greeting, agent checks the patient's chart/appointment status, and the customer agrees to the confirmation."
9d68924bff5d48338ff0be22d324a82c (4)_transcript,home_service_inbound.zip,home_service_telecom,inbound,048e0533e3e3efcc14f36ddbd684fbe32e4b059db5809775e55e466b06be54bb,"OPENING, NEEDS_ANALYSIS, FEE_DISCUSSION",0.95,True,"Includes a greeting, agent collects residential/emergency details, and the customer asks about the cost based on their budget."
0367102758f54656b951416c0381d0da_transcript,home_ervice_inbound&telecom _outbound.zip,home_service_telecom,outbound,3f09e212777e50f11bc02c6845bf70c8c15b197d60eef09a8196be5ab9be6f22,"OPENING, NEEDS_ANALYSIS, CURIOUS_EXPLORATION",0.9,True,"Greeting is present, agent collects contact and location info, and both parties discuss specific window dimensions and types."
585a1676a20b4e1bb5eb58f621927948_transcript,medicare_inbound.zip,medicare,inbound,874a4c49cdac233a5d03ff2420f0e8becf8dada36a6ddce7f3f36f91e69d7c23,"OPENING, FEE_DISCUSSION, CURIOUS_EXPLORATION",0.9,True,"Greeting is present, and the customer specifically asks for a price estimate for veterinary services."
e85e2c2c34114a55b3baa8785eedf5d0_transcript,automotive_inbound.zip,automotive,inbound,a38a30bebe554d6348fdb57c89440efda5510f1d482177a8b18b20c0c594b98a,"OPENING, NEEDS_ANALYSIS, CURIOUS_EXPLORATION",0.9,True,"Greeting is present, agent identifies specific vehicle stock numbers requested by the customer to check availability."
9c5038793a204110a736f035b261c1fd_transcript,automotive_inbound.zip,automotive,inbound,7449443c3adedf414686a488785bb6d1bc3e601138cd384a4a0bdc373a8184c3,"OPENING, NEEDS_ANALYSIS, DEFENSIVE_POSTURE",0.7,True,"Contains a greeting, a request to check status of a previous inquiry, and a sudden shift to aggressive/defensive language."
eae5ca04ece94a9da4ca834052c76948_transcript,medicare_inbound.zip,medicare,inbound,bed9cd8bdb4ee15237f880f0e69673a42135ae02361836f451e428be7fbe16b0,"OPENING, NEEDS_ANALYSIS, ACTIVE_LISTENING",0.8,True,Greeting present; caller specifies needs for medical records; agent actively confirms and spells out medication details.
830127257c46490eb66d42c18cf327a1_transcript,automotive_inbound.zip,automotive,inbound,8c780881d45ccecf3ac0048d4bb9c39c32c15900131a90952c1400434da808f2,"OPENING, PRODUCT_PITCH",0.9,True,Transcript consists of IVR greetings and promotional messages pitching financing and various vehicle types.
DMEMED_rmbpo19_20220107-163201_6603382882_4867565-all_transcript,medical_equipment_outbound.zip,medical_equipment,outbound,b861fd016b9475b6cff324017f601061f541ab8e722b2be7618d8e18142de5a3,"OPENING, PRODUCT_PITCH, NEEDS_ANALYSIS, CURIOUS_EXPLORATION",0.9,True,Greeting present; agent pitches 'additional benefits'; agent asks for DOB and medical history; customer asks for more info.
84f17c773ac843c384ae9d9bf7281207 (1)_transcript,home_service_inbound.zip,home_service_telecom,inbound,39ed6a8283c747dc915456b7581ea800cd756cd81b705d47401470ae7fa5924d,"OPENING, PRODUCT_PITCH, NEEDS_ANALYSIS",0.9,True,Greeting present; agent explains the specific repair method for windows; agent collects customer contact and location details.
db383a2037934051982fb12f66a65949_transcript,home_service_inbound.zip,home_service_telecom,inbound,48be18ed739c3424a0605a64319b2e6a3eaf48c024509c7e446ff87861a8930e,"OPENING, NEEDS_ANALYSIS, ACTIVE_LISTENING, CURIOUS_EXPLORATION",0.9,True,"Contains a greeting, agent asks about the plumbing issue and collects customer details, and the customer is inquiring about an estimate."
20210927-162616_5612125647-all_transcript,home_ervice_inbound&telecom _outbound.zip,home_service_telecom,outbound,db715b828f4053e0137b0bb506539ef28126ff25ee84103a1e636ea898fc228f,"OPENING, NEEDS_ANALYSIS, PRODUCT_PITCH, PASSIVE_AGREEMENT",0.85,True,"Includes greeting, agent probes about current internet service, pitches a free modem, and the customer provides passive responses."
b226ff7e16b142f5a953dc0cd0cbce4b3680024_transcript,medicare_inbound.zip,medicare,inbound,80527cb7de5fdda6201b56e1bee6661a3a676889befc8a7a7ff4391cce1700bc,"OPENING, NEEDS_ANALYSIS, MISUNDERSTANDING, ACTIVE_LISTENING",0.8,True,Greeting present; agent analyzes appointment needs and clarifies a misunderstanding regarding the medical procedure/equipment.
6067234454_transcript,insurance_outbound.zip,insurance,outbound,2110faf273dce4829324de010f13283c4d2d9c76098310e15497ab3ac30c9388,"OPENING, PRODUCT_PITCH, NEEDS_ANALYSIS, FEE_DISCUSSION",0.95,True,"Greeting present; agent pitches Medicare benefits, discusses zero cost, and asks qualifying eligibility questions."
2eb5875558134575bd16914caca8357836718270_transcript,medicare_inbound.zip,medicare,inbound,23e1faf44a40fb84dd22e4f15a0de1a8616fd034cce045b46e299900fcc8486e,"OPENING, NEEDS_ANALYSIS, PRODUCT_PITCH, CURIOUS_EXPLORATION",0.9,True,"Greeting present; agent analyzes puppy needs, customer explores service options, and agent pitches daycare services."
7196872164_transcript,insurance_outbound.zip,insurance,outbound,72aad145b4e21b57e26ad8f90e95cb004ec814a870dc6060f7711ddbc77ac5df,"OPENING, PRODUCT_PITCH, NEEDS_ANALYSIS, FEE_DISCUSSION",0.95,True,"Agent greets the customer, pitches Medicare benefits and cash back, and verifies eligibility and personal details."
DMEMED_rmbpo11_20211215-145241_5736145683_4961242-all_transcript,medical_equipment_outbound.zip,medical_equipment,outbound,bc0789c948134b469f20b9dae840ec627bac280c7f6d6aa7ba9824bd76dcb3cf,"OPENING, NEEDS_ANALYSIS, PRODUCT_PITCH, FEE_DISCUSSION",0.95,True,"Agent greets the customer, asks about medical conditions, pitches a free medical test, and emphasizes no cost."
413cc3d155f7407199df7ca72e0b5aeb36958535_transcript,medicare_inbound.zip,medicare,inbound,52ce6aa5cf8f411de6009486b7fb32dda26849730479367a221c4b02a1f9ba8c,"OPENING, PRODUCT_PITCH, ACTIVE_LISTENING",0.8,True,Call starts with a greeting; a hold message pitches pet services; agent confirms the customer's request to check on a patient.
daaf73cd3573491db5a6f67de46e8f39_transcript,home_service_inbound.zip,home_service_telecom,inbound,ccf662b49ef144df91ae3129b461a146411d6fc62efaf94635ef5dfd84140c03,"OPENING, NEEDS_ANALYSIS, ACTIVE_LISTENING",0.85,True,Agent greets the customer and asks for location and contact details to check for service availability in the area.
8efc1935796d4447a3782268d80ecde8_transcript,medicare_inbound.zip,medicare,inbound,ae1b19d249aca2a1532d02d6c275f82ace02e8371b00984def8f963155d5b3d0,"OPENING, NEEDS_ANALYSIS, ACTIVE_LISTENING",0.9,True,Agent greets the customer and asks for children's ages and names to verify records and schedule appointments.
3aa418f30b9f4225acda1189c673c183 (1)_transcript,home_service_inbound.zip,home_service_telecom,inbound,d1021330f7d5c64958cc0a9831849cf6ed1fe4c251cef51e7aecad4a01a0b3b6,"OPENING, NEEDS_ANALYSIS, WARM_LEAD",0.9,True,"Contains greeting, agent collects customer contact and window details, and customer is actively seeking a quote."
f483a9f472ad4a81b1159306c10b4c05_transcript,home_ervice_inbound&telecom _outbound.zip,home_service_telecom,outbound,ab1e4c52ce7a2489285e3b3fc6dfea5d345c551ac56583a22d3032c17f25f6e0,"OPENING, NEEDS_ANALYSIS, SOFT_REJECTION",0.85,True,"Greeting present, agent analyzes vehicle type and location, and informs customer that mobile service is usually not for classics."
0b069f999e7c445ba7ac99a24052b960_transcript,automotive_and_healthcare_insurance_inbound.zip,insurance,inbound,64154bc506af3dbca7e91fb24b03fc1d35f79ce10db3e0b742916dde47a9342c,"OPENING, PRODUCT_PITCH, WARM_LEAD",0.9,True,"Greeting present, agent presents the availability of the vehicle, and customer expresses strong interest in visiting."
2020-09-16-15-33-50_24042240-d9dc-423f-a600-e1b6d4c33a0e_v2eFvtJYFUwVYvX5DlOhFHaZAywmHeU0kOaBystRRlQ8PATRoCRJEmJA_transcript,auto_insurance_customer_service_inbound.zip,insurance,inbound,aaa5152da91e263fca9bea68d68b5e2fb518c1fa6351da975a2ba62b102c6e20,"OPENING, NEEDS_ANALYSIS, FEE_DISCUSSION, SOFT_REJECTION",0.95,True,"Greeting present, extensive needs analysis, discussion of current insurance payments, and final notification that no agent is available."
c59afaa407f34a058db3f100b45bec52_transcript,medicare_inbound.zip,medicare,inbound,e0f70f9aefeed2894a57d3218b97b41db93cb5a7e97aeb6d0dbcbfdd4330ad8e,"OPENING, NEEDS_ANALYSIS, WARM_LEAD",0.9,True,"Greeting present, agent asks about the dental issue, and customer is calling specifically to schedule an appointment."
30df064c220547cf9110531a3794b9cc_transcript,home_ervice_inbound&telecom _outbound.zip,home_service_telecom,outbound,a00ffdb16c3d37019ba7e9e2f05a50bb0e8156abe14db799e540a43a1e8b951a,"OPENING, NEEDS_ANALYSIS, FEE_DISCUSSION, CURIOUS_EXPLORATION",0.9,True,"Contains a greeting, agent asks about rain sensors to determine part needs, customer asks for cost, and customer is exploring options for a windshield."
4fe64c75c9794e07a6aa0584e200ef9136656288_transcript,medicare_inbound.zip,medicare,inbound,18c2b3204f284350323c1dda4bf73f1a2d1e1d83d2a4fc90cd8c59f1ca61c5d8,"OPENING, PRODUCT_PITCH, NEEDS_ANALYSIS, FEE_DISCUSSION",0.9,True,"Includes greeting, discussion of grooming starting prices, agent asking about the pet's history, and explaining the medication/exam service process."
af1a479a2fc74bcfb37646893d53c56b36795075_transcript,medicare_inbound.zip,medicare,inbound,13b74527e8b18817b481e9bf50e88f67811e86492e3c2e48baae70824bd25852,"OPENING, CURIOUS_EXPLORATION, NEEDS_ANALYSIS, PRODUCT_PITCH",0.85,True,Greeting present; customer asks about boarding and evaluations; agent analyzes if the customer wants group or individual play and explains the service.
3a9ac9c961ef473e8c2cc101f27cd5c1_transcript,home_service_inbound.zip,home_service_telecom,inbound,86fa1fcea3708622a1b73c7f110eb372d9cf07d118ddce27b674f8ccfb4bc24a,"OPENING, NEEDS_ANALYSIS, FEE_DISCUSSION, PRODUCT_PITCH",0.9,True,"Greeting present; agent analyzes the damage to the shower door, discusses estimated replacement costs, and pitches the best way to handle the repair."
f7f427435fdd4628bcb902d18a5859e6_transcript,home_service_inbound.zip,home_service_telecom,inbound,cee22dcbb688734bfa00c0e0894bc8115b0a3920672116614214f2f94636a230,"OPENING, PRODUCT_PITCH, FEE_DISCUSSION",0.95,True,Automated greeting followed by an extensive pitch of various glass services and a mention of upfront pricing.
2020-03-26-16-04-12_702fd252-6f7b-11ea-8533-1651a37139f5_6ec3fc7c-6f7b-11ea-8f3e-e388004b5001_transcript,auto_insurance_customer_service_inbound.zip,insurance,inbound,a47d9c895191ad4486b0a7ff54af27ada8981864bd68c18c6567fc2c81f583b2,"OPENING, NEEDS_ANALYSIS, PASSIVE_AGREEMENT",0.9,True,"Contains greeting, agent asks about current insurance and reason for call, and customer provides basic information."
DMEMED_rmbpo17_20211115-103806_5802483597_4779168-all_transcript,medical_equipment_outbound.zip,medical_equipment,outbound,61b52f7e09018e7fc39bc27a098331a5815c5e79f9d3fb7fa241da9646ff0e3e,"OPENING, PRODUCT_PITCH, NEEDS_ANALYSIS, FEE_DISCUSSION",0.95,True,"Includes greeting, a detailed list of benefits offered, verification of eligibility, and mention of reducing premiums/costs."
8654585597_transcript,insurance_outbound.zip,insurance,outbound,9c86c666df3e95173442b93b49c41eeaa15b2e97fbb69ad8a9dce1714814b548,"OPENING, PRODUCT_PITCH, NEEDS_ANALYSIS, FEE_DISCUSSION, PASSIVE_AGREEMENT",0.95,True,"Greeting present, agent pitches Medicare benefits, analyzes eligibility (Part A/B), discusses costs, and customer agrees."
8506827251_transcript,insurance_outbound.zip,insurance,outbound,e4b8e532975179ffe4834566008eb3653e495e93168629fc3ed95e0e1be4ade1,"OPENING, PRODUCT_PITCH, NEEDS_ANALYSIS, FEE_DISCUSSION, ENTHUSIASTIC_AGREEMENT",0.95,True,"Greeting, pitch of Medicare benefits, eligibility check, discussion of no-cost benefits, and strong positive customer reactions."
133310af1b9c4e8a9b8f02a119b75cb136758171_transcript,medicare_inbound.zip,medicare,inbound,19b7f71730e0b396eb5cce667d891a1e9937ad16f95ac06c6c27766b48fabc47,"OPENING, NEEDS_ANALYSIS, CURIOUS_EXPLORATION",0.85,True,"Greeting present, agent analyzes the patient's medical need, and customer asks about the provider's experience."
2020-09-15-22-13-56_8111ac9f-2a5d-4c5b-8f15-603154a48ad8_v26JAVQn_zaTB0iCoS07HjT65D4hhoN1ai8UPe6Vspj2RJ93aTXFoLQg_transcript,auto_insurance_customer_service_inbound.zip,insurance,inbound,b95e4942790f69cf7ac45affddd6902b04cdb73b64b6ce1f11594d12e32c27d9,"OPENING, NEEDS_ANALYSIS, FEE_DISCUSSION, SOFT_REJECTION",0.9,True,"Contains greeting, detailed questioning about current insurance and assets, discussion of current premiums, and a soft rejection regarding bundling."
846a26bc4e1e4becbc35338b85b75885_transcript,automotive_inbound.zip,automotive,inbound,759193a629e3038cd2802ff5cebf07c796270b2cc55a4b0667a5e31dc49395eb,"OPENING, NEEDS_ANALYSIS, CURIOUS_EXPLORATION",0.85,True,"Includes agent greeting, customer exploring trade-in options, and agent analyzing the vehicle's condition and mileage."
24aaff4b455d46c2b538c94e0ca5a985_transcript,medicare_inbound.zip,medicare,inbound,be2df3481501e47b5d2c393e688a23c8d15fbe9d18590a8ee38813b7f870e44f,"OPENING, PRODUCT_PITCH",0.7,False,Automated IVR greeting followed by a promotional pitch for pet health services and clinics.
dc53a9e0148c4c1fa71ef59f255c82de_transcript,automotive_inbound.zip,automotive,inbound,f6cd2766b02cfdada0e24ba371409843dcfff349ca4b2013c6726b8a7885e2a4,"OPENING, NEEDS_ANALYSIS, FEE_DISCUSSION, PRODUCT_PITCH",0.9,True,"Greeting present, discussion of lease payments and credit, analysis of customer timeframe, and a specific vehicle pitch."
2020-06-17-17-00-38_e69c80cb-8983-43d3-a5fb-1a42670a5c85_v26fP65A1i4X21KCMEPGHz6maw1g9oJPSNgXj_ISmMxRlE-DDW5Vz3wA_transcript,auto_insurance_customer_service_inbound.zip,insurance,inbound,e54bb891ad9439c3089d652563d2399c38326faa1dc554d0535cabc1769d6925,"OPENING, NEEDS_ANALYSIS, DEFENSIVE_POSTURE, OBJECTION_HANDLING",0.95,True,"Greeting, extensive data collection for a quote, customer resisting providing address, and agent explaining the necessity of the information."
b4e5d1e9c81e413b9bd53cfd03161d03_transcript,automotive_inbound.zip,automotive,inbound,e0ba838122ac702d9886858003dc37c611c678901a403ad7af49fac76368aa66,"OPENING, NEEDS_ANALYSIS, FEE_DISCUSSION, WARM_LEAD, CURIOUS_EXPLORATION",0.95,True,"Contains greeting, agent asks about budget and capacity (needs analysis), discusses price ranges, and customer is actively seeking a purchase."
2020-03-31-20-39-22_b4e20dda-738f-11ea-864b-0ad89afacc41_b3b3dd6c-738f-11ea-8da7-2d3e60ecd45c_transcript,auto_insurance_customer_service_inbound.zip,insurance,inbound,7abd02bfe3dc15d35193c12cc272a31dbcab8c94f35d32b614f9fdd6c9b4c228,"OPENING, NEEDS_ANALYSIS, PRODUCT_PITCH, PASSIVE_AGREEMENT",0.8,True,"Includes greeting, agent asks if customer wants a quote, and ends with a scripted pitch for financial and insurance solutions."
658387f6d5904b34a1297f7d59da64ef_transcript,home_ervice_inbound&telecom _outbound.zip,home_service_telecom,outbound,19f59b6990c729475863a0c7cf5d2790e37b6853d36e8ce05de9c84e827d66ff,"OPENING, NEEDS_ANALYSIS, MISUNDERSTANDING, ACTIVE_LISTENING",0.85,True,"Greeting present; agent verifies customer details; customer is confused about the agent's ability to see the schedule, and agent acknowledges the issue."
2561e11eb04348cda94c9e0d0813c351_transcript,medicare_inbound.zip,medicare,inbound,00fb25dc9388547cca5173eb8514c2f047662e4fc65ba20d04525cc18fdf3d2f,"OPENING, NEEDS_ANALYSIS, ACTIVE_LISTENING, PASSIVE_AGREEMENT",0.9,True,Greeting present; agent analyzes the customer's account and uploaded documents to identify missing information while confirming details with the customer.
c415f88ad1644d0bbd910c275bd0c9a1_transcript,home_ervice_inbound&telecom _outbound.zip,home_service_telecom,outbound,d35a57f11bc0d8513418006df11b27fae737f02c35a04ea565540382d43d21d3,"OPENING, NEEDS_ANALYSIS, PRODUCT_PITCH, FEE_DISCUSSION, CURIOUS_EXPLORATION",0.95,True,"Greeting present; agent discusses service options (pitch), asks for location/car details (needs), and customer asks for an estimate (fee discussion)."
9729866398_transcript,insurance_outbound.zip,insurance,outbound,080ff5f42e375a084b98fd35ed6c22ac3825d9ceb18290630ff3c72f0a584532,"OPENING, PRODUCT_PITCH, NEEDS_ANALYSIS, FEE_DISCUSSION",0.9,True,"Agent greets the customer, pitches Medicare benefit upgrades, asks for the Medicare card to verify eligibility, and mentions zero cost."
7e0b001342c64ab5acf85901a736c547_(1)_transcript,home_service_inbound.zip,home_service_telecom,inbound,684c468f199be3ed1595c32bda83cd33653a3c104111cfcd8784482788ebaf55,"OPENING, ACTIVE_LISTENING",0.8,True,Agent provides a standard greeting and listens to the customer's request for a follow-up on a previous service appointment.
97e1dbe8be6e4d3a8ce356c1cf99646c_transcript,home_service_inbound.zip,home_service_telecom,inbound,594b71a30b831cbe6c27cb710f23f45dad93e850e57e0d04374ed9bdc8a42eed,"OPENING, NEEDS_ANALYSIS, PRODUCT_PITCH, FEE_DISCUSSION",0.9,True,"Agent greets the customer, analyzes the pest issue, offers a free inspection service, and discusses the cost (free)."
DMEMED_rmbpo07_20211117-145125_9565413846_4831482-all_transcript,medical_equipment_outbound.zip,medical_equipment,outbound,44e30419156597066081e3bebe401063e2dd247ed8c2155b56dc8fc859af95d5,"OPENING, PRODUCT_PITCH, NEEDS_ANALYSIS, FEE_DISCUSSION",0.9,True,"Agent greets the customer, pitches additional Medicare benefits, verifies the Medicare ID and eligibility, and mentions no cost."
7e3951d5512e480c80e45b8b469ea89b_transcript,home_service_inbound.zip,home_service_telecom,inbound,e645de73a02eb9327a9c03ae06f12b3597c8c9d184d387aa2963e2e64fd7b030,"OPENING, PRODUCT_PITCH, NEEDS_ANALYSIS, FEE_DISCUSSION",0.9,True,"Agent greets the customer, offers a diagnostic service, discusses the cost of the visit, and collects customer contact details."
774b1a463533417d848743a12887c30c_transcript,medicare_inbound.zip,medicare,inbound,77e6f2639d10526d5b6fdd44a5477902de7f150fcec6b678a0fe61d29d106053,"OPENING, NEEDS_ANALYSIS, SUCCESSFUL_SALE",0.9,True,"Contains greeting, detailed collection of patient information for eligibility/scheduling, and a commitment to schedule the appointment."
5792a4fc236a4b1e8a10b52938c52e25_transcript,automotive_inbound.zip,automotive,inbound,ddb53567b33a8884bf67f01c4c8f238a1dfe287b80f8afd365ba1bd402a29774,"OPENING, NEEDS_ANALYSIS, CURIOUS_EXPLORATION",0.8,True,"Contains greeting, agent probes for additional information needs, and customer asks about future events."
400d97b4f10145a1ab742fa9c26bd08b_transcript,automotive_inbound.zip,automotive,inbound,712b24c058c15998ec15b653b63f5cd2999270ef9137f15dc1caffad19b57da5,"OPENING, NEEDS_ANALYSIS, FEE_DISCUSSION",0.8,True,"Contains greeting, agent asks about vehicle preferences, and customer mentions wanting a car that doesn't cost too much."
fe4dba39c25f4b47914a08465a409a33_transcript,home_ervice_inbound&telecom _outbound.zip,home_service_telecom,outbound,4899787a1e1dd4dd02fd0d68854d65d81c57409cb1b5d31220fdb09e285c041d,"OPENING, WARM_LEAD, NEEDS_ANALYSIS",0.9,True,"Contains greeting, customer expresses clear interest in a service estimate, and agent collects location and contact details."
5e86ea88ccab416c89c54070ec333386_transcript,automotive_inbound.zip,automotive,inbound,8737c24c3ce5849955a76b88a4bb003ec1eb9c9aab8e83d082d448f410f35b20,"OPENING, NEEDS_ANALYSIS, PRODUCT_PITCH",0.9,True,"Contains greeting, agent asks for specific truck preferences, and provides a detailed list of vehicle features and packages."
5512bd32f7bf4133abf24f70306afacb36379634_transcript,medicare_inbound.zip,medicare,inbound,8d2ef2814b4ce1c3e9a48ac603da677e290655741c328c60c7fe4025366cd371,"OPENING, PRODUCT_PITCH, FEE_DISCUSSION, NEEDS_ANALYSIS",0.95,True,"Contains greeting, pricing for boarding rooms, presentation of service options, and analysis of the dog's activity needs."
22efbc9a91b3429dacc402b23af4658c_transcript,medicare_inbound.zip,medicare,inbound,bf1a05a51d2232c4ce4a422beb726ca451b7c4f4fd98331934ed78fa79e96190,"OPENING, NEEDS_ANALYSIS",0.9,True,Contains greeting and the agent gathering patient/client identification and medical needs for an appointment.
cad1309bcd654271913f13430ed86898_(1)_transcript,home_service_inbound.zip,home_service_telecom,inbound,aebd9a92dbc4e05ca81ac41667a519ea732ab1e5cbd814d20e9762371ab0bb90,"OPENING, NEEDS_ANALYSIS, SUCCESSFUL_SALE",0.9,True,"Contains greeting, analysis of window damage, and a successful commitment to a service appointment on Monday."
2021-08-23-20-51-36_44c738f3-9971-4612-bce5-5b307f347e56_v2BubFPoXaksHJWtq6lua_bNlH4f69hmVV_23OdkuUa8897Rw8YS8IvA_transcript,automotive_and_healthcare_insurance_inbound.zip,insurance,inbound,3e6e2d8621165e75f2a37ffcee78e1fe57af3171684e8829e4077d7f2e9bfb4d,"OPENING, NEEDS_ANALYSIS, PRODUCT_PITCH",0.95,True,"Contains greeting, verification of Medicare eligibility/details, and a pitch regarding available health plan carriers."
93271a271de345299cd1f919f1f28380_transcript,automotive_inbound.zip,automotive,inbound,ba30829a37d632feec3921ae4fa20a54613c647813c6840d588ad606ba903ff3,"OPENING, PRODUCT_PITCH, NEEDS_ANALYSIS",0.9,True,"Contains greeting, presentation of specific car models (ix50/ix60), and analysis of the customer's needs as a parent."
f4f9c980789e4285a63eaf71a322b499_transcript,medicare_inbound.zip,medicare,inbound,bf387c3e2d49c6ccd9d50ddbfde6f1cd440f829f15929d644be7e7f164459c66,"OPENING, NEEDS_ANALYSIS, ACTIVE_LISTENING",0.9,True,Contains a greeting and the agent gathering patient information to resolve an insurance verification issue.
1d5bbb33e53a4d22885b301a833a5d8c_transcript,automotive_inbound.zip,automotive,inbound,ebee35d261d34a2db1a69e9055a6e423f883a1b404a96c8a503085608555a758,"OPENING, NEEDS_ANALYSIS, PRODUCT_PITCH",0.8,True,"Includes a greeting, appointment coordination, and a promotional script regarding dealership inventory and prices."
2020-10-06-20-03-14_bc3300d7-1c1c-42a1-bdd7-2a2257f0be4d_v21R7OfIni5HBCH6Ud2VMIDq1T7majjrhVkbtzYC7wutKW141OCqA6Pg_transcript,auto_insurance_customer_service_inbound.zip,insurance,inbound,433cf704d138d6a7809ac181328566777b39dd834a2de93aedb5add836b1cdf9,"OPENING, PRODUCT_PITCH, NEEDS_ANALYSIS, OBJECTION_HANDLING, COMPETITOR_COMPARISON",0.95,True,"Standard insurance lead call with greeting, pitch to beat current rates, objection handling, and data gathering."
332305140047959long_transcript,medicare_inbound.zip,medicare,inbound,a47633d5524c736e8db57c957998686f873c2de23e163125f86a90cfe515f6cb,"OPENING, NEEDS_ANALYSIS, ACTIVE_LISTENING",0.9,True,Greeting present followed by the agent analyzing the customer's schedule to find an available appointment slot.
d07968042c144b25b3ba26d11657ec68_(2)_transcript,home_service_inbound.zip,home_service_telecom,inbound,ec34557a4471cc05d1620d59e72e6df3321993fc9fa6dbd4319441da134fb4e0,"OPENING, NEEDS_ANALYSIS, CURIOUS_EXPLORATION, ACTIVE_LISTENING",0.9,True,Greeting and a detailed intake process where the agent gathers specific technical and contact details for a service estimate.
3bbb0596e1764996a2bf02378536441e_transcript,automotive_inbound.zip,automotive,inbound,30689f14167276949ceeff8f1b644ae4002f487ea5514d27c2a34d04ea52157a,"OPENING, ANGRY_OUTBURST, ACTIVE_LISTENING",0.9,True,"Contains a greeting, a customer complaining aggressively about a poor car wash service, and the agent acknowledging the issue before transferring."
63945e8c4a324150aefa8a4d7e451ca7_transcript,medicare_inbound.zip,medicare,inbound,b395b72417b7524c0f81f2a3da26e87a4a2d908d87dcd8e644904776a5ad59f4,"OPENING, NEEDS_ANALYSIS, SUCCESSFUL_SALE",0.9,True,"Includes a greeting, the agent gathering patient details and scheduling preferences, and a confirmed appointment time."
0ce460002a5749e8a18b6aa28ec770ad_transcript,medicare_inbound.zip,medicare,inbound,40dbe2cd2a5dd57193d34e49b0a9f8c12634aea5ef3eda03e9051c1d19c5ad57,"OPENING, NEEDS_ANALYSIS, SUCCESSFUL_SALE",0.9,True,"Includes a greeting, agent asking about the medical condition and location, and a confirmed appointment for the next day."
5a86bec72f3e495d8b90a12f03eb3f75 (4)_transcript,home_service_inbound.zip,home_service_telecom,inbound,7bb32876ff1b3468319814b23a1c402fec036091a4c3b34ebba2f81bf33e4f8d,"OPENING, NEEDS_ANALYSIS, SUCCESSFUL_SALE",0.9,True,"Includes a greeting, extensive gathering of customer contact and property information, and the initiation of a professional service visit."
b32a229722c44d1781b13110cdd1125e_transcript,home_ervice_inbound&telecom _outbound.zip,home_service_telecom,outbound,8d4348ad0e9557921fdd3056ea592af2ebd5311ca7ef0ef43077b8f25fb8784a,"OPENING, FEE_DISCUSSION, PRODUCT_PITCH, WARM_LEAD",0.9,True,"Includes a greeting, a specific price quote for a chip repair, explanation of the walk-in process, and positive customer feedback."
0160621ca2784c07941bb2e7234e6fb037055898_transcript,medicare_inbound.zip,medicare,inbound,2c01c6bb612f59118f81f81960bb9c09223a1420440e1815eaf6e2da45880687,"OPENING, NEEDS_ANALYSIS, FEE_DISCUSSION, PRODUCT_PITCH",0.95,True,"Contains greeting, agent asks about puppy details, discusses specific pricing and discounts, and pitches different suite options."
f73987f4276840c4bf5e5eca0596a90a_transcript,home_service_inbound.zip,home_service_telecom,inbound,7d41b35fb6f6876ec94b2d4a0bd3db9d13b02b50c680cef06ef56506df26157b,"OPENING, NEEDS_ANALYSIS, PRODUCT_PITCH, PASSIVE_AGREEMENT",0.9,True,"Greeting present, agent collects customer details for a quote, offers free estimates, and customer agrees to the scheduling process."
e75be001bf624977882b320a5d7a0e38_transcript,medicare_inbound.zip,medicare,inbound,2580234a397fc5b93cc9ef70f7971f5d8063a5288ddc2e4c18401d03bf0e63e9,"OPENING, NEEDS_ANALYSIS, CURIOUS_EXPLORATION, PASSIVE_AGREEMENT",0.85,True,"Greeting present, agent checks insurance eligibility and schedules appointment; customer explores availability and agrees to a time."
a4120854658d46b7bb6f2b7227d4c7f8_transcript,home_ervice_inbound&telecom _outbound.zip,home_service_telecom,outbound,24d074b784adaee64ab60e62048c71269c863a99ea168e0f14555b6c4b4d08a0,"OPENING, NEEDS_ANALYSIS, FOLLOW_UP_EMAIL_REQUESTED, PRODUCT_PITCH",0.9,True,"Greeting present, agent analyzes window needs, confirms service capability, and requests photos/measurements via email."
9187290662_transcript,insurance_outbound.zip,insurance,outbound,45ee6fef6bb5462506480a642db20623388ad391aec356ff2affd0b2e38ca32b,"OPENING, PRODUCT_PITCH, NEEDS_ANALYSIS, OVERWHELMED_CONFUSION",0.9,True,"Greeting present, agent pitches Medicare benefits, asks qualifying questions, and customer expresses confusion/lack of knowledge regarding zip code."
0afcf45594d84825b38c0710b227b2c335586689_transcript,medicare_inbound.zip,medicare,inbound,6bf25302f496864009e9e6f3d9d43386ee45fa82d18149f406fccaf5a7677574,"OPENING, NEEDS_ANALYSIS, PRODUCT_PITCH, SUCCESSFUL_SALE",0.95,True,"Contains a greeting, analysis of boarding needs, pitch for play packages/grooming, and a confirmed booking."
DMEMED_rmbpo05_20211215-092441_4052748585_4940676-all_transcript,medical_equipment_outbound.zip,medical_equipment,outbound,5bd81d0cee3429d17dd60b926c479c878856c90eceeafa2994e01863556bcfea,"OPENING, NEEDS_ANALYSIS, PRODUCT_PITCH, FEE_DISCUSSION",0.9,True,"Includes a greeting, medical screening questions, an offer for a glucose monitor, and mentions that it is free."
408941d95c50447f84b6f28b1cd7f0f1_transcript,automotive_inbound.zip,automotive,inbound,fd5371999ea675eb9c38b06141ebd3311a27285474b8a61dca2376ecabb87e5f,"OPENING, NEEDS_ANALYSIS, PRODUCT_PITCH, CURIOUS_EXPLORATION",0.85,True,"Greeting present, agent asks about location, pitches a specific used vehicle, and customer is just browsing."
37867883f14d4779a6685c1e0bab791b_transcript,medicare_inbound.zip,medicare,inbound,2dfbef6308aaa652c51a92b85f5bdbb082afd587b27d98b0d33ca00d37b01350,"OPENING, NEEDS_ANALYSIS, OBJECTION_HANDLING, MISUNDERSTANDING",0.8,True,"Greeting present, discussion of vaccine requirements, agent handles concerns about backorders with a waiver, and confusion over vaccine types."
DMEMED_rmbpo19_20220105-111107_9046154086_2492643-all_transcript,medical_equipment_outbound.zip,medical_equipment,outbound,c9f715d049b28168b46e568b2b339137d75f65213bc218f021ea3372770d8ef2,"OPENING, PRODUCT_PITCH, HARD_REJECTION, OBJECTION_HANDLING, DEFENSIVE_POSTURE",0.9,True,"Greeting present, agent pitches benefits/tests, customer explicitly refuses ('not taking no test'), and agent attempts to persist."
9507d789fbe24b99ac26b7a396e8af5336512235_transcript,medicare_inbound.zip,medicare,inbound,b8c2fe4aa15717637ff944314b960fcc50a1ab9c1b4d56c64d4ae888d116a5b0,"OPENING, NEEDS_ANALYSIS, PRODUCT_PITCH, SUCCESSFUL_SALE",0.9,True,"Contains greeting, gathering pet details, offering a bath service, and confirming a booking for tomorrow."
d35cf8a31d3445f1aadb3861938cb5d3_transcript,automotive_inbound.zip,automotive,inbound,f3193b42e20156a5401d2a22a0135a000076b82dc24ed7943351c9c84ffff09b,"OPENING, NEEDS_ANALYSIS, FEE_DISCUSSION, WARM_LEAD",0.85,True,"Greeting present, agent asks for vehicle specifics, customer discusses payment terms and transfer fees, showing high intent."
a13bd38466a249aaad023f0b15e7c9b6_transcript,medicare_inbound.zip,medicare,inbound,63fc0c74dc3cedf35fa15e3bf450a2e81fb5e301b83806f4e83e81e77c0c88e2,"OPENING, NEEDS_ANALYSIS, SUCCESSFUL_SALE, ACTIVE_LISTENING",0.9,True,"Greeting present, agent collects patient info and reason for visit, schedules appointment, and confirms details."
6d7dc0b9ac4644fd86bf5157c721d92d_transcript,medicare_inbound.zip,medicare,inbound,119d232e0dd354d27f54bd4a86376c6753cc20c410a17232270d849cf9d2340d,"OPENING, NEEDS_ANALYSIS, PASSIVE_AGREEMENT",0.7,True,"Greeting present, agent checks status of grooming, and customer passively agrees to wait on hold."
5b4ccc2f532a42b4b0b2343d2936414b_transcript,home_ervice_inbound&telecom _outbound.zip,home_service_telecom,outbound,1d463196306bcf0fb2d8b2504b88f3d25e45d288496ccc29a371d4562b4b969c,"OPENING, NEEDS_ANALYSIS, FEE_DISCUSSION, WARM_LEAD",0.9,True,"Greeting present, agent asks detailed vehicle questions, customer asks about cost, and shows clear intent to purchase."
41ce93de7b7e4d1f9b69dd091f631cf6_transcript,home_ervice_inbound&telecom _outbound.zip,home_service_telecom,outbound,2c91ca39983d709d619b342c6699b837a542363c18b9bd2ca083c23fb455d971,"OPENING, NEEDS_ANALYSIS, SOFT_REJECTION",0.9,True,"Contains a greeting, agent gathering location and contact details to check service eligibility, and customer ending the call to find information later."
bb62aaf51c0b484b925c752bc8ce7715 (2)_transcript,automotive_inbound.zip,automotive,inbound,7dc8daf7588be629bf9a318cecc4252a5c6637b718930ac33addfaf2e9cd9133,"OPENING, PRODUCT_PITCH, CURIOUS_EXPLORATION",0.8,True,"Includes an opening greeting, automated pitches for specific vehicle models and efficiency, and the customer asking for clarification on the company commitment."
d39a9a7285104e64b195365870e3e3a1_transcript,home_ervice_inbound&telecom _outbound.zip,home_service_telecom,outbound,4f76ab0bebc6f8b1037a6c5b3cbf533ba824c4a05f13eea49850aeecd9dfadaa,"OPENING, PRODUCT_PITCH, NEEDS_ANALYSIS",0.9,True,"Features an opening, a pitch for various glass services, and the agent asking specific questions about window panes to determine the scope of work."
6efa797d46954cae8e7cc42b61925cdb_transcript,medicare_inbound.zip,medicare,inbound,b5f7986da1885f45b56da7277028b1b4ad4c332057d03fe6d461fc7aaa9ade49,"OPENING, NEEDS_ANALYSIS, MISUNDERSTANDING",0.85,True,"Includes a greeting, gathering of insurance and patient information, and a moment where the customer does not understand the insurance terminology used."
112ab4b4abec43379115af360edd4ce2_transcript,medicare_inbound.zip,medicare,inbound,3d361cac25d2fa0975f20f72e4c2260c730000b171f07c7e0bc36013557df3b2,"OPENING, NEEDS_ANALYSIS, ACTIVE_LISTENING",0.9,True,"Contains an opening, the agent analyzing the patient's post-procedure symptoms, and the agent repeating details back to the patient to confirm."
2b150037068e44a79b5094d5082bcf40_transcript,automotive_inbound.zip,automotive,inbound,596824b2a6183356c89c105d5bdde3e4fc3cf2c96ea40b06183129f234619e98,"OPENING, NEEDS_ANALYSIS, WARM_LEAD",0.9,True,"Contains a greeting, agent collects personal information to determine car qualification, and the customer is actively seeking a purchase."
6e59c341afb04a53ba263f3ba5e116aa_transcript,home_service_inbound.zip,home_service_telecom,inbound,5099b21e4d6f9b79341338f622f6fd0b80f6a63a0716f6d194ce70efa11d9594,"OPENING, FOLLOW_UP_EMAIL_REQUESTED, FEE_DISCUSSION",0.95,True,"Includes a greeting, a specific request for an email, and a discussion regarding pricing and payment information."
f8d50a2f299141c4bb17fb175921c9ea36342590_transcript,medicare_inbound.zip,medicare,inbound,776306df9a7eb94c9f0788c145da81953bdf8ac10aefe352763b8f1f2e7ed041,"OPENING, PRODUCT_PITCH, PASSIVE_AGREEMENT",0.7,False,Brief opening interaction followed by an extensive automated pitch for pet resort services; customer agrees to be put on hold.
d18f010bb9a4403898ec2fa8c1f63999_transcript,automotive_inbound.zip,automotive,inbound,44186aadab20b5570d574cf2493ba8eb4f5d0a8261043576efedb28948e546c6,"OPENING, FEE_DISCUSSION, NEEDS_ANALYSIS, CLOSING_NEGOTIATION",0.9,True,"Greeting present; agent and customer discuss taxes, down payments, and monthly payment levels to finalize a car deal."
b4b32e8f8e7a4900aaa4ce0b2d5e5774_transcript,medicare_inbound.zip,medicare,inbound,0f43956f7b9b09409321bd4c76f0c0a34aca9cc938495c412455b220f9c225e5,"OPENING, NEEDS_ANALYSIS, ACTIVE_LISTENING",0.85,True,Greeting present; agent collects account details and confirms changes to the customer's profile using active listening cues.
60ebdb97bc92467f8545938e988d9f1c36388893_transcript,medicare_inbound.zip,medicare,inbound,05049a2c89fd202f095665131c7f5e399d74686cb7b94dac8921bc6ddd55fc97,"OPENING, NEEDS_ANALYSIS, CURIOUS_EXPLORATION",0.8,True,"Contains a greeting, agent gathering details about the pet's condition, and customer questioning what the pet was fed."
eb52f7e00e8442b097cbe623ded056c6_transcript,home_service_inbound.zip,home_service_telecom,inbound,b7ea67460e807f58ae335923782f685b954507f26c49fc685ebcbd3068b6a194,"OPENING, NEEDS_ANALYSIS, FEE_DISCUSSION, PRODUCT_PITCH",0.9,True,"Includes greeting, gathering customer location, mentioning potential fees, and pitching a partner company for a quote/appointment."
89fa7baf46a343b78209431a4a662feb_transcript,medicare_inbound.zip,medicare,inbound,615e9380ec5687629ebb2d37f175e98da3d718aa209b37180f3c6b7c4817eea8,"OPENING, NEEDS_ANALYSIS, SUCCESSFUL_SALE",0.9,True,"Greeting is present, agent collects extensive personal and insurance data, and an appointment is successfully scheduled."
332305250029368long_transcript,automotive_inbound.zip,automotive,inbound,f1346f8252d5e23cf5842340571b312782ae2dd0fc8cc797163c13612f45c45e,"OPENING, NEEDS_ANALYSIS, PRODUCT_PITCH",0.8,True,"Greeting is present, agent asks about the specific car model desired, and presents available Lexus SUV options."
448e6d84ab484fc1bd4e504cd7040f01_transcript,home_service_inbound.zip,home_service_telecom,inbound,e0fb0783427b9fdd43c292f6f0d093d18f866cb97d97d6c339a1175d267f4865,"OPENING, FEE_DISCUSSION, NEEDS_ANALYSIS",0.9,True,"Greeting is present, customer explicitly asks for a cost estimate, and agent gathers info for a diagnostic."
9406372341_transcript,insurance_outbound.zip,insurance,outbound,09e735d40b33f3b9d836b64179a92c435f1f8f9116e4b4d0b29c5455713f4198,"OPENING, PRODUCT_PITCH, NEEDS_ANALYSIS, FEE_DISCUSSION",0.95,True,"Agent greets the customer, pitches Medicare upgrades, asks about eligibility and benefits, and mentions premiums/costs."
2020-09-14-16-30-10_c1e6696f-16ae-4287-b823-bcf897c2bb6f_v2zPAyVc68H_hTjHUr77BNXmYLIPKLM-2J2yr-D1QjT4cS7J2ZHzHfBg_transcript,auto_insurance_customer_service_inbound.zip,insurance,inbound,ca2c603d178dffc9076028d23f397080310726b5ce3073f1e0b83edc17333547,"OPENING, NEEDS_ANALYSIS, FEE_DISCUSSION",0.9,True,"Agent greets the customer and performs a detailed needs analysis, including asking about the current insurance provider and payment amounts."
3acf22de2911437da3c77c29196cca4534960456_transcript,medicare_inbound.zip,medicare,inbound,1002908f1ab392d9c0f7271f8983bff69be9bdfd8090f63e47e873a30becdcb3,"OPENING, NEEDS_ANALYSIS",0.7,False,Contains a greeting and an attempt to analyze the situation regarding a printer installation ticket.
c01a5be741824e8bb899859530bd8fb7_transcript,medicare_inbound.zip,medicare,inbound,f9433a7b449c15f3d662aae160d1268be26de751fa646a6b762814267b73dc59,"OPENING, NEEDS_ANALYSIS, PRODUCT_PITCH, FEE_DISCUSSION",0.95,True,"Agent greets the customer, analyzes boarding needs, pitches different suite options, and discusses specific nightly rates."
332305140030250long_transcript,medicare_inbound.zip,medicare,inbound,ff50d6a0c68f3b42545228658b826341badb0055883f3f8f617ee6bc55d8140c,"OPENING, NEEDS_ANALYSIS, PRODUCT_PITCH",0.85,True,"Agent greets the customer, analyzes the dental needs for the son, and presents available appointment slots as the service offering."
82cf83751f74459e8bab38aee561de72_transcript,home_ervice_inbound&telecom _outbound.zip,home_service_telecom,outbound,7ea74c9398f9ec3712c74062edc8de4c0771049c0ada4fcb6389cd0ba3cc5968,"OPENING, NEEDS_ANALYSIS, ACTIVE_LISTENING",0.9,True,Contains a greeting and the agent collects customer information and listens to a complaint to facilitate a corporate follow-up.
1caf74a739ba44b3aa19025ccec88e7f_transcript,automotive_inbound.zip,automotive,inbound,57834fdb5135a4796a6de5b4061704a93d19baad86a942fc173ec797c40f7344,"OPENING, OBJECTION_HANDLING, SOFT_REJECTION, CURIOUS_EXPLORATION",0.85,True,"Greeting present; customer initially resists working with a different agent, which the agent successfully handles."
89da5aeb36b94f91b7b74e3f6576845d_transcript,medicare_inbound.zip,medicare,inbound,5601cb0d5ed1919c231b4166fd82e27a36eca4c6c899118f5dfbd4201c7c9dad,"OPENING, NEEDS_ANALYSIS, DEFENSIVE_POSTURE, MISUNDERSTANDING",0.8,True,Greeting present; agent verifies identity; customer becomes defensive regarding missing profile information and confused about the office's role.
DMEMED_rmbpo19_20211117-173201_4343762713_4710663-all_transcript,medical_equipment_outbound.zip,medical_equipment,outbound,c80e97c109cfb1cff8c0096f0837e914aee3f7ec408e9c77d74b49a0711a9b8a,"OPENING, PRODUCT_PITCH, NEEDS_ANALYSIS, WARM_LEAD",0.95,True,Outbound greeting followed by a pitch for Medicare coverage and a screening process for medical eligibility.
95beb3a9f076479cb07b639a4dce0b43_transcript,automotive_inbound.zip,automotive,inbound,3082bcd807c82f5e717c34e5cfa5fdee93b2f9d5faebad214ef0eff9101113d7,"OPENING, FEE_DISCUSSION, NEEDS_ANALYSIS, CURIOUS_EXPLORATION",0.9,True,"Greeting present; customer inquires about tire deals and pricing, and agent asks for specific tire sizes."
3f7d64c5264f436385d56181494504ae_transcript,automotive_inbound.zip,automotive,inbound,a306a4183c87113f5b7ac831cfdd9f0caf1ff456b89a72bfee31e53c5ebe0851,"OPENING, PRODUCT_PITCH, NEEDS_ANALYSIS, CURIOUS_EXPLORATION",0.9,True,"Contains greeting, a pitch for insurance services, agent asking about the specific car model, and customer inquiring about blind spot features."
DMEMED_rmbpo19_20211110-142442_9197360529_4702447-all_transcript,medical_equipment_outbound.zip,medical_equipment,outbound,4e5970fec67cce1574f2c989d2b71b03ca057fdb7790e696c4bb471e78bbdac7,"OPENING, PRODUCT_PITCH, NEEDS_ANALYSIS, WARM_LEAD",0.95,True,"Includes greeting, offer of no-cost benefits, extensive questioning about medical conditions and personal details, and a cooperative customer."
8c462c45713747898eb074fd0cdf01d4_transcript,home_service_inbound.zip,home_service_telecom,inbound,39e2bee1f14b31d6e85456b17fbac6570c579c34cbab6b3569a090b76109176d,"OPENING, NEEDS_ANALYSIS, PRODUCT_PITCH, CURIOUS_EXPLORATION",0.85,True,Greeting present; agent analyzes the window issue and pitches additional services like screens and mirrors while the customer explores options.
cd20483be9dd455fb6b3568231fd3a00_transcript,automotive_inbound.zip,automotive,inbound,9a2b8f325057740e4438cb77168c58afea5ac547e146bf04d2cde0e77d65e8c3,"OPENING, FOLLOW_UP_EMAIL_REQUESTED, NEEDS_ANALYSIS, ACTIVE_LISTENING",0.9,True,Greeting present; customer explicitly requests an email; agent asks for identifying details and repeats the email address for accuracy.
332305220028887long_transcript,automotive_inbound.zip,automotive,inbound,ed1a5357c310b804f99a9bd0065f67aa7e31b77532a1b3100ab4f9f213128f34,"OPENING, NEEDS_ANALYSIS, PRODUCT_PITCH, CURIOUS_EXPLORATION",0.8,True,Greeting present; agent asks about mileage and suggests buy-out options; customer discusses desired features for a future vehicle.
763d05e557784e458f282625e110a776_transcript,medicare_inbound.zip,medicare,inbound,497eea62c76dcb3ac5121158c3e2a5d232887d8a858f2963b69dc5c456badf19,"OPENING, NEEDS_ANALYSIS, PRODUCT_PITCH",0.9,True,"Contains a greeting, agent asks for dates and account details, and presents different boarding packages (Bronze, Silver, Gold)."
48fedd91b942425fb9826573faf3b60a (2)_transcript,home_service_inbound.zip,home_service_telecom,inbound,dc2f4f6e9ce888be003b14e44f5a974f53ff82f52609e170091262abb4faf800,"OPENING, PRODUCT_PITCH, FEE_DISCUSSION, SOFT_REJECTION",0.95,True,"Greeting present, agent provides a quote for glass repair with a specific price, and the customer declines to schedule immediately."
843ccd168bc14c21974df3fa2d69a478_transcript,automotive_inbound.zip,automotive,inbound,2dc5104eeba974ca5beb74d0c4b24556b910730bae229f39fbe973fa1dfa531d,"OPENING, NEEDS_ANALYSIS, CLOSING_NEGOTIATION",0.85,True,"Greeting present, agent asks about vehicle mileage and interests, and attempts to secure an appointment for a trade appraisal."
c5df9998a29c4791902c3aa6c3b3e3e92292699_transcript,medicare_inbound.zip,medicare,inbound,e54aaea88c4a5934d2755fb755989e170c1318e609d3498132c7b7f5c8f7cb59,"OPENING, NEEDS_ANALYSIS, OBJECTION_HANDLING",0.8,True,"Greeting present, agent asks about preferred dates and insurance, and tries to find alternative slots when the requested time is unavailable."
_7702729779-SAVI_(2)_transcript,home_ervice_inbound&telecom _outbound.zip,home_service_telecom,outbound,25342f1f8721e2bf2fdb2f36576805c660b726d21534d172366c781954b7f3a4,"OPENING, NEEDS_ANALYSIS, PRODUCT_PITCH, FEE_DISCUSSION",0.9,True,"Greeting present, agent verifies business details, pitches fiber optic upgrades, and mentions reduced pricing."
dbe98fac282b40ed8d7f21652bc22ae5 (2)_transcript,home_service_inbound.zip,home_service_telecom,inbound,d56d58ff931922961914ecc2778b2fe8a3f1a21d7156446eb88dc762f9309353,"OPENING, NEEDS_ANALYSIS, WARM_LEAD",0.9,True,"Contains greeting, agent asks for the problem to identify the need, and the customer is actively seeking help."
e21be3902a7e466fbbb19c83c351b25e (4)_transcript,home_service_inbound.zip,home_service_telecom,inbound,553ffa298729b694c1393043c4e0f26faff79164e355f37402747b7f63640378,"OPENING, NEEDS_ANALYSIS, FEE_DISCUSSION, WARM_LEAD",0.95,True,"Includes greeting, qualification questions about the home, mention of potential fees, and a customer seeking a specific service."
7707845606_transcript,insurance_outbound.zip,insurance,outbound,3a3f17ff83515906eae12976e75cfe018a3da18bae3f6b8abd3f68b9572d343c,"OPENING, PRODUCT_PITCH, NEEDS_ANALYSIS, FEE_DISCUSSION, PASSIVE_AGREEMENT",0.95,True,"Agent opens the call, pitches a Medicare upgrade, asks eligibility questions, discusses zero cost, and customer agrees passively."
ebb8253ccdc244d68d60621b742d1667_transcript,medicare_inbound.zip,medicare,inbound,c9f70b2947a5611fde23f72b1c1191f8fdf5455502eef5c6063bf5c56b8a274c,"OPENING, NEEDS_ANALYSIS, SUCCESSFUL_SALE, WARM_LEAD",0.9,True,"Greeting is present, agent analyzes insurance/patient status, and an appointment is successfully scheduled."
f906185811604e5ebe7e0fedb6fbac46 (1)_transcript,home_service_inbound.zip,home_service_telecom,inbound,3c145ddc63d4aa0aa7c9875f1311f4bd106963274a185fcbca9e5f57033b9208,"OPENING, CURIOUS_EXPLORATION, NEEDS_ANALYSIS, WARM_LEAD",0.85,True,"Greeting is present, customer asks specific questions about product styles, and agent gathers info for a lead referral."
c24ea81aa3fd4a1db1e1e13ee9ab610a_transcript,medicare_inbound.zip,medicare,inbound,f24e83c3fc7955f74d915bcae914222928ee38e9ec71eafe543ae91177d4b34b,"OPENING, NEEDS_ANALYSIS, CURIOUS_EXPLORATION, ACTIVE_LISTENING",0.9,True,"Contains a greeting, agent asks about insurance and patient status (needs analysis), and customer is inquiring about appointment availability."
a17917a500dd45c9b8f6b58ab619b992_transcript,medicare_inbound.zip,medicare,inbound,a590af797d86e77f445118f3e350870aebd53519cbfd2116686546cb337e3bf2,"OPENING, NEEDS_ANALYSIS, PASSIVE_AGREEMENT, ACTIVE_LISTENING",0.85,True,"Greeting is present; agent collects identifying information (needs analysis) to cancel an appointment, and the customer complies."
4dc8b5441083499a8376c09a196e6c08_transcript,medicare_inbound.zip,medicare,inbound,5cfb4f0c4ef3ae97c2431d856c99a1780232d20f53dbbf75f16d28368aeae265,"OPENING, NEEDS_ANALYSIS, PRODUCT_PITCH, ACTIVE_LISTENING",0.9,True,Greeting present; agent analyzes the medical issue (swelling/numbness) and pitches an evaluation appointment service.
b301a845b56348e79d1fd8d250874cdc_transcript,home_service_inbound.zip,home_service_telecom,inbound,addd9f0cdf25e129f808e24cdffadc8582a3428036252fe29def30c731e0274e,"OPENING, NEEDS_ANALYSIS, PRODUCT_PITCH, SUCCESSFUL_SALE, FOLLOW_UP_EMAIL_REQUESTED",0.95,True,"Greeting present; agent analyzes the pest issue, pitches a free consultation, secures a commitment (sale), and requests an email for the proposal."
ae8fe0a2dc334507aafc3b9a8935d7e4_transcript,home_ervice_inbound&telecom _outbound.zip,home_service_telecom,outbound,545dddb02b882fddd81b921bd6cb66453a6e005fd830c577907a3f65bb04b34a,"OPENING, FEE_DISCUSSION, STALLING_FOR_TIME, NEEDS_ANALYSIS",0.85,True,"Greeting present; agent discusses deposits (fee), checks order details (needs analysis), and customer stalls to consult a spouse."
d67f48b9218141b3abb817d3a8587a9b_transcript,home_service_inbound.zip,home_service_telecom,inbound,a752eac3f7cc97a3d3c36d2e0f101740cfafd249c5772c1f8bfd3655e92c79b3,"OPENING, NEEDS_ANALYSIS, ACTIVE_LISTENING",0.9,True,"Contains a greeting, detailed questioning about the appliance issue and customer info, and empathetic responses from the agent."
7ef79af6ba35496bb02b3192b332c788_transcript,medicare_inbound.zip,medicare,inbound,a0a2273463e1fcc7702d2216ef91fb9a700e1bd1f6a1851b38720ea05b268310,"OPENING, PRODUCT_PITCH",0.8,True,Includes an IVR opening and recorded promotional pitches for medical treatments and services during the hold period.
209cdcbef5a742f8b780875e2e2e480f_(1)_transcript,home_service_inbound.zip,home_service_telecom,inbound,ca9541488104c9f7c431f10858deaa0e697f9e7948f77355ee6ae214ff9c7d3b,"OPENING, NEEDS_ANALYSIS, FEE_DISCUSSION",0.9,True,"Greeting is present, agent analyzes the emergency situation, and explicitly mentions a service fee for weekend calls."
1a4421f1c6904a2ba8d50e8a39f7180c_transcript,medicare_inbound.zip,medicare,inbound,6bbf83aa05501f108d9f4534faccb8521c633a1b6366821233e2147005661a10,"OPENING, NEEDS_ANALYSIS, SUCCESSFUL_SALE",0.9,True,"Greeting present, agent collects patient details and successfully schedules a confirmed appointment."
332305250033008long_transcript,automotive_inbound.zip,automotive,inbound,909920eb92dd9333de244ec13d191d886c8e0db2bae10344f141c8ccadbae57e,"OPENING, PRODUCT_PITCH, WARM_LEAD",0.9,True,"Greeting present, customer expresses clear interest in a vehicle, and agent pitches a sales event and trade-in offer."
22d9dd6819704dd5aeeb0016b9377d47_transcript,medicare_inbound.zip,medicare,inbound,d4a4196603826e593c30b3e52fabb8d58ae225c0a051324d0340fdc8f9114143,"OPENING, NEEDS_ANALYSIS, ACTIVE_LISTENING",0.9,True,"Contains a greeting, agent asks for identifying information to locate a referral, and listens to the customer's medical concerns."
2020-10-01-20-35-37_00a96271-7329-4f5a-8dce-2d5ad87627b9_v2lGCuHKffiPvJe37x_J4teq1cgzzsOeVpDmhc8ZEt6yXQaE9iCzFy_g_transcript,auto_insurance_customer_service_inbound.zip,insurance,inbound,cb4604fa05a945b05939114be4c3a1e3acd6596175463a582ee8cedcd2219e22,"OPENING, SOFT_REJECTION, OBJECTION_HANDLING, NEEDS_ANALYSIS, PASSIVE_AGREEMENT",0.95,True,"Agent opens the call; customer expresses lack of interest, agent handles the objection with a free quote, and then collects qualifying data."
e85091054c834741956d69137fc632ff36718271_transcript,medicare_inbound.zip,medicare,inbound,0a3c63c8614ae5d64958d99681caa8d91c596960833e12d6100030cc3456691b,"OPENING, NEEDS_ANALYSIS, PASSIVE_AGREEMENT",0.85,True,"Greeting is present, agent asks for pet and owner details to check availability, and customer agrees to the suggested date."
2021-08-30-15-28-12_6f6d96b7-3b27-4697-ba09-5ab6db51c1fe_RGBC63D25E184CBA41F7C6769FD80043C01604F1152YWXHH01_transcript,automotive_and_healthcare_insurance_inbound.zip,insurance,inbound,23789d8e642bb6a54b678464eab21b755a31743099a26cb813736eb4943eff4e,"OPENING, CURIOUS_EXPLORATION, NEEDS_ANALYSIS",0.9,True,"Call starts with a greeting; customer asks about specific Medicare benefits, and agent asks qualifying questions about current enrollment."
recording-public_1031_transcript,customer_service_general_inbound.zip,customer_service,inbound,da36c52edb43bb9b0abeaee8bd3631f3cef8b55e65a80fa0607d578ad0f1f122,"OPENING, NEEDS_ANALYSIS, PRODUCT_PITCH, FEE_DISCUSSION, PASSIVE_AGREEMENT",0.95,True,"Greeting present, agent qualifies the customer, pitches a final expense plan, discusses monthly premium costs, and customer agrees to the price."
2020-07-02-16-27-22_50e89ff8-8fae-4ae9-97e6-ba2c4d97a684_v2y8bZpGYoCnRY0-Ckxlj0c-9iSrzmyW3UEDcyhwF1MJrHN7RcMYPqYQ_transcript,auto_insurance_customer_service_inbound.zip,insurance,inbound,15cdf832d2fbdb48c0a79e894cbd096c0dc1c05e07961cdcbc5dd7fcff3b2d7c,"OPENING, PRODUCT_PITCH, NEEDS_ANALYSIS, SOFT_REJECTION, OBJECTION_HANDLING",0.9,True,"Agent greets, pitches insurance savings, asks about current coverage, and handles the customer's skepticism about the potential for better rates."
6515bc24175a45aa976a959065706989_transcript,medicare_inbound.zip,medicare,inbound,9be3906f05994ce8e482740323cc23f758ce1c350a8559e6b7ae0a74a9c53363,"OPENING, NEEDS_ANALYSIS, PASSIVE_AGREEMENT",0.8,True,Agent greets the customer and asks for specific details regarding the dental appointment to facilitate a reschedule.
b883156ad78b419a952cfecc3479da1d_transcript,home_service_inbound.zip,home_service_telecom,inbound,eb9eae6fcb06f7964a58850648b59f7ac64553f5450fe8a3f774b4ae4efe3f12,"OPENING, NEEDS_ANALYSIS, PASSIVE_AGREEMENT",0.9,True,Agent greets the customer and collects necessary contact and location information to schedule a sewer camera inspection.
9103331101_transcript,insurance_outbound.zip,insurance,outbound,d6cd47380fd883a3c1d4a0ebf3d50945641c3561bc04aa76dd2041a53af8d834,"OPENING, PRODUCT_PITCH, HARD_REJECTION, OBJECTION_HANDLING, DO_NOT_CALL_REQUEST",0.95,True,Agent pitches Medicare benefits; customer explicitly rejects the offer and requests to be removed from the calling list.
86af367410454cd094485b1bf5aa8cf5_transcript,home_service_inbound.zip,home_service_telecom,inbound,0aecfcedfe0f8d9bef884e5acf3484fd8ebfe2f7c44eb8fd754ca43d079e5669,"OPENING, NEEDS_ANALYSIS, FEE_DISCUSSION",0.85,True,"Agent greets the customer, who is seeking a ballpark estimate (fee discussion) and provides identifying information (needs analysis)."
332305170002681long_transcript,medicare_inbound.zip,medicare,inbound,c88d79619b6b74157f34357e251ea3edf0e2c3d77c994da52fa91427afb3fb11,"OPENING, NEEDS_ANALYSIS, ACTIVE_LISTENING",0.9,True,Contains a greeting and the agent asks for patient details and history to determine the appointment needs.
1e07a320802b44c795fb4d3863fd723a_transcript,automotive_inbound.zip,automotive,inbound,912885124b8aae308fb46a244d9324859c1939a00612093ae945e4ffa79f819f,"OPENING, NEEDS_ANALYSIS, PASSIVE_AGREEMENT",0.9,True,Greeting is present; agent collects vehicle and contact information to facilitate rescheduling the appointment.
f198c6dff69643e0a5228f5c7088e3f136379613_transcript,medicare_inbound.zip,medicare,inbound,23a145fa227d125af924349add770b6dddeabe52d66641c9c17d91f14338240b,"OPENING, PASSIVE_AGREEMENT, ACTIVE_LISTENING",0.85,True,Greeting is present; customer is checking on a pet and agrees with the status update provided by the agent.
7312205093_transcript,insurance_outbound.zip,insurance,outbound,38e90cded0bee7401ce714c9dd2da4218d63b82269593ceff3bfb974e13cd4b0,"OPENING, PRODUCT_PITCH, NEEDS_ANALYSIS, PASSIVE_AGREEMENT",0.95,True,Greeting present; agent pitches Medicare benefit upgrades and asks eligibility and demographic questions.
2664396ce5744a5ba3988d3491db17f936379607_transcript,medicare_inbound.zip,medicare,inbound,3940f63011d8338315ccf53788e23d84818a3e8d072521b5b49b74e257c07d91,"OPENING, PRODUCT_PITCH, FEE_DISCUSSION, CURIOUS_EXPLORATION, SOFT_REJECTION",0.9,True,Greeting present; agent pitches boarding packages and discusses costs; customer expresses surprise and slight resistance to the pricing.
a0dbd78f11154292a8376bfc14ef6e18_transcript,home_ervice_inbound&telecom _outbound.zip,home_service_telecom,outbound,4753d002a97c70a3a1de4ddd86c90ebc54b5551f35b518a301c8a23a83b64bc5,"OPENING, NEEDS_ANALYSIS, SUCCESSFUL_SALE",0.9,True,"Contains greeting, agent collects customer details and address, and successfully schedules a service visit."
2020-09-15-14-48-36_54f2ebea-6e1f-4e3a-8e80-5c562c5064bb_v2Z9AV-HluBPODzv44A3hoKRUvOD2C1ANNMEbjIFCbZHduvC91jHsVpA_transcript,auto_insurance_customer_service_inbound.zip,insurance,inbound,cfbc989974cc33a37d7bf9a537edcb6702d4d30fe0cc24f3f04bdd7194a4ed97,"OPENING, NEEDS_ANALYSIS",0.95,True,Includes opening greeting and agent verifying customer identity and current insurance provider for rate comparison.
a558bc9d3afa493f84b75c2b18d2652a_transcript,automotive_inbound.zip,automotive,inbound,0a34121983969f62de7887d7292575538cb14e6fd91873da5afed9e758912c38,"OPENING, NEEDS_ANALYSIS, FEE_DISCUSSION, CURIOUS_EXPLORATION",0.85,True,"Greeting present; agent and customer discuss vehicle condition, trade-in values, and interest rates."
30336106387249238a19de5345e3a89b_transcript,medicare_inbound.zip,medicare,inbound,42e8d06cc77f3dbac4663f58822b5ec42aa6b4a9c38dd10bb4ff9436b9c2456a,"OPENING, NEEDS_ANALYSIS, SUCCESSFUL_SALE",0.8,True,Greeting present; agent analyzes pet grooming needs and health requirements to initiate a booking request.
8c5dd6adad3f4cc1bd58067eab093905_transcript,home_service_inbound.zip,home_service_telecom,inbound,34b33423da8efca565bc199dbf4778739552df3285a67cc1c0ea9cfef5ef1145,"OPENING, NEEDS_ANALYSIS, PRODUCT_PITCH, SUCCESSFUL_SALE",0.9,True,"Greeting present; agent analyzes the leak, suggests a new sink installation over repair, and agrees to schedule."
2020-09-30-21-00-35_df6b61dd-2a9c-4899-a9d6-88ac7bdfd233_v2CKRrcvnzc3QLaPu3hDI9RM0sLmgFv5wrVuf-NNaUudLWGvMQYm-kBg_transcript,auto_insurance_customer_service_inbound.zip,insurance,inbound,e1464bd8141abc00c7eb20ade28cc6a40f6b8ea527b923dd06ca9fda6ce8dd03,"OPENING, NEEDS_ANALYSIS, FEE_DISCUSSION, PRODUCT_PITCH",0.95,True,"Agent greets customer, collects personal and insurance details, asks about current monthly payments, and pitches a home and auto bundle."
9bc6af3371434d0982dba94412795a0c_transcript,home_ervice_inbound&telecom _outbound.zip,home_service_telecom,outbound,43c8407cf25fe029b1e03fb5b892dd5fa1f312476a51725075ed810763f3c96e,"OPENING, FEE_DISCUSSION, CURIOUS_EXPLORATION",0.85,True,Call starts with a greeting; customer explores booking an appointment and the agent confirms a specific quote amount.
dbb6ee25d75f42cc9d29e291ef7560f5_transcript,home_ervice_inbound&telecom _outbound.zip,home_service_telecom,outbound,aae146ecce0df70910e85456e3655c5cb0b3ffc6ca9670a093690579276e2d85,"OPENING, NEEDS_ANALYSIS, ACTIVE_LISTENING",0.9,True,"Agent opens the call, gathers customer information and confirms the specific issue with the water line before transferring."
332305110047374long_transcript,automotive_inbound.zip,automotive,inbound,06fb6cad8f46c8abe8ed6100e3931c713a7d1b15a7c1c08f6e70f0448b72bbb9,"OPENING, PRODUCT_PITCH, FEE_DISCUSSION, CURIOUS_EXPLORATION",0.95,True,"Agent greets customer; customer asks about pricing for a specific car model, and agent pitches higher trims and AWD options."
18c28f2622c54b4fb6c714bec9c50f47_transcript,medicare_inbound.zip,medicare,inbound,84d08838d9a94d4801f1e3fc734089a8875df0ece519cc474642b2cc30ef27d3,"OPENING, NEEDS_ANALYSIS, PRODUCT_PITCH, FEE_DISCUSSION",0.95,True,"Agent greets customer, asks about previous visits, explains the required exam process, and provides specific pricing for first-time clients."
812a68e2251940c3a22c359683a7045a_(2)_transcript,home_service_inbound.zip,home_service_telecom,inbound,c974cdf48e76d79cd6d035998efeb472fa468055004560d543b363284776d83d,"OPENING, NEEDS_ANALYSIS, FEE_DISCUSSION, CURIOUS_EXPLORATION",0.9,True,"Contains greeting, agent asking for customer details/location, discussion of diagnostic fees, and customer inquiring about rates."
8fdf577b8fdb46da89af973587a4823e36277553_transcript,medicare_inbound.zip,medicare,inbound,18e538f2de045e535ef5c826b8f64a2f1a4981b75476fa4bfbf8ba3d6ab87671,"OPENING, NEEDS_ANALYSIS, FEE_DISCUSSION, CURIOUS_EXPLORATION",0.9,True,"Includes greeting, agent checking patient history and insurance, discussion of emergency visit costs, and customer asking for availability."
0d4beddeb1f047c597b9d44c145c8aa1_transcript,automotive_and_healthcare_insurance_inbound.zip,insurance,inbound,bbe5393f22a37f11ff60bac575d28883033f31d1904f793656ae0fe9b2ff61d2,"OPENING, PRODUCT_PITCH, OBJECTION_HANDLING, SOFT_REJECTION",0.85,True,Greeting present; agent pitches a car upgrade; customer resists based on current deal; agent attempts to handle the objection.
recording-public_1184_transcript,customer_service_general_inbound.zip,customer_service,inbound,f803193dd9601a1ebf4a21bc7cc95e22fc21c0aace29b723972f12583acf0b6f,"OPENING, NEEDS_ANALYSIS, CURIOUS_EXPLORATION, PASSIVE_AGREEMENT",0.8,True,Greeting present; agent asks about existing insurance policies to determine needs; customer agrees to the process and expresses interest.
0dd3307ad89d4778a13222059a3e177b_transcript,automotive_inbound.zip,automotive,inbound,a4d522908adea883cffc73c79adafeff67f9ec8d22a34681ae9806b72b86f07f,"OPENING, PRODUCT_PITCH, FEE_DISCUSSION, CURIOUS_EXPLORATION",0.9,True,Greeting present; agent confirms car availability (pitch); customer asks about price flexibility and payment methods.
8a5df62eb818407d972de4ba91f8a0cf_transcript,home_ervice_inbound&telecom _outbound.zip,home_service_telecom,outbound,4eb93b497cbf9cea8b656965790663cb87ad017704b21f555777a0227bc93b0d,"OPENING, NEEDS_ANALYSIS, FEE_DISCUSSION, SUCCESSFUL_SALE",0.95,True,"Call includes greeting, assessment of windshield damage, pricing for repair, and scheduling a confirmed appointment."
2e646b41c5844d1b98e3e3a1fceadb33_transcript,automotive_and_healthcare_insurance_inbound.zip,insurance,inbound,d7662e1d94525174b79b9a2a23ae6581157fd6605077167172df269eda3ea905,"OPENING, NEEDS_ANALYSIS, CURIOUS_EXPLORATION, WARM_LEAD",0.9,True,"Greeting present; agent and customer discuss specific vehicle details and trade-ins, showing high interest in purchase."
recording-public_1188_transcript,customer_service_general_inbound.zip,customer_service,inbound,cb9df0f5fd64d1b780aba8ddc55ad780e60f77e9e65ee0df836da73f05632551,"OPENING, NEEDS_ANALYSIS, FEE_DISCUSSION, OBJECTION_HANDLING",0.9,True,Greeting present; agent analyzes burial needs and corrects customer's misconception about state grants for insurance.
3cc80d96ce8e443ab3a2ab14601815cc_transcript,automotive_inbound.zip,automotive,inbound,54232b054cd2a500d6cbeb63cb665a695cf0b13ab5a96648fc0e349f29870894,"OPENING, FEE_DISCUSSION, NEEDS_ANALYSIS, CURIOUS_EXPLORATION",0.85,True,Greeting present; customer inquires about lease buyout price and agent asks for mileage to determine cost.
a2f73ec1bd2c482d8088ecb5ebc9e754_transcript,medicare_inbound.zip,medicare,inbound,7868127b3558c3035bc10fbafbf7457a59c48e2b5ac5c9e6c298a7ef7852618c,"OPENING, FEE_DISCUSSION, NEEDS_ANALYSIS, SUCCESSFUL_SALE",0.8,True,Greeting present; agent identifies account balance and successfully processes a credit card payment.
a81d402106264b32a84d9e5e8722adad_transcript,medicare_inbound.zip,medicare,inbound,27af70fdc46511492fc074dddb523ad000c4c7bdbc7589e4a7635a268b802e76,"OPENING, NEEDS_ANALYSIS, ACTIVE_LISTENING",0.9,True,"Contains a greeting, agent asks for date of birth and visit history to verify status, and listens to the customer's request about dentures."
9406650708_transcript,insurance_outbound.zip,insurance,outbound,fc9a36fb7ce0f3351148652b08c4daf8e77aedb694b0ee4fbe7a0a356a6b7360,"OPENING, PRODUCT_PITCH, NEEDS_ANALYSIS, WARM_LEAD",0.95,True,Greeting present; agent pitches Medicare upgrades; asks about employment and current insurance; customer is cooperative and agrees to find their card.
5fcb83d1a882458d82664dc2b048e0d3_transcript,automotive_and_healthcare_insurance_inbound.zip,insurance,inbound,d0a8464a2343ee749145732c63a9adde4bf7ed1ec326a88c86a01d6ddddb65c2,"OPENING, NEEDS_ANALYSIS, FEE_DISCUSSION, CURIOUS_EXPLORATION",0.9,True,Greeting present; customer explores leasing options; agent asks about mileage and down payment; discussion of monthly payments and residual value.
31b9e683e15a44a18445a25e48d14005_transcript,home_service_inbound.zip,home_service_telecom,inbound,1426b872136365563a7a0e38eb04e58cd39659014282f69bda72d7e88e7cb42e,"OPENING, CURIOUS_EXPLORATION, ACTIVE_LISTENING",0.85,True,Greeting present; customer is inquiring about floor staining recommendations; agent actively searches for and provides a contact.
3d75afb9ef5d4f50b7f7e76291024002_transcript,automotive_and_healthcare_insurance_inbound.zip,insurance,inbound,0479319c167da4fe5f1bc5e36cf0c1e48e1181e8fbbef1577c2f432a277a1010,"OPENING, FEE_DISCUSSION, CLOSING_NEGOTIATION, SUCCESSFUL_SALE",0.95,True,Greeting present; detailed discussion of APR and trade-in costs; customer selects a specific option and agrees to come in and sign the contract.
92546ba6cb2c41be94281739fe3be444_transcript,medicare_inbound.zip,medicare,inbound,fc0a01efa3528ae503d625f1f9c372c160c2b786b8df5852faf1c7c8d20c9c7e,"OPENING, NEEDS_ANALYSIS, SOFT_REJECTION",0.9,True,"Contains a greeting, agent analyzes the pet's medical records and needs, and informs the customer that Saturday assessments are unavailable."
deaaa1e7e34b4de8b29ca292a6da5845_transcript,automotive_inbound.zip,automotive,inbound,1f103e3119449ee44f76be3098f9b3bdc220808da8f776d806efb99b44d2b8e6,"OPENING, OBJECTION_HANDLING, FEE_DISCUSSION, SOFT_REJECTION",0.9,True,"Includes greeting, initial rejection of service, handling of customer's resistance to towing, and discussion regarding costs under warranty."
630c7834adde410ba7b4bb69724152bf_transcript,medicare_inbound.zip,medicare,inbound,6552bd76d9d9132cd2ab6e3132edf87f5213e12f75ae0363324b4b1946a366f0,"OPENING, NEEDS_ANALYSIS, ACTIVE_LISTENING",0.85,True,"Greeting is present, agent performs intake by asking for pet and owner details and acknowledges the symptoms described."
4347930695_transcript,insurance_outbound.zip,insurance,outbound,8d3c4017a58e53f2c44fa591f0e64cbc4467143f90824d1e42ed813a62ffbf18,"OPENING, PRODUCT_PITCH, FEE_DISCUSSION, NEEDS_ANALYSIS",0.95,True,"Outbound call with greeting, detailed pitch of Medicare benefits, discussion of zero cost, and eligibility screening questions."
5706555181_transcript,insurance_outbound.zip,insurance,outbound,d5a5f357570bf83fefbbb9d6033558a485ac9326f47b7899d05b8290cb14a7e9,"OPENING, PRODUCT_PITCH, OBJECTION_HANDLING, NEEDS_ANALYSIS",0.9,True,Greeting and pitch are present; agent handles customer's annoyance regarding repeated calls and verifies personal identification details.
194e139fd94c4de79732ff38307199ee_transcript,medicare_inbound.zip,medicare,inbound,d0f41b2ce5639ff81c347be0b73f75a67b3bb37d7a855ecac0b6fe42e79d2e65,"OPENING, NEEDS_ANALYSIS, FEE_DISCUSSION, CURIOUS_EXPLORATION, WARM_LEAD",0.95,True,"Contains greeting, questions about dog temperament/history, pricing for boarding, and customer actively seeking to book a service."
fe882a3fc09742ee918190d453013442_transcript,home_ervice_inbound&telecom _outbound.zip,home_service_telecom,outbound,36f23740b3ca4a3a557484dc6ceeaad00a181d4e21b4f0692f79667404215edb,"OPENING, PRODUCT_PITCH, FEE_DISCUSSION",0.85,True,Automated greeting followed by a detailed pitch of glass services and a mention of upfront pricing.
5822e808784244fdb4d5f68632ad97a9_(3)_transcript,home_service_inbound.zip,home_service_telecom,inbound,043d82ff3be5e6a2b137473fbc5bcf2cc69a4e91f4e0436c033aaa29d3100450,"OPENING, NEEDS_ANALYSIS, SOFT_REJECTION, CURIOUS_EXPLORATION",0.8,True,Greeting included; agent analyzes the request for bunny capture and provides a soft rejection regarding domestic animal calls.
ce0a05e8f3b74ae596318621fee3c593_transcript,medicare_inbound.zip,medicare,inbound,ec8332cc8ae719270a4db0ce2d5e008cc624d743ba018405632c8c61edd30a22,"OPENING, NEEDS_ANALYSIS, ACTIVE_LISTENING",0.9,True,"Greeting present; agent collects patient demographics and medical details, repeating information to ensure accuracy."
5db8518f205c4b559e0dd1732a701a9b_transcript,medicare_inbound.zip,medicare,inbound,ffb9b31ffffb44cad37a0ef033c13deac0e3484de38ff3cabfe0ca6f872cae80,"OPENING, NEEDS_ANALYSIS, CURIOUS_EXPLORATION, MISUNDERSTANDING",0.85,True,Greeting present; agent asks for patient details to resolve a technical issue; ends with confusion over the email address.
2020-09-15-15-59-48_07222b07-b422-4ea3-b501-cf0f4d61527e_v2zIaioJj7QkRE8MVc0msXEQkQAvgOgH_xOM1iMrBvujvBHdrbYQsZyQ_transcript,auto_insurance_customer_service_inbound.zip,insurance,inbound,d7d9fe956d547d580ca596fabcbeae0bf951064fc86eddf2bc6e7d83fe5900c4,"OPENING, NEEDS_ANALYSIS, FEE_DISCUSSION",0.95,True,"Contains a greeting, extensive questioning about insurance history and demographics, and a specific question about the customer's monthly payment."
c0ed6d5a5dbe444babf20fa867d6a7cb_transcript,automotive_inbound.zip,automotive,inbound,c5466c8600eef1feb328cdca0cccc88c7256dd311ae37c7d4d51566734ff6a1e,"OPENING, NEEDS_ANALYSIS, PRODUCT_PITCH",0.85,True,"Includes a greeting, analysis of the vehicle's mechanical issues, and a pitch for additional services like oil changes and tire rotations."
2021-08-25-15-38-02_13a18761-f3df-40c4-b80c-2a09ef700906_v2J5b9X8vUWWEzDFdzVka2ds7IaSN4B9-Ra3JmErF5t1lVHUzo1xWTlQ_-_Copy_transcript,automotive_and_healthcare_insurance_inbound.zip,insurance,inbound,a73b6aa529fb714c79bd5f75f9de2b6933fca00461181b6e6c6b311ea527713f,"OPENING, PRODUCT_PITCH, NEEDS_ANALYSIS",0.9,True,"Greeting is present, agent pitches Medicare benefit services for wheelchairs, and verifies the customer's eligibility and insurance status."
3c78ac36379d480688362a249c2c29ce_transcript,automotive_and_healthcare_insurance_inbound.zip,insurance,inbound,22a8818cf3e8172f192ebf3ae98096e8484925a7f27cfb817ae6ae69dd092e67,"OPENING, NEEDS_ANALYSIS, MISUNDERSTANDING",0.75,True,"Greeting present, agent analyzes the customer's lease issue, and there is confusion regarding which department can help the customer."
56bf4efac56048dfb4cf0e59531c5a1b_transcript,home_service_inbound.zip,home_service_telecom,inbound,acbd45df5748dbfa6da9fb2078340ea328edaf8fe09521fbfc2a6917e33c0911,"OPENING, NEEDS_ANALYSIS, PRODUCT_PITCH",0.9,True,"Greeting present, agent analyzes the roof problem and location, and pitches a free inspection and proposal service."
a666af8afdb14b9696c6fb247fe2a7fe_transcript,automotive_inbound.zip,automotive,inbound,6d8076b151502e22abe92bd40c7f8abc3d3bb3d2cb1137698aa7492a223d4674,"OPENING, FEE_DISCUSSION, NEEDS_ANALYSIS, CURIOUS_EXPLORATION",0.9,True,"Contains greeting, discussion of car taxes (fees), agent asking for customer details, and customer inquiring about purchase options."
5a655f52e8c543f5bee5aa1abd106c37_transcript,automotive_and_healthcare_insurance_inbound.zip,insurance,inbound,52317dd429cacf132283b0b392b630f9ae91967c7a3b67cae059e410e3c5a106,"OPENING, NEEDS_ANALYSIS, PRODUCT_PITCH, CURIOUS_EXPLORATION",0.9,True,"Includes greeting, customer specifying car trim/color needs, agent presenting available inventory, and customer exploring options."
d664ba3b1e9240b195b7f4dcf02a9a4d_transcript,home_ervice_inbound&telecom _outbound.zip,home_service_telecom,outbound,6ff4917b17d5b2f0200fba0011c397f25327c21fd57dd7a6fec3156ac3a5e6dd,"OPENING, NEEDS_ANALYSIS, CURIOUS_EXPLORATION",0.9,True,"Greeting is present; agent performs needs analysis by asking for contact info, appliance brand, and the specific error code."
DMEMED_rmbpo11_20211103-144415_3192961742_4686093-all_transcript,medical_equipment_outbound.zip,medical_equipment,outbound,2929056e97cc0f843fe2cab0fb77654613e497bb179f4e0e598b9826954a921d,"OPENING, NEEDS_ANALYSIS, PRODUCT_PITCH, FEE_DISCUSSION",0.95,True,"Greeting present; agent qualifies customer for Medicare, pitches specific benefits, and discusses reducing premiums and co-pays."
779cc3b7286641b88d7995b080381c14_transcript,medicare_inbound.zip,medicare,inbound,83e0e7474e6296dea909b8555a9cb3b151fd9bf7d5676ee7a33c13e7eff225a7,"OPENING, NEEDS_ANALYSIS, PRODUCT_PITCH, SUCCESSFUL_SALE",0.9,True,"Greeting present; agent analyzes contact lens needs, explains product availability (monthly vs bi-weekly), and confirms the order."
DMEMED_rmbpo18_20211018-125600_6607553281_3891528-all_transcript,medical_equipment_outbound.zip,medical_equipment,outbound,49d53005eebd5bf6168b88f4340ea493f8751b8e293302725c11c349315ae2f3,"OPENING, PRODUCT_PITCH, NEEDS_ANALYSIS, FEE_DISCUSSION, SUCCESSFUL_SALE",0.9,True,"Agent greets, pitches free benefits, verifies personal details, and obtains explicit approval to proceed with the transfer."
DMEMED_rmbpo21_20211110-160914_2053733106_4656829-all_transcript,medical_equipment_outbound.zip,medical_equipment,outbound,92c7343a7a2fc8762784c5b20311262387958a0a6fa1ede70f69e2784f2b97a0,"OPENING, PRODUCT_PITCH, NEEDS_ANALYSIS, FEE_DISCUSSION, WARM_LEAD",0.9,True,"Agent greets, verifies identity, pitches specific healthcare benefits at no cost, and the customer responds positively."
ff1be47e549d482ea8ae5a7d719bc355_transcript,medicare_inbound.zip,medicare,inbound,51d642a8f8d545e8456094b7bc5c81a3529ac3bd78cbbefaa4530b79aa45cb80,"OPENING, FEE_DISCUSSION, CURIOUS_EXPLORATION, FOLLOW_UP_EMAIL_REQUESTED",0.85,True,"Greeting present; discussion of free coverage, request for email to send records, and customer asking about medical codes."
69f68d24a4034de79d49930c17f74399_transcript,medicare_inbound.zip,medicare,inbound,6a6158651541078cafc8829628a9f7ab8261a9769fa278919659521604ac57ef,"OPENING, NEEDS_ANALYSIS, MISUNDERSTANDING, SUCCESSFUL_SALE",0.9,True,"Agent greets, collects patient and insurance data, resolves a communication misunderstanding, and successfully schedules an appointment."
DMEMED_rmbpo05_20211201-093228_3145462549_4867114-all_transcript,medical_equipment_outbound.zip,medical_equipment,outbound,76f074b0d01003fcb305ef3b1ec45b55ec37514c425d5a45133fd0cee94f2f66,"OPENING, PRODUCT_PITCH, NEEDS_ANALYSIS, FEE_DISCUSSION, WARM_LEAD",0.9,True,"Agent greets, analyzes medical eligibility, pitches a free kit, and the customer expresses interest."
2020-09-21-19-52-45_57b4777d-69e2-4428-bbc2-64e55970faac_v2Bre4s0QTTSoytOOjrLmSIomZDdCkXBQbVOemgMTDbFTptjIrSyfyrg_transcript,auto_insurance_customer_service_inbound.zip,insurance,inbound,097026fbab900f02b7b2e0c8516f890a19a2b850f2634fbeb42ed79d347c35be,"OPENING, NEEDS_ANALYSIS, FEE_DISCUSSION",0.9,True,Agent greets the customer and asks about their current insurance provider and monthly rates to perform a comparison.
8b0a28af011047b88483cc024663db671370403_transcript,medicare_inbound.zip,medicare,inbound,fe58652ceff4c67e2d27cccab0032d0c6c1607d08d42fc57ec79c2cc3b8bb453,"OPENING, FEE_DISCUSSION",0.9,True,Call begins with a greeting and focuses on checking account balances and out-of-pocket costs.
fd79ead32e3743dfb73912a1b9b35560_transcript,home_ervice_inbound&telecom _outbound.zip,home_service_telecom,outbound,d5ac3dd71f81e44680ec37f6f7916e268987c36749e789f402e8907805687454,"OPENING, PRODUCT_PITCH, FEE_DISCUSSION, WARM_LEAD",0.85,True,"Greeting followed by a pitch for glass replacement services, pricing discussion, and a customer expressing clear interest."
6142531749_transcript,insurance_outbound.zip,insurance,outbound,23a34fa7183ab02ca80a77c326a42620cc89456c469ad24e6f0c9ab72176a88d,"OPENING, PRODUCT_PITCH, NEEDS_ANALYSIS",0.9,True,"Agent opens the call, pitches upgraded Medicare benefits, and verifies the customer's personal information."
b4839c1836884a90abd41acda8d6bd7334702523_transcript,medicare_inbound.zip,medicare,inbound,6a59e8b04d2edbc11a2f42d9622df7e608b075e0d3ab38df3026f3a4cc950397,"OPENING, NEEDS_ANALYSIS",0.8,True,Greeting followed by a discussion about the medical condition of the pet to determine appointment urgency.
7578310253_transcript,insurance_outbound.zip,insurance,outbound,4e92c4c63206649cece7846a3d5f63b5abc2e752df7bdb8298441a112519f288,"OPENING, PRODUCT_PITCH, FEE_DISCUSSION, NEEDS_ANALYSIS",0.95,True,"Contains greeting, a pitch for Medicare upgrades, mention of premiums, and verification of customer eligibility and current insurance."
2020-10-05-18-52-23_73d04295-c52b-43b0-adf0-73389081814a_v2iGXaIxXXyD97cvvgGa33uTkbtXRKFN9cz9efdiLD36Ts77dvUuhD-g_transcript,auto_insurance_customer_service_inbound.zip,insurance,inbound,8578f62808de9c3721abe21c9eb37e257306de1c0a7287c1f9cb099ec9c1e265,"OPENING, NEEDS_ANALYSIS, FEE_DISCUSSION",0.9,True,"Includes greeting and extensive questioning about current insurance provider, costs, and driving history to determine eligibility."
81e5601b6dfd4bb5b8e1a7ad60ed5243_transcript,medicare_inbound.zip,medicare,inbound,aefb2152e947842778dd33ab93fa26be154a0fa3ac97cf099db2e8f16fa60e70,"OPENING, NEEDS_ANALYSIS, PRODUCT_PITCH, CURIOUS_EXPLORATION",0.85,True,Greeting present; customer probes about insurance acceptance; agent asks about patient status and pitches a free new patient visit.
353bc2b3f94045c4b60ac4a51df52100_transcript,home_service_inbound.zip,home_service_telecom,inbound,3f91c7abf73ff0069c76c4c2106579ce8d6fc88a5eca621ae36330a70a133fb6,"OPENING, FEE_DISCUSSION, NEEDS_ANALYSIS, PRODUCT_PITCH",0.9,True,Greeting present; customer asks about costs; agent discusses pricing specials and asks for details about the rooms to be cleaned.
4c08b5b08315481a8c53164b7b431742_transcript,automotive_and_healthcare_insurance_inbound.zip,insurance,inbound,d8ae030dd0a211fbfce4da847153aaf9de717dbd687ae951b2734be5764c524b,"OPENING, MISUNDERSTANDING, CURIOUS_EXPLORATION",0.7,False,Greeting present; customer is inquiring about repair recommendations; transcript shows technical phone issues and confusion during transfers.
0d43efea8ad84929a465232781fa0b51_transcript,automotive_and_healthcare_insurance_inbound.zip,insurance,inbound,f56ec2e8e5043bcf6e7f9f6e8433f58337e3b7bf18ddf3d05beb386822df056e,"OPENING, NEEDS_ANALYSIS, CURIOUS_EXPLORATION",0.9,True,"Contains greeting, agent asks about vehicle preferences, and customer is inquiring about a specific car's availability."
2021-08-26-20-02-22_d001ef64-cffa-46a8-92cd-4d61b6ccaa31_v2ItPzjZ51EzGZwa6Ww0xPMfSajuSzioN-GUDv0P45D4s799b7UkdCcw_-_Copy_transcript,automotive_and_healthcare_insurance_inbound.zip,insurance,inbound,a21a2365abeec5d181c82021b4f5053d693e405ff19f6761277b4865ae6e58eb,"OPENING, NEEDS_ANALYSIS, FEE_DISCUSSION",0.9,True,"Greeting present, agent collects eligibility data (zip, DOB, Medicaid), and mentions monthly Medicare premiums."
32b8fbb91c8e48ddace95f05643e1a76_transcript,home_service_inbound.zip,home_service_telecom,inbound,d7b6359e3dd4813223a04861ede7453355c75b47e1390a245f2e2340df3019b8,"OPENING, FEE_DISCUSSION, CURIOUS_EXPLORATION",0.8,True,"Greeting present, customer explicitly asks for quotes/costs for a sun room project."
2020-10-22-21-26-20_51013dac-e668-4562-85a6-402e5ad7fb73_v2zSwk_aM3LfhmxQ02xCF_6Axjp5W46YVuyA6OgcsaHbtuk6D0I081RQ_transcript,auto_insurance_customer_service_inbound.zip,insurance,inbound,a5e493b0024f6c0455de01ac1893099f9551759c89c65d92f1066bbb124d51aa,"OPENING, NEEDS_ANALYSIS, PRODUCT_PITCH",0.9,True,"Greeting present, agent checks military affiliation for eligibility and mentions plan features like unlimited talk and text."
332305150040209long_transcript,medicare_inbound.zip,medicare,inbound,2c654f5d00b8536eea6b2f7f0e527ad62653aec0688fc3290565f3a3156185a4,"OPENING, NEEDS_ANALYSIS, CURIOUS_EXPLORATION",0.9,True,"Greeting present, agent collects patient names and DOBs to analyze the current medical situation/chart."
d54a2eb5e5da46399da08ceb79c93a64_transcript,home_ervice_inbound&telecom _outbound.zip,home_service_telecom,outbound,6b6978a25403236bf49155cf01a6b3cf614d656f6ad1c93e4a7fcd251114cc0b,"OPENING, NEEDS_ANALYSIS, PRODUCT_PITCH, SUDDEN_HANG_UP",0.9,True,"Contains greeting, agent asks for location and email, pitches additional glass services, and ends with a recorded hang-up."
ce80476af5014445836db55aab5a6a80_transcript,home_service_inbound.zip,home_service_telecom,inbound,81d459a675b81b3ab9dcc3e3ce3da9358f060e208cbace073f884ba18a1798a3,"OPENING, NEEDS_ANALYSIS, ACTIVE_LISTENING",0.85,True,"Greeting is present; agent performs needs analysis by collecting zip code, name, and specific damage details."
f0602851bc6a4029b3cf357c024c231136379576_transcript,medicare_inbound.zip,medicare,inbound,afc3a191d0059c0f02ed7e4c4dd705d7a312b159058a81b4d8728ba97ddad35d,"OPENING, FEE_DISCUSSION, PRODUCT_PITCH, CURIOUS_EXPLORATION",0.9,True,"Greeting present; discussion of boarding costs, a pitch for a new client discount, and customer asking about requirements."
351679ea095b4cc78b5c01e8cda3bcfa (2)_transcript,home_service_inbound.zip,home_service_telecom,inbound,27c5c74ac90c54ab17642e207f6dc9f709692b42a3c9ed1f8a369635e7f986ff,"OPENING, NEEDS_ANALYSIS, PRODUCT_PITCH",0.85,True,Greeting present; agent collects customer contact and location details and offers a free inspection and quote.
122195b9fe5c4056bb1aa2e624fdea52_transcript,home_service_inbound.zip,home_service_telecom,inbound,c278e223089a8085b2679982f302e650c4b2862b2541d74efdeebd881d220dde,"OPENING, NEEDS_ANALYSIS, MISUNDERSTANDING",0.8,True,"Greeting present; agent asks for measurements, but there is clear confusion and misunderstanding regarding the table dimensions."
332305150009002long_transcript,medicare_inbound.zip,medicare,inbound,c823f659f3c6db12237e987e5e753b61e6b19375d5a75a1b893a02ce29f0739e,"OPENING, ACTIVE_LISTENING",0.8,True,Contains a clear greeting and the agent actively coordinates scheduling based on the customer's specific availability.
8649155422_transcript,insurance_outbound.zip,insurance,outbound,c4e3d2de105bc1c38c6f67c6717c74d71f8bd0a01df88c34ca82999bc2e7baad,"OPENING, PRODUCT_PITCH, FEE_DISCUSSION, NEEDS_ANALYSIS",0.95,True,"Includes greeting, pitch for Medicare upgrades, discussion of premiums/money back, and verification of eligibility and location."
recording-public_1046_transcript,customer_service_general_inbound.zip,customer_service,inbound,0e03832bcca31f10466094d5e56b48a9fd6edd6e648e0c275ba22563bb42f00c,"OPENING, NEEDS_ANALYSIS, ACTIVE_LISTENING",0.9,True,Contains greeting and a structured needs analysis regarding existing final expense policies and family needs.
0ce958a3adaa47b39e7c5a8054a49d3b_transcript,automotive_and_healthcare_insurance_inbound.zip,insurance,inbound,7879389d5ef2fd7c68570a3eac9f86c13dc744cb22a84eb78ca1ba394e89a07e,"OPENING, ACTIVE_LISTENING",0.8,True,Contains greeting and the agent attempting to route the customer to the correct department for a warranty claim.
recording-public_723_transcript,customer_service_general_inbound.zip,customer_service,inbound,5a09b5f42e704be3aa8e034d7c058660a6ee6fb64885877203604dd310a62d69,"OPENING, NEEDS_ANALYSIS, FEE_DISCUSSION",0.9,True,"Includes greeting, questions about current insurance coverage, and a discussion regarding affordable price ranges."
5a21b6c40e474b4a98afae67bc6f651a_transcript,home_service_inbound.zip,home_service_telecom,inbound,adaeb60eaa36f490847799764b87cf9e228587086cce065ce91b812a240679ff,"OPENING, NEEDS_ANALYSIS, ACTIVE_LISTENING",0.9,True,"Contains a greeting, agent collects customer details and service needs, and uses supportive phrases like 'definitely understand'."
957ca886eba548f6a7d93eb072f7abb1_transcript,automotive_inbound.zip,automotive,inbound,326e52f0bc6b2b850d4b85e779f420e7ba151aa25fe3ee0d373bb03d80f9cf9e,"OPENING, NEEDS_ANALYSIS, CURIOUS_EXPLORATION, WARM_LEAD",0.85,True,Greeting present; customer explores vehicle availability; agent analyzes needs; customer agrees to a follow-up call.
844399d4c7f54e8c9227a98e44323df7_transcript,medicare_inbound.zip,medicare,inbound,c2d65b8b6c99fa7e85bff228cfaf01d7cef120f1834fe4f9eff5ccadb1fd7ec0,"OPENING, NEEDS_ANALYSIS, CURIOUS_EXPLORATION",0.8,True,Greeting present; agent asks for booking dates and room types; customer explores if the facility can handle a difficult pet.
5013267072_transcript,insurance_outbound.zip,insurance,outbound,d44afd7178e86c84b7d1d40dd35e127bfc266639d38745104c57e68027bc68f3,"OPENING, PRODUCT_PITCH, NEEDS_ANALYSIS, FEE_DISCUSSION",0.95,True,Greeting present; agent pitches insurance benefits; asks about eligibility (Part A/B); mentions 'no cost' and 'no copays'.
95f2cc7dc1dc4895817c74d62d398a59_transcript,automotive_inbound.zip,automotive,inbound,55dd242b35d5f66e1c22aaeb4a6fbf0cf23e1785d1c23318832e8085c4fbb021,"OPENING, CURIOUS_EXPLORATION, FEE_DISCUSSION",0.8,True,Greeting present; customer explores loan options through different banks; discussion centers on financial loan structures.
c4cea85f325b443bbf4045a515b560ff_transcript,home_service_inbound.zip,home_service_telecom,inbound,ee1ca282c8d200c65cf5a51f114d01ae0eb8d111d56579f4ad1b0688cfcfafd7,"OPENING, FEE_DISCUSSION, PASSIVE_AGREEMENT",0.9,True,"Contains a greeting, a mention of honoring a previous price, and the customer agreeing to a rescheduled date."
88fedd0505334deb89e84fab2dc0d2ae36998656_transcript,medicare_inbound.zip,medicare,inbound,033d241886eba4c13fba6fd7eb2830730ae38f53204c886b42b15e008b5f9eea,"OPENING, FEE_DISCUSSION, NEEDS_ANALYSIS, CURIOUS_EXPLORATION",0.85,True,"Includes greeting, discussion of patient costs/credits, verification of insurance details, and customer inquiring about new coverage."
2d038ce293a2428fa82082f4bbaf5b70_transcript,automotive_inbound.zip,automotive,inbound,5f9866fa4bb3f3e886eb8b3e22584f67b12fa9e7dae9187a7a166741ff8ce364,"OPENING, NEEDS_ANALYSIS, PASSIVE_AGREEMENT",0.8,True,"Contains IVR greeting, agent asking for customer details to identify the service issue, and customer agreeing to wait."
a6a55caf2c2741048521597899c4812a_transcript,medicare_inbound.zip,medicare,inbound,e3c757a0ddd13f22e257c04c1b961f11770ee6a669757d51ff4f91f0e497cdc8,"OPENING, NEEDS_ANALYSIS, DEFENSIVE_POSTURE",0.85,True,"Includes greeting, agent asking about the medical emergency, and the customer reacting defensively to the questioning."
3042962206_transcript,insurance_outbound.zip,insurance,outbound,41fd2eb24c6332999e37cfb11572f57cc2eeb9bbb899a06f7eca08000cf212ca,"OPENING, PRODUCT_PITCH, NEEDS_ANALYSIS, FEE_DISCUSSION",0.95,True,"Clear outbound greeting, pitch for Medicare benefits, qualifying questions for eligibility, and discussion of zero-cost benefits."
f9db5485513a4f8a9e06fe0e8758abb2_transcript,medicare_inbound.zip,medicare,inbound,d05741eddc59cd003c6a3c198734f65719d49683367ffcc98020a6451ad83e5a,"OPENING, NEEDS_ANALYSIS",0.9,True,Contains a greeting and the agent asking for customer details to locate a record.
c97932795aa1463d8b71d308703ad7e8_transcript,home_ervice_inbound&telecom _outbound.zip,home_service_telecom,outbound,930c9a4593aa7a4303bd155f4d6ed89ac190abdb18e2c4c653f41d106e2fd483,"OPENING, NEEDS_ANALYSIS, OVERWHELMED_CONFUSION",0.9,True,"Greeting present, agent collects personal info, and customer expresses confusion about the scheduling process."
21754ceef50e4689a298d89266852441_transcript,automotive_inbound.zip,automotive,inbound,a74f2e84d12e5c84022ac5537bcfb87844fc92871118f1961aed56c375d0ec78,"OPENING, NEEDS_ANALYSIS, PRODUCT_PITCH, CURIOUS_EXPLORATION",0.85,True,"Greeting present, caller identifies needs, pitches vehicle inventory, and the agent expresses interest in deals."
2021-08-25-13-45-25_3e85eca4-a028-4f63-a846-befebed3d074_v2J3NN2_Bojm5p_ENkP3pGZnBPCSbAWi2_jFaWWQ0lMTupjwNg-DnTRQ_transcript,automotive_and_healthcare_insurance_inbound.zip,insurance,inbound,4bc28089fe11e982d1ffa09b7404e4ec0ad7c2b24dd7869d0b5122e9c7fb8558,"OPENING, NEEDS_ANALYSIS, PRODUCT_PITCH",0.9,True,"Greeting present, agent analyzes current Medicare coverage and pitches a review of plan options."
cff852c5cd3b4362a735e71f16cc84fa34702523_transcript,medicare_inbound.zip,medicare,inbound,42a53275a230b0ee03966524119ffaf4dfbb8b48a86a0ece7a8621785dba09ba,"OPENING, NEEDS_ANALYSIS, PRODUCT_PITCH, SUCCESSFUL_SALE",0.85,True,"Greeting present, agent analyzes dog's health needs, offers a solution, and customer commits to setting up an appointment."
f89be0ea02544e1f887415cb126af51c_transcript,home_service_inbound.zip,home_service_telecom,inbound,4bd209f20ada256755d17092bf74006acb0406707333e5ea71451a64a482c4cb,"OPENING, NEEDS_ANALYSIS, FEE_DISCUSSION, CURIOUS_EXPLORATION",0.9,True,"Contains greeting, agent asking for glass dimensions, customer asking for pricing, and customer inquiring about thickness for a specific use case."
06b73c7a3d2b4d1c97730a3c4487e4ee_transcript,home_ervice_inbound&telecom _outbound.zip,home_service_telecom,outbound,fa8626ac0cc9f736fbfd483665e66e1a5fefb7fd3d19303c094b9e4bf62adf17,"OPENING, NEEDS_ANALYSIS, FEE_DISCUSSION, PRODUCT_PITCH",0.95,True,"Includes greeting, detailed vehicle analysis, cost inquiry, and a pitch regarding warranty and installation services."
899b15d1a53444c8b5936546c1b8b444_transcript,automotive_inbound.zip,automotive,inbound,7db3ecefc0ef01c1dcbb4ab49c83f0f8b5171304d0dd5fa8f3cecd73a63f88f1,"OPENING, FOLLOW_UP_EMAIL_REQUESTED, NEEDS_ANALYSIS, ACTIVE_LISTENING",0.85,True,"Greeting present, customer asks for a resent email, agent verifies contact details, and confirms information throughout."
e8f036d940314271a863319ff0af7b07_transcript,home_service_inbound.zip,home_service_telecom,inbound,5e06335e9f51bc42e7a58ccf8f35086c961a5b5129cf9748e65e28af6405d0ab,"OPENING, NEEDS_ANALYSIS, FEE_DISCUSSION, ACTIVE_LISTENING",0.9,True,"Greeting present, agent gathers customer identity and contact info, customer mentions previous costs, and agent confirms details."
cd2dc66403b9430994163e6afa3e5bde_transcript,home_service_inbound.zip,home_service_telecom,inbound,0c42a1eedf1036c64e53122c403abfe3f3c01543c371e62c5ebc73bd5c544260,"OPENING, NEEDS_ANALYSIS, ACTIVE_LISTENING",0.9,True,"Greeting present, agent performs extensive needs analysis regarding the dryer issue and customer details, with active confirmation."
MKS_Juna_Shell_1_transcript,home_ervice_inbound&telecom _outbound.zip,home_service_telecom,outbound,744fd44dc37e5f42d253bd80b3a0ec099a3e4c9fac78f0d0b7b0fd2312276d24,"OPENING, PRODUCT_PITCH, FEE_DISCUSSION",0.9,True,"Contains a greeting, a pitch for upgraded internet services, and a detailed discussion regarding monthly costs and taxes."
DMEMED_rmbpo07_20211116-160114_3523966960_4798623-all_transcript,medical_equipment_outbound.zip,medical_equipment,outbound,0d2395b28069c3ab27ad34b7ea787ba330763711d1dba5b290e88f70ab986b69,"OPENING, PRODUCT_PITCH, NEEDS_ANALYSIS, WARM_LEAD",0.9,True,"Greeting present, Medicare benefits pitched, eligibility verified, and customer shows high interest by providing personal details."
581f9824-255b-4ff2-bfd9-a142c0393d41_36342594_transcript,medicare_inbound.zip,medicare,inbound,558a8e93b7fb1d1f3857c7439aca14ee4f7fbf2fceb286f7e7dd757758801ec2,"OPENING, NEEDS_ANALYSIS, SUCCESSFUL_SALE",0.8,True,"Greeting present, agent analyzes scheduling needs, and the call ends with a confirmed appointment booking."
2020-10-19-19-58-08_e9371af4-86d3-4fad-9d41-bada26b46ccc_v2uS5mZ3aB43MmusiLLCvZL8qwXa9DQSYg5xczXSFrzveZLZp17PSmaQ_transcript,auto_insurance_customer_service_inbound.zip,insurance,inbound,7dd9c59c1e8979f48e026ff81cee60b0392ee4bd5afc5d1df8d58fcc84f6be3a,"OPENING, NEEDS_ANALYSIS, MISUNDERSTANDING",0.8,True,"Greeting present, agent gathers initial info for a quote, and there is clear difficulty understanding the customer's name."
f1a6e3617b4e4ea6ae9f7984363a3067_transcript,automotive_inbound.zip,automotive,inbound,128f291add66216d06fd87624bc474102c988fa6b707ad2a04da5934b5eb4710,"OPENING, NEEDS_ANALYSIS, CURIOUS_EXPLORATION",0.8,True,"Greeting present, agent analyzes the vehicle sale request, and customer explores the possibility of selling with a title issue."
83dab96536c445feae5799fab2361a4136963224_transcript,medicare_inbound.zip,medicare,inbound,7ada1a0edec8283f323d8986b7bf7e335a591105d8cb33abcf5b9e4eb10cf7a8,"OPENING, NEEDS_ANALYSIS, CURIOUS_EXPLORATION, ACTIVE_LISTENING",0.9,True,"Contains a greeting, agent asks about pet details to assess the situation, and customer explores travel options for their dogs."
e2ed45a7ff3f462e9f7d269dd09aaa87_transcript,medicare_inbound.zip,medicare,inbound,72c0c6f1814a924957104873a3dd357e75079abf0d086c3b40b30894196b9ce4,"OPENING, NEEDS_ANALYSIS, CURIOUS_EXPLORATION, ACTIVE_LISTENING",0.9,True,"Includes greeting, customer inquiring about hours, and agent analyzing needs to book an appointment at the correct clinic."
4b93c00a791d4641bbc79d36ade4e8ac_transcript,automotive_and_healthcare_insurance_inbound.zip,insurance,inbound,ca6a034a73730ed9687a6b5d4cc29621a4e9db146aae028e8cb68cd3dfa1eb79,"OPENING, PRODUCT_PITCH, CURIOUS_EXPLORATION, ACTIVE_LISTENING",0.85,True,Greeting present; agent pitches availability of specific vehicle inventory in response to customer's specific inquiry.
8c65b8ea0d2542aab24db3f80bee3c7f_transcript,medicare_inbound.zip,medicare,inbound,f629834a04390e26aa27d2d5a28bd127d0e9b26a657659f009e34ffe27aa09d2,"OPENING, NEEDS_ANALYSIS, CURIOUS_EXPLORATION, ACTIVE_LISTENING",0.8,True,"Greeting present; customer describes medical symptoms and history, which serves as a needs analysis for the medical provider."
2020-09-29-18-45-01_26f5b2d6-3e57-4e9e-a59e-db223942b9b9_v29viRzrz8eU_IqYlt2IdacwdsBy0GC9s724jG6RniJaMAoVgOKcqmUA_transcript,auto_insurance_customer_service_inbound.zip,insurance,inbound,112740849a69c7f1c23bf791cb2613720c9076565ae92a08fc86ee1037ba3e75,"OPENING, NEEDS_ANALYSIS, FEE_DISCUSSION, OBJECTION_HANDLING, DEFENSIVE_POSTURE",0.95,True,"Greeting present; agent collects eligibility data and current costs; customer resists providing provider info, which the agent handles."
290277d10a544f2c99b65926d77c5449_transcript,automotive_inbound.zip,automotive,inbound,225b234dd94b2f4383bab76f23214032bdc036c00916f5144e103224e2440b35,"OPENING, PRODUCT_PITCH",0.7,True,Contains IVR opening and a general pitch about the dealership's services and excellence.
f78ef0b517e24a92bb94047729e44638_transcript,medicare_inbound.zip,medicare,inbound,6feff2a9bb1d51fe980c017e00f574fbdfd9959b8dcff7a03a91281588903179,"OPENING, NEEDS_ANALYSIS, FEE_DISCUSSION",0.9,True,"Includes agent greeting, customer describing pet symptoms, and a discussion regarding the consultation fee."
246f9bf2e2544304b03cbf7ed289d3a4_transcript,home_service_inbound.zip,home_service_telecom,inbound,dd8d051f79285cbaf61054fa2eead5327197a773e52c571173e1bbd6b60ec89d,"OPENING, NEEDS_ANALYSIS, ACTIVE_LISTENING",0.9,True,"Greeting is present, agent collects detailed customer information for service, and shows empathy regarding the issue."
4233494903_transcript,insurance_outbound.zip,insurance,outbound,988a4023056d2498564e111a98d5c51824bf682b0f9f2b630e317fc2489c3283,"OPENING, PRODUCT_PITCH, NEEDS_ANALYSIS, PASSIVE_AGREEMENT",0.9,True,"Agent opens the call, pitches Medicare benefits, verifies eligibility (Part A/B), and customer agrees passively."
e6d9bb7cd8a04b719e90a0904472eb02_transcript,home_ervice_inbound&telecom _outbound.zip,home_service_telecom,outbound,3457b9adaadef97e87a354c8df549754c3f89d571e1e0f9a9e5937a08d6c11d2,"OPENING, FEE_DISCUSSION, CURIOUS_EXPLORATION",0.9,True,"Greeting is present, customer inquires about order status, and they discuss deposits and remaining balances."
e77059c5a6db43498a8ef5a689e7869d_transcript,medicare_inbound.zip,medicare,inbound,ff8757c0431727e623d356772d01a6c9a077d9bbdc9ef84608f02ffb23af9674,"OPENING, NEEDS_ANALYSIS, PASSIVE_AGREEMENT",0.9,True,Contains a greeting and the agent asks several qualifying questions about the pet's status and service needs.
DMEMED_rmbpo05_20211222-150141_2547026191_3186483-all_transcript,medical_equipment_outbound.zip,medical_equipment,outbound,44b305c83dfb1e5f846f44a7bef1cd137f6761f1d14f33a7aad5816d2256d271,"OPENING, NEEDS_ANALYSIS, SUCCESSFUL_SALE, PASSIVE_AGREEMENT",0.85,True,Agent collects medical history and the customer explicitly agrees to the benefit and a follow-up call.
4520c0b125cf401792d02edef2233a83_transcript,home_service_inbound.zip,home_service_telecom,inbound,e30033cd34b52a03a33271b94efad67ae7f65c5344c1405fc25a390b74129a80,"OPENING, NEEDS_ANALYSIS, FEE_DISCUSSION, PASSIVE_AGREEMENT",0.9,True,"Greeting is present, agent analyzes the roof type/location, and the customer specifically requests a price."
2020-03-30-16-33-39_37219de8-72a4-11ea-9ddb-12329b09a401_3606b664-72a4-11ea-87aa-2db72277dca1_transcript,auto_insurance_customer_service_inbound.zip,insurance,inbound,83d78172d8b18e55718d14a0fb086c2ae9ebb3360b0405828bf08b351d0c140a,"OPENING, NEEDS_ANALYSIS, FEE_DISCUSSION, PRODUCT_PITCH, OVERWHELMED_CONFUSION",0.8,True,"Includes greeting, data collection, discussion of current premiums, a bundling pitch, and customer confusion regarding their provider."
96aec4115e124bb2a95a7b50f69e7263_transcript,home_service_inbound.zip,home_service_telecom,inbound,d9a1c2ad3e313f5b95d0ffcd57d3373b2e5b3e11f5047d70108641d2412b8d3e,"OPENING, NEEDS_ANALYSIS, PRODUCT_PITCH, PASSIVE_AGREEMENT",0.85,True,"Greeting is present, agent asks about the pest issue and property type, and proposes a quote/appointment."
49e84841f90f495d8daff8263afdbd7e (1)_transcript,medicare_inbound.zip,medicare,inbound,ceff0f1648d12936c2d0ed89f9260034cb0915a2ae88420b3731827c7421d192,"OPENING, NEEDS_ANALYSIS, ACTIVE_LISTENING",0.9,True,Contains a formal greeting and the agent analyzes the pet's condition and behavior to assist the customer.
cdf324e2bccf40da9ca4edd2168367bf_transcript,home_service_inbound.zip,home_service_telecom,inbound,f09244a4480ee2b462dd6445af417780ec6553a136dc3674679c6ea01852ccd3,"OPENING, NEEDS_ANALYSIS, COMPETITOR_COMPARISON",0.9,True,"Includes a greeting, agent collects customer details and problem description, and the customer mentions a previous service provider."
332305140028756long_transcript,medicare_inbound.zip,medicare,inbound,1bdb5fa7346b01147a2a5525ff0ed32599ea61c406734b753bc8f1a8699fb7dd,"OPENING, NEEDS_ANALYSIS, WARM_LEAD",0.9,True,"Greeting is present, agent performs intake for a new patient, and the customer is actively seeking an appointment."
01baded6ac67420ba4d9c69131a77e99_transcript,medicare_inbound.zip,medicare,inbound,5868b26c08aa0b9b0056633c6f3a223d430327956f64365b380b1758826d01db,"OPENING, NEEDS_ANALYSIS, SUCCESSFUL_SALE",0.9,True,"Greeting present, agent gathers location and contact info, and an appointment is explicitly agreed upon."
2020-10-06-21-58-42_7505a09d-5327-449e-a629-0a51d444d325_v2qEBF0oOiRELE40kMXaXTEqrSfbCzz2etADFFuxOf7fHIJB-dZlogKA_transcript,auto_insurance_customer_service_inbound.zip,insurance,inbound,a1639b0e0ae50ef30c537ea18e27da07dbe6fbc326887b1eb80dee839b11bce1,"OPENING, NEEDS_ANALYSIS, FEE_DISCUSSION, PRODUCT_PITCH, SOFT_REJECTION",0.95,True,"Greeting, detailed intake, inquiry about current payments, a bundling offer, and a customer rejection based on time constraints."
8284424486_transcript,insurance_outbound.zip,insurance,outbound,19179cd482f6dbbc568721164839aa4b0b7212b5077f98dbbc491081229fec5a,"OPENING, PRODUCT_PITCH, NEEDS_ANALYSIS, FEE_DISCUSSION",0.95,True,"Contains greeting, a detailed pitch of Medicare benefits, questions about eligibility/decisions, and mentions of no-cost benefits and money back."
270e4792142d424693f9c6b03f2490e9_transcript,automotive_inbound.zip,automotive,inbound,b511e5b26bf49d567b0c82bf361815d61f0919d7122451c3e4e4dc540715fe48,"OPENING, CURIOUS_EXPLORATION, NEEDS_ANALYSIS",0.9,True,"Includes greeting, customer inquiring about specific car models (GLC 300), and agent asking about color preferences."
6a17cfcf78e54fde81a6ba3ba2077c20_transcript,medicare_inbound.zip,medicare,inbound,73f02707ddbae115d5c0e298bc463c2fdae7ba549187aa2a3807e901c6daf071,"OPENING, CURIOUS_EXPLORATION, NEEDS_ANALYSIS, FEE_DISCUSSION",0.85,True,"Greeting present, customer inquiring about appointment status, agent verifying identity/records, and customer mentioning insurance payment frequency."
6881415248d44d5dbbe614e982536c03_transcript,home_service_inbound.zip,home_service_telecom,inbound,e88b75d25a43afadc028495666593d085d0938c1d1c9ed2ed6b16a0fca56b5fc,"OPENING, NEEDS_ANALYSIS, FEE_DISCUSSION",0.9,True,"Greeting present, agent asks about the pest concern and home details, and explicitly mentions that fees may be involved."
87e01c43058649029950e8e4a1d7afea_transcript,medicare_inbound.zip,medicare,inbound,37568bb24875c259e10ff50f4d4d316f44c4bef35c77e927f7cc22f93f4f7baf,"OPENING, NEEDS_ANALYSIS, MISUNDERSTANDING",0.8,True,"Greeting present, agent asks for identifying details (name, phone), and there is confusion/misunderstanding regarding the last name used in the file."
2021-08-23-21-57-58_46b52b4a-c983-49d1-a4b3-777f33620e83_v28TmRqkIxVp50txyXmWVxkoe_Ri_w-y9xeY6SQzaqjkWplu0S0vBOlw_-_Copy_transcript,automotive_and_healthcare_insurance_inbound.zip,insurance,inbound,36920d41c9fe363ba0bbcbd6c018b2a0d3c0fd8d1ee8f8bf1dba3d2bd714bb14,"OPENING, PRODUCT_PITCH, NEEDS_ANALYSIS",0.9,True,"Contains a greeting, a general pitch about Medicare benefits, and verification of eligibility and demographics."
752bbe5445dc4568b3b146be41c2e882_transcript,medicare_inbound.zip,medicare,inbound,94a6e4526cc0cf5e2cf788c803497b00b2533681c8419fad8f7625bac4df0118,"OPENING, NEEDS_ANALYSIS, CURIOUS_EXPLORATION, PRODUCT_PITCH",0.85,True,Greeting present; agent verifies insurance; customer explores practice capabilities; agent pitches same-day crown technology.
2020-09-15-22-51-07_63b0ad76-a918-4f60-9087-53f3536d2f28_v2xp1D7ty1--HXmVB6zeEf1fYQFPCysChz4mbF8kqMQxJM5SAGlJM3yg_transcript,auto_insurance_customer_service_inbound.zip,insurance,inbound,2c932227687bb5da055f756d242e3b15b8b40c26009282b0f1ed65265319bfa4,"OPENING, NEEDS_ANALYSIS, FEE_DISCUSSION, PRODUCT_PITCH",0.95,True,Greeting present; agent collects data for a quote; discussion of current payments and potential bundling offer.
f107612466b944c3a302f4bc0030c623_transcript,automotive_inbound.zip,automotive,inbound,5386a14eca91c05acc589a01b03da73d1e0d2f6f368dd18d5a4a40036f7dd9ec,"OPENING, NEEDS_ANALYSIS, CURIOUS_EXPLORATION",0.8,True,Greeting present; agent identifies the specific vehicle requested; customer explores availability and expresses cash buyer status.
recording-public_1078_transcript,customer_service_general_inbound.zip,customer_service,inbound,6178032d6830f635f2942758e9ba0e95df4f9ac308aa60500a6fc69eb27ba645,"OPENING, NEEDS_ANALYSIS, FEE_DISCUSSION, PRODUCT_PITCH",0.9,True,Greeting present; agent gathers health data to determine a rate for additional insurance coverage.
018cff51f40a45b0a27e5dee5a1ae007_transcript,home_service_inbound.zip,home_service_telecom,inbound,ec80c0cff674d8a3dd9a4b8de82fd030ce628ea9af64ec8237fb45ac3610f7ec,"OPENING, NEEDS_ANALYSIS, CURIOUS_EXPLORATION",0.9,True,"Contains a greeting, customer inquiring about dryer vent services, and agent collecting contact and location details."
71a6984e45c94b2686f60da02af992a7_transcript,home_ervice_inbound&telecom _outbound.zip,home_service_telecom,outbound,008bfb23ad89170d714e172d5e52de8dc934821aeaa2af6f0bb7e087ed1f7e73,"OPENING, FEE_DISCUSSION, SOFT_REJECTION, OBJECTION_HANDLING",0.85,True,"Greeting present; agent requests a 50% deposit, customer expresses difficulty paying, and agent explains the requirement."
1cc686f1a17a48c1adfa7a3190e30aec_transcript,automotive_inbound.zip,automotive,inbound,8ca11848cfe7e6c58d50762d63c8acca7c7b404dd47dfdfb30236206466e8843,"OPENING, CURIOUS_EXPLORATION, PASSIVE_AGREEMENT",0.9,True,Greeting present; customer asks for technical oil specifications and accepts the agent's answer.
332305030048913long_transcript,medicare_inbound.zip,medicare,inbound,54b13dc7e9e7e7698c51c26629d8230d12c43b0984520e479481817b2e14998d,"OPENING, NEEDS_ANALYSIS, SUCCESSFUL_SALE",0.9,True,Greeting present; agent analyzes the pet's symptoms and successfully schedules a consultation appointment.
2702931793_P1_transcript,insurance_outbound.zip,insurance,outbound,50ebc79aee352b5e3f724a35a39d6bb8d49e5d938983ed8362cb89c6b1767dba,"OPENING, PRODUCT_PITCH, NEEDS_ANALYSIS, WARM_LEAD",0.95,True,Greeting present; agent pitches Medicare benefits and asks qualifying questions to a receptive customer.
DMEMED_rmbpo07_20211116-104133_8107896826_4802525-all_transcript,medical_equipment_outbound.zip,medical_equipment,outbound,7af3786cf5dade2ff3f6b48d23bbd56b708c4ec4095c735e019ce214c33c6972,"OPENING, PRODUCT_PITCH, NEEDS_ANALYSIS, PASSIVE_AGREEMENT",0.9,True,"Contains greeting, pitch for Medicare benefits, verification of personal details, and customer's passive agreement to the process."
2020-05-19-15-49-01_f5e4f942-f1e7-47cf-bd3e-7733a4ff2315_v2g4zx5Ouob2LXhlt_xEJBBMZFxXTN_MIE2oMU8T1hRcs6Bwdx47_8Bw_transcript,auto_insurance_customer_service_inbound.zip,insurance,inbound,6990bfae7bb86ba10a96bdd177c1de37b107072e19db1e0bff629e53215e8cca,"OPENING, NEEDS_ANALYSIS, FEE_DISCUSSION, SOFT_REJECTION",0.9,True,"Greeting present, extensive data gathering on current insurance, discussion of current premiums, and a soft rejection of bundling."
8046940140_transcript,insurance_outbound.zip,insurance,outbound,bd519e6ae49131f48c21c291b5aa0c8c3fdd47494072d01f3a90b8eb66454c6a,"OPENING, PRODUCT_PITCH, NEEDS_ANALYSIS",0.9,True,"Greeting, pitch for zero-cost Medicare upgrades, and verification of eligibility and personal information."
3a1d8cc4de4b409c9495e34e384b7cc7_transcript,medicare_inbound.zip,medicare,inbound,3db8c3c0b865db770d92df0db5fa71f25e90afb8d13fc72c9d3072c464118881,"OPENING, NEEDS_ANALYSIS, FEE_DISCUSSION",0.8,True,"Greeting, analysis of patient's medical needs/pain, and mention of payment methods and financing options."
2021-08-30-13-58-03_f4ea8e8f-b5f6-4256-9b14-01605bcb2863_RGB742AC5D05157488A7922E42C800A3308B912C623TXFM001_transcript,automotive_and_healthcare_insurance_inbound.zip,insurance,inbound,e99802aec5432972d0c0ebe0012b3d974e719ae25fc80f2528b51cf5e7e19558,"OPENING, NEEDS_ANALYSIS, PRODUCT_PITCH",0.9,True,"Greeting, probing for specific benefit needs, and pitching the agent's ability to find the best health plan."
46b55c0fc19d4114a9492a611687e682_transcript,home_service_inbound.zip,home_service_telecom,inbound,9d54fb8daafe79ce854058524296b3498d24aef44f93b83d3668670f1c458595,"OPENING, NEEDS_ANALYSIS, CURIOUS_EXPLORATION, ACTIVE_LISTENING",0.9,True,"Call includes a greeting, the customer requesting a quote, and the agent collecting vehicle details (VIN, model) to analyze needs."
7738214617_transcript,insurance_outbound.zip,insurance,outbound,711058328a5bc88be05f8dfee6b36af1814e508d2dc8cf429f7945160a880bb2,"OPENING, PRODUCT_PITCH, NEEDS_ANALYSIS, OBJECTION_HANDLING, FEE_DISCUSSION",0.95,True,"Agent pitches Medicare benefits, handles a qualification objection, discusses zero cost, and asks eligibility questions."
e9aaf01b47e749509488714dbd9d2003_transcript,medicare_inbound.zip,medicare,inbound,c5935a819ab27844bd2743ea56ac9cb55e11e53dbff744beeeee876c04b7f394,"OPENING, NEEDS_ANALYSIS, FEE_DISCUSSION, SOFT_REJECTION",0.9,True,Appointment scheduling call involving patient verification and a negative reaction to the mentioned patient fee.
7072697123_transcript,insurance_outbound.zip,insurance,outbound,f003328d5a549d3901a1f96fdabe63f9743c792a4395a3169b1ad31f8cfc63fe,"OPENING, PRODUCT_PITCH, NEEDS_ANALYSIS, SUSPICIOUS_PROBING",0.9,True,"Agent pitches Medicare benefits and collects data, while the customer asks several probing questions about the caller's identity and purpose."
DMEMED_rmbpo07_20211110-155151_2192279173_4657996-all_transcript,medical_equipment_outbound.zip,medical_equipment,outbound,4bcbf64c7860883a9890909169b1202162cbedc6d699d3f80a89bc9e32708bae,"OPENING, PRODUCT_PITCH, NEEDS_ANALYSIS, WARM_LEAD",0.9,True,"Agent pitches Medicare benefits and the customer readily provides personal information, indicating a warm lead before transfer."
5205783365_transcript,insurance_outbound.zip,insurance,outbound,4f8dfdf4b202ce962bdd64aa98cc1ef688f5a029a8d30b54ad8d972039a1f397,"OPENING, PRODUCT_PITCH, NEEDS_ANALYSIS, FEE_DISCUSSION, PASSIVE_AGREEMENT",0.95,True,"Agent opens call, pitches Medicare benefits, asks eligibility/demographic questions, mentions no additional cost, and customer agrees passively."
acab3a7c335a48d992a5e0fc217990c4_transcript,medicare_inbound.zip,medicare,inbound,4cee99b80fa93b29aa6e9cefd6e6464357b7cfd873d7ae196c25565cd5b489b5,"OPENING, CURIOUS_EXPLORATION, NEEDS_ANALYSIS",0.85,True,Call opens with a greeting; patient inquires about insurance coverage (exploration) and agent verifies ID and DOB (needs analysis).
ee3ec97939db44bea544c6e676d5306e_transcript,home_ervice_inbound&telecom _outbound.zip,home_service_telecom,outbound,bbf03dd0b184c5f0adc8f20f6c12e44f58b2d1d10c48a5636a7ade5847455995,"OPENING, CURIOUS_EXPLORATION, NEEDS_ANALYSIS, FEE_DISCUSSION, WARM_LEAD",0.9,True,Opening present; customer asks about glass (exploration); agent asks for size/photos (needs analysis); cost is mentioned; customer expresses clear interest in delivery.
494144ad152243e2a6bd148e7dfbf1e7_transcript,medicare_inbound.zip,medicare,inbound,9bdf4f8caa67b85ebc062f471b6061f598e70688fde3aafc9ece46bd0580985a,"OPENING, CURIOUS_EXPLORATION, NEEDS_ANALYSIS",0.8,True,Standard opening; customer requests an appointment for a crown; agent collects patient identification and medical details.
cb2ac7d1c28b4c3087ff209cb5cb8a59_transcript,medicare_inbound.zip,medicare,inbound,68296b99de6c79be43327ae712059b74ad300bf355818ec182b9f4572192f8c0,"OPENING, CURIOUS_EXPLORATION, NEEDS_ANALYSIS, FOLLOW_UP_EMAIL_REQUESTED",0.85,True,Opening present; customer inquires about son's appointment; agent verifies identity; customer asks for an email address to send a parenting plan.
4d571e352b1245da9e21d37d2f8254cb_transcript,automotive_and_healthcare_insurance_inbound.zip,insurance,inbound,f995e7bbf125020c9b72a5cd2fae39f49a17e02f922bf9857695c33a9d2d7d67,"OPENING, NEEDS_ANALYSIS, ACTIVE_LISTENING",0.9,True,"Contains a greeting, agent asks specific questions about truck features, and summarizes the customer's requirements to ensure alignment."
c723dc30a0a34c38978ae0bad26debcf_transcript,home_ervice_inbound&telecom _outbound.zip,home_service_telecom,outbound,86255b198db1926dcea255e2eee1134a4cd706971ece0eb5aee20de317a9b11a,"OPENING, NEEDS_ANALYSIS, WARM_LEAD",0.85,True,"Greeting is present, agent collects personal information to facilitate a service, and the customer expresses an urgent need for help."
2020-07-07-16-25-45_568a222a-cf1d-4135-a0fa-b282333036cd_v24J4a-39WPoKsPKJF-I4Y7fNCKIz_hhQJKGsMF5D0T47TIXVV9h9nqw_transcript,auto_insurance_customer_service_inbound.zip,insurance,inbound,e5469a00ba3f93ee533fb9de458c9185b7500e0871ee6f679d7160c66ef499af,"OPENING, PRODUCT_PITCH",0.7,True,"Greeting is present, followed by automated messages pitching the benefits of the company's mobile app and online account management."
6992c24ea8494e358e010da91fc0f334_transcript,medicare_inbound.zip,medicare,inbound,2c53693bbd490d3024a8ebc763134084d640d034572462d65cfdcd852c199bf4,"OPENING, NEEDS_ANALYSIS",0.9,True,"Greeting is present, and the agent performs a needs analysis by checking insurance acceptance and verifying the customer's identity."
5a2dd9e089524de0a43a8aa20609c43c_transcript,home_ervice_inbound&telecom _outbound.zip,home_service_telecom,outbound,5b852635dc281baf4f04ef5ac15c5fbda3fdd4fe88846d26c8eaa3f5239c3f53,"OPENING, NEEDS_ANALYSIS, FEE_DISCUSSION, PRODUCT_PITCH",0.95,True,"Greeting present, agent asks for vehicle specifications, provides a specific price quote, and discusses the cost of labor and tax."
20211130-112851_5173934007-all-1(1)_transcript,home_ervice_inbound&telecom _outbound.zip,home_service_telecom,outbound,9a857aa245e5d74d757e390df76f093a273c7fcad64101b11c2b253b32415e76,"OPENING, NEEDS_ANALYSIS, PASSIVE_AGREEMENT",0.9,True,"Contains a greeting, agent analyzes the customer's schedule for a technician visit, and the customer agrees to the proposed time."
04876e9706784dfca0ff8dba2f65f06a_transcript,home_ervice_inbound&telecom _outbound.zip,home_service_telecom,outbound,d02092b1de7362ea41b79bd0d2e3cd5778270534be20155cb599f7f02337fee7,"OPENING, NEEDS_ANALYSIS, PASSIVE_AGREEMENT",0.9,True,"Greeting is present; agent collects customer details, address, and service needs to coordinate a local office callback."
4127319940_transcript,insurance_outbound.zip,insurance,outbound,c2138b256db638aabd629e52bf21ffbafbfb15164664c500f405c049364386f4,"OPENING, PRODUCT_PITCH, NEEDS_ANALYSIS",0.95,True,"Includes greeting, a pitch for Medicare extra benefits, and qualifying questions to determine eligibility."
08b722a363fa481ba17242a9987b7c8d_transcript,home_ervice_inbound&telecom _outbound.zip,home_service_telecom,outbound,91c508f5ecaeed58ef44f49f8aedae404e3a66c8c1607c28a94760be724e9796,"OPENING, PRODUCT_PITCH, NEEDS_ANALYSIS",0.95,True,Greeting present; agent offers a free estimate (pitch) and collects property details and contact info (needs analysis).
recording-public_1104_transcript,customer_service_general_inbound.zip,customer_service,inbound,aea706b0c6c00e56c2c60ce5500b4ba3237747d161167256facc1f40d4c3c54b,"OPENING, PRODUCT_PITCH, NEEDS_ANALYSIS, FEE_DISCUSSION",0.95,True,"Greeting present; agent pitches final expense plans, asks health/coverage questions, and discusses typical premium price ranges."
332305040007433long_transcript,medicare_inbound.zip,medicare,inbound,a26ea5380c1fda31a82c80bae58a56982b65d5bc93080ccd1f48df7e80ceebc6,"OPENING, NEEDS_ANALYSIS, OVERWHELMED_CONFUSION",0.9,True,"Contains a greeting, agent asks about patient status and symptoms, and the customer explicitly states they are overwhelmed."
585e8b1373ce4c179c9860c51eeb9043_transcript,automotive_inbound.zip,automotive,inbound,5c7baa5f23c25253423436002e308a46cc0bd58f76d71a27a360dfb0a7f8a675,"OPENING, NEEDS_ANALYSIS, FEE_DISCUSSION, CURIOUS_EXPLORATION",0.85,True,Greeting present; agent analyzes the vehicle situation; discussion regarding trade-in value and financial loss; customer exploring options.
299a0a4ff6694ebebe9409e639a05f1336454692_transcript,medicare_inbound.zip,medicare,inbound,d1c876c94ba5cbe344576282400e24279d723236e6e0c636711971cd05b938b2,"OPENING, PRODUCT_PITCH, FEE_DISCUSSION, CURIOUS_EXPLORATION",0.9,True,Greeting present; agent presents daycare plans and specific pricing; customer asks clarifying questions about the service.
2021-08-24-16-58-00_4cc3cead-8a4d-46ba-ad71-f1bea2fdd0f7_v2IiWMIxn5jZQvujx0pCm5G2kHXkX44fIfVhuTRjRcSDTC4BVQOx5qUg_-_Copy_transcript,automotive_and_healthcare_insurance_inbound.zip,insurance,inbound,c32f50e128c96fe970687944633686176b7f37128880e69e0c4cf4d6cd79d492,"OPENING, PRODUCT_PITCH, NEEDS_ANALYSIS",0.95,True,"Greeting present; agent pitches Medicare review services; agent asks eligibility questions (Medicare A/B, zip code, current provider)."
89fddd87376a4b2984577727dedfe80036861932_transcript,medicare_inbound.zip,medicare,inbound,020a617309c1f17ff0c2164f4ab5026e81bdd985cb21ff352e19c599df413a58,"OPENING, FEE_DISCUSSION, NEEDS_ANALYSIS, CLOSING_NEGOTIATION",0.85,True,Greeting present; discussion of treatment costs; agent reviews medical records for needs; discussion of appointment scheduling.
3a9cbe116bbb49adbbebe48cd0b6b7d7_transcript,home_ervice_inbound&telecom _outbound.zip,home_service_telecom,outbound,521bbe661a93e633fd94f0cd079738142617fa24e11d438f1e8019984d1382f9,"OPENING, NEEDS_ANALYSIS, FEE_DISCUSSION, SUCCESSFUL_SALE",0.95,True,"Contains greeting, analysis of electrical issue, discussion of service charges/financing, and agreement to schedule a visit."
d863832b965b4189bebb3ac9eb532b3b_transcript,automotive_inbound.zip,automotive,inbound,72a1f86973f291b0004fd8a803c6ea9fe1dffe99b3a5fe17b80e7ae6940d5aaf,"OPENING, ACTIVE_LISTENING, WARM_LEAD",0.8,True,"Includes opening greeting, active confirmation of the person the customer is seeking, and a customer returning a call."
0bad20e049004510ab949b4fa24eaa72_transcript,home_service_inbound.zip,home_service_telecom,inbound,bbae81d8c7737dbc5d58b438228afa9ef69e58fe8d6fc575c99e5ddba8c064f6,"OPENING, FEE_DISCUSSION, STALLING_FOR_TIME",0.9,True,"Contains opening, discussion of total cost and deposit, and customer stalling to find a credit card."
2021-08-27-19-49-08_79f08ddb-8a4b-489a-bfec-f70819ce2832_RGB09D70F8AC0670FB78818E5EED43543827D56D0D0_HRM801_-_Copy_transcript,automotive_and_healthcare_insurance_inbound.zip,insurance,inbound,a934c7493cb12828baf801d4c254e3f424729a2d4221cc5df601089b50022ce7,"OPENING, NEEDS_ANALYSIS, ACTIVE_LISTENING",0.85,True,"Includes opening, identification of customer interest in Medicare benefits, and rapport-building active listening."
bf85344d1c7a443886efa15e4d97a205_transcript,home_service_inbound.zip,home_service_telecom,inbound,a1f9154e6c7e93d8b4eaca545c85b9e4e1ad8bcb3b4f8f08117b52499d5cf7a4,"OPENING, NEEDS_ANALYSIS, MISUNDERSTANDING",0.9,True,"Contains opening, agent gathering account details to locate appointment, and a conflict regarding the scheduled date."
2020-10-09-22-55-41_fa656bd9-7379-4708-920a-dbc076eb731c_v2eSA0BLkHJxeAM4ho66pvgPT0ybf0-8R8v5IrocOy5vmt6RJuX40gIg_transcript,auto_insurance_customer_service_inbound.zip,insurance,inbound,d3de3d3a64d43607f4032e2c534fd427306fca8524cd2fec32cd40e1619e021b,"OPENING, NEEDS_ANALYSIS, FEE_DISCUSSION, CURIOUS_EXPLORATION",0.95,True,"Agent greets the customer and conducts a thorough needs analysis, including questions about current insurance costs and bundling interest."
2386197b2d5e4959a0ce57a756b0949b_transcript,medicare_inbound.zip,medicare,inbound,da74b1c27a2ff9732a81862d5aeb2f567eae090b7521d4649a1122309e7723c2,"OPENING, NEEDS_ANALYSIS, PRODUCT_PITCH, WARM_LEAD",0.9,True,"Agent greets the customer, verifies records, and discusses a specific 20-session puppy preschool package with an interested client."
99f1d4e0ca3e4598a49fe50b51480e4e36767179_transcript,medicare_inbound.zip,medicare,inbound,3a15959a4bc81cfa748ebe8175204a377aabafc9c72ab5354d51022e5dc286ae,"OPENING, NEEDS_ANALYSIS, OBJECTION_HANDLING, CURIOUS_EXPLORATION",0.85,True,Agent greets the customer and handles a concern regarding vaccine availability by offering a waiver and alternative hospitals.
02e0d9bebc64445bbc661d0ef12bc20f_transcript,medicare_inbound.zip,medicare,inbound,ce945a7279da2f0fdd7e22bec41fe36211f3ab7640c80fb856d9a59fce1bd51f,"OPENING, NEEDS_ANALYSIS, WARM_LEAD, CURIOUS_EXPLORATION",0.9,True,Agent greets a customer who explicitly wants to transfer their pets to the clinic and inquires about boarding services.
a419e9c38d484aad92fb0c352ed11765_transcript,home_service_inbound.zip,home_service_telecom,inbound,c3cc9dfda7a8adf071d897b4eba49171fc793894b1d056da116e41ffd76c1415,"OPENING, PRODUCT_PITCH, NEEDS_ANALYSIS",0.8,True,"Contains an IVR product pitch, a greeting, and the agent analyzing the customer's specific issue with a sliding door."
a9afe539c9f24507a26048170b1c3c6b_transcript,medicare_inbound.zip,medicare,inbound,ac222c5c11170f149f784cf6b19d03edf346b9fff8e8a51b3470f3cc390afc08,"OPENING, NEEDS_ANALYSIS, CURIOUS_EXPLORATION, WARM_LEAD",0.9,True,"Contains opening greeting, agent analyzes dog's details and account status, and customer expresses strong interest in boarding services."
6d5ef850033340ae9fe68a3d5d13c77f_(1)_transcript,home_service_inbound.zip,home_service_telecom,inbound,4524efe218d2ffd3179e59b7add8a8ab684c99416357c67c4fcc17a7ef7b7d9d,"OPENING, PRODUCT_PITCH, FEE_DISCUSSION, NEEDS_ANALYSIS",0.95,True,"Includes opening, discussion of service cost, explanation of what the furnace overview includes, and gathering of equipment specifications."
recording-public_778_transcript,customer_service_general_inbound.zip,customer_service,inbound,3ac373fafdd494be9cb4573ed6e853df8c74f465b71a1e3071c0f2e84d66c8d0,"OPENING, NEEDS_ANALYSIS, PRODUCT_PITCH, CURIOUS_EXPLORATION",0.9,True,"Opening greeting present; agent analyzes insurance needs and health, pitches top-rated carriers, and customer explores reasonable rates."
44c7bde7da004f9ba42722bb79b0712e_transcript,medicare_inbound.zip,medicare,inbound,22b8ad563d931369763752099ad3a8ee42707e952ce5673dbb7b04e3709a07fd,"OPENING, PRODUCT_PITCH, STALLING_FOR_TIME",0.8,True,"Opening greeting is present, agent puts caller on hold (stalling), and the hold recording actively pitches whitening packages."
3a6aae153d84473e92cae0428fdc826b_transcript,automotive_inbound.zip,automotive,inbound,06294101f8d3cdf3a4e121e6a5a0fb9758f2d9395f2a6f0f6c350ac8f85b0b10,"OPENING, SOFT_REJECTION, STALLING_FOR_TIME, CURIOUS_EXPLORATION",0.85,True,"Opening greeting present, customer inquires about a status update, agent uses hold time, and informs customer they cannot handle the warranty in-house."
fa6d98dd682147f89be379f58bce5089_transcript,medicare_inbound.zip,medicare,inbound,e443539136359f4854cc48cad8d245b3ae3de3965a692c3bb090aaf072b8bf65,"OPENING, NEEDS_ANALYSIS, ACTIVE_LISTENING",0.9,True,"Contains a greeting, agent asks for date of birth and appointment type to verify the patient, and confirms scheduling details."
f82163f2392b4ac69d43059269162e6f_transcript,home_ervice_inbound&telecom _outbound.zip,home_service_telecom,outbound,41f69092df54214a883b4d6942712048eb15d5bb3af3c9cbab4c9d22b134391f,"OPENING, NEEDS_ANALYSIS, PRODUCT_PITCH, SUCCESSFUL_SALE",0.95,True,"Greeting present; agent analyzes the pest problem, pitches a professional inspection appointment, and the customer explicitly agrees to the Monday slot."
0653ab65e1014f9a9ebbb4c4cad14e56_transcript,automotive_inbound.zip,automotive,inbound,f972736e965a5cabb23914f9a63baca3cb9480fdeff68a65aa9969158105dc08,"OPENING, NEEDS_ANALYSIS, CURIOUS_EXPLORATION, OBJECTION_HANDLING",0.85,True,Greeting present; customer explores lease options; agent handles the 'premature' request by explaining why current numbers would be incorrect.
417c683a2ad14a2ea90823c949062bc436379494_transcript,medicare_inbound.zip,medicare,inbound,11f792f4770d1a9866c4b9fe8503fd35b6a1bf4a069a6fd3a95614cdbce59ed3,"OPENING, NEEDS_ANALYSIS, PRODUCT_PITCH, CURIOUS_EXPLORATION",0.9,True,"Greeting present; customer asks about requirements; agent explains the service's eligibility criteria (vaccinations, temperament) as part of the pitch/onboarding."
a2157daee6a84c6cb64765d81d547c68_(1)_transcript,home_service_inbound.zip,home_service_telecom,inbound,e5a43baa318d22c6009724d49ed83f0fe02181bb47c40b7da36fccb0c137e620,"OPENING, NEEDS_ANALYSIS, FOLLOW_UP_EMAIL_REQUESTED, WARM_LEAD",0.95,True,Greeting present; agent collects detailed contact and project info; customer provides email for further info and is actively seeking a quote.
998c33d4ad9641f6b749ce2ceb09cb16_transcript,automotive_inbound.zip,automotive,inbound,e8a5f389328f197b18968dfe07541f59a178faefa2c5971fc7c1f44dc0086d35,"OPENING, NEEDS_ANALYSIS, CURIOUS_EXPLORATION",0.9,True,"Contains a greeting, agent asking for customer details and vehicle stock number, and customer inquiring about warranty and availability."
67a236edfa6b4cf3bde01cc845c791d7_transcript,automotive_inbound.zip,automotive,inbound,87e9e0c974d50e9835b0120aa4fc85a95ab5cef4183e5a779593fcec26d03ae3,"OPENING, PRODUCT_PITCH",0.8,True,IVR greeting and automated promotional messaging pitching the dealership's world-class ownership experience and services.
2020-09-30-15-35-53_33b274fd-1589-49dc-83b3-d03ae2003b6a_v2nzLWTvM-hTzp048CBrsmYfLfuEFdh0fvJv2roHrmxwkK6SnAIPZcxw_transcript,auto_insurance_customer_service_inbound.zip,insurance,inbound,9287e136b130e3792a5df025a994bbfdde8654e438f8f4b063a9e4d5f571d11c,"OPENING, NEEDS_ANALYSIS, CURIOUS_EXPLORATION",0.95,True,"Greeting followed by extensive needs analysis regarding insurance eligibility, driver history, and credit score."
4098612969_transcript,insurance_outbound.zip,insurance,outbound,0fc419eeaaa7285036124552ac0b5aa514ae4b445d0a9250d22f0b151064277e,"OPENING, PRODUCT_PITCH, NEEDS_ANALYSIS, PASSIVE_AGREEMENT",0.95,True,"Greeting, detailed pitch of Medicare benefits, verification of eligibility, and customer providing passive agreement to the terms."
20210927-150552_8172834438-all_transcript,home_ervice_inbound&telecom _outbound.zip,home_service_telecom,outbound,93119c59531476bc3bbed5f3a8a35f5b81beafef1a93371f5fc83fa9dab88b02,"OPENING, FEE_DISCUSSION, CURIOUS_EXPLORATION",0.85,True,"Greeting followed by a discussion regarding specific billing amounts, promotional rates, and the customer questioning the timeline of charges."
7c36c04158a44ccc8d92695c3ea257c0_transcript,home_ervice_inbound&telecom _outbound.zip,home_service_telecom,outbound,a4e9e253f8c748e4179eef58acf5941b2985cc3b108be16470a3c0f91ceb61cf,"OPENING, PRODUCT_PITCH, FEE_DISCUSSION, NEEDS_ANALYSIS",0.9,True,"Contains greeting, offer for a home estimate, discussion about pricing/free estimates, and collection of customer contact details."
9f81e51c13b240ba88c3b69da6e200e4 (4)_transcript,home_service_inbound.zip,home_service_telecom,inbound,e2481bed83af54b2b9b1d7fae5fd82d309a7f4601fe526c19fc6029c820f7096,"OPENING, NEEDS_ANALYSIS, ACTIVE_LISTENING",0.8,True,"Includes greeting, customer explaining a specific plumbing problem (needs analysis), and agent confirming understanding."
97a509b39b9d4eba93c5b7f4e29466a1_transcript,medicare_inbound.zip,medicare,inbound,6d6c53f08acd2ccd58117587fa265fb344bfa2c50615ed8f98427f37ccb29f14,"OPENING, NEEDS_ANALYSIS, CURIOUS_EXPLORATION",0.8,True,"Greeting present, customer inquiring about a consultation, and agent gathering patient identification and preferences."
087e11c459f949b8b34896bded4726c4_transcript,automotive_inbound.zip,automotive,inbound,03be233c1623c1914bf12db5bd50b86b80d9196a2463115c05a7f27a24a816c7,"OPENING, PRODUCT_PITCH, NEEDS_ANALYSIS, FOLLOW_UP_EMAIL_REQUESTED",0.8,True,"Greeting present, IVR pitch for trucks, discussion of an invoice issue, and agent providing an email address for follow-up."
19bc90696a87418eba1898c86a642858_transcript,medicare_inbound.zip,medicare,inbound,542969b3fb1c4d9b98c98e324bc113123967a8eca1ffc0e8072d0ddde6857711,"OPENING, PRODUCT_PITCH",0.9,True,Contains the automated opening greeting and a promotional pitch for cataract surgery services.
2178952557_transcript,insurance_outbound.zip,insurance,outbound,397c4fa4ec249cb2447bd36b0cc81cc78d2b70ff7e3892af7cd6ea2053ac37d9,"OPENING, PRODUCT_PITCH, NEEDS_ANALYSIS, PASSIVE_AGREEMENT",0.9,True,"Agent greets the customer, pitches Medicare upgrades, and performs a detailed needs analysis by collecting personal and residency information."
a5a55a024896464b82e3e32ecb6c3755_transcript,home_ervice_inbound&telecom _outbound.zip,home_service_telecom,outbound,e419cd1e73729b2183a29f9d5a0302b3113aaf745ef9e4cae954e5988f8017b8,"OPENING, CURIOUS_EXPLORATION, NEEDS_ANALYSIS",0.9,True,"Agent greets the customer, who is exploring options for a windshield quote, followed by the agent asking for vehicle details."
c1f1a69cf58a49cd9ebff20d775e8bdd_transcript,home_service_inbound.zip,home_service_telecom,inbound,e98839c19e8a50ef1cf61c38ba7156bdc8663db1ec3c5d0dd16c8fd99b8fbc59,"OPENING, PRODUCT_PITCH",0.7,False,The transcript is an automated IVR system providing a greeting and pitching various glass services.
01f74251a03e4b7aa1a4622c7e750bf7_transcript,home_ervice_inbound&telecom _outbound.zip,home_service_telecom,outbound,56eb43687013b09e9190a4b7290558bbd64c483b50a231f92ce6a79e0bc48ca7,"OPENING, NEEDS_ANALYSIS, PASSIVE_AGREEMENT",0.8,True,"Agent opens the call, asks for the purpose of the call, and provides a claim update which the customer accepts."
e8ee0b6f59e947109d2fa9630e6a954d_transcript,automotive_inbound.zip,automotive,inbound,18fed274f433a628ecc3d727212ca241c3ab52a4d9a469b06f16d2a843bc89a7,"OPENING, NEEDS_ANALYSIS, CURIOUS_EXPLORATION, WARM_LEAD",0.9,True,"Agent greets customer, analyzes specific vehicle needs (Prius Limited), and establishes a lead for future follow-up."
b4fc4eb345304650b96abd0ddd929df2_transcript,home_ervice_inbound&telecom _outbound.zip,home_service_telecom,outbound,4b2f45329d2fc1b4ad44d383cabf4bac13170d88c0d19de33671d493171ff187,"OPENING, NEEDS_ANALYSIS, WARM_LEAD",0.95,True,"Contains a clear greeting, agent gathers customer details and service needs, and the customer mentions being recommended."
e8e6cb0c66504d6e8d4df21083b8029a_transcript,home_service_inbound.zip,home_service_telecom,inbound,977ca6fe6279c4eeb8eede3ed0dc2090eab2f9134a279aa1fdd6dbfaf40afc0a,"OPENING, NEEDS_ANALYSIS, WARM_LEAD",0.95,True,"Includes greeting, detailed questioning about the appliance brand and age, and confirmation that the customer is a returning user."
e2e5295164324956b221202dc16db9f1_transcript,automotive_inbound.zip,automotive,inbound,eaff9d6e79dc5807e2e507edb114d2f40cc0ea0b5d0ff2af3b6ee8398b4982aa,"OPENING, PASSIVE_AGREEMENT, CURIOUS_EXPLORATION",0.8,True,Greeting is present; the conversation consists of confirming location and directions with general agreement.
b5fee2eec4174fa2bf3e6ce4f2af9276_transcript,home_service_inbound.zip,home_service_telecom,inbound,9dce88aa1b8ad2affb4115237c344d802e207670846ced73951774e6a0cfcc3f,"OPENING, NEEDS_ANALYSIS, OVERWHELMED_CONFUSION, CURIOUS_EXPLORATION",0.9,True,Agent greets and analyzes the window issue; customer explicitly states they are confused and asks probing questions about the repair process.
9b2412281f864877ad4e9a270a2402dc (2)_transcript,home_service_inbound.zip,home_service_telecom,inbound,a8bf2420a1abfcb4d8e85166c8b3b2ba654b6577f1392c3893b067b3de391c82,"OPENING, CLOSING_NEGOTIATION, WARM_LEAD",0.9,True,Greeting is present; customer is following up on a previous request and they negotiate a specific appointment time.
60c2eeef204344c48674491da574b2c3_transcript,automotive_inbound.zip,automotive,inbound,223ee400b1e8de5e83ce108965b99ed4c583ee7da6cdc5b78d1bb0ccc2d367d7,"OPENING, PRODUCT_PITCH, FEE_DISCUSSION, NEEDS_ANALYSIS",0.95,True,"Contains greeting, agent pitches specific truck features, discusses pricing, and asks about the customer's preferred color."
44d802f7ca054680ad071cd415b786e7_transcript,medicare_inbound.zip,medicare,inbound,037540606a519afe753dd2ea26c51a5d01889a434fd3f4dc882536f6f77c5e56,"OPENING, NEEDS_ANALYSIS, PRODUCT_PITCH",0.9,True,"Includes opening greeting, agent analyzes the urgency of the pet's medical condition, and offers available appointment slots."
c2edace258b74d6e8dcfc6cbf051a756_transcript,medicare_inbound.zip,medicare,inbound,eab038b0e6efbcaaa6a845cf77a8cec50c7604e51832d65998a05647969f1ee0,"OPENING, NEEDS_ANALYSIS, PRODUCT_PITCH, SUCCESSFUL_SALE",0.95,True,"Greeting present, agent asks about insurance and personal details, offers appointment times, and successfully schedules the visit."
2b1fa827c039464e8efce99f51017f56_transcript,automotive_and_healthcare_insurance_inbound.zip,insurance,inbound,c5c4dfbeeca4298f076567794396bbb79808303df0be4be35d31b1725b9d9647,"OPENING, CURIOUS_EXPLORATION, NEEDS_ANALYSIS",0.85,True,"Greeting present, customer explores availability of a specific vehicle, and agent identifies the need to transfer to the correct location."
a8c10a0012074fb4908e7af6aaa98918_transcript,automotive_inbound.zip,automotive,inbound,d5d0732b0125960d3b81b38461b0e6d6eb590dac7c6605cdd32cd5a426e38e46,"OPENING, FEE_DISCUSSION, SOFT_REJECTION, OBJECTION_HANDLING, NEEDS_ANALYSIS",0.98,True,"Greeting present, price is discussed, customer rejects the price, agent handles the objection and asks about financing needs."
8125227415_transcript,insurance_outbound.zip,insurance,outbound,21c8c8b764eaad04cc91bbd25f98a34bdab656f99a5b5cf6e114fb10b6e5f1fd,"OPENING, PRODUCT_PITCH, NEEDS_ANALYSIS, OVERWHELMED_CONFUSION",0.9,True,"Contains greeting, pitch for Medicare benefits, verification of eligibility/details, and customer confusion regarding their zip code."
371bc3f77a1b4fccbf371c9c85732091_transcript,medicare_inbound.zip,medicare,inbound,9e284e802bd71ec3fce32965e0a8a6879da82573d073bdd01c2491e22ad37c41,"OPENING, NEEDS_ANALYSIS, CURIOUS_EXPLORATION",0.8,True,"Includes greeting, agent checking medical records for due dates, and customer inquiring about specific annual tests."
cbe1102ef1214653b664c573471c6e34_transcript,home_service_inbound.zip,home_service_telecom,inbound,9e731253ce26d6aaac78611f16bfdb5e1cca86ca4eae6dbb1439b91b9480584a,"OPENING, NEEDS_ANALYSIS, PASSIVE_AGREEMENT",0.85,True,"Greeting present, agent collects customer details to identify the service issue, and customer agrees politely to the process."
f436db89545d45cf9ac5dd01c75fe0b6_transcript,home_ervice_inbound&telecom _outbound.zip,home_service_telecom,outbound,1d093e99850d7a1dc1f1fadd6e06613d53d6d7ec60ddaa1c1212c4bbaffa6307,"OPENING, PRODUCT_PITCH, NEEDS_ANALYSIS, ENTHUSIASTIC_AGREEMENT, WARM_LEAD",0.95,True,"Greeting, pitch for window services, gathering info for an estimate, and high customer enthusiasm for the service."
7c98afa9604d4321993e915950964c86_transcript,medicare_inbound.zip,medicare,inbound,2633af646d6c7db80c16c4f557f09c29b925bc8670791e6221ea7726f85ce4dc,"OPENING, NEEDS_ANALYSIS, CURIOUS_EXPLORATION",0.85,True,"Greeting present, agent asks diagnostic questions about the pet's symptoms, and customer asks for advice on emergency care."
2020-10-07-18-40-33_9f3d0ee9-bd9b-4bfe-96bd-dfeb27bf1bd2_v2kTBSJFsExXuXwwIEX5wHgDOI2is7zN3guSXxcaTHWxsDADAPZHcKSg_transcript,auto_insurance_customer_service_inbound.zip,insurance,inbound,cf3f00168f7be3a9ce4786ba626857eee01cef6b5d341530c1fa2dfe72ae58b4,"OPENING, NEEDS_ANALYSIS, FEE_DISCUSSION, CURIOUS_EXPLORATION",0.95,True,"Contains greeting, agent gathering customer details and current insurance costs, and customer expressing openness to compare rates."
690240a6b655432a8cb16f5720377a46_transcript,home_ervice_inbound&telecom _outbound.zip,home_service_telecom,outbound,3dc1523fab0bd2d6e73f02c83fd22e02b44f0e7952febfce027d778f7f556e37,"OPENING, NEEDS_ANALYSIS, CURIOUS_EXPLORATION",0.9,True,"Includes greeting, agent asking for customer identity and specific service requirements, and customer inquiring about service availability."
939a7f466670427b89a3facc8a55aa4d_transcript,home_ervice_inbound&telecom _outbound.zip,home_service_telecom,outbound,85a8397e9f30e04b3dbe002a4e575c07a11fde44c9e84c1d1f42b2dc61041b2b,"OPENING, NEEDS_ANALYSIS, CURIOUS_EXPLORATION",0.9,True,"Includes greeting, agent verifying location via zip code and identifying the specific repair needed for the bathroom."
2ae358c01a2b44e8a85417e069deb877_transcript,automotive_and_healthcare_insurance_inbound.zip,insurance,inbound,34bbdb72a99366f70a946c7352139d4d3d4f3711e474582eed8844359f502c91,"OPENING, PRODUCT_PITCH, NEEDS_ANALYSIS, SOFT_REJECTION",0.85,True,"Greeting present, agent pitches vehicle assistance, analyzes customer's budget/model preference, and customer cites lack of cash as a barrier."
414c4f3f6e3a4bafb9a8a451e19babd8_transcript,home_ervice_inbound&telecom _outbound.zip,home_service_telecom,outbound,13d89884150b1580be6585a850cf48ec102a9f574b0e0cb11cb012729fa0fdc5,"OPENING, ACTIVE_LISTENING, PASSIVE_AGREEMENT",0.8,True,"Greeting present, agent confirms order status and provides detailed directions, while customer agrees and confirms location details."
DMEMED_rmbpo21_20211108-112647_8125460356_4687515-all_transcript,medical_equipment_outbound.zip,medical_equipment,outbound,30a7d97ad9c02663d5fa473e95a365b49f0746c66ec858dfb69c3f9031bd261d,"OPENING, NEEDS_ANALYSIS, PRODUCT_PITCH, FEE_DISCUSSION",0.95,True,"Contains greeting, verification of Medicare eligibility, pitch for dental/vision benefits, and mention of reducing premiums."
69dfb331100245ab96f9e4c5e8ac5d25_transcript,home_ervice_inbound&telecom _outbound.zip,home_service_telecom,outbound,af658cb5f6663f7a2903a380c58080d954f81b1740bb5f3f21ffaa8b5b411f76,"OPENING, NEEDS_ANALYSIS, CURIOUS_EXPLORATION, ACTIVE_LISTENING",0.9,True,"Greeting present; agent analyzes needs (water heater size, location) while the customer explores pricing/estimates."
Miami_Dermatology_and_Cosmetics_Information_transcript,home_ervice_inbound&telecom _outbound.zip,home_service_telecom,outbound,726f8cc31b13a4cbffeb99b8063078668879c3754ce7cef0cb8f4e0b95fbb34d,"OPENING, PRODUCT_PITCH, FEE_DISCUSSION, STALLING_FOR_TIME",0.9,True,Greeting present; agent pitches fiber services and discusses monthly costs; customer stalls to check existing contract.
4096211717_transcript,insurance_outbound.zip,insurance,outbound,8e1ce20314619e6160b8766d1f5a8b91fa2687088643371def9ba224dfd87a19,"OPENING, PRODUCT_PITCH, NEEDS_ANALYSIS, FEE_DISCUSSION",0.95,True,"Greeting present; agent pitches Medicare upgrade, verifies eligibility/details, and mentions money-back benefits."
58c856c4596e498ca18cba6598e55998_transcript,automotive_inbound.zip,automotive,inbound,ffcbc170ebf65f38e3161d062ef6c7f42d860edab9df2481901920777ab875da,"OPENING, NEEDS_ANALYSIS, CURIOUS_EXPLORATION, ACTIVE_LISTENING",0.85,True,Greeting present; agent analyzes the specific vehicle needed while the customer explores how to place a deposit.
bf361a4adc26412a8ab36c5ee5bb4a81 (2)_transcript,home_service_inbound.zip,home_service_telecom,inbound,3e986b9235b95886d22101f2f86e2eacb2a01550fa6f173194b9915add9811d3,"OPENING, NEEDS_ANALYSIS, FEE_DISCUSSION, PRODUCT_PITCH",0.95,True,"Contains greeting, inquiry about window size, discussion of consultation fees, and presentation of estimation options."
f3a3fff10d1a45019951601a23ae70bc_transcript,home_ervice_inbound&telecom _outbound.zip,home_service_telecom,outbound,3211eda95bee0a0315775843575ae1dcbd09eb5421af8a26bc86ce40f0bda84e,"OPENING, NEEDS_ANALYSIS, CURIOUS_EXPLORATION, PASSIVE_AGREEMENT",0.85,True,"Greeting present, agent analyzes specific glass requirements, and customer explores the callback process."
2076965350_transcript,insurance_outbound.zip,insurance,outbound,869b19a25aa6a045a05dc57301107ecb89a78dd56ab4d688cb524b79c136ee1d,"OPENING, PRODUCT_PITCH, NEEDS_ANALYSIS, FEE_DISCUSSION",0.98,True,"Greeting, pitch for Medicare benefits, eligibility check for Part A/B, and mention of cash back amounts."
dbc591ce66ac4c89acf77522d2d55004_transcript,automotive_inbound.zip,automotive,inbound,facc0016a33fb08af0d475ef00984f914feb597702414e96be40ae3b628109a2,"OPENING, NEEDS_ANALYSIS, FEE_DISCUSSION, CURIOUS_EXPLORATION",0.8,True,"Greeting present, customer inquiring about lease buy-out costs and options."
182e3b0e26354370a1e7cb2fa87e6c14_transcript,automotive_inbound.zip,automotive,inbound,5372a1ccecf52b5fbfb0f4899ccf7b300d90e3f7c8bdf12b7803f11103ca76db,"OPENING, CURIOUS_EXPLORATION, PASSIVE_AGREEMENT",0.7,False,"Greeting present, caller inquiring about employment opportunities and agreeing to a callback."
750954ad3589411095f4c0f3c411e5f5_transcript,medicare_inbound.zip,medicare,inbound,d75bbc8700ebdfcd6baa6718956beea34765fd935f3123da5942b1db803b1767,"OPENING, NEEDS_ANALYSIS, FEE_DISCUSSION, PRODUCT_PITCH",0.9,True,"Contains greeting, discussion of daycare pricing, vaccine requirements analysis, and explanation of the evaluation process."
da636104997d44ad9cf245025f009ee936507407_transcript,medicare_inbound.zip,medicare,inbound,bb4c30e97a3048f3c13cc03cc0c1d36fa0f0666e30d988e3570e0c6956405d1d,"OPENING, NEEDS_ANALYSIS, FEE_DISCUSSION, PRODUCT_PITCH, SUCCESSFUL_SALE",0.95,True,"Greeting present, patient status checked, pricing for exams discussed, and customer explicitly agrees to schedule an appointment."
5889554057484afda30eb72d3423d839_transcript,automotive_inbound.zip,automotive,inbound,19d214418e35b2006ced8d1e859afec00a8cf2721fc3da89fa8d70c14b17b3c5,"OPENING, NEEDS_ANALYSIS, CURIOUS_EXPLORATION",0.85,True,"Greeting present, agent collects customer details, and customer is inquiring about a specific vehicle recall issue."
8123ea369374490bb24a3f563d381bc1_transcript,home_service_inbound.zip,home_service_telecom,inbound,685abd966bc79044423d09eaf677ba13ca4a3034136db214f3c9c65fb365153e,"OPENING, NEEDS_ANALYSIS, PRODUCT_PITCH, SUCCESSFUL_SALE",0.95,True,"Greeting present, agent collects service details, pitches a measurement visit, and customer confirms the appointment."
3719071165a24e39868836f58a834f04_transcript,home_service_inbound.zip,home_service_telecom,inbound,dbbad8065720856f7a2d4efc345d63e85b14ae7401da698f1f3d127e69fa6815,"OPENING, NEEDS_ANALYSIS, FEE_DISCUSSION, PRODUCT_PITCH",0.9,True,"Greeting present, agent analyzes the issue (dead deer), mentions potential fees, and pitches the partner network service."
92d406016c5c41aea4f6d0560c374181_transcript,medicare_inbound.zip,medicare,inbound,2b51505d8a2cbd9aae1999a2e8584505666c9a45d03df12a461697071c6b21a2,"OPENING, NEEDS_ANALYSIS, PRODUCT_PITCH, FEE_DISCUSSION",0.95,True,"Contains greeting, questions about pet and dates, explanation of play packages, and specific pricing for silver and gold tiers."
ebbaddf49c7042528715b4ff5f822cef_transcript,home_service_inbound.zip,home_service_telecom,inbound,c02ed5c9c7e2d679d661dee5c10088d527acdd29b49741959fef76119de7006f,"OPENING, NEEDS_ANALYSIS, PRODUCT_PITCH, FEE_DISCUSSION",0.9,True,"Includes greeting, analysis of the glass issue, offer of free estimates/quotes, and discussion regarding the cost of the replacement."
4c3ed6a9e9874ac2990fd8228fe42250_transcript,automotive_and_healthcare_insurance_inbound.zip,insurance,inbound,a8b7638cf1ed792382bfae09e0ebb1fc00edc893d6e053fc38351db4035b991a,"OPENING, NEEDS_ANALYSIS, PRODUCT_PITCH, CURIOUS_EXPLORATION",0.85,True,"Greeting present, agent verifies vehicle details, pitches the certified warranty and mileage, and customer explores visiting the lot."
332305080038584long_transcript,medicare_inbound.zip,medicare,inbound,e32601cccb720b1b7515ff7cb2d52f12a3c995b512f36aaaa7a2e25c80ba76c7,"OPENING, NEEDS_ANALYSIS, FEE_DISCUSSION, PASSIVE_AGREEMENT",0.8,True,"Greeting present, discussion of claim status and extensions, specific payment amounts mentioned, and customer provides passive confirmation."
recording-public_1111_transcript,customer_service_general_inbound.zip,customer_service,inbound,5629f9a55d547df436f07cbb4aad213f35fac8275ad54946f9e0df6d96be68a5,"OPENING, PRODUCT_PITCH, FEE_DISCUSSION, NEEDS_ANALYSIS, SUCCESSFUL_SALE",0.95,True,"Greeting present, coverage plan and premium pitched, smoker status and bank details analyzed, and application process initiated."
69f2c75e666b4a56a73e17193303d871_transcript,medicare_inbound.zip,medicare,inbound,f22b9139435739225c3a3b0e2abd852c708688ab37e66697b8b8e6a916dbbca5,"OPENING, NEEDS_ANALYSIS, FEE_DISCUSSION",0.9,True,"Contains greeting, agent asks about puppy's health and history, and customer mentions a complimentary exam coupon."
2020-09-24-21-37-56_8a91c94a-2470-4549-b365-cba77a008b3f_v2x7XvT1eYxL6OphbEnlRke9IDTkD0ie3G89PFQZZg-2I4Caqm7pKhzw_transcript,auto_insurance_customer_service_inbound.zip,insurance,inbound,366c31ff4b88b56aca8efb22c2bd7e9153a0701d4e1de7ed8b9b219abcaeb5b9,"OPENING, NEEDS_ANALYSIS, FEE_DISCUSSION",0.95,True,"Greeting present, agent collects detailed insurance and driver history for a quote, and asks about current payment amounts."
fe5666941dd2473db599d69b0de2df42_transcript,home_service_inbound.zip,home_service_telecom,inbound,d8f4413c68dc0f634030c26ab6ec52d3763d77940a4286278bb680784def8ff0,"OPENING, NEEDS_ANALYSIS, MISUNDERSTANDING",0.85,True,"Greeting present, agent analyzes the repair needs of the dishwasher, and there is confusion about the caller's role."
fdae9e1b9b484de88a32d5ba2e96fdeb_transcript,automotive_inbound.zip,automotive,inbound,2e61c9fb3806cf75a20be58d5316e10401ec5f37233508de64847c0fc34425cd,"OPENING, NEEDS_ANALYSIS, FEE_DISCUSSION",0.9,True,"Greeting present, agent asks for VIN and account details to process a payment request."
1820f705756c4abeba5125c81b45fa23_transcript,medicare_inbound.zip,medicare,inbound,807713304029fa100bb5efafd9ebe1cc597049a88a61a87101653f4881607cce,"OPENING, NEEDS_ANALYSIS, FEE_DISCUSSION",0.9,True,"Greeting present, agent collects patient demographics and detailed insurance coverage information."
2020-09-18-15-25-42_7a946f3e-05f0-4186-8c63-1ab43ed6dec9_v2_ZC2NSg-_6gJHCQH-7Zs8zHIpmfnSJuEFkQ8df7dtZgzDTUFT0XpnA_transcript,auto_insurance_customer_service_inbound.zip,insurance,inbound,71cd07db0feea8ea1fefe94c06e89bfbc28baa097b6b1994ce1b8a74893d7a3c,"OPENING, NEEDS_ANALYSIS, FEE_DISCUSSION",0.9,True,"Agent greets the customer and conducts a detailed needs analysis regarding insurance, including a question about monthly payments."
35ca5b72771646b1b7c70a111e41e2e636564904_transcript,medicare_inbound.zip,medicare,inbound,cebf2d4115273ce4ee820214bdbb354d76798b2ce6a47d9f4dd19aa4fea900a5,"OPENING, NEEDS_ANALYSIS, PRODUCT_PITCH, FEE_DISCUSSION, SUCCESSFUL_SALE",0.95,True,"Includes greeting, gathering pet details, pitching specific play packages with prices, and confirming a reservation."
407cb637cdb74c5da72fc36a20a4d68c_transcript,medicare_inbound.zip,medicare,inbound,803f110fe8e2daec2fda446786eba131cb8841f9ee2b7f091c7aaed9c3ffed10,"OPENING, NEEDS_ANALYSIS, FEE_DISCUSSION",0.9,True,"Agent greets the caller, analyzes the dental issue and insurance status, and discusses the consultation fee."
369bc4aa499a436dbb702635c396e543_transcript,home_service_inbound.zip,home_service_telecom,inbound,c8b3feffede146b7f08b03223c38fd84a878337f342f88eea4f6d6007a19865b,"OPENING, NEEDS_ANALYSIS, PRODUCT_PITCH, FEE_DISCUSSION",0.9,True,"Greeting is present, agent analyzes the pest problem, pitches 'exclusion' services, and discusses the inspection fee."
949d9219448e44d08505ad1e3f9f06da_transcript,home_service_inbound.zip,home_service_telecom,inbound,c1830fe0f56559b5fb7092ba5038eb7d887400cbfbe168d75bf09b911f9e9629,"OPENING, NEEDS_ANALYSIS, SOFT_REJECTION",0.85,True,"Greeting and needs analysis for glass replacement occur, ending in a soft rejection when the agent cannot provide tinting."
332305140012869long_transcript,medicare_inbound.zip,medicare,inbound,5d05ca69092924c986bd429224c784057f70aea2276bab21065ce261616f9a2f,"OPENING, NEEDS_ANALYSIS, ACTIVE_LISTENING",0.85,True,Contains a greeting and the agent asks for date of birth and medication details to resolve the customer's issue.
ec42b6e86c1a4c94a4c05f8b5e11470e_transcript,automotive_inbound.zip,automotive,inbound,77d1f210d887c761b1b951c303472827d45cb077b9bbd3613710f3faee648f47,"OPENING, NEEDS_ANALYSIS, WARM_LEAD",0.8,True,Greeting is present; agent collects account and vehicle information for a service request from an existing customer.
9735391348_transcript,insurance_outbound.zip,insurance,outbound,7dc2e575593c1eea8c0690bbae0333e20aa8a7833c40b345029ffa2846fa0e00,"OPENING, PRODUCT_PITCH, NEEDS_ANALYSIS, FEE_DISCUSSION, WARM_LEAD",0.95,True,"Agent greets, pitches Medicare benefits at no cost, and verifies eligibility and personal details with a positive customer response."
9896001884_P6_transcript,insurance_outbound.zip,insurance,outbound,4c5b8f33049021a734832b4e73cc0842ab54437c831b1c5417fcadbe5e9285f0,"OPENING, PRODUCT_PITCH, NEEDS_ANALYSIS, CURIOUS_EXPLORATION, PASSIVE_AGREEMENT",0.9,True,Greeting present; agent verifies identity and mentions benefits; customer asks about delivery method and agrees passively.
9286341921_transcript,insurance_outbound.zip,insurance,outbound,cbe24d6725348b3290cafb7977bbfb9ef718443a6bd779a38eb2cbd1edf68b67,"OPENING, PRODUCT_PITCH, FEE_DISCUSSION, NEEDS_ANALYSIS, ENTHUSIASTIC_AGREEMENT",0.95,True,"Agent greets, pitches a Medicare upgrade with money-back and zero premium, and verifies location details with an enthusiastic customer."
7ea6dea29bae4a7ca3c9be5017f3817e_transcript,medicare_inbound.zip,medicare,inbound,9a6faea22b00fbe128f10d9742aff2ea3e41dfcb0ad0186ffa4eaceaf87dc11d,"OPENING, NEEDS_ANALYSIS, FEE_DISCUSSION, SUCCESSFUL_SALE",0.9,True,"Contains greeting, inquiry about medical process, discussion on Medicaid acceptance, and successful appointment scheduling."
85de4b8cfbce4404af19b9ac96d500c6_transcript,medicare_inbound.zip,medicare,inbound,9da34573e92a02b60730aa8cbf8508ed55079b952b4fe4ff92f9e7026a12948e,"OPENING, NEEDS_ANALYSIS, CURIOUS_EXPLORATION",0.8,True,"Includes opening greeting, agent asking for identification to check records, and customer inquiring about reservation status."
0c92ac5f87e447dca84ecfb4dbe2bbe5_transcript,home_service_inbound.zip,home_service_telecom,inbound,4451b4af48de9e8eec15fa63f1a514fabf09b2212d28713e60519c56b2a9f5a0,"OPENING, NEEDS_ANALYSIS, PRODUCT_PITCH, FEE_DISCUSSION",0.95,True,"Greeting present, customer describes window issues, agent pitches two estimate options, and discusses the on-site fee."
17f8ed070f924e5cb8e5723478f83bbb_transcript,medicare_inbound.zip,medicare,inbound,10b334f53ea9f9b7c9e1878c08eb3da16db2455eb5f52cba6649e365a1017c71,"OPENING, NEEDS_ANALYSIS, SUCCESSFUL_SALE",0.9,True,"Greeting present, agent asks for account details and service type, and confirms a grooming appointment."
731a2d6fd4f2407d8ce2e09f2217e898_transcript,medicare_inbound.zip,medicare,inbound,5784d5efef4d640f0f5700298d88b28e937487480f53ee936228a41b3d0a9baf,"OPENING, NEEDS_ANALYSIS, PRODUCT_PITCH, FEE_DISCUSSION, SUCCESSFUL_SALE",0.95,True,"Greeting present, agent analyzes needs (dates, weight), pitches suite types, mentions deposit fee, and confirms reservation."
7790bb55a3a74d819e2aa9f352f8e827_transcript,medicare_inbound.zip,medicare,inbound,c79b4d18ca00a071094c3f47d80ceeb3445370e380d8b210818a3cad5eaeb35a,"OPENING, NEEDS_ANALYSIS, ACTIVE_LISTENING",0.9,True,"Contains a greeting, agent asks for patient details (DOB, ID) to identify insurance, and confirms information throughout the call."
5179628566_transcript,insurance_outbound.zip,insurance,outbound,991c087b67d55f6d3ed181d9ec8ca8a786feeb5842f1b5700dc21ffc909f97a3,"OPENING, PRODUCT_PITCH, NEEDS_ANALYSIS, PASSIVE_AGREEMENT, WARM_LEAD",0.95,True,"Agent greets, pitches Medicare benefits, asks eligibility questions, and the customer agrees passively, indicating a warm lead."
6780fee61c1a462ba5ad3403c8583878_transcript,medicare_inbound.zip,medicare,inbound,a553e2a3c2dc97bc269ddc938de0d70d1ae02a608984268aef193fe7e4e23b12,"OPENING, NEEDS_ANALYSIS, ACTIVE_LISTENING",0.9,True,"Greeting is present, agent asks for DOB and name to locate the appointment, and confirms the new date/time."
10e0471e9f1c4879839ce7822c6532a3_transcript,home_service_inbound.zip,home_service_telecom,inbound,0e82b0051faf86f0f0c3a844f0b5d2a934f837f1c2e52444e4c9d288afd8c97f,"OPENING, PRODUCT_PITCH, FEE_DISCUSSION, NEEDS_ANALYSIS, SUCCESSFUL_SALE",0.9,True,"Greeting present, agent pitches a special price, discusses the cost, asks about system age, and successfully schedules the service."
37fa506bd1ae4b008d5a940717fd11a4_transcript,medicare_inbound.zip,medicare,inbound,4d742bf1e22023f20fc9347bfc418d8e1d4e6b37b13738dee4fdb18a8819006f,"OPENING, NEEDS_ANALYSIS, ACTIVE_LISTENING",0.9,True,"Greeting present, agent asks for patient and parent details (DOB, name spelling) and confirms the information."
3d2721206d084723941593efd7ef3f193678359_transcript,medicare_inbound.zip,medicare,inbound,fb7b3d2f685b60f7b315bfbd545daf5c47fb5da57ce58a006d7772ada0165b93,"OPENING, NEEDS_ANALYSIS, ACTIVE_LISTENING",0.85,True,"Contains a greeting, agent verifies insurance eligibility and appointment details, and demonstrates active listening to the customer's concerns."
recording-public_1095_transcript,customer_service_general_inbound.zip,customer_service,inbound,9aca852ce97f0dfa0b46cc2ef99e8b8bdfa33162be7e5ef1f4e8bd837266833a,"OPENING, NEEDS_ANALYSIS, PRODUCT_PITCH, FEE_DISCUSSION, SOFT_REJECTION",0.95,True,"Includes greeting, qualification questions, a pitch for final expense plans, discussion of premiums, and a soft rejection of the price point."
2020-10-05-21-10-51_fad9f6da-b94e-430b-842e-642127f39748_v2nqVhy-VTPXcv6yGqZOCTg3UDuy260GiVmx95ZLQJHMh0Wwamre7O9A_transcript,auto_insurance_customer_service_inbound.zip,insurance,inbound,394737b1d6afe8931443c0b3bc3e25dfcf4558030b3db9528d96f58b9b18b7cd,"OPENING, NEEDS_ANALYSIS, FEE_DISCUSSION, PRODUCT_PITCH",0.9,True,"Greeting is present, agent collects current provider and payment info for analysis, discusses current rates, and pitches a better rate."
5c77f24c6481480d81fa753f3ae6ebc2_transcript,automotive_and_healthcare_insurance_inbound.zip,insurance,inbound,ebd476392c9e1672e0b91450134e829554fe23fcfc0e7fdf44324e79266d13f1,"OPENING, NEEDS_ANALYSIS, FEE_DISCUSSION, FOLLOW_UP_EMAIL_REQUESTED, MISUNDERSTANDING",0.9,True,"Greeting present, agent asks about vehicle preferences and budget, customer requests an email, and there is confusion regarding cab size."
5b79bbb478df47dcb33e82d582f6a0a9_transcript,medicare_inbound.zip,medicare,inbound,f68f66b926e069d3e05cc0ab14346cadf97a2520f0d61157769d3219a6ed9e87,"OPENING, PRODUCT_PITCH",0.7,False,This is an IVR recording containing a greeting and automated promotional information about medical services.
4439881896_transcript,insurance_outbound.zip,insurance,outbound,75a0f417ea3aef4345925fcbb34671ae63f4e661a72ec5513b5e109d3b52b843,"OPENING, PRODUCT_PITCH, NEEDS_ANALYSIS",0.95,True,"Contains a greeting, a pitch for Medicare upgrades/benefits, and questions about employment and plan changes for eligibility."
28eefb83494f4fd0b9dbe10cd0057b71_transcript,medicare_inbound.zip,medicare,inbound,679eb2de281e0430ecebc43f1cf67d6a22fda7e8ff5e1d3b6870e1a1322d3c17,"OPENING, NEEDS_ANALYSIS, CURIOUS_EXPLORATION",0.9,True,Greeting present; customer is exploring if the provider takes their insurance; agent collects ID and personal details to verify network status.
48e9e88cd52744d18fdbd4f7ead494be_transcript,medicare_inbound.zip,medicare,inbound,965226406afcfd9b2c90c6be34fc3862d11bc9e5b7c039ff5d5e1a3bcda8dd61,"OPENING, PRODUCT_PITCH, FEE_DISCUSSION, CURIOUS_EXPLORATION",0.9,True,Greeting present; customer asks about daycare requirements; agent explains the preschool service and mentions a flat rate fee.
2020-06-25-20-48-32_6fb336a6-92bf-432d-ac87-82ec520d8285_v2--s00wecdhD9Sikf5Amx30WrInJvzlm8akOmKo8tzxgM6rP3sPNVQw_transcript,auto_insurance_customer_service_inbound.zip,insurance,inbound,09b23a2652691f9ab86d795d7dc5577b965eb703516896b03f7e1425e8d83bc7,"OPENING, NEEDS_ANALYSIS, SOFT_REJECTION, OBJECTION_HANDLING",0.85,True,Greeting and initial needs questions; customer states they already have insurance (soft rejection); agent attempts to offer a quote anyway.
5044170561_P2_transcript,insurance_outbound.zip,insurance,outbound,c639f3f7e1f735a2121a5049c5932065dccfb288c6b4d5cd8253c9dd7552b97d,"OPENING, PRODUCT_PITCH, NEEDS_ANALYSIS",0.95,True,"Greeting present; agent pitches Medicare benefits and performs a detailed needs analysis by verifying Medicare status, employment, and personal info."
e4907204c24044e9b0afad1c7678b3e5_transcript,home_service_inbound.zip,home_service_telecom,inbound,be37a30c86e0f01f4332b543c0285999217ae5d5691514f6c53c811f1b770be9,"OPENING, NEEDS_ANALYSIS, ACTIVE_LISTENING",0.9,True,Contains a greeting and the agent gathering specific vehicle and personal details to provide a service.
038045f52c7444c89e31facb7d369ff7_transcript,medicare_inbound.zip,medicare,inbound,6dc715336d7cee7587c3a0fd2616b443e91c2b7b42cb962a2c5d7e10218b5210,"OPENING, NEEDS_ANALYSIS, FEE_DISCUSSION",0.95,True,"Greeting is present, agent verifies account details, and the customer asks about making a payment."
Keto_Wellness___Hormone_Clinic_transcript,home_ervice_inbound&telecom _outbound.zip,home_service_telecom,outbound,9b7fca5f6bb447ecaf03cac1eabe5b1f56d75d558ae56929c30e801b32f043ea,"OPENING, PRODUCT_PITCH, FEE_DISCUSSION, CURIOUS_EXPLORATION",0.9,True,"Agent pitches a fiber optic upgrade with specific pricing, and the customer asks about price stability."
095453db60ef4229a52b4af93e985b07_transcript,medicare_inbound.zip,medicare,inbound,b5e55d68ef4b23fb0cea1bbae7cd187a4ce9c2e35d2ed2a865d138441c6e6a20,"OPENING, NEEDS_ANALYSIS, ACTIVE_LISTENING",0.85,True,"Greeting is present, and the agent collects patient information to reschedule a missed appointment."
40474c8258a440c5a98628eafb103be9_transcript,automotive_inbound.zip,automotive,inbound,ae3597bab59b920b07416946e809d0e22d2cf23121519d4c83b17c1386dad6f6,"OPENING, NEEDS_ANALYSIS, FEE_DISCUSSION, OBJECTION_HANDLING, CURIOUS_EXPLORATION",0.9,True,"Greeting present, agent asks about residency, discusses shipping costs, and handles the customer's request for shipping."
cbb3a34689774285b25d186bbe516c70_transcript,automotive_inbound.zip,automotive,inbound,d4c3a8550d3a700dc89d2717afb544477a87337767471cc3019cf1e163f9c4aa,"OPENING, NEEDS_ANALYSIS, CURIOUS_EXPLORATION",0.8,True,"Contains a greeting, a request for specific tracking information, and the agent analyzing who handles the MSOs."
8067946751_transcript,insurance_outbound.zip,insurance,outbound,e486c500d172e1f4daadbdb2b0eff12dbd5b1f4e548e795c7033ef1c100bcb62,"OPENING, PRODUCT_PITCH, NEEDS_ANALYSIS, FEE_DISCUSSION",0.95,True,"Includes greeting, a pitch for Medicare benefits, qualifying questions for eligibility, and mentions of zero additional cost."
DMEMED_rmbpo05_20211104-153658_9103239481_4614846-all_transcript,medical_equipment_outbound.zip,medical_equipment,outbound,1b93a5baceb0ccdae968c69b83463ffff8a3cc7d5651f7544b59577b267d609c,"OPENING, PRODUCT_PITCH, NEEDS_ANALYSIS, OBJECTION_HANDLING",0.85,True,"Greeting present, pitch for benefits, medical screening questions, and agent attempting to overcome the customer's previous failure to get help."
fbd59bb8a14a4198a9b658c2d6e3cc7b_transcript,home_service_inbound.zip,home_service_telecom,inbound,2b29493b998debcaa00ecb2c02d47a1310253ed8b554cacd24ec05ffbf36e356,"OPENING, NEEDS_ANALYSIS, FEE_DISCUSSION, CURIOUS_EXPLORATION",0.9,True,"Greeting present, customer requesting a price bid, agent collecting address and service details for the quote."
2020-03-27-20-07-21_9367871a-7066-11ea-8338-021b044728ff_914e6c50-7066-11ea-838b-e706d5cd4d76_transcript,auto_insurance_customer_service_inbound.zip,insurance,inbound,05000e37118c010b9c33a90f4d815b4b420320e689dd1dcedd4bdfba3dc1bcb9,"OPENING, STALLING_FOR_TIME, ACTIVE_LISTENING",0.7,False,"Contains an agent greeting at the end, significant hold time (stalling), and agent reassuring the customer during the wait."
5672a25641bd49448101b0afe15011c3_transcript,medicare_inbound.zip,medicare,inbound,deef7a6281fe788b31b8d730e1cf84e26f11820f8828c1db87b6b3c9af54abe0,"OPENING, PRODUCT_PITCH",0.9,True,Contains a formal greeting and a pitch for veterinary services and medical processes for new pets.
9e760f0c96c64ed9a3ee5d3e7e80906e_transcript,home_service_inbound.zip,home_service_telecom,inbound,26157b11839a13628f0462953ee6760d6564ad46d20813ef8d76290e86b23ded,"OPENING, NEEDS_ANALYSIS, FEE_DISCUSSION, SUCCESSFUL_SALE",0.85,True,"Greeting, diagnostic questions about the pump, discussion of warranty, and scheduling a technician visit."
025e9971426c4bdeb349c26248e82f8e_transcript,home_ervice_inbound&telecom _outbound.zip,home_service_telecom,outbound,40455d28bddb778d5dd4f0d0bc465343812b969f41f9b805dcb66e86c1599700,"OPENING, NEEDS_ANALYSIS, FEE_DISCUSSION, SOFT_REJECTION",0.8,True,"Greeting, gathering customer location data, discussion of service call costs, and agent stating they cannot serve the area."
2020-10-06-20-40-17_fd32777c-b199-46b3-a7af-cebcf51815d7_v229y2y324JMG-8mAfn84gzS6UZPYVl3m2TDdlWeZLfRJdEG0VE0_pWQ_transcript,auto_insurance_customer_service_inbound.zip,insurance,inbound,3617188ae620e7db16a6c2785cc8dac9972511d476b91456837461ce6c5d85a9,"OPENING, NEEDS_ANALYSIS, FEE_DISCUSSION, PRODUCT_PITCH",0.95,True,"Greeting, extensive verification of insurance details, discussion of current premiums, and pitching a bundled policy."
332305150023543long_transcript,medicare_inbound.zip,medicare,inbound,ece4abe8a451ee95a98bc737f8ab552c4cae1c40faf564026828d6c28b7f744b,"OPENING, NEEDS_ANALYSIS, ACTIVE_LISTENING",0.8,True,"Greeting, assessing the urgency and nature of the dental issue, and empathetic responses from the agent."
332305160035586long_transcript,medicare_inbound.zip,medicare,inbound,7a1068cdb91c03e6ecf8105fe1ed98e8a30289af2d87abc6fe97aac8e9160052,"OPENING, NEEDS_ANALYSIS, SUCCESSFUL_SALE",0.85,True,"Agent greets customer, analyzes scheduling needs for an appointment, and successfully confirms a date and time."
2b4880a6109142e683f51b04fc34621b_transcript,automotive_and_healthcare_insurance_inbound.zip,insurance,inbound,2b68ff32337b18cfcc7bcff7a5d6aba773fc2adfc3dfc1288ebfc77f45d97da7,"OPENING, NEEDS_ANALYSIS, FEE_DISCUSSION, CURIOUS_EXPLORATION",0.8,True,"Agent greets customer, analyzes vehicle preferences, discusses the best offer/price, and customer explores car options."
ae2f9c60a1714247a7a0716b9c022a6f_transcript,automotive_inbound.zip,automotive,inbound,b4d6f827ea995c225d772cd91a0c10def18bdbe32029188b1a2de5d02b4328b8,"OPENING, NEEDS_ANALYSIS, ACTIVE_LISTENING",0.9,True,"Agent greets customer, analyzes vehicle issues and collects specific car details using active listening to confirm."
d881ed9d1097409580944d25fae23bc4_transcript,home_ervice_inbound&telecom _outbound.zip,home_service_telecom,outbound,e5596ff47ba9420a45c42507a88032f1f20cc4731062a1f3d134e74cc287530e,"OPENING, NEEDS_ANALYSIS, FEE_DISCUSSION, SUCCESSFUL_SALE",0.95,True,"Agent greets customer, analyzes the appliance leak, discusses the service call fee, and successfully books the appointment."
fa40c7151cec4840bd05df77e7450b7c (1)_transcript,medicare_inbound.zip,medicare,inbound,326ab801649d06e97d475b800d0e8a325294b1cea298bb0fd5dd8d7e7ab74e73,"OPENING, NEEDS_ANALYSIS, ACTIVE_LISTENING",0.9,True,"Agent greets customer, analyzes pet details for boarding requirements, and confirms information through active listening."
29f5777765774eaabca3eb673ec5d763 (1)_transcript,medicare_inbound.zip,medicare,inbound,26d1cbf197e632af328db39c423ffe55217bb88a93b7693bb7621c206f2099fc,"OPENING, NEEDS_ANALYSIS, ACTIVE_LISTENING",0.9,True,"Contains a clear greeting, agent asks for customer and pet details to locate the appointment, and shows helpful active listening."
recording-public_996_transcript,customer_service_general_inbound.zip,customer_service,inbound,e524800264053a89d3833948dfe1564a874ef2aa09cc123c3d8d9f5519834bc7,"OPENING, PRODUCT_PITCH, NEEDS_ANALYSIS, CURIOUS_EXPLORATION",0.95,True,"Agent greets customer, pitches burial insurance, asks about existing policies, and the customer asks clarifying questions about the necessity of the product."
f705b6ebca83474bb95e57bdd002ac26_transcript,home_service_inbound.zip,home_service_telecom,inbound,4d47bb31ddaeafbadab5b196bb48bc21706fe827dedd7940e037f49ad3507326,"OPENING, NEEDS_ANALYSIS, ACTIVE_LISTENING",0.9,True,Includes a formal greeting and a detailed intake process where the agent gathers location and contact information for a repair.
b5dc62e0b87540c4ab9d57436bb60046_transcript,home_service_inbound.zip,home_service_telecom,inbound,68b527a62894555b8999e4920aba2044974ceb2d5a67385176f0fca9f6da2d71,"OPENING, NEEDS_ANALYSIS, MISUNDERSTANDING",0.85,True,"Greeting is present, agent analyzes the service needed, and there is initial confusion regarding whether the customer had the correct number."
65ced2b8f25542c1a615449c68cbfc68_transcript,home_service_inbound.zip,home_service_telecom,inbound,a83db22b8b1ee2baa534f43378bb187c4deec20903bfd205c91600099ef31346,"OPENING, NEEDS_ANALYSIS, SUCCESSFUL_SALE",0.9,True,"Agent opens the call, analyzes the furnace issue and customer history, and successfully schedules a service appointment."
b9f4c40e95ed43a5aec6b4f5c9d51f35_transcript,home_service_inbound.zip,home_service_telecom,inbound,cbf05136dd3ae7639d693426ec0178ef9cc84257c1d53865eeb1c4ef247e9a1e,"OPENING, NEEDS_ANALYSIS, WARM_LEAD",0.9,True,"Contains a greeting, the agent asks for the address and listens to the customer's specific problem, and the customer is actively seeking service."
3076400940_transcript,insurance_outbound.zip,insurance,outbound,898354ca5ffdfee648a21705cfc091dc6131eea1b9ca583cd673538b7e9183e1,"OPENING, PRODUCT_PITCH, NEEDS_ANALYSIS, PASSIVE_AGREEMENT",0.95,True,"Agent opens the call, pitches a Medicare upgrade with money back, asks for eligibility/demographics, and the customer provides simple confirmations."
9f35d89eaa24451895838ea2c1b0199b_transcript,home_ervice_inbound&telecom _outbound.zip,home_service_telecom,outbound,2a57377f58d8733593477ecdffc8fded328576196b4354d63edc591f1ffebeb0,"OPENING, CURIOUS_EXPLORATION, ACTIVE_LISTENING",0.85,True,"Includes a greeting, the customer is inquiring about an order status, and the agent provides a detailed update and apology."
4083780872_P2_transcript,insurance_outbound.zip,insurance,outbound,5eaf33afb5fe65c5ee1fc2304108d7970cd61098c8a362171c13cd6f0f0c34f4,"OPENING, NEEDS_ANALYSIS, SOFT_REJECTION, OBJECTION_HANDLING",0.9,True,"Agent opens the call and asks eligibility questions; customer expresses frustration with calls (soft rejection), which the agent attempts to move past."
60530963e27348768aedacb3ce5ea39836528020_transcript,medicare_inbound.zip,medicare,inbound,33d958113f7d9c1e7b95267ed0f29c1a31d904abe0b7d9a24f5e49df34e6c2bb,"OPENING, FEE_DISCUSSION, PRODUCT_PITCH, NEEDS_ANALYSIS",0.95,True,"Greeting is present, agent discusses specific pricing for boarding, pitches different service packages (gold/silver/bronze), and clarifies the customer's specific boarding needs."
049d4b290515462996f1dd074a13e845_transcript,home_service_inbound.zip,home_service_telecom,inbound,c22c92240bebdecaca97d1b07e942a9b56fe8eda2396fd27225a3fd3275ad213,"OPENING, NEEDS_ANALYSIS, SUCCESSFUL_SALE",0.95,True,"Contains greeting, agent gathers customer details and location, and successfully schedules a service appointment."
7f22429402744c2c96bd6921e13827ec_transcript,automotive_inbound.zip,automotive,inbound,979e593fd193096838b9c767f57bd036163dc814298dae788869971206646a27,"OPENING, PRODUCT_PITCH, FEE_DISCUSSION, OBJECTION_HANDLING",0.9,True,"Greeting present; agent pitches specific vehicles and prices; customer disputes the price, and agent attempts to clarify."
18a642fbc5494748873af9fda11e9c60_transcript,medicare_inbound.zip,medicare,inbound,e40c4e5c84179e65713fdf7e474c7f8b08fceee92a52b838960a80ef6809a9ea,"OPENING, NEEDS_ANALYSIS, FEE_DISCUSSION, SUCCESSFUL_SALE",0.95,True,Greeting present; agent analyzes boarding needs; discusses a required deposit; customer agrees to pay and book.
332305110011480long_transcript,medicare_inbound.zip,medicare,inbound,a887b9b1dd2be0cf3f7e0039c79bfb190bc06d20781eb60da95aad7a06930a50,"OPENING, NEEDS_ANALYSIS, SUCCESSFUL_SALE, FEE_DISCUSSION",0.95,True,Greeting present; agent determines appointment time; appointment is confirmed; customer asks about payment for the vaccine.
1caa7d2830be4ae88f218cd454fc7d6e_transcript,automotive_inbound.zip,automotive,inbound,e9c6b40bb56ded9c434aede3270b7cda966defe78cf3109316583a7d6fd80939,"OPENING, PRODUCT_PITCH, NEEDS_ANALYSIS, FEE_DISCUSSION",0.9,True,Greeting present; agent presents available truck options; asks about bed and trim preferences; customer asks for pricing.
da2896de67a343718b62413bce41bc8b_transcript,automotive_inbound.zip,automotive,inbound,644dbeb58d7611706dc73d1d3dce6f34cf41817eab57b65b2cdb98ebb70c6ec2,"OPENING, PRODUCT_PITCH, FEE_DISCUSSION, COMPETITOR_COMPARISON, CURIOUS_EXPLORATION",0.95,True,"Call starts with greeting, agent pitches a specific car and price, customer compares protection packages with another dealer and asks about additional fees."
2ed7f7bed44d4191912441385c0cbcef_transcript,automotive_and_healthcare_insurance_inbound.zip,insurance,inbound,d83f53338083b258542cc8a2be3474aa8acfbe01eb1dbcc3f39fa4384c318625,"OPENING, NEEDS_ANALYSIS, PASSIVE_AGREEMENT, ACTIVE_LISTENING",0.9,True,Greeting present; agent analyzes vehicle mileage and situation to provide a solution; customer agrees to the proposed next steps.
dfed0d2c2715449b8aee1021a3603aec36379599_transcript,medicare_inbound.zip,medicare,inbound,e901e1f4c812f24aea4ea243b4b972c50d47e2d79ac1743031ff75db76c4acf8,"OPENING, PRODUCT_PITCH, FEE_DISCUSSION, COMPETITOR_COMPARISON",0.85,True,"Transcript contains an opening greeting and a promotional pitch for pet resort services, mentioning discounts and comparing them to competitors."
2f29c37f7ec54d2cabeda0ac4f5092ae36379580_transcript,medicare_inbound.zip,medicare,inbound,6832a14f4cb2ac64a0251c448323573c8132714b2668b8103e33cdb530208b6d,"OPENING, NEEDS_ANALYSIS, OVERWHELMED_CONFUSION, ACTIVE_LISTENING",0.9,True,Greeting present; customer is confused by the online booking system; agent listens and analyzes the required dates to schedule manually.
8aba5eaa8125407299c4992d2533e667_transcript,home_ervice_inbound&telecom _outbound.zip,home_service_telecom,outbound,fa0736c5d153fb691911280ced9c03ddc02db2dde479e8511f4ed74be4cf161a,"OPENING, NEEDS_ANALYSIS, FEE_DISCUSSION, FOLLOW_UP_EMAIL_REQUESTED",0.9,True,"Greeting present; discussion regarding emailed photos of a broken part, analysis of the hardware needed, and mention of pricing plus GST."
a4945189674d4038bbef4fc9193766ab_transcript,home_ervice_inbound&telecom _outbound.zip,home_service_telecom,outbound,7ceefb8cf5ccca5e53578cb3beac999c7f8ad33957f257fba6378ee4ed1ce5a0,"OPENING, NEEDS_ANALYSIS, FEE_DISCUSSION, FOLLOW_UP_EMAIL_REQUESTED",0.9,True,"Contains greeting, agent identifies the customer's need for a missing estimate, discusses the price/estimate, and arranges to send it via email."
f0bfb0196681418ebbe2cd403fac78d3_transcript,medicare_inbound.zip,medicare,inbound,942551e89b1a9c4af12417b1294bedd30437d4e9913f9c1764230226989d4b7a,"OPENING, NEEDS_ANALYSIS, PRODUCT_PITCH",0.85,True,"Includes a professional greeting, extensive verification of patient details (needs analysis), and a pitch regarding the importance of annual examinations."
e2e5a1986bda482f849c6760806bf459_transcript,home_ervice_inbound&telecom _outbound.zip,home_service_telecom,outbound,afcd0acc280d585835a28599ec80e3239174306e693eb893913141915707235b,"PRODUCT_PITCH, FEE_DISCUSSION",0.8,True,The transcript is an automated recording pitching various glass services and mentioning upfront pricing and safety over price.
0621c19d3c4d4a1c97a4d3c2036141d9_transcript,automotive_inbound.zip,automotive,inbound,26549be85e99bc1c2d179c2658f6e118fece863d2314fb66f3494ea33de9212c,"OPENING, NEEDS_ANALYSIS, FEE_DISCUSSION, PRODUCT_PITCH",0.9,True,"Contains greeting, agent analyzes customer's mileage and preference, discusses financing/leasing incentives, and pitches specific vehicle models."
c43368fbc72d49b3b188236c40562ac1_transcript,medicare_inbound.zip,medicare,inbound,a737fe137b1dbcdb9c8dbe6e6d55e6199ba19e1068608fceb6d6ca911a26c848,"OPENING, NEEDS_ANALYSIS",0.9,True,Includes a greeting and a detailed intake process where the agent asks for owner and pet information to schedule an appointment.
77af140691844948bc45be419aac57c5_transcript,medicare_inbound.zip,medicare,inbound,46c7468ec3681342d71a603e3d40d44424d5a6891660c2d6f25e963213b068a7,"OPENING, NEEDS_ANALYSIS, ACTIVE_LISTENING, CURIOUS_EXPLORATION",0.9,True,"Contains a greeting, customer describing pet symptoms for assessment, and agent acknowledging the situation."
304507558b984266a824fd63b746eaf236528009_transcript,medicare_inbound.zip,medicare,inbound,4ae293ad5fa77bcc681214e0086aaaea2ed567d761def852b6ea4d5935c7bfca,"OPENING, NEEDS_ANALYSIS, COMPETITOR_COMPARISON, CURIOUS_EXPLORATION",0.9,True,"Greeting present, agent asks eligibility/detail questions about the dog, and customer mentions trying another boarding facility."
968c00e2d22644978710b617a5351bd3_transcript,automotive_inbound.zip,automotive,inbound,6482d75fcaf96e4da3679d821a0657bfc9d771d40526d5ef4194b377348cc8d4,"OPENING, NEEDS_ANALYSIS, CURIOUS_EXPLORATION, WARM_LEAD",0.9,True,"Greeting present, customer inquiring about a specific vehicle, and agent verifying specifications to match the request."
829038a7bb8c41ca98c4d6329a996a53_transcript,medicare_inbound.zip,medicare,inbound,e2d073f7d260e10731296f7e3df784a7980ee7e2a72f0eecd5f2f69805a0b128,"OPENING, NEEDS_ANALYSIS, SOFT_REJECTION, CURIOUS_EXPLORATION",0.85,True,"Greeting present, agent gathers customer info, and customer rejects a proposed appointment time due to a conflict."
212b9f9aad104280b0935aa95d0cfddb_transcript,medicare_inbound.zip,medicare,inbound,8140eedd35695b19a61faf2b4b06282a390c4751756722c7fb132ad070f4d43c,"OPENING, ACTIVE_LISTENING, NEEDS_ANALYSIS, CURIOUS_EXPLORATION",0.8,True,"Greeting present, discussion regarding the pet's medical condition and coordination of care with the agent."
869f6fc9508c49df83af2ad25a9f99f3_transcript,home_ervice_inbound&telecom _outbound.zip,home_service_telecom,outbound,fbff0023dab4a80b75664f0b14a331bb18d0e413b603155cc7da469a8f6a96d7,"OPENING, NEEDS_ANALYSIS, FEE_DISCUSSION, WARM_LEAD",0.9,True,"Agent opens the call, analyzes the customer's plumbing emergency, discusses the after-hours service fee, and handles a customer actively seeking help."
b8687f9f012a4e4ebc4a4d6bf7b1d1c936485091_transcript,medicare_inbound.zip,medicare,inbound,857487b1ac51b7815260b2d32b4b9a921b729b92312fd36b4b75a8293d2cc2b5,"OPENING, PRODUCT_PITCH, FEE_DISCUSSION, CURIOUS_EXPLORATION",0.95,True,Call starts with a greeting; agent pitches different boarding packages and discounts while the customer explores pricing and inclusions.
a265c1c9797f4aec8ffb6966332328d4_transcript,medicare_inbound.zip,medicare,inbound,04d04f2899f3f5e0d1a8cb6d2db9a01c17446dc087f20091321ee4bdd257c22d,"OPENING, NEEDS_ANALYSIS, FEE_DISCUSSION, SUCCESSFUL_SALE",0.9,True,"Agent opens the call, assesses the patient's symptoms, confirms no out-of-pocket cost, and successfully schedules an appointment."
30e6a6b1e136420f933e2db9af1e623c_transcript,medicare_inbound.zip,medicare,inbound,d50666262bcc285d564a1c2c1ba37588a63a7a737afce7a7c5d06ec648d38ed3,"OPENING, NEEDS_ANALYSIS, FEE_DISCUSSION, SUCCESSFUL_SALE",0.85,True,"Agent opens the call, clarifies the dental procedure needed, discusses potential out-of-pocket costs, and secures a tentative appointment slot."
3094495407_P1_transcript,insurance_outbound.zip,insurance,outbound,e20fe0306eeb83db9c45367b23f55915f993450b3a104cd99738726ba2bef189,"OPENING, PRODUCT_PITCH, NEEDS_ANALYSIS, PASSIVE_AGREEMENT",0.9,True,"Agent opens the call, pitches a Medicare upgrade with benefits, verifies eligibility/details, and the customer agrees passively throughout."
Peter_T_Skeie___Assoc_transcript,home_ervice_inbound&telecom _outbound.zip,home_service_telecom,outbound,dca87aa2c38b48a02bfb8061c7d0cf3ccb15647f3b70079c412e14f5431c950c,"OPENING, PRODUCT_PITCH, NEEDS_ANALYSIS",0.9,True,"Contains a greeting, a pitch regarding fiber optics pricing, and verification of account and location details."
US_TELECOM_195_AH_(881)_transcript,home_ervice_inbound&telecom _outbound.zip,home_service_telecom,outbound,663de99ee91fb774e14dd31cbdb4d2c82a267dd6c652c6e7b763b0b36f002a91,"OPENING, PRODUCT_PITCH, FEE_DISCUSSION, SOFT_REJECTION, OBJECTION_HANDLING",0.95,True,"Greeting, offer for speed upgrade with specific pricing, customer resistance to paying more, and agent's attempt to justify the cost."
2020-09-17-20-16-55_b067264e-0d51-4713-930a-99c1d6c3704f_v2-Wp8WWFQzNr5z4e5fTMYHxBKbCP9NzJyZXtNauL0gZ1R5z3O85Tcgg_transcript,auto_insurance_customer_service_inbound.zip,insurance,inbound,0f63707a166b20d8eedca5c33a65757679d676eb1c13bfced237cdb1cf54ba27,"OPENING, NEEDS_ANALYSIS, FEE_DISCUSSION",0.9,True,"Greeting followed by extensive data gathering on current insurance provider, driving history, and monthly payment amounts."
bc0cc697294b4ff0b637803023a80a4b_(2)_transcript,home_ervice_inbound&telecom _outbound.zip,home_service_telecom,outbound,90fa34a2a4d21a58d64bfb249318cd4edee96421a2461a12e0e9a32c150ef7ef,"OPENING, PRODUCT_PITCH, NEEDS_ANALYSIS",0.85,True,"Greeting, offer to replace a glass unit, and gathering customer contact and location information for an estimate."
recording-public_993_transcript,customer_service_general_inbound.zip,customer_service,inbound,2f3fc13b2178e638feb953a800d6c933c3865bc7fd8058aa1fa84d61d87ad0af,"OPENING, PRODUCT_PITCH, NEEDS_ANALYSIS, MISUNDERSTANDING",0.8,True,"Greeting, mention of coverage programs, location verification, and significant confusion/misunderstanding regarding time zones."
2ef738b8160f4aad9e03e2b3feaeb310_transcript,automotive_and_healthcare_insurance_inbound.zip,insurance,inbound,48447c1b97944c05c83ed8b4ca1e7fb2304d1d015ea9e9337af8cfb91d871207,"OPENING, NEEDS_ANALYSIS, PASSIVE_AGREEMENT",0.8,True,"Contains IVR and agent greeting, agent analyzes the status of a vehicle deal, and the customer is agreeable."
2020-03-25-16-53-12_1e2f731c-6eb9-11ea-ac28-0e2cf1fe7ded_1cf9599a-6eb9-11ea-8f6d-4b27582f53c6_transcript,auto_insurance_customer_service_inbound.zip,insurance,inbound,f80e557c0bd4d72d8079792e6e7731733d10a81cf42442a0a8ca61c13f424d41,"OPENING, PRODUCT_PITCH, NEEDS_ANALYSIS",0.9,True,"Includes greeting, agent offers to provide an insurance quote, and collects personal details for eligibility."
6787520354_transcript,insurance_outbound.zip,insurance,outbound,98999917a501a4f9cda01c19ddf5a32a26782689c2221c6a13eb9ec23c575c93,"OPENING, PRODUCT_PITCH, NEEDS_ANALYSIS, FEE_DISCUSSION",0.9,True,"Greeting present, agent pitches Medicare benefits, asks about current coverage, and mentions there is no additional cost."
91cec0a49bd94c2c84bc2eb3b5788606_transcript,automotive_inbound.zip,automotive,inbound,d3469eaca0ba1e288af36cc9cb0d900f082444f0eb908c3f2c6212de0a5287ee,"OPENING, PRODUCT_PITCH, FEE_DISCUSSION, ACTIVE_LISTENING",0.9,True,"Greeting present, agent pitches specific truck models, discusses price, and engages in friendly rapport/banter."
2021-08-26-21-53-55_5bacd330-701b-400a-8e3f-07158b5ce85a_RGBC7EBDE3033D4892577EEAA68B334AFA4D57B69F6CF-OA01_-_Copy_transcript,automotive_and_healthcare_insurance_inbound.zip,insurance,inbound,11008999bdd10db2bf07c0347da129e31ceece2343438ba436bc7ad1d17c8d6c,"OPENING, PRODUCT_PITCH, NEEDS_ANALYSIS",0.9,True,"Greeting present, agent pitches Medicare benefit assistance and asks for personal and insurance details."
1398ef7103294ec4ae0138e688756119_transcript,medicare_inbound.zip,medicare,inbound,17663ec9308bed7c2f4212d6b58e6146e39682de418f81db87fd77b955b6c5fb,"OPENING, NEEDS_ANALYSIS, CLOSING_NEGOTIATION, ACTIVE_LISTENING",0.9,True,"Contains greeting, gathering zip code and availability, and negotiating a specific appointment time."
5691ca5ab5aa431a84183371ef146fe1_transcript,home_service_inbound.zip,home_service_telecom,inbound,6c94e3ffc89e9a1e3e68bc5b7d94892de90edbfd717f83b880400816af1a7817,"OPENING, NEEDS_ANALYSIS, CURIOUS_EXPLORATION, ACTIVE_LISTENING",0.9,True,"Greeting present, agent verifies order details, and provides specific cleaning advice to the customer."
2020-09-24-19-04-43_ee049d77-1d4b-48a1-ad3b-1e10b3ac6ae7_v2iO_p_fxNxE6DShDjLsNn1_9B-2KjAxHNDozHYGP-MrW2DZy5seGyDA_transcript,auto_insurance_customer_service_inbound.zip,insurance,inbound,6293bc9a0d6829d3be4de21e80212805318d3bf2a7ddd26b652428920fdc1c23,"OPENING, NEEDS_ANALYSIS, PRODUCT_PITCH, SOFT_REJECTION",0.95,True,"Greeting present, gathering insurance provider info, pitching a bundle, and customer expresses indecision."
5ba97c793f8e42c988a6ff52fc524d53_transcript,automotive_inbound.zip,automotive,inbound,d35097df7c21a1fa77f72aeb3a835dbfffe4c8786b1cbd2815d97920c5e59df4,"OPENING, PRODUCT_PITCH, CURIOUS_EXPLORATION, ACTIVE_LISTENING",0.8,True,"Greeting present, discussion regarding a vehicle trade-in, and general rapport building."
35720c96d5a84301acedbe6f98096605_transcript,automotive_inbound.zip,automotive,inbound,6004afac30c786545019ed3975f7134d834c4a8492cefb61cf38f604b3c47858,"OPENING, NEEDS_ANALYSIS, CURIOUS_EXPLORATION, ACTIVE_LISTENING",0.9,True,"Greeting present, agent identifies specific vehicle requirements (model, seats, package) for the customer."
72a80a19bbda463eb6b98f9d2b02b416_transcript,automotive_inbound.zip,automotive,inbound,1f4f760131d471f09de272874fad913f9a1cf35d869e21b4e3020da0d8f01d2f,"OPENING, PRODUCT_PITCH",0.8,True,Contains an IVR opening and an automated pitch for automotive diagnostic and maintenance services.
eef7d2f033b44dbd887791d52a2c215a_transcript,medicare_inbound.zip,medicare,inbound,e0ffc1f58cff2066232fcfae78ca29a0dcd8cb5085d0034f0a307a78b7afe0d0,"OPENING, CURIOUS_EXPLORATION",0.6,False,Includes an IVR opening; customer asks about emergency hospital availability while on hold.
4346162003_transcript,insurance_outbound.zip,insurance,outbound,e143eb0f3aee4894143b88525f05d040c92bae3cb783ab8465ed109608c3376b,"OPENING, PRODUCT_PITCH, NEEDS_ANALYSIS, FEE_DISCUSSION, PASSIVE_AGREEMENT",0.95,True,"Outbound call featuring a greeting, Medicare benefit pitch, eligibility screening, and discussion of zero premiums."
74ecb6d283f149db94f5eb9cb8d96c7f_transcript,medicare_inbound.zip,medicare,inbound,8388585f461c4cd3d00a8d2067df81693064a17a4361fd607b378878c53501f3,"OPENING, NEEDS_ANALYSIS, SUCCESSFUL_SALE, PASSIVE_AGREEMENT",0.9,True,"Opening greeting, analysis of medical symptoms, and successful scheduling of a patient appointment."
6b915c0dcbed48e0bd241f5834c88e83_transcript,automotive_inbound.zip,automotive,inbound,01343323da53c04d72f8ee1dee1dcac137de001fc44f2702509381869ed2e266,"OPENING, PRODUCT_PITCH, NEEDS_ANALYSIS, FEE_DISCUSSION, CURIOUS_EXPLORATION",0.9,True,"Greeting followed by customer inquiry, vehicle feature comparison, seating needs analysis, and price discussion."
e1c4cee68a664432ac6f7a2086455398_transcript,medicare_inbound.zip,medicare,inbound,f9b93de7736b5bbbdacfbc3bf4a4d28e27355a157c3f8795b3306ac105e2172b,"OPENING, NEEDS_ANALYSIS, PRODUCT_PITCH, SUCCESSFUL_SALE",0.9,True,"Contains greeting, agent asks for dates/details, confirms availability of boarding slots, and customer commits to the booking."
3e52d4fb73dd4942bb82f5fedf200a20_transcript,automotive_inbound.zip,automotive,inbound,4d0495a1d892fbb4df149c794642f44be3784c4af47623c6307b63752f9eb01b,"OPENING, NEEDS_ANALYSIS, PRODUCT_PITCH, CURIOUS_EXPLORATION",0.85,True,Greeting present; agent and customer discuss specific car models and colors; agent confirms stock availability.
7049005410_transcript,insurance_outbound.zip,insurance,outbound,4f11809e6e11d50a122160bf5a264df53151e9ab11bc846f66c8b112a8832a7e,"OPENING, PRODUCT_PITCH, NEEDS_ANALYSIS, FEE_DISCUSSION",0.95,True,"Greeting present; agent pitches Medicare benefits, discusses zero cost/no co-pays, and asks qualifying eligibility questions."
3e8a628630304b3f9f9b61ffc80df53a_transcript,home_ervice_inbound&telecom _outbound.zip,home_service_telecom,outbound,c67ade2cdcff8b3cd426fb98946feb610f2c7dfdcea2232f16c75f8a30ab1141,"OPENING, NEEDS_ANALYSIS, CURIOUS_EXPLORATION, ACTIVE_LISTENING",0.8,True,Greeting present; agent collects customer details and emergency status; customer explains the leak situation; agent uses empathetic fillers.
b3b537cc124f47fd89c680b3d90ac8e8_transcript,home_ervice_inbound&telecom _outbound.zip,home_service_telecom,outbound,78d71ca67142b934b732b9f86bb7f2c1043815784058c7921332319f52db30dc,"OPENING, NEEDS_ANALYSIS, PRODUCT_PITCH, CLOSING_NEGOTIATION",0.8,True,"Greeting present; agent pitches the service network, collects contact info, and arranges a callback from the local office."
1693cb36ee60498ea40fc963cd33410f2077228_transcript,medicare_inbound.zip,medicare,inbound,09a20e226023177bd92e5a32f90c45be5c00443a5b98c9c44a6def2479b8225f,"OPENING, NEEDS_ANALYSIS, CURIOUS_EXPLORATION",0.9,True,Agent greets the caller and helps them identify specific dental shade and tooth type for a patient's records.
5cc8cc8857bd42b7980237dc7a39c8ba_transcript,automotive_and_healthcare_insurance_inbound.zip,insurance,inbound,ee35c898a59eed95c91a2e50a50393de7136f5cf60b0eeff638e79b688408d56,"OPENING, NEEDS_ANALYSIS, FEE_DISCUSSION, CURIOUS_EXPLORATION",0.95,True,Agent greets caller who is inquiring about specific car trims and mentions comparing website pricing to actual costs.
332305210034260long_transcript,automotive_inbound.zip,automotive,inbound,005a74a314e7c99c09009066a9bfde931e28df575bd9dd7ec7fafff5f29872d7,"OPENING, NEEDS_ANALYSIS, FEE_DISCUSSION, CURIOUS_EXPLORATION",0.9,True,Agent greets caller who is exploring options to lower their monthly vehicle payments due to housing budget constraints.
f910a42beb79481cadc7ed6d48f75cbc (1)_transcript,medicare_inbound.zip,medicare,inbound,51d712c77c1ec69eb45be6c9de9ca62a1f239104b6c0e7417b937da41197a1bf,"OPENING, NEEDS_ANALYSIS, ACTIVE_LISTENING",0.85,True,"Agent greets caller and performs a search for a referred specialist, confirming details and promising a callback."
f4d0e15f44db41d9aa8b6883ad9eff9f_transcript,medicare_inbound.zip,medicare,inbound,712ae77c94bf8bbcb0e6e083d60c9fe5517934dede665c20e63129e524786d15,"OPENING, NEEDS_ANALYSIS, PRODUCT_PITCH",0.9,True,Agent greets caller to schedule an appointment; a recorded pitch for dental implants and periodontal programs plays during the hold.
a52806dd135447ff9ad32ffdecf3d0c0_transcript,home_service_inbound.zip,home_service_telecom,inbound,b4b6b40ba55a798685961b6b15bf40e8c60c21ce22b843933a658d10cf785255,"OPENING, NEEDS_ANALYSIS, PRODUCT_PITCH, FEE_DISCUSSION",0.95,True,"Contains greeting, collection of customer/vehicle details, pitch about warranty/certification, and a specific price quote."
2021-08-30-21-15-17_5c08bff7-6389-4c1e-8af8-4489e9b86fa8_RGB698D5210BD9208474C9C6E78D642BC43B00CF064ZFWIY01_-_Copy_transcript,automotive_and_healthcare_insurance_inbound.zip,insurance,inbound,db578d9b04c3f057709de5daccc561ebc30e137e5a740c71e38572aec35f6385,"OPENING, PRODUCT_PITCH, NEEDS_ANALYSIS",0.9,True,"Includes greeting, explanation of Medicare benefit services, and verification of eligibility/current insurance status."
recording-public_1121_transcript,customer_service_general_inbound.zip,customer_service,inbound,c67bb78a49582853ac56286b70b3288fab21628f58120120489f8f117eb4b05a,"OPENING, NEEDS_ANALYSIS, OVERWHELMED_CONFUSION",0.85,True,"Greeting is present, agent asks about existing policies, and the customer expresses confusion and uncertainty about their current coverage."
5014bf95205f4635a06b133a4afda69c (1)_transcript,home_service_inbound.zip,home_service_telecom,inbound,9a05952421114137227d829f6ff8a981d5f7d4bbfb5a3ebf3704ca55d83348dd,"OPENING, NEEDS_ANALYSIS, CURIOUS_EXPLORATION",0.9,True,"Greeting is present, customer inquires about a specific repair service, and agent asks for vehicle specifications."
2d8a5ee6b1e94507951ceb4308da8bd5_transcript,automotive_and_healthcare_insurance_inbound.zip,insurance,inbound,65593a57650a09ca075a58b5e061010300bf4516f0b832bdb699070eaebe5af4,"OPENING, NEEDS_ANALYSIS, CURIOUS_EXPLORATION",0.9,True,"Greeting is present, customer asks about availability, and agent asks for the type of service required."
9b5ca42824114ce48ec21e1028a466f0_transcript,home_ervice_inbound&telecom _outbound.zip,home_service_telecom,outbound,5a5f681be1d97efa940833bcb0239c0e1dc0461ebfb7b9acbf114703dbdc2ef8,"OPENING, NEEDS_ANALYSIS, FEE_DISCUSSION",0.9,True,"Contains greeting, agent asks about the online submission to schedule a visit, and discusses that the estimate is free."
7272390443_P1_transcript,insurance_outbound.zip,insurance,outbound,6f37e1291a9ec2f46b91bacfba925d03386888531457f6e41417d0c45a53b2cf,"OPENING, PRODUCT_PITCH, FEE_DISCUSSION, NEEDS_ANALYSIS",0.95,True,"Greeting present, agent pitches Medicare upgrades, discusses zero cost/premiums, and verifies customer eligibility and personal details."
2cb1a4688adb473aab741b6c3641093e_transcript,automotive_and_healthcare_insurance_inbound.zip,insurance,inbound,afcafe3f13bd20b20fa2ca8b3cd5daadef092add665d990ee5f89b18c087254a,"OPENING, NEEDS_ANALYSIS, PRODUCT_PITCH, CURIOUS_EXPLORATION",0.85,True,"Greeting present, customer explores specific car models/colors, agent analyzes needs and mentions available stock."
4cb62568c3ea4c6788680ccfe1b56de7_transcript,medicare_inbound.zip,medicare,inbound,a47d51b752decfc94b1d8e4c7c1a56cd705f869bc2a75c76a6b98d82855290d1,"OPENING, NEEDS_ANALYSIS, ACTIVE_LISTENING",0.8,True,"Greeting present, agent gathers patient information and preferences for booking appointments while confirming details."
2020-09-15-17-38-56_2b51ffce-e129-4638-9572-8dd1d92c0c3f_v2moIRWidd0uxB7tNzF3isXDoA27ABwrThxjsWbBANaAN39qa6SfW2ag_transcript,auto_insurance_customer_service_inbound.zip,insurance,inbound,ca04b7ad23c474bb59b919d1422ad9c556e90e1a9c47a57e5aed9226fc15883e,"OPENING, NEEDS_ANALYSIS, ACTIVE_LISTENING",0.9,True,"Greeting present, agent performs a detailed intake process asking about current insurance, policy history, and accidents."
2020-07-06-17-08-38_a1322636-ca13-4563-8acb-ecdf4c827056_v2nRqtYIbdH2Z8inghTPweAiUBd4CWhFKcI2vyURn8C5QdVEW6TMOymg_transcript,auto_insurance_customer_service_inbound.zip,insurance,inbound,102900206a11a29da9b9efc075f9bdf27849e22cc2203a569fa762349a790d8d,"OPENING, NEEDS_ANALYSIS, CURIOUS_EXPLORATION",0.9,True,"Contains a greeting and the agent asks for current provider, duration, and personal details to generate a quote."
04041b96f92c485c8e4109f966919391_transcript,medicare_inbound.zip,medicare,inbound,ececd8693b6557504817e162070e280375bde30a75162d4361ffb6e864089686,"OPENING, FEE_DISCUSSION, NEEDS_ANALYSIS",0.9,True,"Greeting present; customer asks about expenses/estimates, and agent asks for pet details to provide a quote."
2309c57ecc0043b5a88593e1aee3b48a_transcript,automotive_inbound.zip,automotive,inbound,9c8d40cf2f5120118349c6ab16fbb7fe554615b815a963fc7ba80cfc913f4f43,"OPENING, CURIOUS_EXPLORATION, PASSIVE_AGREEMENT",0.8,True,Greeting present; customer is inquiring about the process of sending a pay stub for a vehicle purchase.
f437371fb07e460d889d4015397d93e7_transcript,home_ervice_inbound&telecom _outbound.zip,home_service_telecom,outbound,b3b5a0628072da4c9a490b36c2e13cab378abca2edd7a7b74c7c8378f29e1f06,"OPENING, FEE_DISCUSSION, PASSIVE_AGREEMENT",0.8,True,Greeting present; the conversation focuses on clarifying if a document is a quote or an invoice.
2020-04-02-18-36-58_f03ddcb0-7510-11ea-928c-0eeb3581b051_ef1c8890-7510-11ea-ad07-d1a753aa3de5_transcript,auto_insurance_customer_service_inbound.zip,insurance,inbound,1de8fadcf3eddaeaa0edf8431797103f8a80ba1eeb3e66bf8925db1946d3c900,"OPENING, NEEDS_ANALYSIS, FEE_DISCUSSION, SOFT_REJECTION",0.9,True,Greeting present; agent analyzes current provider and costs; customer declines the home insurance offer.
378ca378d7e64af59939e2cbf451e3f9_transcript,medicare_inbound.zip,medicare,inbound,18da6b0b12edafe6e3cf6a2920cc143d5116dc0ce696ff4cab56cc8713643b62,"OPENING, NEEDS_ANALYSIS, ACTIVE_LISTENING",0.9,True,"Contains a greeting, agent asks for personal details to locate a file, and uses empathetic phrases to acknowledge the customer's situation."
c68f22226d42448bad1f8239502b8ea8_transcript,medicare_inbound.zip,medicare,inbound,cd2a51345cb9424db670149760eee03a41295dab0eea4e36af1cad5896d430d0,"OPENING, NEEDS_ANALYSIS, SUCCESSFUL_SALE",0.85,True,"Includes greeting, collection of contact information, and an explicit commitment to an appointment time."
7a9b84d583044e4db0e4e90ac60aa9bb_transcript,medicare_inbound.zip,medicare,inbound,496eda2fa84b99ac5904e0aa656baf5ba3f7debbe26ef0788231aedec5f99946,"OPENING, NEEDS_ANALYSIS, ACTIVE_LISTENING",0.9,True,"Greeting is present; agent asks for DOB, names, and service type to determine needs; agent confirms details throughout."
2020-09-15-15-12-27_22d28918-0e8d-4234-aeb2-0438b48e10ad_v2WYvu0beSjnOe837RrqQVqdj8P016obVpXNd0A65fLVJdZ0hm4FWDJg_transcript,auto_insurance_customer_service_inbound.zip,insurance,inbound,3ef0fc69fd676d032d58ed574ce418b10abee305e3424713bd7572c8db0addab,"OPENING, PRODUCT_PITCH, NEEDS_ANALYSIS, FEE_DISCUSSION, OBJECTION_HANDLING",0.95,True,Greeting present; agent pitches rate comparison; asks for current provider/payment; discusses specific costs; handles customer's reluctance to repeat information.
430809e551df482ab0200cf807481e45_transcript,home_service_inbound.zip,home_service_telecom,inbound,fb4bdef1e2c988f253d106f20197d56b7dbbf513ef9117e0041843e075ef3624,"OPENING, NEEDS_ANALYSIS, CURIOUS_EXPLORATION",0.9,True,Greeting present; agent collects specific project details; customer asks detailed questions about the painting process.
7cad2f7b49d84da9849d28d2f946fa50 (1)_transcript,home_service_inbound.zip,home_service_telecom,inbound,5dbc838b34d2123970e1c593124679fa847f7aad996ca5f9eb6e1ee6275f7e76,"OPENING, NEEDS_ANALYSIS, FEE_DISCUSSION, CURIOUS_EXPLORATION",0.9,True,"Contains greeting, discussion of a service charge, agent asking about the window issue, and customer exploring different window options."
3f07db08ffc1498ba18021258758dac2_transcript,automotive_and_healthcare_insurance_inbound.zip,insurance,inbound,e1146856e9f7706901c74e3d3505ca571915bbb129556dc8c30f25bfa7407610,"OPENING, NEEDS_ANALYSIS, WARM_LEAD",0.9,True,"Includes greeting, agent gathering vehicle preferences and stock numbers, and customer showing clear interest in a specific truck."
85bb8e404eb14da89fd9c36cd081dd44_transcript,home_ervice_inbound&telecom _outbound.zip,home_service_telecom,outbound,7f1953fe463f8d515a11ca6811f92559d5679962e77cb8ffe1448c30d4f6b04b,"OPENING, NEEDS_ANALYSIS, ACTIVE_LISTENING",0.85,True,"Greeting present, agent asks detailed questions about the property address and the specific window needing repair."
4e4eb41253654a9cb2240b9f9e09d222_transcript,automotive_and_healthcare_insurance_inbound.zip,insurance,inbound,8a0602aac4d5a995e6b7cdf369a6ff6062be4651e9bc3a76532bf758e254d722,"OPENING, NEEDS_ANALYSIS, PASSIVE_AGREEMENT",0.85,True,"Greeting present, agent verifies customer identity and warranty details to answer the customer's inquiry."
d00fdca0d4924956a0e3188336aae309_transcript,home_ervice_inbound&telecom _outbound.zip,home_service_telecom,outbound,d45337ca96c5afa2950c6da4fe332ec05713589e45376e013263136532e77287,"OPENING, NEEDS_ANALYSIS, FOLLOW_UP_EMAIL_REQUESTED",0.9,True,"Greeting present, agent requests photos via email or text to provide an estimate for the window replacement."
f4d0398cb7de4abaacb64247ba3d9038_transcript,medicare_inbound.zip,medicare,inbound,a96eebc68521b000d4f218b4af057b13d3d241acf6f45a9ea2246a49220e3b64,"OPENING, NEEDS_ANALYSIS, ACTIVE_LISTENING",0.9,True,"Contains a greeting, agent asks for identifying details to locate the file, and uses reflective listening to confirm the request."
83bd14ba553d46ada75f012a79ec149e_transcript,automotive_inbound.zip,automotive,inbound,f46da1ffe092f0283f42df24f342305dd422b4805845b126abeae5ad8380a671,"OPENING, PRODUCT_PITCH, FEE_DISCUSSION, NEEDS_ANALYSIS, WARM_LEAD",0.95,True,Agent presents car options and prices; asks about driving habits; customer expresses readiness to purchase with cash.
2020-03-27-19-11-13_bac7bd14-705e-11ea-8533-1651a37139f5_b9960d38-705e-11ea-b7d6-e388004b5001_transcript,auto_insurance_customer_service_inbound.zip,insurance,inbound,08ab3b9c5bfd11b5846ed5418b026fc0afcd81c8785fbb16bd146887e8f141af,"OPENING, NEEDS_ANALYSIS, SOFT_REJECTION, OBJECTION_HANDLING",0.85,True,Agent gathers policy info; customer tries to end the call due to lack of info; agent attempts to keep them engaged.
3f8778cfcf7641ac866387daeaec44c5_transcript,automotive_inbound.zip,automotive,inbound,9c753f45ecd72b9a0d3944c19eefbece4d93d37caa25749460807c1643b81a76,"OPENING, FEE_DISCUSSION, DEMANDING_MANAGER, MISUNDERSTANDING",0.8,True,Greeting present; discussion of bill amount; customer insists on speaking to a specific person; dispute over service performed.
0f63e22a5c4049d885ddd6efcc56620a_transcript,medicare_inbound.zip,medicare,inbound,24d626c3d6dfedd727dcb45e12cd26a606d33068b9eebe9a1eff9f3238d58b35,"OPENING, NEEDS_ANALYSIS, SUCCESSFUL_SALE, CURIOUS_EXPLORATION",0.9,True,Greeting present; agent asks about pet details; appointment is scheduled; customer asks detailed questions about medical procedures.
bbd6f5c7b923448bad1544b5ab0bb94c_transcript,medicare_inbound.zip,medicare,inbound,d341f228ae04e2a67a09e5c2be8b3532f0b8fe296c713395a676ce6a6ce2f39e,"OPENING, NEEDS_ANALYSIS, SOFT_REJECTION, OBJECTION_HANDLING",0.85,True,"Greeting present, agent asks about account status, customer resists online account creation, and agent attempts to assist."
ea2e53d3f3ed496eabe70e9d41fecd8b_transcript,medicare_inbound.zip,medicare,inbound,7cb26654789ff7b497ac533818eaf0f346ce113ee659ac8fae8b992d1abe63f5,"OPENING, PRODUCT_PITCH, NEEDS_ANALYSIS, FEE_DISCUSSION",0.9,True,"Greeting present, agent describes boarding packages, asks about dog's history, and customer asks for pricing."
4203b47f2c6b4dc7bba4d308a10939a0_transcript,home_service_inbound.zip,home_service_telecom,inbound,10044048d1b67929328cec2db29cb21a63ca0e3e2f28ff62ad02629cda084561,"OPENING, NEEDS_ANALYSIS, FEE_DISCUSSION, PASSIVE_AGREEMENT",0.8,True,"IVR greeting, agent collects vehicle and location details, and discusses payment options (cash vs insurance)."
3d054d26f5744223a88378d05832662d_transcript,automotive_and_healthcare_insurance_inbound.zip,insurance,inbound,d5a45786b41d707a034f5500ceff284c1bbf47f21d4d1f67ca1ccb60b5a6a596,"OPENING, PRODUCT_PITCH",0.7,False,IVR greeting and a detailed automated pitch for the car Doc program; no active conversation.
2020-03-25-18-36-30_8c6e5a60-6ec7-11ea-a2cd-0e2767e8dc7f_8b633df2-6ec7-11ea-bbbf-d9d5c245775f_transcript,auto_insurance_customer_service_inbound.zip,insurance,inbound,0d3703b2f798e8e9129d0608c17c6a01d6d5f35f805450404084b0e4b86bc9e4,"OPENING, NEEDS_ANALYSIS, PRODUCT_PITCH, WARM_LEAD",0.95,True,"Greeting present, extensive needs analysis for insurance eligibility, and transition to a quote provider."
6a6d8aec0bb54564958248bfb90bd66f_transcript,home_service_inbound.zip,home_service_telecom,inbound,a55957b546bee39662471bb63e535db8dfb8e114f866f9ed5bd8fd08453067ec,"OPENING, NEEDS_ANALYSIS, FEE_DISCUSSION, WARM_LEAD",0.9,True,"Contains greeting, agent collects customer details for scheduling, customer mentions a price range, and the customer is proactively seeking service."
3523720621_P1_transcript,insurance_outbound.zip,insurance,outbound,542ea4be512dd1acd854d6540206842d38ad688dc2ae1a630d4e2c6c6e271875,"OPENING, PRODUCT_PITCH, NEEDS_ANALYSIS, MISUNDERSTANDING",0.85,True,"Agent opens the call, pitches an insurance upgrade, asks about eligibility/benefits, and the customer explicitly states they do not understand."
2020-09-11-17-55-36_679fd7cf-7681-4ae8-a18d-e2a3da97807b_v2eIeR3i2vivzFz50WHHJk7oFo8e5fbCzdFEptUPsLBsfvus3CF1gWnA_transcript,auto_insurance_customer_service_inbound.zip,insurance,inbound,73c00a08f9112a3070773280119f259afb3b25b93550f8aa24f46f4231a2c068,"OPENING, NEEDS_ANALYSIS, CURIOUS_EXPLORATION, ACTIVE_LISTENING",0.8,True,"Greeting is present, agent verifies personal and provider information for a quote, and the customer is exploring insurance rates."
332305170031133long_transcript,medicare_inbound.zip,medicare,inbound,37cbe56f8d4c6116b5b0956c1ea0d17125e6ba7ef9ca5518b3f21f705e73157e,"OPENING, NEEDS_ANALYSIS, WARM_LEAD, PASSIVE_AGREEMENT",0.85,True,"Call starts with a greeting, agent asks about the type of consultation and insurance, and the customer is calling to book an appointment."
326015c1c7714b95b7d7813564867f63_transcript,medicare_inbound.zip,medicare,inbound,2a019a0eb2df03a9a7f04a7c0bd13bf7929b09d20bc71a9ff049e4a299c4d9c3,"OPENING, FEE_DISCUSSION, SUCCESSFUL_SALE, NEEDS_ANALYSIS, FOLLOW_UP_EMAIL_REQUESTED",0.95,True,"Greeting present, cost is discussed, customer commits to booking, agent analyzes dates, and an email for records is discussed."
0016df8b3a1541f0989e6a7e9dfe92a3_transcript,automotive_inbound.zip,automotive,inbound,c255ee56ae4d1abbff3cb277b4fd882ec4d94b70009706ce42bc9fba706daeaa,"OPENING, PRODUCT_PITCH, FEE_DISCUSSION",0.9,True,"Contains a greeting, a presentation of a loan deal/funding policy, and discussion of interest rates and loan amounts."
550db4ef457d4bf9b03bea16af9724cb_transcript,home_service_inbound.zip,home_service_telecom,inbound,04a1bb944d9372892f4148b6ceaa26efd07de4a9241f117d371fe9543cb96c09,"OPENING, NEEDS_ANALYSIS, FEE_DISCUSSION, CURIOUS_EXPLORATION",0.9,True,"Includes greeting, gathering vehicle details for a quote, mentioning relative costs, and customer stating they are calling multiple places."
e9a8ded6f4e345ada20d1abda442c98b_transcript,medicare_inbound.zip,medicare,inbound,f79f3e1edc8b736d164e8e63968b5b43c81369a29400599d0f4ee02d60d9467b,"OPENING, NEEDS_ANALYSIS, FEE_DISCUSSION, CURIOUS_EXPLORATION",0.9,True,"Greeting present, agent asks about the reason for the visit, provides specific pricing for services, and customer probes about pricing."
d68be7f4581d48a8b8c9bccc1d864848_transcript,home_ervice_inbound&telecom _outbound.zip,home_service_telecom,outbound,19de8a5f530b7fc921004dd91a961dddb47d6931e711966341fa7d1b30264880,"OPENING, NEEDS_ANALYSIS, ACTIVE_LISTENING",0.8,True,"Contains greeting, agent asks for zip code and service type, and acknowledges the specific electrical issue described by the customer."
2021-08-30-15-05-32_c949a7db-c885-47ce-a2d0-83d8f76d1d8f_RGB6E9D1DF11420221AD9850E140DE975F81A535C709QPAY01_transcript,automotive_and_healthcare_insurance_inbound.zip,insurance,inbound,b86fc92d328ce8c5fa8ddb58cc42e39afab9ab2e447db75d5c0df7e2d8d7a5e0,"OPENING, PRODUCT_PITCH, NEEDS_ANALYSIS",0.9,True,"Includes greeting, an offer to review Medicare plan options, and verification of eligibility (Part A and B) and demographics."
9e5942c0-cb77-4510-aa2e-a7aa6ccf1cd0_transcript,medicare_inbound.zip,medicare,inbound,dc44345badcaf2ef38b1090f1ac9b782102709d3fda089380c8d5aa268cb5b0b,"OPENING, NEEDS_ANALYSIS, CURIOUS_EXPLORATION",0.9,True,"Contains a greeting, agent asks for account details to check records, and customer is inquiring about vaccine dates."
8d47c31fb4f14acdbe7c2d6acdd1efcb_transcript,automotive_inbound.zip,automotive,inbound,aeb01f0d95cf89aa53ea2092e2679acf3cc66c600de8d89502b9efd372008c33,"OPENING, PRODUCT_PITCH, NEEDS_ANALYSIS, CURIOUS_EXPLORATION",0.9,True,Greeting present; agent asks for location; agent pitches a specific incoming corporate vehicle; customer explores availability and test drives.
dbeea61e090143369cb36799f9285613_transcript,automotive_inbound.zip,automotive,inbound,2f6688c21aff9e78fff535d471a9aa121ce55fc34ae9f0e1c95eb383600cd175,"OPENING, NEEDS_ANALYSIS, CURIOUS_EXPLORATION, PRODUCT_PITCH",0.85,True,Greeting present; agent asks about financing; customer searches for a specific car; agent eventually pitches a luxury collection model coming soon.
b894fe31bc184e8f8a736d8cb6ef99b5_transcript,home_ervice_inbound&telecom _outbound.zip,home_service_telecom,outbound,1e3ef0496cd6865d48351732a86b3add0589a8362dcea19012f9c14d001a6ce2,"OPENING, NEEDS_ANALYSIS, SUCCESSFUL_SALE",0.95,True,Greeting present; agent collects extensive customer and situation details; call ends with the confirmation of an appointment.
046d8babefff4c999db38626f10a6460_transcript,medicare_inbound.zip,medicare,inbound,72e0fe99fcac4855e13da0959e79572d6866110257587828bb09b27305c83999,"OPENING, NEEDS_ANALYSIS, PRODUCT_PITCH, SUCCESSFUL_SALE",0.9,True,Greeting present; agent analyzes the pet's condition; agent suggests an appointment; customer explicitly agrees to schedule it.
153a840df76a4f728ef1e4059f2dd70a_transcript,medicare_inbound.zip,medicare,inbound,e00f3c9a79d6455b920de08eda8dbf63757e18b69f5d7d934066aac82611460a,"OPENING, PRODUCT_PITCH, PASSIVE_AGREEMENT",0.8,True,"Contains a greeting, an automated pitch for dental services, and the customer agreeing to be put on hold."
US_TELECOM_195_AH_(880)_transcript,home_ervice_inbound&telecom _outbound.zip,home_service_telecom,outbound,5a7e8465b30cf4be7794fa375e6e7dcb2d1a89d265970e2b1ea10ec10dfd2cd5,"OPENING, PRODUCT_PITCH, FEE_DISCUSSION, NEEDS_ANALYSIS",0.9,True,"Includes greeting, pitch for fiber services, mention of dropped rates, and verification of business details."
8705329797_transcript,insurance_outbound.zip,insurance,outbound,f5a0094b16890a2bec81b8c974c2d4cf7b78e1497f61c0da6e95fa3f8d74f870,"OPENING, PRODUCT_PITCH, FEE_DISCUSSION, NEEDS_ANALYSIS, PASSIVE_AGREEMENT",0.9,True,"Greeting present, pitch for Medicare benefits at no cost, verification of personal details, and customer agreement."
346761317ee342aaae311d731c99cd68_transcript,automotive_inbound.zip,automotive,inbound,4a8c74f6a755b8918b2819f633a94a253a29d7b4bd28fc2185679e9981901392,"OPENING, PRODUCT_PITCH",0.8,True,Contains a call opening and an automated pitch for certified pre-owned vehicles.
2020-10-05-18-26-57_8728d24e-32df-47b3-acde-f0a1e71fe17f_v2Q5FR7QtpJ_Hbuk5BPd-tBN-ufcfAAkdCV4u856EAx0kTjEeQ01g-gA_transcript,auto_insurance_customer_service_inbound.zip,insurance,inbound,fa4075cfbab03fc29774d4014edf033ae67d1a37f2fe83e502badf9e1804bbeb,"OPENING, PRODUCT_PITCH, FEE_DISCUSSION, NEEDS_ANALYSIS, MISUNDERSTANDING",0.9,True,"Greeting, pitch to compare rates, verification of personal info, and clear communication difficulties/misunderstandings."
d246f5417bff41c0bf84d9bc18446eab_transcript,home_service_inbound.zip,home_service_telecom,inbound,9efc7ea0bdfe83caaa27c265ae4856338f3c3ef4188ca403f211917b76133914,"OPENING, NEEDS_ANALYSIS, SUCCESSFUL_SALE, WARM_LEAD",0.9,True,"Call starts with greeting, agent collects customer details for a broken window, and successfully schedules a measurement appointment."
ea6438f9a90645e1a8ccd82000b29c05_transcript,home_ervice_inbound&telecom _outbound.zip,home_service_telecom,outbound,1dc684cbbce7274844f3a32636290b737630a36cfb611eb3c016e81c4179b9b1,"OPENING, NEEDS_ANALYSIS, CURIOUS_EXPLORATION, WARM_LEAD",0.9,True,Greeting present; customer is inquiring about a quote for glass repair and agent is collecting necessary contact and site information.
2271856053ed4e98847ba5e6f51bae5736433335_transcript,medicare_inbound.zip,medicare,inbound,f03f1b0487855f08a633dd393520a2d730966a3d207d63c0e5cb47e97a511d41,"OPENING, NEEDS_ANALYSIS, SUCCESSFUL_SALE, ACTIVE_LISTENING",0.8,True,Greeting present; agent analyzes the customer's need to reschedule and successfully confirms a new appointment time.
8707934813_transcript,insurance_outbound.zip,insurance,outbound,9e858cc0a8031250572bbcea9ffdfa0ae3657a533d92be6bffa075b3a11302e3,"OPENING, PRODUCT_PITCH, OBJECTION_HANDLING, NEEDS_ANALYSIS",0.9,True,"Agent opens call, pitches Medicare benefits/cash back, handles the customer's initial skepticism, and verifies eligibility details."
de0457982e644668aa2e81926e07d761_transcript,medicare_inbound.zip,medicare,inbound,429179fe0f11b8247064a8ef0bb96db05f91418df5abf44c38deac25a056bebf,"OPENING, NEEDS_ANALYSIS, ACTIVE_LISTENING, WARM_LEAD",0.8,True,Greeting present; agent collects detailed insurance and personal information to facilitate an appointment.
cafaf63033ab4f4d9fbdc5bb915136f2_transcript,medicare_inbound.zip,medicare,inbound,d5bd516048d7fb0d777e8474e5aa41e0210a4b7a4c90c0f985a6ee1ddda2f0c7,"OPENING, NEEDS_ANALYSIS",0.9,True,Contains a standard greeting and the agent gathers information about the pet's condition and the customer's location.
e8b34da142134d319460d6824f8105d736734250_transcript,medicare_inbound.zip,medicare,inbound,70de1ae0460c593251ec4ef3a59ab421a396da8726b6e7dedd778f1bfdc05883,"OPENING, SUCCESSFUL_SALE",0.85,True,Includes a greeting and concludes with a successful commitment to a rescheduled appointment time.
0a4f0677d5cc4318b81f931f63d6723c_transcript,home_ervice_inbound&telecom _outbound.zip,home_service_telecom,outbound,252346f51150d615ad1357a6de8eea705b6784f32caad1aa5e2709476fff5667,"OPENING, PRODUCT_PITCH, NEEDS_ANALYSIS",0.9,True,Greeting is present; agent explains the service process for estimates and discusses the specific window damage.
2020-07-07-16-26-00_32355332-b711-4370-8428-a802c57209ef_v2Z53WTk422-s8P3-SAEndqUUFeVPytzKTtsxfsHQobq6OgvMRslXSyQ_transcript,auto_insurance_customer_service_inbound.zip,insurance,inbound,0bc3c36ffff46a5f284df75b11f1dc36440d0fa8fe133fe624fd2042666d1ec7,"OPENING, NEEDS_ANALYSIS",0.95,True,Greeting is present and the agent performs extensive data collection to provide an insurance quote.
ea8daa8da38f4cc697bcef7100ce8932_transcript,home_service_inbound.zip,home_service_telecom,inbound,579a06746d40c870961392736e75ff11128cf9155e9ece75dcdf9f7bd24a1465,"OPENING, THREATENING_COMPLAINT",0.75,True,Greeting is present and the customer expresses strong frustration regarding a lack of communication from the office.
20210929-161725_6263040395-all_transcript,home_ervice_inbound&telecom _outbound.zip,home_service_telecom,outbound,7e786f948ea7e3c60afa562bdf8f42648e9ee7baf377e324602c13361c2d46ae,"OPENING, PRODUCT_PITCH, PASSIVE_AGREEMENT, SUCCESSFUL_SALE",0.9,True,"Agent opens the call, pitches a free internet upgrade, and successfully schedules an appointment with the customer's agreement."
4c92875803264ed09403af25eb3a9bb0_transcript,automotive_and_healthcare_insurance_inbound.zip,insurance,inbound,1b34d954d2b8089ac193a59fa177c6385829c1e438a03b06923abf5fd0d1eb33,"OPENING, NEEDS_ANALYSIS, CURIOUS_EXPLORATION, WARM_LEAD",0.85,True,Call starts with a greeting; agent analyzes customer interest in a vehicle while the customer asks specific questions about features.
2b39f5546b1047f6be01eef9d375c273_transcript,medicare_inbound.zip,medicare,inbound,a401933e7284fda0c5a0a9c1904f70ce3d0f48889d95aab8d8b72fa9243a99af,"OPENING, NEEDS_ANALYSIS, PASSIVE_AGREEMENT",0.8,True,Agent opens the call and asks for identifying information to locate an appointment; customer agrees to be rescheduled.
254ac80543b048e7857c936c4bc1dce2_transcript,automotive_inbound.zip,automotive,inbound,cb54dd73148a38597a79e3d9ab0ef41dd65f1dd1ea9773c4d2393fcacd5ef7ab,"OPENING, NEEDS_ANALYSIS, PASSIVE_AGREEMENT, WARM_LEAD",0.8,True,Agent opens the call and gathers info to transfer the customer; customer is a returning lead looking to sell a car.
227bd9728f7a4805bb277c2f97efa58d_transcript,home_service_inbound.zip,home_service_telecom,inbound,c86aa4b6cf52b4897b9a8522497f8e0e77cfc60215d5b9ce9b9abb57d5e7012e,"OPENING, NEEDS_ANALYSIS, FEE_DISCUSSION, SUCCESSFUL_SALE",0.9,True,"Agent opens the call, determines scheduling needs, discusses the zero deductible cost, and confirms the service appointment."
0cf2cd59bbf34fcb860ee71cfe7366c2_transcript,automotive_and_healthcare_insurance_inbound.zip,insurance,inbound,45067108e94d6604e442866efb1e0f218264ad469e57e3dac2e6ea39e51de6a4,"OPENING, NEEDS_ANALYSIS, FEE_DISCUSSION, SUCCESSFUL_SALE",0.95,True,"Contains greeting, stock availability check, negotiation of 'out the door' price, and explicit agreement to purchase the vehicle."
d2bff9fb6f384123a11d317a4b472791 (1)_transcript,medicare_inbound.zip,medicare,inbound,01f0b7242463a768b1189d36af16cc4176a9f21d239f59a7dcc716954d6818fc,"OPENING, NEEDS_ANALYSIS",0.85,True,Contains greeting and agent collecting patient identification and medical urgency to check appointment availability.
ff90eb4fdfdd407a8acb9b950f37ee4a_transcript,medicare_inbound.zip,medicare,inbound,c2656f06b56898dd19d616a7440447b13e2c2f99ea593c2c117fae37aad82fc5,"OPENING, NEEDS_ANALYSIS, CURIOUS_EXPLORATION",0.8,True,"Contains greeting, customer inquiring about grooming services, and agent collecting pet details for scheduling."
264d07996f9b48f098b0ea3d029f0e1e_transcript,automotive_inbound.zip,automotive,inbound,d453cdff14c63af15737ebf163c8d2ceb5841a332b0ddf56ab8b34295146add1,"OPENING, NEEDS_ANALYSIS, CURIOUS_EXPLORATION",0.8,True,"Contains greeting, coordination of pickup logistics, and customer specifying vehicle color preferences."
2020-07-02-16-52-54_e7ff9a4d-cd17-4cac-a0cc-4ca18328cce5_v228i9g854zSJy2QxLkU4_Vq-kTayqCBDQDs2ugSlZ4oy9zWL6HjT5bg_transcript,auto_insurance_customer_service_inbound.zip,insurance,inbound,b03f54acc02e0bc4bcf68398b32f70b6386f10d6a0f017be116e594f4af2fc3e,"OPENING, NEEDS_ANALYSIS, CURIOUS_EXPLORATION",0.9,True,"Contains greeting, customer requesting a quote, and agent performing a detailed intake of personal and vehicle information."
f1a5e8dde581464785b2e19e95b7b5a0_transcript,medicare_inbound.zip,medicare,inbound,18a8219243fde00bc7963fad2adc797e286bb7cab5756f544533db5fec248ec5,"OPENING, FEE_DISCUSSION, PRODUCT_PITCH",0.8,True,"Contains a greeting, a discussion about splitting payments between cards, and a scripted promotional pitch about laser technology."
2020-09-17-17-45-38_defa6dc1-1ea1-484f-9d96-cbd12985de1a_v2ZTM0d92Vz4UsUIdiwrAw_b3mi5U74yBYLYKFP8MXt2puDZoCWiqlTw_transcript,auto_insurance_customer_service_inbound.zip,insurance,inbound,9c27baaf4a1e5296a2065cbf01de1eb26a03d9d1b45430cec9480105bc17879c,"OPENING, NEEDS_ANALYSIS, SOFT_REJECTION, PASSIVE_AGREEMENT",0.9,True,Agent greets customer and collects demographic/insurance data. Customer softly rejects bundling and passively agrees to receive a text.
12a0cef5b17e4ee7ac24431e0e28e5b9_transcript,home_ervice_inbound&telecom _outbound.zip,home_service_telecom,outbound,49b22d874414394dcc8e0fd7be77092d1996c2b0f4e54002a87f75f5c477a41b,"OPENING, FEE_DISCUSSION, NEEDS_ANALYSIS, SOFT_REJECTION",0.85,True,"Includes greeting, inquiry about service fees, gathering business details, and customer resisting providing personal name."
d2e1859b861542cc818f17e7171089f3_transcript,home_ervice_inbound&telecom _outbound.zip,home_service_telecom,outbound,6bf324db0ea4018237fad165ecd0cbd9e22617a5ab63a33c580bd9a433001f51,"OPENING, HARD_REJECTION, CURIOUS_EXPLORATION",0.9,True,"Greeting is present; customer explores if sunroofs are repaired, and the agent provides a clear negative response."
747ab8bce01145a68e9f97f0297b955d_transcript,home_ervice_inbound&telecom _outbound.zip,home_service_telecom,outbound,6f5f25cb4e41879f9685f6a88fe8c3fb9a2773aae59dad29fe7e5f6822c532e3,"OPENING, PRODUCT_PITCH, NEEDS_ANALYSIS, WARM_LEAD",0.85,True,"Contains IVR product pitches, a greeting, and a customer proactively seeking repair for multiple windows, followed by agent questioning."
2c6579c07e7b44ec90e8c7c0c3a20e98_transcript,automotive_inbound.zip,automotive,inbound,eb1ca493772378cebd767c5fb45d777cc2e79003d5761603f946ac61c88ccc30,"OPENING, PRODUCT_PITCH, FEE_DISCUSSION, NEEDS_ANALYSIS, SUCCESSFUL_SALE",0.9,True,"Contains greeting, vehicle availability, price negotiation, financing questions, and a commitment to visit the dealership immediately."
92167c9fa57442d99ece003c4ca5f6cc_transcript,automotive_inbound.zip,automotive,inbound,a02f82a2e822a29543d28ec4cf0ad59cb94d33c80a19b26873541f1479802bd7,"OPENING, PRODUCT_PITCH, NEEDS_ANALYSIS, SOFT_REJECTION",0.8,True,"Includes greeting, confirmation of vehicle availability, appointment probing, and customer stating they are just checking around."
21be0457f11f4fd3badcd441704d3d5e_transcript,automotive_inbound.zip,automotive,inbound,383b573c93ff6670c5e7a886ab024dbd5ef2788b29911fdc80f0c562f46ffea0,"OPENING, NEEDS_ANALYSIS, CURIOUS_EXPLORATION, PRODUCT_PITCH",0.85,True,"Greeting present, agent asks about trim preferences, customer explores battery range for towing, and agent explains vehicle performance."
adf6707fc97741bc8902017bee962f7f_transcript,automotive_inbound.zip,automotive,inbound,89cf02786494ef6002c8d00bb5554344af991bd2363b6c5d8c6d8e04d598f294,"OPENING, PRODUCT_PITCH, NEEDS_ANALYSIS, OBJECTION_HANDLING, STALLING_FOR_TIME",0.85,True,"Greeting, vehicle specification discussion, preference for pre-owned, customer stalling with 'let me think about it', and agent pushing for a test drive."
5f7e898a6a1b4ac2a079586ea22a64c1_transcript,medicare_inbound.zip,medicare,inbound,4de1d652ecad87365780cf2631e05be28543b8440190b5e5ff303e93bd8e841e,"OPENING, PRODUCT_PITCH, FEE_DISCUSSION, NEEDS_ANALYSIS",0.9,True,"Greeting, offer of new client services, discussion of exam fees/deposits, and analysis of the puppy's vaccination history."
2256275269_transcript,insurance_outbound.zip,insurance,outbound,59e0c9df070771c22c2394e28e1f8b4f6c23cda499cfb80ab650bfb21706daf8,"OPENING, PRODUCT_PITCH, NEEDS_ANALYSIS, SOFT_REJECTION",0.9,True,"Agent opens the call, pitches Medicare benefits, asks eligibility questions, and the customer eventually resists due to an appointment."
c6bc482b3e674b2d9fbb978e3833b98c36388894_transcript,medicare_inbound.zip,medicare,inbound,fce9474bbdf5a69bba9f9b521a2bf9012b3c6591bf113b60701766ae8f79ad1a,"OPENING, NEEDS_ANALYSIS, PASSIVE_AGREEMENT",0.8,True,"Call starts with a greeting, agent analyzes reservation needs for pets, and customer agrees passively to the process."
4a4e8897d6e74203b73fd93bc342374c_transcript,automotive_inbound.zip,automotive,inbound,c90654d3895f1852a0978180e0b34c2bf29f1cfcd8fed8a887fc779efbcc11f0,"OPENING, CURIOUS_EXPLORATION, WARM_LEAD",0.9,True,"Greeting is present, customer explores vehicle availability, and expresses a strong intent to visit the dealership on Saturday."
8656892665_transcript,insurance_outbound.zip,insurance,outbound,c82b960514ba1be927e0575a8a3ab34ef2c6bbdbdd35811646722b43df174975,"OPENING, PRODUCT_PITCH, NEEDS_ANALYSIS, CURIOUS_EXPLORATION",0.9,True,"Agent opens, pitches specific Medicare benefits, verifies eligibility, and the customer asks for written documentation."
a3502b28efeb42ca9428b0a911e5cce7_transcript,home_ervice_inbound&telecom _outbound.zip,home_service_telecom,outbound,f559e6e4b81108bb1c9adf543bd052e7a3c7124fc05246015fb2ebbf2d12a561,"OPENING, NEEDS_ANALYSIS, WARM_LEAD",0.8,True,"Greeting is present, agent probes for details about the water well issue, and the customer is actively seeking service."
2176922064_transcript,insurance_outbound.zip,insurance,outbound,6daa4a722bbe6121a9d958db9447c292406d19ffbcd8b253249a0a6fe95eeb47,"OPENING, PRODUCT_PITCH, FEE_DISCUSSION, NEEDS_ANALYSIS",0.95,True,"Agent opens the call, pitches Medicare benefits, discusses no-cost upgrades, and asks about the customer's current benefits and plan changes."
de168112556f4b418cf8c8d996ebbcbc_transcript,automotive_inbound.zip,automotive,inbound,a828e4c0578a8ae3381a045379c6306dd514ae2623cc0aff4cee6d9a82a3d4ba,"OPENING, ACTIVE_LISTENING, PASSIVE_AGREEMENT",0.8,True,Call starts with a greeting. Agent listens to a customer complaint about a previous experience and the customer agrees to provide contact details.
cf4cf052d6594db197b53b61b8a61971_transcript,automotive_inbound.zip,automotive,inbound,8029d4419cf553ed3a8c69016434766be26572dc67379773f8a6b1a8ada4aeb7,"OPENING, NEEDS_ANALYSIS, FEE_DISCUSSION, COMPETITOR_COMPARISON, CURIOUS_EXPLORATION",0.9,True,"Agent greets customer, analyzes vehicle needs, discusses payments, and the customer compares the dealership to another location with lower payments."
05df3347880e44d38fbb2fea21ae4566_transcript,automotive_and_healthcare_insurance_inbound.zip,insurance,inbound,2ce88f662aca2fe2a4d85358170aaf36e13b82b6dc889549ec088fd51228c157,"OPENING, CURIOUS_EXPLORATION, PASSIVE_AGREEMENT",0.85,True,Call opens with a greeting. Customer asks for information regarding upholstery for a camper and agrees with the provided information.
dc1bd081a0e44ce79b5e8d5448e2a5e4_transcript,automotive_inbound.zip,automotive,inbound,20ef4b68901437007acc45c60b38cc6d472b32f4dd37870547fb4d884f28761d,"OPENING, CURIOUS_EXPLORATION, ACTIVE_LISTENING",0.8,True,"Agent opens the call. Customer explores the status of an RV delivery, and the agent actively listens and checks the work order."
ab56b24cb4b84a58bba809fdadb6db94_transcript,medicare_inbound.zip,medicare,inbound,adb6899e9d4b1a53468bf77a24dc75749a9d2e7a795129f0771a2bdd5fd878c2,"OPENING, PRODUCT_PITCH",0.8,True,Contains an automated greeting and a pitch for pet health services and checkups.
332305260008818long_transcript,automotive_inbound.zip,automotive,inbound,05940ff76d1299497a5c4254807dc0ba7695699bc25191c934fe0338202dcb45,"OPENING, NEEDS_ANALYSIS, FEE_DISCUSSION, SOFT_REJECTION",0.9,True,"Includes greeting, inquiry about a specific car, price discussion, and customer rejecting alternative vehicle options."
332305150030493long_transcript,medicare_inbound.zip,medicare,inbound,6611cde04aace3f7f5c7125874b3e3fc6560919c3ccd9eea2f4a9aea7cdeb509,"OPENING, PRODUCT_PITCH, CURIOUS_EXPLORATION, SOFT_REJECTION",0.9,True,Agent pitches ortho kits; customer asks for details before stating they already provide similar items.
7185197887_transcript,insurance_outbound.zip,insurance,outbound,ca20aa6de1f79267133d46b19ff2ed0c6efc82f39cf7bf3050ebdb5e285e1a94,"OPENING, PRODUCT_PITCH, NEEDS_ANALYSIS, SUSPICIOUS_PROBING",0.85,True,"Greeting and pitch for Medicare benefits, followed by data collection and customer questioning why info is needed."
2020-09-17-15-36-22_8ee28409-14cc-484c-88cb-a8490a23b80a_v2AJ5ui8nH1UuaVHNIFbpsz8hC5JtdaZ2Jn3mwgQK4qFUZ1bF31G-TSQ_transcript,auto_insurance_customer_service_inbound.zip,insurance,inbound,a4b930e91cc25ed89a84a0988658c35fe10004e525f625e38d7f94c8b82fbc1c,"OPENING, NEEDS_ANALYSIS, FEE_DISCUSSION, PASSIVE_AGREEMENT",0.95,True,Greeting followed by extensive needs analysis and current payment discussion with customer providing compliant answers.
2020-03-26-20-09-05_a60d0968-6f9d-11ea-9443-168d23a5faa7_a4e34ed0-6f9d-11ea-9f65-21976a6333ae_transcript,auto_insurance_customer_service_inbound.zip,insurance,inbound,66447445b130803d40d02acf756f034a6f93b7215cddb26df7c4899481263fa9,"OPENING, FEE_DISCUSSION, NEEDS_ANALYSIS",0.8,True,"Contains agent greeting and customer mentioning 'cheaper' rates, while IVR mentions gathering info for quotes."
82c8456741604e15bb76f9c64b7b26d52072573_transcript,medicare_inbound.zip,medicare,inbound,0e743f7c438e1c4f528c4477e6d53b1407f5469f1d729b32802f6128ed797faf,"OPENING, NEEDS_ANALYSIS, CURIOUS_EXPLORATION",0.9,True,"Greeting present, agent gathers patient identity, and customer asks about available options for their condition."
16918563aff946b9a6b13514d52330f7_transcript,medicare_inbound.zip,medicare,inbound,66850da36118e98300701ace8263bd69074736a44535b4462c076ae3f20d2c9d,"OPENING, NEEDS_ANALYSIS, OVERWHELMED_CONFUSION",0.8,True,"Greeting present, customer explains a complex situation regarding patient transfers and distance difficulties."
3028f6b987854709a07490c2b5e25fdc_transcript,home_service_inbound.zip,home_service_telecom,inbound,a8ab1271e155867719f972786a803ce7a9164348b29821595362a7cc95db4231,"OPENING, NEEDS_ANALYSIS, ACTIVE_LISTENING",0.9,True,"Greeting present, agent collects customer details and actively confirms the address and contact info."
2020-04-01-17-56-13_14acd3b4-7442-11ea-9e73-0a96ea0304eb_1388111a-7442-11ea-b684-25f62cd189d5_transcript,auto_insurance_customer_service_inbound.zip,insurance,inbound,1cb81de00607a6212960fc45467d970a61139fe40782c973e67ac9ab07507579,"OPENING, PRODUCT_PITCH, NEEDS_ANALYSIS",0.7,False,"IVR greeting, mentions of gathering information for quotes and offering additional insurance policy options."
9c14cbc4e6824e03aeb64935fd96dbf8_transcript,home_service_inbound.zip,home_service_telecom,inbound,97b3f0a6d93cb6ffd2bb547bc811312964b33c69cdadd90d23513450e46c295c,"OPENING, NEEDS_ANALYSIS, FEE_DISCUSSION, CURIOUS_EXPLORATION",0.95,True,"Contains greeting, customer inquiry about service costs, and agent collecting contact and location details for a callback."
DMEMED_rmbpo06_20211015-143026_5172632797_3890922-all_transcript,medical_equipment_outbound.zip,medical_equipment,outbound,4646c8d15ee06adc7d656fbfd85ba5d76ebbcf0caa9bbee71816dd6bbe33fe42,"OPENING, NEEDS_ANALYSIS, WARM_LEAD, PASSIVE_AGREEMENT",0.9,True,Agent performs eligibility screening for Medicare and collects personal information while the customer cooperates.
DMEMED_rmbpo17_20211117-152054_8473130782_4815066-all_transcript,medical_equipment_outbound.zip,medical_equipment,outbound,024500bae30e125840dc01021b6561a71414c1dd089b73938c2dfb2721bca7d2,"OPENING, NEEDS_ANALYSIS, CURIOUS_EXPLORATION",0.8,True,"Greeting present, agent verifies location and nursing home status, and customer asks about the process."
ce9c677c641c4bc1a059041efbdbe743_transcript,home_service_inbound.zip,home_service_telecom,inbound,3cb11cc5b0988c32aa22b7bd10f76bffbabfa96be051321bc5794b40ad86203c,"OPENING, NEEDS_ANALYSIS, CURIOUS_EXPLORATION, PASSIVE_AGREEMENT",0.9,True,"Greeting present, agent analyzes customer's specific logistical needs for vehicle service and collects contact info."
9c9a9ab73cc8481d832b00abc5a5c1d9_transcript,medicare_inbound.zip,medicare,inbound,cb2f096f0fd3526ba32f1b6e9cb7f5c16570251f39a73c37fb42fb5205162bf1,"OPENING, NEEDS_ANALYSIS, ENTHUSIASTIC_AGREEMENT, WARM_LEAD",0.95,True,"Greeting present, agent verifies network and location, and customer expresses high enthusiasm to schedule an appointment."
c3abc137e07d41cf876ef39fefe5f106 (3)_transcript,home_service_inbound.zip,home_service_telecom,inbound,645004346168f9c6b7555f7334801e4665c019fc72febeb5bde0e88baf7b61d4,"OPENING, NEEDS_ANALYSIS, ACTIVE_LISTENING",0.9,True,"Contains a greeting, agent asks about the specific appliance needs, and confirms details through active listening."
2020-04-02-17-31-51_d8561968-7507-11ea-a520-0ecc396dce55_d66c8b5a-7507-11ea-95a8-41d1b1dedfbc_transcript,auto_insurance_customer_service_inbound.zip,insurance,inbound,c971009bc903f8009d3f8474e2bd955da9287514d2c3cc3ae9c1e8cf22d15646,"OPENING, NEEDS_ANALYSIS, SOFT_REJECTION",0.85,True,"Includes opening, verification of vehicle details (needs analysis), and a soft rejection when the customer says they don't need insurance now."
ab40cec553674be1b81bb27b54368d3d36379586 (1)_transcript,medicare_inbound.zip,medicare,inbound,ccb2305733fc37929587dee3ed2111c3acad1dceeef6d0ce02ef4ba2220b123c,"OPENING, NEEDS_ANALYSIS, SUCCESSFUL_SALE",0.9,True,"Greeting is present, agent analyzes scheduling needs, and a grooming appointment is explicitly booked."
recording-public_971_transcript,customer_service_general_inbound.zip,customer_service,inbound,1ac0959d3d2dfa64d15d0f730de223d100fdb7e8545354a021449610938b5d4d,"OPENING, NEEDS_ANALYSIS, PRODUCT_PITCH, FEE_DISCUSSION",0.95,True,"Contains opening, questions about current coverage (needs analysis), a pitch for a final expense plan, and discussion of premium costs."
6623284833_transcript,insurance_outbound.zip,insurance,outbound,4a551a149feb99ec4185ccea1ca9b621e67c65bac4579052c970d296c0368e25,"OPENING, PRODUCT_PITCH, NEEDS_ANALYSIS, FEE_DISCUSSION",0.95,True,"Includes opening, a pitch for Medicare upgrades, verification of eligibility/details, and mention of no additional cost."
9037594068_transcript,insurance_outbound.zip,insurance,outbound,ca4c623c632befbe880e3729a2fdeabf13a7f5a60c3e6d3bbf03c839b9b236c8,"OPENING, PRODUCT_PITCH, NEEDS_ANALYSIS, RUSHING_THE_CALL, SOFT_REJECTION",0.9,True,"Agent opens and pitches Medicare benefits; customer is impatient, rushes the agent, and shows clear resistance."
351cc4d7c9734a60a48f5f30daefeff5_transcript,home_ervice_inbound&telecom _outbound.zip,home_service_telecom,outbound,47d23137eec88d77a513764cb14a69b7d8151f2331d5ea2b508c677cac04c1ed,"OPENING, CURIOUS_EXPLORATION, NEEDS_ANALYSIS, FEE_DISCUSSION",0.85,True,"Customer inquires about glass services, agent analyzes needs for a measurement visit and mentions no-cost estimates."
fc91058488ad4167b0663dce1de945cf_transcript,medicare_inbound.zip,medicare,inbound,3c8b1c50b844b3f05d38499e605fcdf84f0fa553a2a3b309818ef83ffe7f70ec,"OPENING, CURIOUS_EXPLORATION, NEEDS_ANALYSIS, PRODUCT_PITCH",0.8,True,Customer asks about boarding services and specifies needs; agent describes the facility's setup and offerings.
67333d6ca32a477688bf08e2e3156b97_transcript,home_ervice_inbound&telecom _outbound.zip,home_service_telecom,outbound,1154135e54ebd93a52fc147dbbc6551051d4882c4f36caa37a946599cc55367f,"OPENING, NEEDS_ANALYSIS, ACTIVE_LISTENING, CURIOUS_EXPLORATION",0.75,True,Call involves coordinating a repair; agent verifies order details and address while the customer seeks assistance.
8af8eb1e3aee432bba61f029e33cbe32_transcript,medicare_inbound.zip,medicare,inbound,216a6027ee572d198d042a1c0d43bcf3ba1219b32c8fef1a281e31e7f29a3351,"OPENING, NEEDS_ANALYSIS, ACTIVE_LISTENING",0.7,True,Patient calls to cancel an appointment; agent asks clarifying questions about the timeline and acknowledges the situation.
2707566162_transcript,insurance_outbound.zip,insurance,outbound,f4eedee5680935bd11d613b148df536592cd1966f3bc654e75f1b075175b1244,"OPENING, PRODUCT_PITCH, NEEDS_ANALYSIS, FEE_DISCUSSION",0.9,True,"Agent greets the customer, pitches additional Medicare benefits, verifies eligibility, and mentions zero additional cost."
35e671e25f3b459685d4c6668da60eb036389698 (1)_transcript,medicare_inbound.zip,medicare,inbound,8b77c64d5a85f942e62d67d4baefaaac8ff2f2582551ebe8ff424286261aba80,"OPENING, NEEDS_ANALYSIS, FEE_DISCUSSION, CURIOUS_EXPLORATION",0.9,True,"Greeting provided, agent analyzes boarding needs, discusses room pricing, and customer explores differences between room types."
d8f44db7aa654051a4e31398eaf07c3e_transcript,home_ervice_inbound&telecom _outbound.zip,home_service_telecom,outbound,11c248686c3a990d816a1d25c5b556f92fc034996ca8f8fa8b5b63f407955bb0,"OPENING, NEEDS_ANALYSIS, ACTIVE_LISTENING",0.8,True,"Call starts with a greeting, agent gathers customer details and service requirements, and confirms information before transferring."
6feec14805134fc6be124a2c1a3692b3_transcript,medicare_inbound.zip,medicare,inbound,c96b32d353758a0dc0042e2e375e646e8d62ba6d4c364a4eb379eae135ca8827,"OPENING, NEEDS_ANALYSIS, SUCCESSFUL_SALE",0.9,True,"Greeting is present, agent asks about the pet's condition, and an appointment is successfully scheduled."
87dbca2961c64942b6504ee86bdf67a2_transcript,home_ervice_inbound&telecom _outbound.zip,home_service_telecom,outbound,d0ba009985b3ede183d6c860e7415fd7d279f23856892a902f75021c46425e10,"OPENING, NEEDS_ANALYSIS, FEE_DISCUSSION, OBJECTION_HANDLING",0.9,True,"Greeting occurs, agent identifies service needs, discusses pricing, and handles a price objection by reducing the cost."
1e8bd67f46b6474c984a23b518d62ce5_transcript,medicare_inbound.zip,medicare,inbound,ef82fd0b5091901d6ee28971fec5a032f43f61f7921a9b66b986ba21f8504246,"OPENING, NEEDS_ANALYSIS, ACTIVE_LISTENING",0.9,True,"Contains a greeting, agent asks for patient details and appointment preferences, and uses verbal cues to confirm information."
d8541a2db2684f8da3511c1f2c6de086_transcript,home_ervice_inbound&telecom _outbound.zip,home_service_telecom,outbound,45b482910adbee62c411274864ba932a0d9b14e1a8c7ac1e120a72ff557f8e4b,"OPENING, NEEDS_ANALYSIS, FEE_DISCUSSION, PRODUCT_PITCH",0.95,True,Greeting present; agent analyzes vehicle needs to provide a specific price quote for a windshield replacement.
9318410509_P2_transcript,insurance_outbound.zip,insurance,outbound,e38c54b78db9eebd060f20d3dea0a62cf2068839c635b2b74315c1d5d6b49911,"OPENING, NEEDS_ANALYSIS, PRODUCT_PITCH, WARM_LEAD",0.9,True,Greeting present; agent asks about current Medicare plan and pitches specific benefits; customer expresses willingness to proceed.
0ee172b1512142e3bcf24278607bfbd1_transcript,automotive_inbound.zip,automotive,inbound,344779bd69cd557367b22614c7cc3e41bf2cc8041e0727203b7a9bf21aa1c16b,"OPENING, NEEDS_ANALYSIS, ACTIVE_LISTENING",0.85,True,Greeting present; agent asks for identifying information to locate a vehicle reservation and confirms details with the customer.
recording-public_1177_transcript,customer_service_general_inbound.zip,customer_service,inbound,cd5f143207433758cce818d08740920d2db8866a6341367b3ceac8a5839e820f,"OPENING, NEEDS_ANALYSIS, PRODUCT_PITCH, FEE_DISCUSSION",0.9,True,Greeting present; agent asks about existing policies and health to determine eligibility and mentions providing an accurate rate.
73d3b6754aba43aab3d19207b80ac064_transcript,medicare_inbound.zip,medicare,inbound,4190651dc918fa76c4791a0ebc19ecb21829c52a6353ea0cb6dfb3c50c4ad4ee,"OPENING, NEEDS_ANALYSIS, SOFT_REJECTION",0.9,True,"Contains a greeting, agent asks about rescheduling needs, and customer declines to reschedule at this time."
161212f543fd4611a0319fb52e6268bf_transcript,automotive_inbound.zip,automotive,inbound,a41863738218fad970c4097fb9c25f6d189c0575631e61cfc625c7111e931b2b,"OPENING, FEE_DISCUSSION, CURIOUS_EXPLORATION, OVERWHELMED_CONFUSION",0.85,True,Greeting present; customer asks about car price and availability; customer expresses confusion/frustration with the agent's speaking speed.
ab00d4df23a8405aa4661ab72285b3d2_transcript,medicare_inbound.zip,medicare,inbound,c1826fbd83d362c9f892908ca7a306cf5d93d80debc340b2b1205e118d315619,"OPENING, NEEDS_ANALYSIS, PRODUCT_PITCH, FEE_DISCUSSION, PASSIVE_AGREEMENT",0.95,True,"Greeting present; agent analyzes pet's condition, pitches a drop-off appointment, discusses higher costs, and customer agrees."
69589b108fd64b83992f02a36349d79136395306_transcript,medicare_inbound.zip,medicare,inbound,613ec639c4dea5fbf0462694df59cb0a86dec4cd194dc7f76b5b670e3b1e7f62,"OPENING, PRODUCT_PITCH, FEE_DISCUSSION, OVERWHELMED_CONFUSION",0.9,True,Greeting present; agent pitches 'special care' service and discusses daily fees; customer explicitly states they are confused about the pricing.
2162993058_P2_transcript,insurance_outbound.zip,insurance,outbound,e22f532b1d3e0c7f475ab9a2901e2504e57b572a36a895780ffaae28e632d141,"OPENING, NEEDS_ANALYSIS, PRODUCT_PITCH, ACTIVE_LISTENING",0.8,True,Greeting present; agent performs needs analysis by requesting ID/DOB and pitches a review for better benefits/savings.
3eeabc54fac24e44a409bcc2ef9841c4_transcript 2,automotive_inbound.zip,automotive,inbound,1885b2d5f26c4ffd88bfad2de260e12c38c24705776709896ec1a6beb28b6619,"OPENING, FOLLOW_UP_EMAIL_REQUESTED, PRODUCT_PITCH",0.85,True,"Contains greetings, a request for an email address to contact the target, and the start of a sales pitch."
2020-09-22-18-28-16_190af65c-23f8-440e-ad08-ebd5dfe76444_v2qxjHRXSYD2Qy8okvmb133N69yakFxvxGAkJCR6knq2yXiWrtS8CeTQ_transcript,auto_insurance_customer_service_inbound.zip,insurance,inbound,78dbdcd7561651944e474752bcf4c7e581348bf80c38457f37c019fe24160bde,"OPENING, NEEDS_ANALYSIS, FEE_DISCUSSION, PRODUCT_PITCH",0.95,True,"Greeting followed by extensive data collection for a quote, discussion of current insurance costs, and a pitch to beat the price."
9f164d639abe427b97e7da254fcae999_transcript,automotive_inbound.zip,automotive,inbound,5e55010119f9a19ed3d1e41e13102af008d8076f2a4b6e55b8d7de20cde89ab0,"OPENING, MISUNDERSTANDING, OVERWHELMED_CONFUSION",0.7,False,Automated IVR greeting with a brief moment of customer confusion and misunderstanding regarding the menu options.
2021-08-27-14-38-52_1045256e-fa42-4e17-a881-4579f1ddfe69_RGBEA30ECD3CD022F3EBE2FD5BE1591DDE7CB6F1761Q09Z101_-_Copy_transcript,automotive_and_healthcare_insurance_inbound.zip,insurance,inbound,ea39174bcce27ea41bdac4c6b5a7db5a3cb249b085435860fccf7cc626d744d1,"OPENING, PRODUCT_PITCH, NEEDS_ANALYSIS",0.9,True,"Greeting, explanation of Medicare services, and detailed verification of eligibility and personal details."
47d5a0bb0c3044da8f52f9da7e69e40e35606028_transcript,medicare_inbound.zip,medicare,inbound,736b53ce4b5ecb47489facc76624ae70f1106f5d2fe9e9613fa3d29803c8805c,"OPENING, NEEDS_ANALYSIS, PRODUCT_PITCH",0.8,True,"Greeting, identifying specific room needs, and offering an alternative room type when the requested one was unavailable."
332305080034268long_transcript,medicare_inbound.zip,medicare,inbound,7a3e10aebd62bbf7b347e7b1fa0092e1bac57143daec7341416168f00dbdf329,"OPENING, NEEDS_ANALYSIS, PASSIVE_AGREEMENT",0.9,True,Call begins with a greeting and involves the agent verifying the customer's identity and appointment details.
bbefa98446a141e2adf2cb3023da6bbe36379501_transcript,medicare_inbound.zip,medicare,inbound,a1a46ddc6c03f2f9bdc3bbfe4ece8adf19905d8b06d777cf9a020976de8cd1de,"OPENING, NEEDS_ANALYSIS, SOFT_REJECTION, PASSIVE_AGREEMENT",0.95,True,Greeting followed by gathering boarding dates; agent informs customer they are fully booked (soft rejection) and adds them to a waitlist.
8720c91aaf484805876c0f606c4b04c1_transcript,medicare_inbound.zip,medicare,inbound,a5b30e8657f3cc45ba7d0e79a86ff5833a8a07e7ac4a4adac1822c247d263d2c,"OPENING, NEEDS_ANALYSIS, PASSIVE_AGREEMENT",0.8,True,Greeting and initial inquiry about a pet's health condition before the call transitions to a hold/recording.
1c3e35fb61a64269bdd80c07478df860_transcript,medicare_inbound.zip,medicare,inbound,9cdc741d2c4cb2934aed519f29fefab710136261c0cb7020c985a9e2ae5d8e8c,"OPENING, NEEDS_ANALYSIS",0.85,True,Contains a comprehensive IVR opening and the start of a customer's request for assistance.
fa2a5c5d1eca4df5a93049a58aa2ab07_transcript,home_service_inbound.zip,home_service_telecom,inbound,bce2e6526623e4ef27d300b893e5583ea0d57358e198d3c13da883f4b90ef64d,"OPENING, NEEDS_ANALYSIS, PASSIVE_AGREEMENT, FOLLOW_UP_EMAIL_REQUESTED",0.95,True,Greeting followed by detailed intake of appliance issues and a request for an email address for confirmation.
7137383206_transcript,insurance_outbound.zip,insurance,outbound,d20634d0db70173b385338b1c57991fbdb4dffcb6fd79ccf0020961bb879534c,"OPENING, PRODUCT_PITCH, FEE_DISCUSSION, NEEDS_ANALYSIS",0.95,True,"Contains greeting, a pitch for Medicare benefits, mention of zero cost, and qualifying questions about Part A and B."
19c78064eed34c1581abf3999f5c0d58_transcript,automotive_inbound.zip,automotive,inbound,a15f4fd2d2fc338037a9711313dd73567d411c676ff63803ae58bd6f236b8a44,"OPENING, NEEDS_ANALYSIS, SUCCESSFUL_SALE",0.85,True,"Greeting is present, agent gathers specific vehicle and location details, and a service commitment is made to send a tow truck."
d5eeba97b0e3414fb12aa60525cfd0d3_transcript,automotive_inbound.zip,automotive,inbound,84b6be747f9d310338b04a07d6c83d4cdf4c4c613bbc0034eb0768c97f1ddf38,"OPENING, NEEDS_ANALYSIS, CURIOUS_EXPLORATION",0.8,True,"Greeting is present, customer explores SUV options, and agent gathers VIN and trade-in details."
74a0c04d3d7749a79dfcbee4d769afc1_transcript,medicare_inbound.zip,medicare,inbound,6bbc77763f3e45efd8ec3c064123193541d3d17b0282c1effcf9272a32c70f41,"OPENING, NEEDS_ANALYSIS",0.7,True,Contains a greeting and the agent asking for the pet's last name to identify the customer's request.
6156659466_transcript,insurance_outbound.zip,insurance,outbound,a1883d30db72bcde7d0a8cf5ed50e47b1c9d2e36c0a32e96f8805a5260fe0474,"OPENING, PRODUCT_PITCH, FEE_DISCUSSION, NEEDS_ANALYSIS",0.95,True,"Greeting, pitch for Medicare upgrade, mention of no additional cost, and verification of eligibility and personal details."
recording-public_814_transcript,customer_service_general_inbound.zip,customer_service,inbound,6e8547aa3c72a12ee07b90e771c8be0ac84b3f252a96c5a5fa74515d61317ae0,"OPENING, NEEDS_ANALYSIS, CURIOUS_EXPLORATION",0.9,True,"Contains greeting, agent asks about life insurance needs, burial preferences, and beneficiaries to determine coverage."
02ddfd03ca77475d9f54c6da314bd7832007214_transcript,medicare_inbound.zip,medicare,inbound,eb4ab70d15908583b29396479ff7bf7cf84dd6f18054d1e21337615595d9655e,"OPENING, PASSIVE_AGREEMENT",0.8,True,Contains greeting; customer agrees to be put on hold and agrees to the scheduled date.
6b339d06b24e4e0f8b373200162cec2e36379564 (1)_transcript,medicare_inbound.zip,medicare,inbound,8204e9624f2ee9c5a5876bd93b0d3a5775ad9d555db2561183dc52c429dafcbc,"OPENING, NEEDS_ANALYSIS, CURIOUS_EXPLORATION",0.9,True,Contains greeting; agent asks about puppy's age and vaccination status to determine daycare eligibility.
9f2dcc94722c4250843b4e4296ef3671_transcript,home_ervice_inbound&telecom _outbound.zip,home_service_telecom,outbound,20a0591fbf1e65f9263868670ad4bb95ff964928d68f06c1f36d94306bdb877c,"OPENING, NEEDS_ANALYSIS, FEE_DISCUSSION",0.9,True,Contains greeting; agent gathers specific glass measurements and requirements; customer asks about the cost.
57dbf1050a42426784ba67680ca956fc_transcript,automotive_inbound.zip,automotive,inbound,35113ca385cc209267d144fe2862b34b62e2910ca931c57ca0a32d57214813ef,"OPENING, FEE_DISCUSSION, CURIOUS_EXPLORATION",0.8,True,Contains greeting; mentions insurance costs and customer asks about using the VIN for roadside service.
15e6976c71354cd88925d9328e78ce76_transcript,medicare_inbound.zip,medicare,inbound,f9855de8ff2d450eebad4e1bcd6816a2a39b37946a4cc02315a6b089e6a7ec40,"OPENING, NEEDS_ANALYSIS, MISUNDERSTANDING",0.9,True,"Contains greeting, agent asks for insurance and member ID details, and there is confusion regarding the insurance provider."
332305170011371long_transcript,medicare_inbound.zip,medicare,inbound,faed9706105888c3dbe0880e47521ebb9ed0e7db502b696e5800ab32c649980d,"OPENING, FOLLOW_UP_EMAIL_REQUESTED, NEEDS_ANALYSIS",0.9,True,"Contains greeting, customer explicitly requests medical records be emailed, and agent identifies the specific request."
bdafee6d22cf4dfd9c3a77f05450f089_transcript,home_service_inbound.zip,home_service_telecom,inbound,c1f924528154c7024bbc06b672c6b5f5d0873f45e9a4794e7c887640387f8292,"OPENING, NEEDS_ANALYSIS, CURIOUS_EXPLORATION",0.9,True,"Contains greeting, agent asks for details about the appliance issue, and customer provides a detailed description of the problem."
4024ffc839c742e0a0a6493445dc2019_transcript,medicare_inbound.zip,medicare,inbound,c8753b18dfd324c752237762ff8fb7f1debddbb69789518e5557ecb0925468bd,"OPENING, FEE_DISCUSSION, NEEDS_ANALYSIS",0.9,True,"Contains greeting, discussion regarding prepaid credits and updating fees, and agent asks for scheduling preferences."
1a973ab380c5412486b37080d8b80569_transcript,medicare_inbound.zip,medicare,inbound,ac39e7f2778995cd0b8da762a622c51e4bb2ac63756a45089247e4e3755ffe44,"OPENING, PRODUCT_PITCH, FOLLOW_UP_EMAIL_REQUESTED",0.9,True,"Contains greeting, agent reads a promotional description of the facility, and customer is following up on a missing confirmation email."
375bb1bb603545abad2072fec0822b3d_transcript,medicare_inbound.zip,medicare,inbound,490ea8ed8c053d4da3ec9d8705eabc901e5ef310cbe6dd4f0d4d642063e52053,"OPENING, NEEDS_ANALYSIS, CURIOUS_EXPLORATION",0.85,True,Contains a greeting and the agent asking for health plan identification to verify eligibility/details.
b1839b09f7854fc2979238cd1441e064_transcript,medicare_inbound.zip,medicare,inbound,b21f2fcac3f17229c8654f1363fac981b93857a498c6bbec699641f408ecf45e,"OPENING, NEEDS_ANALYSIS, ACTIVE_LISTENING",0.8,True,Includes a greeting and a discussion regarding the patient's specific medical needs and appointment availability.
6063243931_transcript,insurance_outbound.zip,insurance,outbound,00477f3f24fe1d34fb82f9a788c9713c17856315b98de854449972339c406ad2,"OPENING, PRODUCT_PITCH, FEE_DISCUSSION, NEEDS_ANALYSIS",0.95,True,"Clear outbound sales call with a detailed benefit pitch, mention of $0 premium, and eligibility verification."
1a789aa350ea4ba7876d3754dafc5405_transcript,automotive_and_healthcare_insurance_inbound.zip,insurance,inbound,8519aaea8bf57351f7b0086a95130eb81b1683c9d93391b352601b6ddc861820,"OPENING, CURIOUS_EXPLORATION, ACTIVE_LISTENING",0.8,True,Greeting present; customer is inquiring about a specific employee and the agent is confirming the request.
af8bf6ba07684f28946c2f1c9ebd3ef8_transcript,medicare_inbound.zip,medicare,inbound,2ffb9585d867ae606528100380857281f5cc3aed392073f1300d051bd5b68181,"OPENING, NEEDS_ANALYSIS, CURIOUS_EXPLORATION",0.85,True,Greeting present; agent asks for account details to verify records and customer asks about vaccine shortages.
8503274520_transcript,insurance_outbound.zip,insurance,outbound,c1f75b709777f97049e2e17fb5a70efa6440bd323f63e917c06e4b62f055bca9,"OPENING, PRODUCT_PITCH, FEE_DISCUSSION, NEEDS_ANALYSIS",0.95,True,"Contains greeting, pitch for Medicare benefits, discussion of zero cost, and verification of eligibility and address."
4dffb4b5c0da4be78252af9c30136453_transcript,automotive_and_healthcare_insurance_inbound.zip,insurance,inbound,7c192c3df0e1bc7583acd96b43654815f73f9ffe20528941c69fd5a844344272,"OPENING, WARM_LEAD, ACTIVE_LISTENING",0.85,True,"Greeting present; customer is inquiring about a specific vehicle (warm lead), and agent actively manages the request for information."
US_TELECOM_195_AH_(887)_transcript,home_ervice_inbound&telecom _outbound.zip,home_service_telecom,outbound,3c11632492cd79f59fbed67e96bdf3a910b8ade08c6cd41beb41b6e7c8a06b45,"OPENING, PRODUCT_PITCH, FEE_DISCUSSION, NEEDS_ANALYSIS",0.9,True,"Greeting present; agent pitches a new discount to prevent a price jump, discusses billing, and confirms business details."
405246c738194f9a8af9f3dc28d5c53b_transcript,home_service_inbound.zip,home_service_telecom,inbound,8cd3802f334ceffe83d140cb62c56bf3813efb7278e77e02f4ddaa1e23d043a1,"OPENING, ACTIVE_LISTENING, PASSIVE_AGREEMENT",0.8,True,"Greeting present; agent listens to the customer's service issue and coordinates a callback, which the customer agrees to."
cb7afd310a5b4b429d653bfbd405b34436275746_transcript,medicare_inbound.zip,medicare,inbound,d332dca0ac02cb9e94d5a5b0f0b637ecccf1f3edd18bb876cf5ea2554b6d9351,"OPENING, FEE_DISCUSSION, OBJECTION_HANDLING, PASSIVE_AGREEMENT",0.9,True,"Greeting present; discussion regarding account balance, agent handles customer's confusion over the amount, and they agree on a payment date."
2020-09-16-23-42-37_25d5a8d9-ae21-4cea-8660-e151ab748d28_v2Y5MvsMcOT8fSPWBxlwPMEUPDCqCTVsI2MDXdHXo01BC00lz4IZw0Tw_transcript,auto_insurance_customer_service_inbound.zip,insurance,inbound,f99e367043cb2258084254207d49f71a43c597d80840d673c07b86ccdcc7cf4c,"OPENING, NEEDS_ANALYSIS, FEE_DISCUSSION",0.95,True,"Contains greeting, agent asks about current insurance provider and tenure, and inquires about current monthly payments."
8154345146_P1_transcript,insurance_outbound.zip,insurance,outbound,73ddd6cfae729cbb98f7a94ecabb1f03c7901de88587806ad8d5e3cab36bce00,"OPENING, PRODUCT_PITCH, FEE_DISCUSSION, OBJECTION_HANDLING, NEEDS_ANALYSIS",0.9,True,"Greeting present, pitch for Medicare benefits at no cost, agent handles customer's doubt about needing more insurance, and verifies Medicare status."
4956a86a6c914573a7348371fd8a7065_transcript,automotive_inbound.zip,automotive,inbound,77cec6ab82fa8a4366eab1c6d656dba76c26bdbf96301db3c1e8dd91591ec0dd,"OPENING, CURIOUS_EXPLORATION, NEEDS_ANALYSIS",0.85,True,"Greeting present, customer asks detailed questions about a vehicle's condition, and agent identifies the specific car of interest."
3029479766_transcript,insurance_outbound.zip,insurance,outbound,e0e6b58d77e5243415e7d44052f30eadb22cadff69b040cf284332a6c7f2bba2,"OPENING, PRODUCT_PITCH, FEE_DISCUSSION, NEEDS_ANALYSIS",0.95,True,"Greeting present, pitch for Medicare benefits at zero cost, and agent asks qualifying questions regarding eligibility and decision-making."
f9fe4585f41c4ec9b5ccf87ad21191da_transcript,home_service_inbound.zip,home_service_telecom,inbound,d42ee303569c133c32f0eb2b548bc269726c51392ccd1604922076522c11e155,"OPENING, NEEDS_ANALYSIS, FEE_DISCUSSION",0.8,True,"Greeting present, agent verifies customer identity and request, and discusses providing a quote for services."
c4e4280faa334417bf35e2d5043f24d1_transcript,medicare_inbound.zip,medicare,inbound,ab0ad92d1adf33736a19344c6ca0d9bdedcd9ac21a4c40595a39431eccf19585,"OPENING, NEEDS_ANALYSIS, FEE_DISCUSSION, PRODUCT_PITCH",0.9,True,"Contains greeting, agent asks about daughter's needs, customer asks about costs, and agent pitches specific aligner services and consultations."
7369d4b0f6b24228a40b2f5496728c11_transcript,automotive_inbound.zip,automotive,inbound,a2c944f69ab539ed18ad20e31be78aa7880d89df0c2984f93ca14a4e12d15bb0,"OPENING, ANGRY_OUTBURST, THREATENING_COMPLAINT, PRODUCT_PITCH",0.85,True,Greeting present; customer expresses extreme frustration and threatens to go to another dealership; agent suggests a way to purchase the package.
513b7a6455eb4648aafe1358a93a3a89_transcript,medicare_inbound.zip,medicare,inbound,31bc7f65390967be1b79dfebcf2a3151d7550c200b17413e2cd6eb041611f6f6,"OPENING, NEEDS_ANALYSIS, ACTIVE_LISTENING",0.8,True,Greeting present; agent asks clarifying questions about appointment types and verifies patient identity to locate records.
22e9269f5c064590b6e837a03f6f5a3d_transcript,medicare_inbound.zip,medicare,inbound,ba22f304ae306c839b0901d87cd0d5e4a4d59dd1b3a80cbc948ec8c1ab3ff303,"OPENING, NEEDS_ANALYSIS, MISUNDERSTANDING",0.75,True,Greeting present; agent asks about the reason for the visit; confusion occurs regarding the cat's name and profile records.
cd3ea599ac2e48589d66667f41a70e96_transcript,automotive_inbound.zip,automotive,inbound,3d1cf36de0aa2543aaa11a30b56b57f2cc3b80a3d11570acd297722aa33bc82d,"OPENING, PRODUCT_PITCH, CURIOUS_EXPLORATION, FOLLOW_UP_EMAIL_REQUESTED, WARM_LEAD",0.95,True,Greeting present; agent pitches the vehicle's value; customer explores condition; agent offers to send a video via email; customer is highly interested.
DMEMED_rmbpo18_20211220-142037_2486774723_4708299-all_transcript,medical_equipment_outbound.zip,medical_equipment,outbound,1a5d21d844beab8e39474bf66af9521ae77cb36c69e3357b494a848b33d41460,"OPENING, NEEDS_ANALYSIS, PRODUCT_PITCH, FEE_DISCUSSION, OVERWHELMED_CONFUSION",0.9,True,"Contains greeting, medical screening questions, a pitch for a glucose monitor at no cost, and the customer expresses confusion about their current medication."
8148429591_transcript,insurance_outbound.zip,insurance,outbound,a89767102c74daa5704ccec78117c10394b255c8217a34a28cf5a39916fda091,"OPENING, PRODUCT_PITCH, FEE_DISCUSSION, NEEDS_ANALYSIS",0.9,True,"Greeting present, agent pitches Medicare benefits at no cost and asks for date of birth and name verification."
8123433844_transcript,insurance_outbound.zip,insurance,outbound,b3ac1b3de73f575baf69d3d7ae46c6848d51e5864b3421f149447077e5fbe430,"PRODUCT_PITCH, FEE_DISCUSSION, NEEDS_ANALYSIS, PASSIVE_AGREEMENT",0.8,True,"Agent pitches Medicare benefits and money back, asks for address/zip code, and the customer agrees that it sounds good."
8106489122_transcript,insurance_outbound.zip,insurance,outbound,60c87b5f801d2f3ec21317a0c39540b3ab7cdd3d849af809289d043008f7cfc5,"OPENING, PRODUCT_PITCH, FEE_DISCUSSION, NEEDS_ANALYSIS, ENTHUSIASTIC_AGREEMENT",0.9,True,"Greeting present, agent pitches Medicare benefits at no cost, asks for personal details, and customer responds very positively."
dbe7bd3bdecf473a92a2de984a0aa392_transcript,automotive_inbound.zip,automotive,inbound,94db2b8bef032a80a01d55d4de045688478eeefc21a2264851215fd8c2560ab1,"OPENING, CURIOUS_EXPLORATION, ENTHUSIASTIC_AGREEMENT",0.9,True,"Greeting present, customer asks about vehicle stock and out-of-state sales, and enthusiastically agrees to be notified of new stock."
US_TELECOM_195_AH_(891)_transcript,home_ervice_inbound&telecom _outbound.zip,home_service_telecom,outbound,ddf5619dd41cd188809c101428bbd974c5646a66bd30c95b8017a765f7133755,"OPENING, PRODUCT_PITCH, SOFT_REJECTION, OBJECTION_HANDLING",0.9,True,"Agent opens the call, pitches fiber internet, customer says they are too busy (soft rejection), and agent attempts to keep them on the line (objection handling)."
db528ddf690a4f9aa0b1b317ae400d1e_transcript,home_service_inbound.zip,home_service_telecom,inbound,20e10e181becb1e296974fc6f3254b2e67847d7ec65e3a9090728d73eefdad65,"OPENING, NEEDS_ANALYSIS, FEE_DISCUSSION, CURIOUS_EXPLORATION",0.85,True,"Call opens with greeting; agent asks for zip code and tint details (needs analysis), mentions providing a quote (fee discussion), and customer asks about the process."
0c82db8010a645919c27f54ad60f636636695127_transcript,medicare_inbound.zip,medicare,inbound,2e74f40634ed7e335f5b821ab8173f4e3dad20c24d711a48a5a52645cfb543d8,"OPENING, NEEDS_ANALYSIS, CURIOUS_EXPLORATION",0.8,True,Agent opens the call and asks specific questions about the dental issue and preferences (needs analysis). Customer asks about alternative providers (curious exploration).
a975444563b44224933ac469071e9a12_transcript,home_ervice_inbound&telecom _outbound.zip,home_service_telecom,outbound,235fda3f5740ba9f3af67dc068470294d2a3a16cf7beb288012ef5a37872663d,"OPENING, NEEDS_ANALYSIS, FEE_DISCUSSION, CURIOUS_EXPLORATION",0.9,True,"Agent opens the call, asks for vehicle details and VIN (needs analysis), offers a phone quote (fee discussion), and customer asks about estimate methods."
5a94616a26c44ba383187eaa840a3bd036786935_transcript,medicare_inbound.zip,medicare,inbound,7c4c1be83c6d6d93379327e30c92cc6da7593ba8f1d4c2f120763416d33dd7cb,"OPENING, NEEDS_ANALYSIS, STALLING_FOR_TIME",0.8,True,"Agent opens the call, asks for patient identification and preferred times (needs analysis), and asks the customer to hold while checking the schedule (stalling)."
6232470594_transcript,insurance_outbound.zip,insurance,outbound,ba93c373277b6160620bd3269e40cc711175f0c9c6308e4800bfa24fa1532990,"OPENING, PRODUCT_PITCH, NEEDS_ANALYSIS",0.9,True,"Contains a greeting, an offer for additional Medicare benefits, and questions regarding the customer's current healthcare status and benefits."
2020-09-12-20-59-22_a4084a78-e479-435b-8107-a80cb80cee1c_v2R43yX6PAwPKUk2aYVVv2yfUaVHuVx2dnjqnxL2bC4BIloYEjwGXq9A_transcript,auto_insurance_customer_service_inbound.zip,insurance,inbound,591aa3f47280fc2b4142f0847843f55660127345254d1eede930a09b81ce3f72,"OPENING, NEEDS_ANALYSIS, FEE_DISCUSSION",0.95,True,"Includes a greeting, verification of personal and insurance details, and a specific discussion about current insurance premiums."
6155975164_transcript,insurance_outbound.zip,insurance,outbound,c7ef504bdcc14943ae3b68dd0fad4c5da74d4eda925ea2ab29c4c2ecef29d465,"OPENING, PRODUCT_PITCH, SOFT_REJECTION, OBJECTION_HANDLING, NEEDS_ANALYSIS",0.85,True,"Greeting and pitch are present; customer resists by saying it's handled, agent counters, and then proceeds to eligibility questions."
2020-09-04-20-58-37_6e111482-4258-478c-bdab-a0ee25bb9815_v29Qry6jJIheTNuSDq87LbDjGfOb37X2DXpy3YUb0SnCvo-2ZiMRQ9ng_transcript,auto_insurance_customer_service_inbound.zip,insurance,inbound,a3bc7ccd761b985a5d9b5f71f1ad7678f7f7fb2b12561b64638daa0b936a0fad,"OPENING, NEEDS_ANALYSIS, FEE_DISCUSSION, PRODUCT_PITCH",0.9,True,"Greeting, verification of current provider, discussion of payment amounts, and a pitch for bundling home and auto insurance."
2020-09-16-15-32-54_fbf1d439-85b9-4692-97cf-3bb4febd563c_v2CtUKA9qf-PXV34Z4f8g0zkSlwTPrBGtEdYeuOdM4i-zngOBTxHLOcg_transcript,auto_insurance_customer_service_inbound.zip,insurance,inbound,878578275b59986b24ece462f296131cc5a27b31e7577d4a52f5c197ef98b9c9,"OPENING, NEEDS_ANALYSIS, FEE_DISCUSSION, PRODUCT_PITCH, OBJECTION_HANDLING",0.85,True,Greeting and verification are present; discusses costs and bundling; agent handles the customer's request to be called back tomorrow.
4d31f45803bc4168a437cf26bf51b041_transcript,home_service_inbound.zip,home_service_telecom,inbound,8ddca89ce4966656560804e24e7669a20d1120671e96e9370d68c83eaf1c5736,"OPENING, NEEDS_ANALYSIS",0.9,True,Contains a clear greeting and the agent asks for service details and customer information to address the emergency.
d0d6279849614201b0e1bec3caccd94e_transcript,home_service_inbound.zip,home_service_telecom,inbound,5d27a7e30052eb5cd71b11d733f63ce2e24096a29a5103cf657be0f1fd08ef75,"OPENING, PRODUCT_PITCH, NEEDS_ANALYSIS",0.8,True,"Includes opening, a pitch for decorative glass services, and analysis of the customer's specific windshield quote needs."
8f6582d50eb14b48839ea4f2de504613_transcript,medicare_inbound.zip,medicare,inbound,8564836b9ac6db875baf2f5d474639ab8cc8141cb35a1d7f24d5b661b3ca2dff,"OPENING, NEEDS_ANALYSIS, PRODUCT_PITCH",0.9,True,"Greeting is present, agent analyzes boarding requirements, and pitches additional play-time packages."
3d62b21970cc40faa59752f0ea3ec399_transcript,home_service_inbound.zip,home_service_telecom,inbound,4aa15e97818f5e66f15c7ee15cec64c8fb099af93fe50254200d614f26d3bba6,"OPENING, OBJECTION_HANDLING, NEEDS_ANALYSIS",0.8,True,Opening present; agent handles customer frustration regarding a missing quote and then asks about the specific quote needed.
237bf3e09db049b9904669ee649c7d6835586703_transcript,medicare_inbound.zip,medicare,inbound,f770be9c387aed18caa28dcecf6915a2ec57dfa5e3f3e92e393ad51d02758bfa,"OPENING, NEEDS_ANALYSIS, FEE_DISCUSSION",0.9,True,"Greeting present, agent analyzes boarding needs for multiple dogs and discusses the price per duration."
49cc6e87a3cc456c90aaa5fa08d47a33_transcript,medicare_inbound.zip,medicare,inbound,daa5527b6e069de54da8dc151c15657bf2ff60aff52e2d235f20790808f6af50,"OPENING, NEEDS_ANALYSIS, ACTIVE_LISTENING",0.9,True,"Contains a greeting, verification of customer details (DOB, SSN) for account updates, and agent confirming appointment availability."
f5c95c87456443b59e22cf54fdfee669_transcript,automotive_inbound.zip,automotive,inbound,6af3b31c9ab45cc7fe2d95e6bf22cdaf915aeb74ee59fa7c5490af65ffe2aa37,"OPENING, NEEDS_ANALYSIS, FEE_DISCUSSION, PRODUCT_PITCH",0.95,True,"Includes greeting, agent asking for vehicle specs to determine the part, and providing a specific price quote for the service."
8167414132_transcript,insurance_outbound.zip,insurance,outbound,d9668cc08d2e3bbd4506c904447425fd8947ed50f4bdd9579aa5fc801869c9ab,"OPENING, PRODUCT_PITCH, NEEDS_ANALYSIS, FEE_DISCUSSION",0.95,True,"Agent opens the call, pitches Medicare benefits, asks qualifying eligibility questions, and discusses zero-cost benefits and cash back."
ae3bd1a15ac2410c8229f0db628a9392_transcript,home_service_inbound.zip,home_service_telecom,inbound,65967b8b92e0d67e56cb00e7f13fbcbb939c032bc7372fe09134b1250eded198,"OPENING, PRODUCT_PITCH",0.5,False,"This is an automated IVR recording; it contains a greeting and mentions available emergency services, but no human interaction."
f3ca2243ef314ddaaeb7d132b1ea4752_transcript,automotive_inbound.zip,automotive,inbound,b145635c579208c9cb594bdb84047f2882c6b88e977efce4aa60c86fe8c94a1e,"OPENING, NEEDS_ANALYSIS, CURIOUS_EXPLORATION, ACTIVE_LISTENING",0.9,True,"Greeting is present; agent asks detailed questions about trim, bed size, and color to identify the right truck for the customer."
332305080042127long_transcript,medicare_inbound.zip,medicare,inbound,aab42c01060dcad589465e6f637fd41a4810e88cc018e719c9843e6786e192cf,"OPENING, NEEDS_ANALYSIS, SUCCESSFUL_SALE, ACTIVE_LISTENING",0.95,True,"Contains greeting, agent determines appointment needs, successfully schedules the visit, and confirms details with the patient."
3869c93965364ba285a7ff92d4e4e4c6_transcript,home_service_inbound.zip,home_service_telecom,inbound,180d20ea1f45e78bed72e44c97defa5e8bf4d728b70702a171878b19dfd04956,"OPENING, NEEDS_ANALYSIS, WARM_LEAD",0.9,True,"Includes greeting, agent gathers customer contact and location details to facilitate a service request for a specific problem."
recording-public_1216_transcript,customer_service_general_inbound.zip,customer_service,inbound,a1b93eb6739987430b0f9cf4c6118cfa62389214a84c3408e21f3e9b505818fd,"OPENING, NEEDS_ANALYSIS, PRODUCT_PITCH, CURIOUS_EXPLORATION",0.9,True,"Greeting present, agent asks about current insurance to determine eligibility and introduces the final expense plan options."
ab218a66af57497194585f1966398e58_transcript,home_service_inbound.zip,home_service_telecom,inbound,8d7d89de74afecda3f6c0dbab3c62322037857fbfdd82be88b36556cfc6a4aa6,"OPENING, NEEDS_ANALYSIS, WARM_LEAD, ACTIVE_LISTENING",0.85,True,"Greeting present, agent asks for address and details about the glass damage; customer is actively seeking service."
e887c84569634150893832a784424fb8_transcript,medicare_inbound.zip,medicare,inbound,106ee38586ccbb6b5f31ca85645f242b7c442642f4df64fae122fc7180052a5b,"OPENING, NEEDS_ANALYSIS, FEE_DISCUSSION, PRODUCT_PITCH",0.95,True,"Greeting present, agent asks for pet details (weight/age) and provides a detailed cost estimate and service package description."
DMEMED_rmbpo03_20211021-151626_3173893019_4616720-all_transcript,medical_equipment_outbound.zip,medical_equipment,outbound,d9dd6c86031e6f01646a6dc8988401c5b8142acba3cfd0e7f5ad3688cbb12590,"OPENING, NEEDS_ANALYSIS, PRODUCT_PITCH, FEE_DISCUSSION",0.95,True,"Agent opens the call, asks about current prescription costs (needs analysis), and pitches a Medicare upgrade to reduce those costs to zero (product pitch/fee discussion)."
4fe19311b60e4667a4142ba9a75edd68_transcript,medicare_inbound.zip,medicare,inbound,42e80c61d11f92d2644184c9c7e379ade85760b0c42316f635c5427ec4fa789a,"OPENING, NEEDS_ANALYSIS, CURIOUS_EXPLORATION",0.85,True,"Inbound call with a greeting, where the agent analyzes the patient's history to determine the necessary exam before scheduling a procedure."
af24afba003444f19bffdecc9cd904d036427409_transcript,medicare_inbound.zip,medicare,inbound,c7277a21e03310d923548868560187d77987dce025eb8ba5eadc265df5e59a26,"OPENING, NEEDS_ANALYSIS, PRODUCT_PITCH",0.8,True,"Agent greets the customer and analyzes the dog's needs (size, overnight stay) before pitching different room options (luxury vs classic)."
2020-04-06-20-02-46_976fe860-7841-11ea-a12f-125120011735_956f001e-7841-11ea-9d92-b98c5af2bb66_transcript,auto_insurance_customer_service_inbound.zip,insurance,inbound,d642ea24e58a8f352385148b89b5bf5e8d4067397a1a0907a47cb6e33eebe8bd,"OPENING, NEEDS_ANALYSIS, FEE_DISCUSSION",0.7,False,"IVR system greeting that performs needs analysis (zip code, homeowner status) and mentions determining the insurance rate."
49fe4063f3b04765b566e2953987c1ed_transcript,home_service_inbound.zip,home_service_telecom,inbound,830edc51b50a5b1d7a9cd9d539c9895ca94fad1b0be2ddc97ce9046889985109,"OPENING, NEEDS_ANALYSIS, CURIOUS_EXPLORATION",0.9,True,Agent opens the call and identifies the customer's specific plumbing issues (toilet and water heater) to facilitate an appointment.
8a80fc5bb0d84989ac32b43ac7e27a1b_transcript,medicare_inbound.zip,medicare,inbound,1d2d5a6e3f1867fb47a219c2b0609508b96a6fa65cad0016029354ae16cee672,"OPENING, PRODUCT_PITCH, NEEDS_ANALYSIS",0.9,True,"Contains a greeting, a description of boarding services and orientation requirements, and questions about the pet's history."
547f33b10ea34e37bec6f076ef132526_transcript,home_ervice_inbound&telecom _outbound.zip,home_service_telecom,outbound,f0abe72c88075a32c71a677b4a826d267e6035e5f572407bdbbc088b721292f1,"OPENING, NEEDS_ANALYSIS, PRODUCT_PITCH, SUCCESSFUL_SALE",0.95,True,"Greeting is present, agent analyzes the attic problem, confirms service availability, and successfully schedules an appointment."
cbd6512921914a46b6c75a14e82404a6_transcript,automotive_inbound.zip,automotive,inbound,533fdd2e400dce2cd045e95d63df88f2b345f3ea54d5774d49bd29a66e76a07a,"OPENING, NEEDS_ANALYSIS, CURIOUS_EXPLORATION",0.85,True,"Greeting is present, customer is exploring vehicle availability, and agent analyzes the specific truck requested."
8323103326_transcript,insurance_outbound.zip,insurance,outbound,f3717542cd26ba4c83cfa709591b786b4cff6a22561d413ffc5beeca9a439aa1,"OPENING, PRODUCT_PITCH, NEEDS_ANALYSIS, PASSIVE_AGREEMENT",0.9,True,"Outbound greeting, pitch for Medicare benefits, verification of Medicare card status, and customer's passive agreement to the offer."
118d3a5a0c43496abda5ae7a47c8be8036379531_transcript,medicare_inbound.zip,medicare,inbound,76d1ea4f31f214e8e68d33f6c0f4d273509226a74d5d97a00f82c1db9d5eb8b6,"OPENING, NEEDS_ANALYSIS, SUCCESSFUL_SALE",0.95,True,"Greeting is present, agent analyzes scheduling preferences and groomer availability, and successfully books the appointment."
8036270595_transcript,insurance_outbound.zip,insurance,outbound,c08ab345955cc8ecfe69b21d48bb080ac5c612a1d1cc1b4e1db9711e8a3196d9,"OPENING, PRODUCT_PITCH, NEEDS_ANALYSIS, FEE_DISCUSSION",0.95,True,"Agent opens the call, pitches Medicare benefits, verifies eligibility (Part A/B), and mentions no additional cost."
490416d25217401a95bbb388dae50ab5_transcript,medicare_inbound.zip,medicare,inbound,b833da4e192a4605c407ab5e79aaf1037d9db412dc23ddb1ab2ece7fdd4adac0,"OPENING, FEE_DISCUSSION, SUCCESSFUL_SALE",0.85,True,Customer calls to pay for grooming; agent collects payment details and processes the transaction.
1999e47935d841f18b9530e171c2e573_transcript,medicare_inbound.zip,medicare,inbound,f29e1f202a65c46e04a17878c059e5c2f2ec4c3dd1eb417b35c5e2f7eb6651f3,"OPENING, PRODUCT_PITCH",0.6,False,Automated IVR greeting followed by recorded promotional messages regarding pet health and ownership.
7aa4faf9c7f046c6ae2a8672629ade17_transcript,medicare_inbound.zip,medicare,inbound,dba6df803495d11415e6e1e62b64f3c5bf6823e38dee76e97e09f0dd75a7fc27,"OPENING, NEEDS_ANALYSIS, CURIOUS_EXPLORATION",0.9,True,Customer calls to schedule an appointment; agent analyzes the necessary paperwork and release forms required.
b2fd9ea2f4034633ab73bed8b01088c9_transcript,medicare_inbound.zip,medicare,inbound,5bb3a6cad69c18d641d74a3e585950e699a0a9dd8d180509e16b6d334f58ca32,"OPENING, NEEDS_ANALYSIS, FOLLOW_UP_EMAIL_REQUESTED",0.95,True,Customer requests appointment records via email; agent verifies identity and email address to fulfill the request.
ce9ec81756ae412c8c9073c36bb73970_transcript,home_ervice_inbound&telecom _outbound.zip,home_service_telecom,outbound,a0481163525cb170c94cdfde9765aa6ed8649b91e633c0ddee0e7a4be6efb598,"OPENING, PRODUCT_PITCH, SOFT_REJECTION",0.9,True,"Agent opens the call and pitches a salvage glass service, which the customer politely declines."
b50116e96a594ebd955e8d8250d9ee58_transcript,home_service_inbound.zip,home_service_telecom,inbound,2a9c7d6b76ccf731ac97c2ac6f000c3f0bb6b1070de42447afc27b9b677018bd,"OPENING, NEEDS_ANALYSIS, PASSIVE_AGREEMENT",0.85,True,"Call starts with a greeting, agent analyzes the customer's need for animal removal, and customer agrees to be transferred."
528a5e385b2a4fe084cdfa4bf29a84a81998387_transcript,medicare_inbound.zip,medicare,inbound,a7d0a881e1fbd02ac6e278160edef75f9bfffdb2726a5ad0df0660b271f41a30,"OPENING, NEEDS_ANALYSIS, PASSIVE_AGREEMENT",0.8,True,Agent greets the customer and analyzes their scheduling needs before the customer agrees to keep the original appointment.
3e67b03f70e64bd0b33628f46853d893_transcript,home_service_inbound.zip,home_service_telecom,inbound,3aa2b44c6efd6ceafedaede7f4d6a9d9a81b690793d5e99b39346659cebddffa,"OPENING, NEEDS_ANALYSIS, PASSIVE_AGREEMENT",0.85,True,Agent opens the call and performs needs analysis by collecting contact and location details for a service request.
20dec974fc6d4b3789fa4572e3da377034954155_transcript,medicare_inbound.zip,medicare,inbound,08858ee9c2f57083542309c8df61e6823a2cc0e0c1be1e1597837c9d8dd7a6ab,"OPENING, NEEDS_ANALYSIS, FEE_DISCUSSION, OBJECTION_HANDLING",0.9,True,"Includes opening, analysis of patient status, discussion of payment method, and agent attempting to handle the customer's urgency/scheduling objections."
bab51bf1a17f49afae320a432bdd0e96_transcript,automotive_inbound.zip,automotive,inbound,214bc132dd8115c69c09105f7c887db729d47d92ee52f388917f0e4cea35c3a4,"OPENING, FEE_DISCUSSION, NEEDS_ANALYSIS, CURIOUS_EXPLORATION",0.9,True,"Contains greeting, discussion about part/labor costs, agent asking about truck specs, and customer exploring part compatibility."
d27fb11ae5504d108bbf01d7011ec9d5_transcript,automotive_inbound.zip,automotive,inbound,895940494208fe9fdc08a226ff489f52c1f69c508183b550fa8ebee45c0996d7,"OPENING, FEE_DISCUSSION, ANGRY_OUTBURST, HARD_REJECTION",0.95,True,Greeting present; customer is angry about pricing and explicitly states the company will never get their business again.
2020-03-31-17-30-55_614e51ca-7375-11ea-a263-06e26d5d291d_603b1eda-7375-11ea-8a29-8f9df644a9f2_transcript,auto_insurance_customer_service_inbound.zip,insurance,inbound,a518672c367685e3e5530244d81c29821b9e7e9a2b98dbcc5d1e77dd0da85cb4,"OPENING, NEEDS_ANALYSIS, PRODUCT_PITCH",0.8,True,IVR greeting; automated system explains the need to gather information for quotes and mentions offering policy options.
afd6e0a271aa4950b2f8cc318fc33fff_transcript,home_ervice_inbound&telecom _outbound.zip,home_service_telecom,outbound,9818afad429ef7345cffc201ff7e2e82b317c5b27e67d41991264cb104fbdce0,"OPENING, NEEDS_ANALYSIS, PRODUCT_PITCH, FEE_DISCUSSION, SUCCESSFUL_SALE",0.9,True,"Greeting, analysis of window needs, pitch of two service options with fee discussion, and customer providing details to proceed."
d345fd4af09a436db8a5d9619a2a4376_transcript,home_ervice_inbound&telecom _outbound.zip,home_service_telecom,outbound,9332ec1944cb78293950597d64735e3ec29dc10aa3154ecc75db1214e3c9072e,"OPENING, NEEDS_ANALYSIS, CURIOUS_EXPLORATION",0.85,True,Greeting present; agent asks about residential/commercial status and customer is inquiring about a quote for installation.
2020-10-05-21-43-38_2110fc71-55ca-407d-8ca5-5795efa9ab03_v26dUYciMFH7jPYb1KaJ6jaMmXsk41qmt4GayWQUh8zOFBYz1VVSNvHw_transcript,auto_insurance_customer_service_inbound.zip,insurance,inbound,f89814dafad15fe2c282d93d87a5cc9f6a6221d5c51e6c4ac23ac1e7d3fd98dd,"OPENING, NEEDS_ANALYSIS, FEE_DISCUSSION, PRODUCT_PITCH",0.9,True,"Contains greeting, verification of customer details, discussion of current monthly payments, and the agent searching for a matching insurance quote."
69dbc76544604feaa711c3936fb5cd53_transcript,home_service_inbound.zip,home_service_telecom,inbound,2984408b7916dfe4b5d168e37d8af343d50129afff1a815a65662ad2f359a857,"OPENING, NEEDS_ANALYSIS, CURIOUS_EXPLORATION, WARM_LEAD",0.85,True,Greeting present; customer expresses clear intent to order replacements; agent collects account and location details to facilitate the request.
ba143e0554b248879463ca3110c21180_transcript,automotive_inbound.zip,automotive,inbound,6d0c4647a1963ea0c4430633588015e95b484ce689ae294020f645a729713d53,"OPENING, CURIOUS_EXPLORATION, FEE_DISCUSSION, CLOSING_NEGOTIATION, COMPETITOR_COMPARISON",0.95,True,"Greeting present; customer inquires about stock, compares prices with another dealer, and negotiates a final 'out the door' price."
16ac288304814fc4b1b82e8f23f5c085_transcript,automotive_inbound.zip,automotive,inbound,92756a052f269e67e43261061d0b34a01800ed5471a8df7c9ed3aee8a27d6bba,"OPENING, CURIOUS_EXPLORATION, NEEDS_ANALYSIS",0.9,True,Greeting present; customer is inquiring about lost items; agent asks for identifying information and account details to investigate.
74d62f930fe54b4bb532bf492664903e_(1)_transcript,home_ervice_inbound&telecom _outbound.zip,home_service_telecom,outbound,f159b1c5c82b05ecf4edfd412191f94b86130ef9d0ff381268bea121b20ac46d,"OPENING, CURIOUS_EXPLORATION, NEEDS_ANALYSIS, FOLLOW_UP_EMAIL_REQUESTED",0.9,True,Greeting present; customer asks about window repair services; agent collects contact and address info and requests an email for further information.
4bd12a5ecb1a4b03874f5d34d6788fc4_transcript,home_service_inbound.zip,home_service_telecom,inbound,25fdbafee58ad6dd4c1fc54571a33664d7a43b0201b42cdaf2d4d2878ec038b4,"OPENING, NEEDS_ANALYSIS, CURIOUS_EXPLORATION",0.9,True,"Contains a greeting, customer inquiring about a sewer drain quote, and agent collecting contact and property details."
6063486726_P1_transcript,insurance_outbound.zip,insurance,outbound,5d76ea5abede038f28916e005c1e2ea670284b0e9d4c671a44f3d236d9c85164,"OPENING, PRODUCT_PITCH, NEEDS_ANALYSIS, PASSIVE_AGREEMENT",0.9,True,"Greeting present, agent pitches Medicare updates, verifies eligibility/benefits, and customer provides passive agreement."
332305260007234long_transcript,automotive_inbound.zip,automotive,inbound,fe7414bd25f08bb1071b55a9cdcaad183bb71711bb6e6fe260999aceeaf88a50,"OPENING, CURIOUS_EXPLORATION, NEEDS_ANALYSIS",0.8,True,"Greeting present, customer asks about a specific vehicle on the lot, and agent collects information for follow-up."
8659229307_transcript,insurance_outbound.zip,insurance,outbound,43fcaaded9dedb8f52d986a7cdb88b58bee1f921c95e6f4022945442ed92f4c2,"OPENING, PRODUCT_PITCH, NEEDS_ANALYSIS, PASSIVE_AGREEMENT",0.9,True,"Greeting present, agent pitches Medicare benefits, verifies Part A/B and DOB, and customer agrees."
6269146383_transcript,insurance_outbound.zip,insurance,outbound,1290654867ed8a42f0b5105cd81602567ae171a9dba7c4797b8e0e7f0f8d8dcd,"OPENING, PRODUCT_PITCH, NEEDS_ANALYSIS, FEE_DISCUSSION, PASSIVE_AGREEMENT",0.9,True,"Greeting present, detailed pitch of Medicare benefits, verification of eligibility, discussion of zero cost, and customer agreement."
62b0b74c04714f2eb309a78f43fb58ab_transcript,medicare_inbound.zip,medicare,inbound,45b7b3f1a0736e3d30ab8691c328e5efbdf8e1894b946765bed27206fabc3dbf,"OPENING, NEEDS_ANALYSIS, FOLLOW_UP_EMAIL_REQUESTED",0.9,True,"Contains a greeting, agent collects patient demographic and referral information, and agrees to send registration forms via email."
916b52d3da4b468b9eff766ce850a0a0_transcript,home_service_inbound.zip,home_service_telecom,inbound,c9a3cdbd99559c4ad83044638e3655e4b083a738d0c4a1f6d015ffd4336b755a,"OPENING, CURIOUS_EXPLORATION, NEEDS_ANALYSIS",0.85,True,Greeting present; customer asks about specific service capabilities and location; agent checks records and verifies service area.
5557a3cd0f3344a4aea6c55032802c41_transcript,medicare_inbound.zip,medicare,inbound,948a9d43a025e76edde17fa5ef924d923e9b43250b712b6548d10701b270ea6b,"OPENING, NEEDS_ANALYSIS, FOLLOW_UP_EMAIL_REQUESTED",0.9,True,Greeting present; agent collects patient details and insurance information; agent mentions sending paperwork via text/email.
7187611705_transcript,insurance_outbound.zip,insurance,outbound,b9b2c94ca2ec5ce98341e3a2f30c4e5ed5b54f861df4ead4c28233920ca82ecb,"OPENING, PRODUCT_PITCH, NEEDS_ANALYSIS, PASSIVE_AGREEMENT",0.95,True,"Outbound greeting; agent pitches Medicare benefit upgrades; agent asks eligibility questions; customer provides short, agreeing responses."
79366342bbef43779ef7d65e793967c8_transcript,home_service_inbound.zip,home_service_telecom,inbound,b36ce1183a067169779203bf34b54f1986677bbe07b829bee8baf86b0582b458,"OPENING, NEEDS_ANALYSIS, FOLLOW_UP_EMAIL_REQUESTED",0.9,True,Greeting present; agent collects detailed address and property information; agent requests email for appointment confirmation.
58769daa2c654d6593563c9ee6395e33_transcript,medicare_inbound.zip,medicare,inbound,8642f484a32dfcf0911033a0ee84e9078db18bb1688c1e3af81dbc02b95959bf,"OPENING, NEEDS_ANALYSIS, SUCCESSFUL_SALE",0.9,True,"Contains greeting, agent asks about pet history, and an appointment is successfully scheduled."
33f95244d4774193b59d1f7e15a54673_transcript,home_service_inbound.zip,home_service_telecom,inbound,8cc5fc06bd7bf0683fbd89eafb249d8eea6ffad89ec997a3b31158d668128516,"OPENING, NEEDS_ANALYSIS, FEE_DISCUSSION, PRODUCT_PITCH",0.95,True,"Greeting present, agent analyzes car specs, provides specific price quotes, and pitches service options."
24bbc44ab8bb4fa18d0f9b705bd1a19f_transcript,home_service_inbound.zip,home_service_telecom,inbound,2dcfae27d0e5f74c5e1fef9783895ff5c1e33f409e850b4e7c7ed1e6f6d5f2b2,"OPENING, NEEDS_ANALYSIS, CURIOUS_EXPLORATION",0.8,True,"Greeting present, agent asks about bringing the glass in, and customer explores specific custom needs."
4a15f26210dd4963aa0f989e12d21511_transcript,automotive_inbound.zip,automotive,inbound,8e79daecc63e03b96d5a11333afaa552a26781d73b344439a10237ee5c278ef5,"OPENING, NEEDS_ANALYSIS, FEE_DISCUSSION, PRODUCT_PITCH, CURIOUS_EXPLORATION",0.95,True,"Greeting present, budget discussed, agent pitches specific car models, and customer asks about vehicle features."
caa4b2e2a40a4ffda34d345442c797d5_transcript,automotive_inbound.zip,automotive,inbound,fe7120928d12d3f1cc4618c8f89d5471e9627ab6a8b7cd7ec52eacccb5198ac2,"OPENING, NEEDS_ANALYSIS, WARM_LEAD",0.85,True,"Greeting present, agent collects info to find application, and customer is a warm lead having already applied online."
8067537752_transcript,insurance_outbound.zip,insurance,outbound,70e68f71fd8e65ac645d5e3afcd11d02df5a12328f4021c428d42c4002b72ee7,"OPENING, PRODUCT_PITCH, NEEDS_ANALYSIS, FEE_DISCUSSION",0.95,True,"Contains greeting, pitch for Medicare benefits, verification of eligibility/details, and mentions no additional cost."
3283b9a848694a79a616a8368b0fd8cf_transcript,home_service_inbound.zip,home_service_telecom,inbound,015cfca554b75e1d3f4bc39da860651094eb361eaa5491d39ecc5534b775cd2a,"OPENING, NEEDS_ANALYSIS, FEE_DISCUSSION",0.9,True,"Includes opening greeting, gathering vehicle and account details for a service, and mention of sending a quote."
DMEMED_rmbpo19_20211014-113711_9034267547_3892965-all_transcript,medical_equipment_outbound.zip,medical_equipment,outbound,e79c981b69b8280e32bd6a1a1e680e66d848d0579d223b8502eabb7eace16b35,"OPENING, PRODUCT_PITCH, SOFT_REJECTION, OBJECTION_HANDLING, FEE_DISCUSSION",0.9,True,"Greeting present, pitch for benefits, customer claims to be all set, agent counters by mentioning no cost."
3a9dc72611424a38926f9faba3468e2a_transcript,automotive_and_healthcare_insurance_inbound.zip,insurance,inbound,71eb1a3d9e89adcf986f2a9fb2fb2c746bdd5b7099c0eaf5c19c9a0c989c04f3,"OPENING, NEEDS_ANALYSIS, PRODUCT_PITCH, CURIOUS_EXPLORATION",0.85,True,"Greeting, agent asks about preferences (new vs pre-owned), customer explores inventory, agent pitches available stock."
7afd830f717847a8aa7b8991b15ba5fd36982549_transcript,medicare_inbound.zip,medicare,inbound,2ef8a82d85a837fc5ffd78205ab7a9c2291115cf148b8a25203d1bbada0c0964,"OPENING, NEEDS_ANALYSIS, SOFT_REJECTION",0.8,True,"Greeting present, customer asks about availability (needs), and rejects the offered timeline as too slow."
55df965846eb414db10a56bd7b0a27d5_transcript,home_ervice_inbound&telecom _outbound.zip,home_service_telecom,outbound,0ab25b868af8b78704f670215e7e8763a9bf9e9d94d1e4ee8f5604121f99dd63,"OPENING, NEEDS_ANALYSIS, CURIOUS_EXPLORATION, SUCCESSFUL_SALE",0.9,True,"Contains greeting, agent asks about the repair location, customer asks about cleanup, and an appointment is explicitly scheduled."
332305110041266long_transcript,medicare_inbound.zip,medicare,inbound,545be31d8cb921ba3533ab52383181c4d4043f7a82a7bdadc9c5e0862fb54188,"OPENING, CURIOUS_EXPLORATION, PASSIVE_AGREEMENT",0.8,True,"Contains opening greeting, customer asks questions about medication, and agrees to pick it up on Monday."
6016772586_transcript,insurance_outbound.zip,insurance,outbound,1f9e5746f52b7b7c32cd1918eb8ab9e19c2325334a38a633f8cc5d4967c4ac35,"OPENING, PRODUCT_PITCH, NEEDS_ANALYSIS, WARM_LEAD",0.95,True,"Greeting present, agent pitches Medicare upgrades and benefits, verifies eligibility, and customer responds positively."
332305140026828long_transcript,medicare_inbound.zip,medicare,inbound,00572d7ff9a5cf35dc9b805ddbbd3d3955ba4be8513367a73c2cb0e14b9f87e6,"OPENING, CURIOUS_EXPLORATION, ACTIVE_LISTENING",0.8,True,"Greeting present, caller is exploring/confirming treatment details for a patient, and agent actively confirms the status."
462e5a951c644bf1970eab96ec9c71fa_transcript,automotive_inbound.zip,automotive,inbound,80b76eecc2bc2b8033635bfb951d0deae5db7224f04565de8a5eb144dd311784,"OPENING, FEE_DISCUSSION, NEEDS_ANALYSIS, CURIOUS_EXPLORATION",0.9,True,"Greeting present, discussion of financing terms (0 down), agent asks about vehicle preference, and customer explores options."
fd0fd71a16c943928d8c16e322e93361_transcript,home_ervice_inbound&telecom _outbound.zip,home_service_telecom,outbound,e0badb3ee32e917d968d7fa431633ec8cba70e880f0f150c7c96eb855619e0c3,"OPENING, NEEDS_ANALYSIS, CURIOUS_EXPLORATION",0.9,True,"Contains a greeting, the customer asks how the service works, and the agent asks about property ownership to determine eligibility."
9318588157_P2_transcript,insurance_outbound.zip,insurance,outbound,57e737dabdc48f4d24a1994739faca67c9aefac3545b1f7d4e32eced4cc33adf,"OPENING, PRODUCT_PITCH, NEEDS_ANALYSIS, ENTHUSIASTIC_AGREEMENT",0.95,True,"Includes a greeting, a pitch for Medicare benefits, eligibility questions, and the customer explicitly agreeing that the offer sounds good."
recording-public_1035_transcript,customer_service_general_inbound.zip,customer_service,inbound,38a600e79a01114f3e7ca90b2641bebf3b9f834943eccf42ebe458b263d0556f,"OPENING, NEEDS_ANALYSIS, CURIOUS_EXPLORATION",0.9,True,"Greeting is present, agent asks about current insurance and health details, and the customer is exploring a new policy."
aa8fa93e3e324f21bcb621ac088fd0d9 (3)_transcript,home_service_inbound.zip,home_service_telecom,inbound,8d9dbcf0ddd73b45eb7cd8f0fa398626c0693702183aa34369eec20074b2696f,"OPENING, NEEDS_ANALYSIS, CURIOUS_EXPLORATION",0.9,True,"Contains a greeting, the customer inquires about window repair, and the agent asks specific questions about the window's condition."
2020-09-10-21-31-04_d4b5127b-3c0c-4f0e-a57e-f016fbdc09b7_v2EtxuXM8pQIVLcIXFeBe4E--HbXJQeYl2t6y7OK1xdxvZRU27HGkfcw_transcript,auto_insurance_customer_service_inbound.zip,insurance,inbound,56deb3a0d82ad38a74380e24c59d5e9c3b1861e3775c4ee00bb58c89e5a2e1e1,"OPENING, NEEDS_ANALYSIS, FEE_DISCUSSION, OVERWHELMED_CONFUSION",0.85,True,"Greeting is present, agent asks detailed eligibility questions, monthly payment is mentioned, and the customer struggles to hear/understand the agent."
5d7ca199a4f14e9999d04fd56b6130a2_transcript,medicare_inbound.zip,medicare,inbound,c48d21573fde7574f6e8e331d39ae464042fcef97b650d776a15a42b9fa94ebb,"OPENING, NEEDS_ANALYSIS, ACTIVE_LISTENING",0.9,True,"Contains a greeting, agent asks for profile details to troubleshoot a file upload issue, and provides guidance to the customer."
5463c013a2f44dc5be4ac3c40711d2ae_transcript,home_service_inbound.zip,home_service_telecom,inbound,1f9cdd0379844bcf3b738005c9cf9c2bd5961c12ea1de420cb515fd625ca3679,"OPENING, NEEDS_ANALYSIS, FEE_DISCUSSION, SOFT_REJECTION",0.95,True,Greeting present; agent analyzes window specs; discusses estimated cost; agent notes they typically don't service wood windows.
9f0f9db639264c14b4db9d29b75a38da_transcript,medicare_inbound.zip,medicare,inbound,74e836d71744ab5fbb87f3c879fabd13ff477e3e06af3cb6878eb809806a4e95,"OPENING, NEEDS_ANALYSIS, SUDDEN_HANG_UP",0.85,True,Greeting present; agent collects insurance and personal details; call ends abruptly with the agent saying 'Hello?' repeatedly.
57d131cdca9240e8a4abdda873ee16d3_transcript,automotive_inbound.zip,automotive,inbound,277a92d519b7e64609bce0836c36d3aaa3cbb91fe3783085dd78d3468b31213e,"OPENING, NEEDS_ANALYSIS, ACTIVE_LISTENING",0.9,True,Greeting present; agent asks about the vehicle issue and service history to determine the next steps.
61d38857b43246c58d953b8c7be675bc_transcript,medicare_inbound.zip,medicare,inbound,3220c32b3363d8c8b61da7f09f21ed8f7e500c57daec43550ebfa90c3de55960,"OPENING, NEEDS_ANALYSIS, SUCCESSFUL_SALE",0.95,True,Greeting present; agent analyzes the medical need and location; customer explicitly commits to the appointment date.
cbe57ee281474b11b419effdcd36bfdd_transcript,home_ervice_inbound&telecom _outbound.zip,home_service_telecom,outbound,f07d65a8512b1c3132ff08fdd18b772b8d623700ab9b5b742c2aab7d7a7be61d,"OPENING, NEEDS_ANALYSIS, WARM_LEAD, ACTIVE_LISTENING",0.9,True,"Agent greets the customer, identifies the repair need, collects contact details, and confirms the next steps for scheduling."
886ce77e0c29409ab4fb544e1f77e438_(29)_transcript,home_service_inbound.zip,home_service_telecom,inbound,c35202e71683b1bfe80a02b463850a81c00834bd98aab9055a6410068e7e96de,"OPENING, NEEDS_ANALYSIS, CURIOUS_EXPLORATION, PASSIVE_AGREEMENT",0.85,True,"Agent greets and performs needs analysis (zip code, service type), but ultimately informs the customer they cannot provide service in that area."
2020-09-14-20-31-16_2be773f0-4cb3-404f-9736-05b9926f5d8c_v2wbUEVYFMSgKPSDjZNhx0ovU0z82imlZGqTCPG0MXp20phAZyQB09sQ_transcript,auto_insurance_customer_service_inbound.zip,insurance,inbound,f4fcc1256404b95b140c56e0c27086b5ac565fb3cdbc9d29df4eeca7e0ab5674,"OPENING, NEEDS_ANALYSIS, FEE_DISCUSSION, WARM_LEAD",0.95,True,"Agent opens the call and conducts a detailed needs analysis for insurance, including a discussion about current payment amounts."
a51eb2a01cf74ecda921f0b1233fec9736379564_transcript,medicare_inbound.zip,medicare,inbound,6c7fe5127e67d0fa92a0aab8eaac3e58802b8caff4655bc6b33e2f174ba1f864,"OPENING, NEEDS_ANALYSIS, SUCCESSFUL_SALE, WARM_LEAD",0.9,True,"Agent greets the customer, analyzes the grooming needs for the pet, and successfully schedules an appointment."
93be1bcbdc7543c1a2233780344fd3d9_transcript,home_service_inbound.zip,home_service_telecom,inbound,03c67ae6cf66ffd2beead7c7360034b9567dbf3439a11961321ff0542df1dcc7,"OPENING, NEEDS_ANALYSIS, FEE_DISCUSSION, WARM_LEAD",0.9,True,"Agent greets the customer, analyzes the window damage, and discusses the cost/quoting process via text."
recording-public_1166_transcript,customer_service_general_inbound.zip,customer_service,inbound,3191ead98e13ce6b9324b3fa49a84b7d2591befa7a0da6a492bc36d10d6e34df,"OPENING, PRODUCT_PITCH, NEEDS_ANALYSIS, OBJECTION_HANDLING",0.9,True,"Contains greeting, pitch for final expense insurance, eligibility questions, and agent attempting to keep the customer on the line after they try to leave."
bc6cab535e3a45cdbd08e1f975683b0136379589_transcript,medicare_inbound.zip,medicare,inbound,8d2db8cafaa3b5dd62aabf7269b33cb3ead287dc8f0c7c3cf8d49747d056b229,"OPENING, FEE_DISCUSSION, NEEDS_ANALYSIS, SUCCESSFUL_SALE",0.95,True,"Includes greeting, pricing for nail trim, questions about account/availability, and customer agreeing to set up an appointment."
5016914995_transcript,insurance_outbound.zip,insurance,outbound,cae6a59be66ea3403c3694b18d23995948c1bcc7159c780a30cef00606043a6c,"OPENING, PRODUCT_PITCH, NEEDS_ANALYSIS, PASSIVE_AGREEMENT",0.9,True,"Greeting present, detailed pitch of Medicare benefits, questions about retirement benefits/plan changes, and customer providing brief affirmative responses."
17edeb26a261410f8e745f2c4f71e258_transcript,automotive_inbound.zip,automotive,inbound,83abec5178a7a181d3ad7735545620ec91714d660923c0c43c0ef5442f5331d9,"OPENING, FEE_DISCUSSION, CURIOUS_EXPLORATION, NEEDS_ANALYSIS",0.9,True,"Greeting present, customer asks about price range and specific vehicle features, and agent gathers requirements before transferring."
5a51769ca5e14112a3e3263fdb05aff5_transcript,automotive_inbound.zip,automotive,inbound,19a8f8c87d0c41f1d1a5d800e46a2bf86571feb618f3b27a79da2725f9a82274,"OPENING, NEEDS_ANALYSIS, SUCCESSFUL_SALE",0.85,True,"Greeting present, agent checks inventory for specific key types, and customer commits to visiting the location immediately."
b20b21e1f1fe4d8cb8aef89395871c4e4308513_transcript,medicare_inbound.zip,medicare,inbound,acdf1450aea34e1e541e18135ef87751bd687eda09f5af9b9cda34e8fc7c876d,"OPENING, NEEDS_ANALYSIS, PRODUCT_PITCH, OBJECTION_HANDLING",0.9,True,"Contains greeting, verification of pet details, presentation of economy boarding options, and agent addressing customer concerns about room size."
2020-10-02-21-13-58_c64d0122-0a0d-472f-907f-9790ab1aba71_v2bLd7ppFxj6_986xhtPDFweoY2toBCksMj_VTH0Lt7mRj_M4mQE5lGQ_transcript,auto_insurance_customer_service_inbound.zip,insurance,inbound,88d20028f8c1e161439187e9226a47a6b3e53e8287fdd9b0d73f1c309b76d918,"OPENING, NEEDS_ANALYSIS, FEE_DISCUSSION, PRODUCT_PITCH, SOFT_REJECTION",0.95,True,"Includes greeting, detailed eligibility questions, discussion of current monthly payments, a bundling offer, and a clear 'no' from the customer."
99f23272db29486f9e4cbcc457ed0b7e_transcript,medicare_inbound.zip,medicare,inbound,8611cb66d68f8604d54ef78db1b5d6e7991f20147c64efb2b94ff4b46a5abf0f,"OPENING, NEEDS_ANALYSIS, CURIOUS_EXPLORATION",0.85,True,"Greeting is present, agent asks for DOB and history, and customer explores options for dental consultations for children."
4a0d53f519b347a1a82c88fb3145a95f_transcript,automotive_and_healthcare_insurance_inbound.zip,insurance,inbound,e0c7ee00acd6f6cce6e0517f02cbaff5b5ce05b960b08947bdfb854ccad81a92,"OPENING, WARM_LEAD, PASSIVE_AGREEMENT",0.8,True,"Contains greetings, customer expresses specific interest in a vehicle (white Corsair), and agrees that the sunroof is not a dealbreaker."
edcc9fb1d7fc4861961db3bad4233b9c_transcript,automotive_inbound.zip,automotive,inbound,c25c98701237b9022104049012307d9bcfb3f2f2367a470f101ad6e10ee0d938,"OPENING, CURIOUS_EXPLORATION, NEEDS_ANALYSIS, PASSIVE_AGREEMENT",0.85,True,"Includes greetings, customer inquiring about application status, agent clarifying the type of application, and customer agreeing to wait on hold."
7065432276_transcript,insurance_outbound.zip,insurance,outbound,f2fdb925c877eb9fef55273ffc90fef75c5dc9edf0d8fad42c5ae7c47998aaaa,"OPENING, PRODUCT_PITCH, NEEDS_ANALYSIS, FEE_DISCUSSION",0.95,True,"Contains greeting, pitch for Medicare benefits, eligibility questions, and mention of zero additional cost."
5edaf0e24e2d4483a9c25bfe14503bc6_transcript,home_service_inbound.zip,home_service_telecom,inbound,dfaf44ee7f795a1bba38c61980ae9bd06f012a12edf934af5b8becd228784715,"OPENING, NEEDS_ANALYSIS, FEE_DISCUSSION",0.9,True,"Includes greeting, gathering customer information for scheduling, and a discussion about starting price points for glass replacement."
0e4a1237f7f94062b1d2a69e12ff21ed_transcript,medicare_inbound.zip,medicare,inbound,702355bd5948889b0c5e123f29992e47cd5a5efd6c12de828950b8ac32033ee0,"OPENING, NEEDS_ANALYSIS",0.85,True,"Contains a greeting and extensive data gathering for a patient appointment (name, DOB, address, insurance ID)."
2fbbde744b7e4004b016e0286e6a7e80_transcript,automotive_and_healthcare_insurance_inbound.zip,insurance,inbound,c54edef66a7fddfe2ae1f7931ebff5386d4d4c57edfd492d1ea9b14cdc694c64,"OPENING, NEEDS_ANALYSIS, OBJECTION_HANDLING",0.8,True,"Includes greeting, analysis of the truck's noise issue, and agent addressing the customer's insistence that the noise exists."
DMEMED_rmbpo05_20211213-110558_4042621912_4683935-all_transcript,medical_equipment_outbound.zip,medical_equipment,outbound,e8b0502ada06ae644c59c2f3f660396dadc3639d722fc02672ada014ad91fbe0,"OPENING, PRODUCT_PITCH, NEEDS_ANALYSIS, SUDDEN_HANG_UP",0.85,True,"Contains greeting, discussion of braces, medical history questions, and a mention of a disconnected transfer call."
recording-public_829_transcript,customer_service_general_inbound.zip,customer_service,inbound,4b17d155663dfd61181eaeefc8f4aa025ace70588bfeacf304e5899e54779420,"OPENING, NEEDS_ANALYSIS, PRODUCT_PITCH, FEE_DISCUSSION",0.95,True,"Contains greeting, questions about current policy and health, a pitch for coverage plans, and a discussion about budget."
c8bf3e6fd44f4688a06da9e21186c97c_transcript,home_service_inbound.zip,home_service_telecom,inbound,aae5ed6bdcc3dd52b8e2450b028c2e3c8eda772137560ef92bed738d84192336,"OPENING, NEEDS_ANALYSIS, SUCCESSFUL_SALE",0.9,True,"Greeting present, agent gathers specific project details, and successfully schedules an appointment for an estimate."
recording-public_1149_transcript,customer_service_general_inbound.zip,customer_service,inbound,ad1f030ee9d79b3daf15651fd947e5b539119aa42e4bf0ebef88404d9679bc25,"OPENING, NEEDS_ANALYSIS, PRODUCT_PITCH, FEE_DISCUSSION",0.95,True,"Greeting present, agent analyzes current coverage, pitches a plan, and discusses budget and rates."
2077993631_transcript,insurance_outbound.zip,insurance,outbound,595804f5de0f38e49064f14193b3290e4a8b82fa5ca58f93947153fbf15d3175,"OPENING, PRODUCT_PITCH, SOFT_REJECTION, OBJECTION_HANDLING",0.9,True,"Greeting present, agent pitches Medicare benefits, customer says they have no time, and agent attempts to keep them on the call."
bc60bfc44e86430b9474d5ef52b7c799_transcript,home_ervice_inbound&telecom _outbound.zip,home_service_telecom,outbound,2a22d642f29322faff88c61ea8eef6f08e12bbd64843185d99e0ccb03484b6eb,"OPENING, NEEDS_ANALYSIS, CURIOUS_EXPLORATION",0.85,True,"Greeting present, agent asks for vehicle details to provide a quote, and both parties explore the specific damage."
03eb8197efda4715bce4bd2750c0dd9b_transcript,automotive_and_healthcare_insurance_inbound.zip,insurance,inbound,03d21c9924e3f9dac6689a676f415c24d919928d9b6b312fc207ddcc3a48b89a,"OPENING, NEEDS_ANALYSIS, PRODUCT_PITCH, FEE_DISCUSSION",0.95,True,"Contains greeting, agent analyzes vehicle preferences, pitches available stock, and customer asks for final value."
2021-08-27-18-50-14_5a1c0dae-ac99-4237-86d0-ead81ed055e9_RGB3BF4979405938EFEF30FA677F7BE258F84A412A64TT_M01_transcript,automotive_and_healthcare_insurance_inbound.zip,insurance,inbound,efda1564f17ae73a53ffdfae07ca5b7d1e3446032046d830a2dbd4548fe42712,"OPENING, PRODUCT_PITCH, FEE_DISCUSSION, SUSPICIOUS_PROBING, NEEDS_ANALYSIS",0.9,True,"Greeting present, agent pitches Medicare benefits, customer questions costs and payment structure, and agent asks about current coverage."
2020-09-10-22-32-17_ecb44b52-ae13-4c5c-a19c-abd8fc5eb0ca_v27fjZgOM3ftsKoz2rvpCKLrjhRtu7__lPj0INb_obo7MDmaxP1rcn_Q_transcript,auto_insurance_customer_service_inbound.zip,insurance,inbound,3e8694714f0a25508f28ad16a52abb0dfa1b661ee671081bbd9b18f3c9042904,"OPENING, NEEDS_ANALYSIS, PRODUCT_PITCH",0.95,True,"Greeting present, extensive data collection on current provider and home ownership, and a pitch for bundling insurance."
2ea4099f9723492f997f69d78ec7ca9a_transcript,medicare_inbound.zip,medicare,inbound,ff91c769f44b9f8cf44568d928e73ca5d8f00a92d68be26704d028ab85e768fb,"NEEDS_ANALYSIS, MISUNDERSTANDING",0.8,True,Agent analyzes medical needs and eligibility for a procedure; customer corrects agent regarding a medical condition.
43978caa979442d29272fc45ea4d6762_transcript,medicare_inbound.zip,medicare,inbound,edb0bc861ae6e96bae333283adb0886fdf18fd1537ebe08e653c16f721ba610d,"OPENING, FEE_DISCUSSION, PRODUCT_PITCH, NEEDS_ANALYSIS",0.95,True,"Greeting present, detailed discussion on pricing, pitch for a savings plan, and analysis of the need for an exam."
ac5288e471f743be801f17402c778e04_transcript,automotive_inbound.zip,automotive,inbound,22cfd6309276a6518274e0969c6b70a32169c4eed0ae50c72f2830a1e85a42a4,"OPENING, PASSIVE_AGREEMENT, ACTIVE_LISTENING",0.8,True,The call begins with a greeting and involves a request for transfer and basic information gathering.
DMEMED_rmbpo18_20211118-155255_3044573427_4709054-all_transcript,medical_equipment_outbound.zip,medical_equipment,outbound,3a953670d738623868b2864bb52f0133050df9dd8d327a58c5816bc1ce9a7c66,"OPENING, PRODUCT_PITCH, NEEDS_ANALYSIS, PASSIVE_AGREEMENT",0.95,True,"Agent opens the call, pitches free benefits, and conducts a needs analysis regarding medical conditions and Medicare eligibility."
44b30f479aa94d5f9ae7ec60265190d7_transcript,medicare_inbound.zip,medicare,inbound,b70a44b8d158a374d8c0a0feddc4c5dbb4863fdfbc46573b39c27e7f0894f942,"OPENING, NEEDS_ANALYSIS, FEE_DISCUSSION, SUCCESSFUL_SALE",0.9,True,"Customer books a service; agent collects requirements, discusses pricing, and confirms the booking with payment details."
2020-09-08-23-50-43_e5d43a95-c34c-44ec-9d04-2fcf6e7268e5_v2mdVw_4rUfCPCrkd5ExXrE2Ea50ATH9_14wVEABabadbhSHqVPHptQg_transcript,auto_insurance_customer_service_inbound.zip,insurance,inbound,375a6f27731e45c55b9a29924c833bfcedc8d8ee72a483830075df96846cdea6,"OPENING, NEEDS_ANALYSIS, FEE_DISCUSSION, PASSIVE_AGREEMENT",0.9,True,Agent opens the call and asks for personal and current insurance payment details to compare rates.
2020-09-15-16-34-08_a150253e-4984-4bf3-be3a-b1e26e789b52_v2ymGBE72iyW8IbXHGE_aIuoqODr2dmT23z7IszulEUSbCXRY7KT2vpw_transcript,auto_insurance_customer_service_inbound.zip,insurance,inbound,7bc40f8f7b3c8d937e9cf04ca8b77e3032bc1c76bf15eba1fe033802f379b062,"OPENING, NEEDS_ANALYSIS, FEE_DISCUSSION, PASSIVE_AGREEMENT",0.9,True,"Agent opens the call and performs a detailed needs analysis for auto insurance, including credit and accident history."
2020-09-17-14-46-25_f795cd55-0197-49a8-ac12-99f24eb3f025_v2ooJdtltgeJs1Q9qC5XImHrLrtBfmAd1UffzDtCDQVdwImEuNZ5l38g_transcript,auto_insurance_customer_service_inbound.zip,insurance,inbound,86b8b4c8d49a5ca6ebef8699c3df27653622f143f00cd472dde6c5985353caed,"OPENING, PRODUCT_PITCH, NEEDS_ANALYSIS, SOFT_REJECTION, OBJECTION_HANDLING",0.9,True,"Agent opens call, pitches rate comparison, analyzes needs (zip, home), and handles customer's hesitation regarding a damaged vehicle."
recording-public_1087_transcript,customer_service_general_inbound.zip,customer_service,inbound,8b0ac62966af814a7f8b5556b318132ac8c3797d3d04d196f59796ace62ac4f0,"OPENING, NEEDS_ANALYSIS, FEE_DISCUSSION, PRODUCT_PITCH",0.85,True,"Agent opens call, performs needs analysis on burial insurance, and discusses specific price ranges for policies."
9ff95b60ca1f4543844dce33ac8c17b2_transcript,home_service_inbound.zip,home_service_telecom,inbound,2984a8dea9aa11d022fc548eb8b566c299d49d857948eab3a81d310a15662ecf,"OPENING, NEEDS_ANALYSIS, CURIOUS_EXPLORATION",0.8,True,Agent opens call and conducts needs analysis to provide a carpet cleaning estimate based on room count and account history.
569fa9cc9ffb453e957dc6acf840ceec36342594_transcript,medicare_inbound.zip,medicare,inbound,19ebed5dbbaa104ae1f44ebba8677b1198101783337aabad4f514527d7ecdbac,"OPENING, OBJECTION_HANDLING, SOFT_REJECTION",0.75,True,"Agent opens call; customer requests boarding but rejects the vaccine requirement, leading to a dispute over the waiver."
99226ae3150b40c6814f4df198a24e35_transcript,medicare_inbound.zip,medicare,inbound,a3db1c63f19b43589542c2054a1b4521e62a7f0cf952a580987a9a78eb75574c,"OPENING, FEE_DISCUSSION, NEEDS_ANALYSIS, PRODUCT_PITCH",0.85,True,"Agent opens call, discusses the cost of retainers, and analyzes patient records to provide an updated price estimation."
ebc9b15ca11042288f3bb26a0050ea9b_transcript,medicare_inbound.zip,medicare,inbound,4098b96c0288fc0ac97b4d3060e9cc21e6607c632479e0cf607080afdcbaf077,"OPENING, NEEDS_ANALYSIS, SUCCESSFUL_SALE, ACTIVE_LISTENING",0.9,True,"Agent greets the customer, collects patient details, and successfully schedules a medical appointment."
2020-04-28-15-21-11_4185cf03-3b57-4179-93ef-dde35cacb04a_v29O8mpYbwz6a_v_g42A3Td691fwJ0NB8aNcUhMVAEzNMGktre9pkjnA_transcript,auto_insurance_customer_service_inbound.zip,insurance,inbound,c75195468cb29cf8f48782ef928c14ac61684e766e832e6995b723a4a9979eaa,"OPENING, PRODUCT_PITCH, NEEDS_ANALYSIS, PASSIVE_AGREEMENT",0.95,True,"Agent opens the call, pitches a car insurance quote, and performs needs analysis by collecting vehicle and address info."
DMEMED_rmbpo19_20211109-160629_9549438556_4683160-all_transcript,medical_equipment_outbound.zip,medical_equipment,outbound,abd1d29b9be0f9310864b2da903d3faab7cfd04059af9979c2ea43a3e9e814cf,"OPENING, SUSPICIOUS_PROBING, DEFENSIVE_POSTURE, PRODUCT_PITCH",0.85,True,Customer is highly skeptical and defensive about the caller's identity while the agent pitches 'additional benefits'.
7fb4a5e7688742dbb3bc792052184796_(2)_transcript,home_service_inbound.zip,home_service_telecom,inbound,8df7f59351c440ddb7f5ded32aacd3f7d47e16c9fa018169be7894e4897238bc,"OPENING, NEEDS_ANALYSIS, PRODUCT_PITCH, FEE_DISCUSSION",0.95,True,"Agent greets customer, asks for car details, explains warranty benefits, and provides a specific price quote."
recording-public_981_transcript,customer_service_general_inbound.zip,customer_service,inbound,0b044eac7b527189111547908bfeb0b97d12dcc22e9d51598a0d0173d70fb2dc,"OPENING, NEEDS_ANALYSIS, FEE_DISCUSSION, PRODUCT_PITCH",0.9,True,"Agent greets the customer, checks for existing policies, discusses budget/rates, and pitches whole life insurance."
8f833a1221654d6199d668ab0bf14619_transcript,home_service_inbound.zip,home_service_telecom,inbound,0724cf8f88866647b7a2f323a3bab3ce5e272cd5fd6e2b4550741856af013e52,"OPENING, NEEDS_ANALYSIS, WARM_LEAD",0.9,True,Agent greets the customer and collects detailed personal and property information to facilitate a service appointment.
6574574ee4f04b6dbd41da67d4773a37_transcript,automotive_inbound.zip,automotive,inbound,001fe9104de2a11719cb3cda6d516aabaf59398cdcef5579253619d2a0b4afa4,"OPENING, NEEDS_ANALYSIS, PRODUCT_PITCH",0.85,True,"Agent greets the customer, verifies vehicle identity, and explains the specific terms of the powertrain warranty coverage."
e7f15a20e8b2423abb837210a3224fdb_transcript,automotive_inbound.zip,automotive,inbound,82fc975db4ff5e407b5b55128945eead10e6aed655f24297768eb3ddd4e7c250,"OPENING, NEEDS_ANALYSIS, WARM_LEAD",0.8,True,Agent greets the customer and analyzes their combined income to determine eligible vehicle price ranges.
37dc7558f74a462bb88bdbfc3a99d526_transcript,home_ervice_inbound&telecom _outbound.zip,home_service_telecom,outbound,8be3eb98629cb2c5bafe6c007d973cb6269820c9d9844534f554bebcba11a042,"OPENING, NEEDS_ANALYSIS, PRODUCT_PITCH",0.85,True,"Agent greets the customer, collects dimensions for a glass replacement, and explains the process for receiving an estimate."
2020-09-07-16-12-29_9c2802b8-7d7a-40b0-b730-a52878537029_v2o6qVlvg_ktUJ5W6az0HsvzyatzdK1bL9uC3fQ3mKU8DQ6sP9c4rAvg_transcript,auto_insurance_customer_service_inbound.zip,insurance,inbound,51b8ada28bfb5a0ec9c11a35e1d25aa33bf35ba668493847551387678734783b,"OPENING, NEEDS_ANALYSIS, COMPETITOR_COMPARISON, WARM_LEAD",0.9,True,"Agent greets the customer, collects current insurance details for comparison, and successfully connects them to a provider."
05d7ea24763a4882a19fecfd83081f48_transcript,home_service_inbound.zip,home_service_telecom,inbound,f05959d331161d37a105b4e81721be3b2afdca7b7b848f9d2af440737e91de00,"OPENING, NEEDS_ANALYSIS, WARM_LEAD",0.9,True,"Contains greeting, agent gathers address and service details for a skylight replacement, and the customer is actively seeking a service."
c723227889804f14b4939d7552b07961_transcript,medicare_inbound.zip,medicare,inbound,a22e68924403acadb29a69eccd7a43712ed35bce03cd613e467e1afa8a40af4e,"OPENING, NEEDS_ANALYSIS, MISUNDERSTANDING",0.8,True,"Greeting is present, agent asks for client identification, and there is a clear communication issue regarding background noise."
89f054ffb1cd4a01a3eb3cccb1330759_transcript,automotive_inbound.zip,automotive,inbound,f1d1c29de1165cccfdfb99ab1c9ae1437e3496b013ea4aa25b4aabb4238ab667,"OPENING, PRODUCT_PITCH, NEEDS_ANALYSIS, CURIOUS_EXPLORATION",0.9,True,"Greeting present, agent presents vehicle details (pitch), identifies the caller, and the customer asks specific technical questions about the car."
2343026afc41408ab3ba94e431b10ff3_transcript,home_service_inbound.zip,home_service_telecom,inbound,f550af56b54e28e1be8e7479a49f5b57e39e2e22994897490afb143a1452a977,"OPENING, NEEDS_ANALYSIS, MISUNDERSTANDING",0.9,True,"Greeting present, agent verifies contact and location details, and there is a correction regarding the spelling of the customer's name."
7d0ef433f0ac46f49d6225d6b0a85f592023102_transcript,medicare_inbound.zip,medicare,inbound,b3f77b51c7d31360593129fc92aea08b36a57a258ad533a90e63c4d76f0bb3be,"OPENING, NEEDS_ANALYSIS, MISUNDERSTANDING",0.9,True,"Greeting present, agent asks for DOB and name to locate the record, and the name spelling is repeated and corrected."
35a397e3efe3457dbed44343644b4b3a_transcript,home_ervice_inbound&telecom _outbound.zip,home_service_telecom,outbound,b4b98e1e01a5850dc09278de078e30aa483f04927a3056e761c30e0e708b795b,"OPENING, FEE_DISCUSSION, SUCCESSFUL_SALE",0.9,True,"Contains a greeting, a discussion about a price increase for a windshield, and the scheduling of a service appointment."
38d90fad59294fcf862dd0e56d0b6115_transcript,home_service_inbound.zip,home_service_telecom,inbound,93fc916d98ec887c25f7b47bc400722991918d2afd50dac7f110d4cc9090ac39,"OPENING, NEEDS_ANALYSIS, FEE_DISCUSSION",0.9,True,"Includes a greeting, agent asking for window specifications (needs analysis), and mention of a service fee."
3aec483b12cd4e4aac5333f1db1059d0 (1)_transcript,medicare_inbound.zip,medicare,inbound,fdd935fbf697ccf6de4348a69815b13addbb7e84dcce23e9468a815337bb3b4e,"OPENING, NEEDS_ANALYSIS, FEE_DISCUSSION, CURIOUS_EXPLORATION",0.85,True,"Greeting present, agent asks about boarding preferences, discusses pricing, and customer asks for clarification on services."
2021-08-20-19-32-59_dbdff1f7-9c36-40cf-8fba-05ea852ecfde_v2uWiLsOtX7vQi0dZ4cjFpD60QqMrBiXOVHdFNIfu7sHWYu5Sdk3gCpw_transcript,automotive_and_healthcare_insurance_inbound.zip,insurance,inbound,38972434446f6a3ca71f42f1f96b7ec6feadc95b29ace4857a61e775c66e1b7c,"OPENING, PRODUCT_PITCH, NEEDS_ANALYSIS",0.9,True,"Greeting present, agent pitches Medicare review services, and asks eligibility/demographic questions."
c85fe33770434a27a3e008fde988b5e7_transcript,home_ervice_inbound&telecom _outbound.zip,home_service_telecom,outbound,72005a7a48151f422708208c90a256616f8e0a6cb8538dee3b81f75f52e331af,"OPENING, NEEDS_ANALYSIS, ACTIVE_LISTENING",0.8,True,"Greeting present, agent collects customer information and confirms the specific plumbing issue described."
31475c964743437d968c1b537178ecc5_transcript,home_ervice_inbound&telecom _outbound.zip,home_service_telecom,outbound,f604768ea2c4986023cf64ef7606ada831675dc324b9c665453d08b9fb4dcfd3,"OPENING, NEEDS_ANALYSIS, WARM_LEAD, CURIOUS_EXPLORATION",0.95,True,"Contains a greeting, agent asks for contact details and a description of the required service, and the customer is actively seeking help."
9da0955a08b04380943a151fee3875c436987665_transcript,medicare_inbound.zip,medicare,inbound,c12f7eae7857ea4600e2194ff86fd4869ed612199a58be5a8d2275e37c7a1211,"OPENING, FEE_DISCUSSION, NEEDS_ANALYSIS, CURIOUS_EXPLORATION",0.9,True,Greeting present; customer asks for a ballpark cost; agent asks for dog's weight and age to provide an estimate.
a8b756857b3b47ffb54222e43993608c3680580_transcript,medicare_inbound.zip,medicare,inbound,ab8a6e8dff82522faf6df6ae5f076f0c77b5acaaa7ea8df4939862d74bc9184a,"OPENING, NEEDS_ANALYSIS, CURIOUS_EXPLORATION, OBJECTION_HANDLING",0.85,True,"Greeting present; agent asks for insurance details; customer expresses concern about wasting time, which the agent attempts to address."
2020-10-01-19-00-40_1c5e8603-8157-415a-a2ae-fcc525c9e769_v2uykBKcGK9AVupsMbfDVQYFq-Tnc6s-W7toP7jozyYx9ErF2q2H-Yog_transcript,auto_insurance_customer_service_inbound.zip,insurance,inbound,4be4f12212530101cc35aa579d14ecfa0655abc1afcab84bc8ebaa90c66a5faa,"OPENING, NEEDS_ANALYSIS, FEE_DISCUSSION, MISUNDERSTANDING",0.9,True,Greeting present; customer requests a quote for low-cost insurance; agent asks for personal details; agent misidentifies customer's gender.
0f254749c76b408abf3bb8781f1d7f3c_transcript,automotive_inbound.zip,automotive,inbound,8c4067bcb9ae7c158b49db7bb6549a194bccaf0072452e4a2469c4d9fea98c26,"OPENING, NEEDS_ANALYSIS, PRODUCT_PITCH, CURIOUS_EXPLORATION",0.9,True,Greeting present; customer specifies desired truck packages; agent describes available trim levels and suggests the trimmer package.
2020-04-21-15-45-12_7656b40e-804e-454d-840c-030ab7f9cc27_v2JHkSdCOc5fm4gD9n3eCuGeD_KjTs9M16ivlMDz7F1C1HCr7-8qvR4w_transcript,auto_insurance_customer_service_inbound.zip,insurance,inbound,3514b4da3fabdefbc6a87491f54daadc135ff104cc7b51abf899fd02817be217,"OPENING, NEEDS_ANALYSIS, PASSIVE_AGREEMENT",0.9,True,Contains a greeting and the agent collects personal and insurance provider information to qualify the lead.
6db74286e51346488c2c2c76c47f95a3_transcript,home_service_inbound.zip,home_service_telecom,inbound,c1e4860541c76fa6092e4fa5dfa2673817ec416f1d2388bf2b717512f4c1e6a8,"OPENING, PRODUCT_PITCH, NEEDS_ANALYSIS, WARM_LEAD",0.95,True,Greeting present; agent pitches the free estimate process and analyzes the specific painting needs of the customer.
5612027284_transcript,insurance_outbound.zip,insurance,outbound,478758513124c1e824fba0c8c19aa4804d2c89f27e453702ce169a267b97660e,"OPENING, PRODUCT_PITCH, NEEDS_ANALYSIS, ENTHUSIASTIC_AGREEMENT",0.95,True,Outbound greeting followed by a pitch for Medicare benefits and a detailed eligibility screening.
cb280b4d944549dab4fc71fd96b0146b_transcript,home_service_inbound.zip,home_service_telecom,inbound,4077fdba5d969b99ec65084f6ff46a1461eafbfb4a7e3035f21bb523e9a027de,"OPENING, NEEDS_ANALYSIS, WARM_LEAD, PASSIVE_AGREEMENT",0.9,True,Greeting present; agent identifies the plumbing issue and collects customer details for scheduling.
3b8ffd4418d34a4888d0dbcf6832ca35_transcript,medicare_inbound.zip,medicare,inbound,502f5e957f4a75b3c9c9be115c459465105c816eb18a2344da6b761f319f0b22,"OPENING, FEE_DISCUSSION, NEEDS_ANALYSIS, WARM_LEAD",0.9,True,Greeting present; discussion regarding insurance co-pays and identifying the specific dental exam needed.
9969d62cadda4454b85349e07ad8c2de_(1)_transcript,home_service_inbound.zip,home_service_telecom,inbound,2c4fbd041a0402adc3e6244942c528c20d13aa039aec899c594ec86d54a2f9df,"OPENING, PRODUCT_PITCH, NEEDS_ANALYSIS",0.9,True,"Contains greeting, an IVR pitch about windshield quality, and agent asking for specific window dimensions and photos."
b9dd217f-69c8-4005-8a0c-c7ffbfd9fbe7_transcript,medicare_inbound.zip,medicare,inbound,6a7cbb08ffc579a538f07c591584885abf25cea9144ed0d5ea49409b9bf1fe97,"OPENING, NEEDS_ANALYSIS, CURIOUS_EXPLORATION",0.8,True,Greeting present; agent asks about insurance provider status while customer explores the possibility of an appointment.
9ec81f84206a42caab24a6795167b84936353011_transcript,medicare_inbound.zip,medicare,inbound,86b5bc335254b57483c02506dbeff6b51dbebeab6436619bc2dc72f7ac702381,"OPENING, ACTIVE_LISTENING, CURIOUS_EXPLORATION",0.7,False,Greeting present; call involves medical coordination with active confirmation of patient details and report findings.
0687f5a82d624d4499827bbf3aa12809_transcript,home_ervice_inbound&telecom _outbound.zip,home_service_telecom,outbound,0ddd5dc747adc8c02d210aa5393c9f3f338d4fa33c57633170f52c4d13ce1793,"OPENING, NEEDS_ANALYSIS, FEE_DISCUSSION, PRODUCT_PITCH",0.95,True,"Greeting present; agent analyzes glass needs, discusses a trip charge, and pitches the service process."
2020-04-07-18-58-39_cc056030-7901-11ea-a4cb-06586ee1e09b_cad9de7a-7901-11ea-87ea-cd7236a21705_transcript,auto_insurance_customer_service_inbound.zip,insurance,inbound,3ac1a358a92969caae1b8638bd344405441b9c44d86759f065213921ab4dd375,"OPENING, MISUNDERSTANDING, NEEDS_ANALYSIS, OVERWHELMED_CONFUSION",0.85,True,Greeting present; significant communication barrier leads to misunderstanding and confusion before agent identifies the need for car insurance.
85e4cacf190b43e59d9ade43d5f0ddec (2)_transcript,home_service_inbound.zip,home_service_telecom,inbound,8119556dd1e6b2f5b00b8de4e49dc1302ed933d7a24afd51b05a37f3e76767d8,"OPENING, NEEDS_ANALYSIS, FEE_DISCUSSION",0.9,True,"Contains a greeting, agent collects customer identification details, and the customer mentions paying a balance."
ade9b07d97664c92a71da49f0bb61c77_transcript,medicare_inbound.zip,medicare,inbound,00bb4505ab2b1c233fe56c253bc3d9dec5d5f84b82ef0ef51cc4143bec396217,"OPENING, NEEDS_ANALYSIS, CURIOUS_EXPLORATION",0.85,True,Greeting present; customer describes a medical emergency and asks about availability for an appointment.
43469047ff224af09f16d6d1ad6def77_transcript,medicare_inbound.zip,medicare,inbound,2e0287db765c9aae77225e632481f3cfd4892ed6cd809fc524b510a5550d4706,"OPENING, NEEDS_ANALYSIS, FEE_DISCUSSION, CURIOUS_EXPLORATION",0.9,True,Greeting present; agent collects patient data and discusses insurance coverage and payment methods.
4a20433339b6475e9de83cf5207fca86_transcript,automotive_and_healthcare_insurance_inbound.zip,insurance,inbound,01b82c25149c360e8261cd7ecd4721a53b05e46e2cf8add596d208fc20d565c3,"OPENING, PRODUCT_PITCH, FEE_DISCUSSION, COMPETITOR_COMPARISON, OBJECTION_HANDLING",0.95,True,"Greeting present; agent pitches available cars, discusses rates, handles reluctance to visit, and customer mentions other dealers."
ea2b6892ecec4b68b4690c37adf5b47b_transcript,medicare_inbound.zip,medicare,inbound,54bb10fcff736acd23831093bf06e56764c9ad35ae654d19a74a560b392ff50d,"OPENING, PRODUCT_PITCH, NEEDS_ANALYSIS, PASSIVE_AGREEMENT",0.8,True,Greeting present; agent recommends flea prevention based on the pet's situation and customer agrees.
f1bdb7f98ed24c41bf8bca1b398a15b9_transcript,automotive_inbound.zip,automotive,inbound,3fc3f48a2e2fd5175829cf43d6a248ada19c565fc379d4910f1645785d9b2af1,"OPENING, PRODUCT_PITCH, FEE_DISCUSSION, OBJECTION_HANDLING",0.9,True,"Call includes greetings, discussion of a specific vehicle's availability, negotiation over the price/discount, and the agent handling the price objection."
45749d1be4ce413f99e4b16e1607510836379494_transcript,medicare_inbound.zip,medicare,inbound,35166f2a0b3b5711207f5098dd5fb92129ba1179c1cbe837b7530f22a58d8175,"OPENING, NEEDS_ANALYSIS, CURIOUS_EXPLORATION",0.8,True,"Contains an opening greeting, the customer explaining a medical issue for a pet, and the agent asking questions to fill out evaluation paperwork."
e94b749356164d119f594670f9d4fbf7_transcript,automotive_inbound.zip,automotive,inbound,fc689b1e674169093742a2e3ced5b6f9673b32f11ae28be5f85080cc9370bc6a,"OPENING, FEE_DISCUSSION, PRODUCT_PITCH, SOFT_REJECTION",0.9,True,"Includes opening, discussion of warranty costs, presentation of protection plan options, and the customer declining the electronic warranty."
18108a26a1624e5cbf482e8d5bb14579_transcript,automotive_inbound.zip,automotive,inbound,94507ef21a40d57a0d0a5b321ae23ff01f6931873909c0a0d62ee20226bab27a,"OPENING, PRODUCT_PITCH, NEEDS_ANALYSIS, FEE_DISCUSSION",0.95,True,"Call starts with greetings, involves an inquiry about specific car models, agent clarifying preferences (gas vs electric), and discussion of pricing and offers."
737510832c104f329564b9f802fbaac0_transcript,home_service_inbound.zip,home_service_telecom,inbound,10513a88511c6e9f2dc931db6681f7c9754f93ce828e3ed8019f2c8662513a2e,"OPENING, NEEDS_ANALYSIS, FEE_DISCUSSION, OBJECTION_HANDLING",0.9,True,"Includes opening, gathering details about the pest issue, discussion of fees, and the agent pivoting to a free government agency after the customer rejects paid services."
2020-03-30-15-13-16_fc6d085a-7298-11ea-89c8-12a3ac86161d_fb63e226-7298-11ea-ac3a-63a7a2339292_transcript,auto_insurance_customer_service_inbound.zip,insurance,inbound,90843e33351f84b4c8cb0c81b3d12fe9246f4bf833a5d11403fb663408917484,"OPENING, NEEDS_ANALYSIS, CURIOUS_EXPLORATION",0.9,True,Contains a greeting and the agent asks for vehicle and provider details to generate a quote.
2020-10-06-16-32-38_97309930-62f8-4eb5-9ba7-5772be4ebf16_v2FXa9TXximGkRMiiOc9C-63N8tpwaY_7v09LiU1Fn1oxeihBAVFoi9g_transcript,auto_insurance_customer_service_inbound.zip,insurance,inbound,995ac150302e4267f91c116d811ef4cc4ae64f0bff6106a381dd619d068d7b27,"OPENING, SOFT_REJECTION, OBJECTION_HANDLING, NEEDS_ANALYSIS, PRODUCT_PITCH",0.95,True,"Greeting present; customer resists, agent handles objection by pitching savings, then collects eligibility and insurance data."
cd037d7515364d86b775cf04db075943_transcript,home_service_inbound.zip,home_service_telecom,inbound,ccb9840663f7ccb5e15c861adef9de7b19aa1fa6b21f40c38e76fb63934f01d3,"OPENING, NEEDS_ANALYSIS, CURIOUS_EXPLORATION",0.9,True,"Greeting present; agent asks detailed questions about the fabric, color, and condition of the couch."
a7d64b7685d147239d61b64e35d3af0d_transcript,home_ervice_inbound&telecom _outbound.zip,home_service_telecom,outbound,c6ce89a140f310ea488b309c23b35e0a1bfd068f9394ec3d34a029742fb6f701,"OPENING, NEEDS_ANALYSIS, CURIOUS_EXPLORATION, SOFT_REJECTION",0.85,True,"Greeting present; customer explores service options, agent analyzes the need but politely declines as they only do auto glass."
6c26e3dcaf2043a7bae577346e68c70c_transcript,medicare_inbound.zip,medicare,inbound,76c1108d9e158aeeb1826aac5be8d28019de7bfc461e4e84d64a2b4c24b20df5,"OPENING, NEEDS_ANALYSIS, CURIOUS_EXPLORATION",0.9,True,"Greeting present; agent asks about the patient's history, referral source, and current symptoms to schedule an appointment."
8101fcd3d547431c9d29cd87112983ba2385699_transcript,medicare_inbound.zip,medicare,inbound,3800a8d160cc82fb4fc338b2971adf181897646ebac689db87af75ad401ab18a,"OPENING, NEEDS_ANALYSIS, FEE_DISCUSSION",0.9,True,"Contains a greeting, agent asks about the customer's medical needs and appointment type, and the customer inquires about charges for exams."
2693083045_P1_transcript,insurance_outbound.zip,insurance,outbound,0898f89a777eff86d4544ad3aae19afbdb5b0ea1476c8c9e40f3a66137f3f905,"OPENING, PRODUCT_PITCH, NEEDS_ANALYSIS, FEE_DISCUSSION",0.95,True,"Includes greeting, pitch for Medicare upgrades/benefits, verification of eligibility (Part A/B), and discussion of premiums and money back."
recording-public_764_transcript,customer_service_general_inbound.zip,customer_service,inbound,deb18f9162aa6bf8fc14f861d4b158ea37e4710cb04c4eaedbc830a19c3e6edb,"OPENING, NEEDS_ANALYSIS, PRODUCT_PITCH, FEE_DISCUSSION",0.95,True,"Greeting present, agent asks about existing policies, pitches a final expense plan, and discusses specific premium price ranges."
03ad4469d49a4b7bb00d882282a45211_(2)_transcript,home_service_inbound.zip,home_service_telecom,inbound,beb86313e26d935f7617d2280f80be8ae0ffac373746cfe7eebc866d40429e00,"OPENING, NEEDS_ANALYSIS, CURIOUS_EXPLORATION",0.85,True,"Greeting present, agent analyzes the customer's specific glass needs, and the customer is exploring the possibility of a custom windshield."
7022455104_transcript,insurance_outbound.zip,insurance,outbound,5261d987d2aa612a7e50e9ff62c25391f212c40157518cefede63aada4999d05,"OPENING, PRODUCT_PITCH, NEEDS_ANALYSIS, FEE_DISCUSSION",0.95,True,"Greeting present, pitch for Medicare benefits, verification of residence and insurance status, and mention of no-cost premiums."
7045283839_transcript,insurance_outbound.zip,insurance,outbound,fd1ececab3c39493c28c0e49856b5cbde9cfcd65f3ff28df33fc20c5292ce744,"OPENING, PRODUCT_PITCH, NEEDS_ANALYSIS, FEE_DISCUSSION",0.95,True,"Agent opens the call, pitches a Medicare upgrade with financial benefits, and performs needs analysis by verifying eligibility and personal details."
d80b6a1fa1d84621b7bf02a7138080fa_transcript,medicare_inbound.zip,medicare,inbound,54086f0a4376aa0342a14b9b27879f98cbac2521c713779c85e944b1c74104a3,"OPENING, FEE_DISCUSSION, CURIOUS_EXPLORATION, PASSIVE_AGREEMENT",0.85,True,"Inbound call regarding account payments; includes a greeting, detailed discussion of outstanding balances, and customer questioning the bill's origin."
ac85548cef3e4126aef814b163473268_transcript,home_service_inbound.zip,home_service_telecom,inbound,a6f32a3e5703916be3b87f4fbd9aa0bcfe9dc3b434f05e8152e9d0393aca714f,"OPENING, NEEDS_ANALYSIS, PRODUCT_PITCH, CURIOUS_EXPLORATION",0.9,True,Customer inquires about window repair; agent analyzes the specific needs (measurements/photos) and pitches a glass replacement service.
40d7bd4b4197425d8cb8cbdd4ec10d75_transcript,medicare_inbound.zip,medicare,inbound,40d4f22278aecbddea98f46d7b0d290c79533042acc2d8fc9fd96de847235e84,"OPENING, NEEDS_ANALYSIS, CURIOUS_EXPLORATION, SOFT_REJECTION",0.8,True,Customer seeks urgent veterinary care; agent analyzes the pet's condition but initially rejects the request for a same-day appointment at that location.
2020-06-08-16-30-54_bb6d7b75-59a8-4456-9f08-a4094e4b772a_v2ZdoVeUV6dmdUNlapur8bvMfjq2EoteL-z00tGdbhnKBXDQ16KPdW2Q_transcript,auto_insurance_customer_service_inbound.zip,insurance,inbound,cdcbbb027ed70a60c2dddcd56170549f5f52d8b2e746c19b01713ea50888ab1b,"OPENING, SUDDEN_HANG_UP",0.7,False,Transcript contains only automated greeting/hold messages followed by an abrupt disconnection from the conference.
181d2cbdd3ce4f3a8ed62786025ff82336656636_transcript,medicare_inbound.zip,medicare,inbound,3cc7bbabc5ac7002d92d7a6e83cd975d8ffb543857cfb6317d5ede3c337601df,"OPENING, CURIOUS_EXPLORATION, FEE_DISCUSSION, SUCCESSFUL_SALE",0.9,True,"Contains greeting, customer asking about services, discussion of appointment costs, and a commitment to book an appointment."
2021-08-27-14-40-27_ce845453-6f71-48ae-bcd3-73e81e8f5086_RGBB3F27D1BBAA8C77733D8736FC8E4BD41CA3909D28UFVQ01_transcript,automotive_and_healthcare_insurance_inbound.zip,insurance,inbound,cc4ae93161db1ad2fbe014872a2757ceb48e8aba45d9a2335b3bd19f4a93f968,"OPENING, RUSHING_THE_CALL, NEEDS_ANALYSIS, ACTIVE_LISTENING",0.85,True,"Includes greeting, customer requesting a quick call, agent verifying personal details for quotes, and empathetic responses."
recording-public_1208_transcript,customer_service_general_inbound.zip,customer_service,inbound,a03ed1a8b53c9f1543f8324831cffcb2ea65bc0db4927d5cf89523a6b4545798,"OPENING, NEEDS_ANALYSIS, CURIOUS_EXPLORATION, PRODUCT_PITCH",0.9,True,"Greeting present, agent asks about existing policies, customer asks how it works, and agent explains the service process."
5de21cde5b29429bbbbe94965ceaf5b7_transcript,automotive_and_healthcare_insurance_inbound.zip,insurance,inbound,e027116a1266805941dc47a68259e398abedd2e13a8da6a2042000598802378e,"OPENING, CURIOUS_EXPLORATION, FEE_DISCUSSION, OBJECTION_HANDLING",0.85,True,"Greeting present, customer inquiring about vehicle availability, discussion of budget/price, and agent managing the price request."
15a6c215506e469fb0ddf56c9822b926_transcript,medicare_inbound.zip,medicare,inbound,a44f358dafd6b788d8e551b8f25dcc579369f5918c03e2e52f76a1dc04ca985d,"OPENING, CURIOUS_EXPLORATION, FEE_DISCUSSION, NEEDS_ANALYSIS",0.9,True,"Greeting present, customer asking about services, discussion of insurance coverage/payment, and agent asking about insurance and history."
8b1971662fbd4fe880f4d429c0c09387_transcript,home_service_inbound.zip,home_service_telecom,inbound,1861838f3765565952a44ee3c6c7fb1cd3c313045b512670b597e43387aa7212,"OPENING, NEEDS_ANALYSIS, FEE_DISCUSSION, FOLLOW_UP_EMAIL_REQUESTED",0.95,True,"Contains a greeting, inquiry about boar removal services, detailed pricing discussion, and a specific request for an email."
e97a66489de84c069b6fe8bd15a75597_transcript,medicare_inbound.zip,medicare,inbound,1d6555abf26d1767eafc141270d9d919d23c9497ec6a5606d110b8bbe62751e4,"OPENING, NEEDS_ANALYSIS, SOFT_REJECTION",0.9,True,"Greeting is present, agent analyzes availability needs, and customer repeatedly rejects the offered appointment slots due to scheduling conflicts."
3e30a371ef524d4584db9eef7146aa39_transcript,automotive_inbound.zip,automotive,inbound,ba2b2914d496b5114cf8cf4856d3358306047dc3a4f17726b0c2ce36e8628139,"OPENING, NEEDS_ANALYSIS, DEFENSIVE_POSTURE",0.85,True,"Greeting present, customer requests oil change, and adopts a defensive/confrontational tone regarding previous information given by a salesman."
10d3f1acab0548cdaa0556726aaf0c49_transcript,home_service_inbound.zip,home_service_telecom,inbound,f988ef744ece46b2b9b665cf3db240b989d5860970e22d7acaff45504a282b79,"OPENING, NEEDS_ANALYSIS, PRODUCT_PITCH, FEE_DISCUSSION",0.95,True,"Greeting present, extensive intake for needs analysis, presentation of the diagnostic service model, and mention of the diagnostic fee."
624220e5fec64fe6ab7ff00ee0dd3be2_transcript,medicare_inbound.zip,medicare,inbound,6b309b6b2233f553857374c43224f93f56403c7d7f7d50a331f419887c65eb83,"OPENING, NEEDS_ANALYSIS, FEE_DISCUSSION",0.95,True,"Greeting present, agent gathers boarding requirements and dates, and discusses deposits and peak pricing."
5129267111_P1_transcript,insurance_outbound.zip,insurance,outbound,94430227eaff5f469210c3c7a473e7dc614fddd347259fccdc1de54190eebc77,"OPENING, PRODUCT_PITCH, FEE_DISCUSSION, NEEDS_ANALYSIS",0.95,True,"Contains greeting, pitch for Medicare benefits, discussion of zero cost, and verification of Medicare Part A and B eligibility."
4560006098584fa98be7b408b6b5a9a236889133_transcript,medicare_inbound.zip,medicare,inbound,1dbad0eccf0c830b61527ad96a96a16d1e1f29988a05385e60ba62b7fb1ebd8d,"OPENING, PRODUCT_PITCH",0.8,True,Includes a greeting and a detailed presentation of the benefits of medical processes for pets.
88fc14598f70496f9c8994bab009a4b5_transcript,medicare_inbound.zip,medicare,inbound,3913303f98863ced0f9515001d394ae9f2d7228e510bee29a05c3b048146f637,"OPENING, NEEDS_ANALYSIS, FEE_DISCUSSION, PRODUCT_PITCH",0.9,True,"Greeting present, agent asks about puppy's age and vaccine history, discusses costs, and suggests specific vaccine plans."
a3e4db9608fc4ab2aade52cfaed63996_transcript,medicare_inbound.zip,medicare,inbound,790a55d41fb9761fe64393facf7d4318e3c6c054f0baf53abeab631cf7ce589f,"OPENING, NEEDS_ANALYSIS, SUCCESSFUL_SALE",0.9,True,"Greeting, analysis of the cat's symptoms, and a successful commitment to a specific appointment time."
2288326979_transcript,insurance_outbound.zip,insurance,outbound,38fcdfce95825c4737405de32e78c06b330825321d94d0a156dd41ec1847b2e5,"OPENING, PRODUCT_PITCH, FEE_DISCUSSION, OBJECTION_HANDLING",0.9,True,"Greeting, pitch for Medicare benefits, discussion of copays/cash back, and handling the customer's request for written information."
332305220030258long_transcript,automotive_inbound.zip,automotive,inbound,a5742587e1fe1421d8480f522d061671faca459fecec1b8c15925f3d2ee4a4ae,"OPENING, NEEDS_ANALYSIS, WARM_LEAD",0.9,True,"Contains a greeting, discussion about a trade-in evaluation, and the customer explicitly stating they are ready to move forward with a purchase."
c78890d7cdef49b0b171cb159aa1711336342588_transcript,medicare_inbound.zip,medicare,inbound,a8b71e7fdc25c8ae4690f2c21ff76566cec5fdf07eef5fdd403e195b9312eaf9,"OPENING, NEEDS_ANALYSIS, FEE_DISCUSSION, CURIOUS_EXPLORATION",0.95,True,"Includes a greeting, agent questioning the customer about the dog's needs/vaccinations, and a mention of peak pricing costs."
5ff1ce70431f47b5a1fdfc284119280d_transcript,automotive_and_healthcare_insurance_inbound.zip,insurance,inbound,31a6fa8c427ba4b697a5f978599eb667870bb48dfbb15e5c2d8d6b8a71ed311b,"OPENING, PRODUCT_PITCH, FEE_DISCUSSION, NEEDS_ANALYSIS",0.9,True,"Greeting present; agent pitches specific truck trims and packages, discusses a fundable deposit, and collects customer contact information."
2020-05-07-15-38-29_3ba01717-b626-48ab-a815-78edd9dca070_v2ctUQB6_paiSXt61DmkEIkPuTc5mwbzBFJlRLwKc352i1dyLco9GAHg_transcript,auto_insurance_customer_service_inbound.zip,insurance,inbound,affdec34b18f4f2581f61bb1a33cf0c5f553c790c8660ff5360996804dea4c6c,"OPENING, NEEDS_ANALYSIS, PRODUCT_PITCH",0.95,True,Greeting present; agent explicitly states they are providing a quote and performs extensive needs analysis regarding drivers and vehicles.
35ba476088e842928289e01aed11f578_transcript,automotive_inbound.zip,automotive,inbound,a9b9780b3bf5f6b09b290f7350eab2dadf26e096a0aa26d8e00524ec9f39a1f5,"OPENING, NEEDS_ANALYSIS, CURIOUS_EXPLORATION, WARM_LEAD",0.85,True,"Greeting present; customer expresses intent to buy a vehicle and asks about credit limits, while the agent analyzes their credit situation."
20211028-152502_2814964192_ABFA2ZPK_1056-all_(1)_transcript,home_ervice_inbound&telecom _outbound.zip,home_service_telecom,outbound,db14b12ea23e7118d2514fa64692becdc74342caf5a530c03acee6479acf2756,"OPENING, PRODUCT_PITCH, FEE_DISCUSSION",0.9,True,"Agent greets the customer, pitches an internet speed upgrade, and discusses specific monthly bill reductions."
5295ac115b7849dab0e7990f9c76837d_transcript,automotive_inbound.zip,automotive,inbound,2d4eee046f358a3a4d9bfbeb12b16438f02cbd942a197376881e9e0b0b7fb793,"OPENING, PRODUCT_PITCH, NEEDS_ANALYSIS",0.8,True,"Contains a recorded product pitch for car upgrades, a live agent greeting, and verification of customer account details."
2020-04-03-20-25-22_405b8ee4-75e9-11ea-aaeb-0af061c7e165_3e3f849e-75e9-11ea-a315-0d0502b6877a_transcript,auto_insurance_customer_service_inbound.zip,insurance,inbound,fa31a4579d0ff6480b80997fda5791e1a24947316945255adecd968bd680dd07,"OPENING, NEEDS_ANALYSIS",0.8,True,"IVR collects eligibility and location data (zip code, homeowner status) followed by an agent greeting."
71ddc5fd11fb44948d26426e698042d9_transcript,medicare_inbound.zip,medicare,inbound,953c1be18b7e7bf7c492a586c0cbd9b4610ef1aee9d6d400efc9c3b5077e816d,"OPENING, NEEDS_ANALYSIS, OVERWHELMED_CONFUSION",0.8,True,Agent greets and asks for patient details; customer expresses confusion regarding a canceled appointment.
20210929-174503_5017674895-all_transcript,home_ervice_inbound&telecom _outbound.zip,home_service_telecom,outbound,ce900d988647302d3d41286e4cd67e3371662fac391c783ef86fa28cd60c43ce,"OPENING, PRODUCT_PITCH, FEE_DISCUSSION, OBJECTION_HANDLING",0.9,True,"Agent greets, pitches fiber optics, discusses bill reduction, and addresses customer concerns about technician home visits."
c81d54a961374faa8874083f99ffdc0d_transcript,home_ervice_inbound&telecom _outbound.zip,home_service_telecom,outbound,b38570b05b00ff4712d3aaa61875699214963776d71ec798b0cc89622a791992,"OPENING, NEEDS_ANALYSIS, FEE_DISCUSSION, PRODUCT_PITCH",0.9,True,"Contains greeting, assessment of windshield damage size, mention of repair cost, and offer of repair service."
9f139fb8428040e8a3268706c74f79f8_transcript,home_ervice_inbound&telecom _outbound.zip,home_service_telecom,outbound,3e7d13148f9ebda71db53cc421aa656a4a18a2f5c6a2495e6c213f5ba01d7736,"OPENING, NEEDS_ANALYSIS, WARM_LEAD",0.85,True,"Greeting present, agent collects contact details to coordinate a technician, and customer is eager for help."
1c7545248f774120961daabeb9227c3e (1)_transcript,automotive_inbound.zip,automotive,inbound,a9085fcd218d5c2a0eeb65dae7db90abd1130db652c01c149985f7be2e63573a,"OPENING, PRODUCT_PITCH, CURIOUS_EXPLORATION",0.7,True,"Greeting present, customer is seeking a specific person, and an automated pitch for financing is played during the hold."
6eb063e52ebe44ceb1b397873ec3a6c6_transcript,medicare_inbound.zip,medicare,inbound,97c15e81cccedc3f76bace41efec37735856038f668a250c7cd1f60f99ef672d,"OPENING, NEEDS_ANALYSIS, WARM_LEAD",0.9,True,"Greeting present, agent asks for patient details and service type, and customer is actively booking an appointment."
2020-10-06-22-10-25_3199849c-589e-4d3e-9f07-325c1383bbd5_v2R_qZXMBkWLo8JqsRSz4_pHDCqbsHGAz-tBCa_7TDdLcVlXtyzMRBbw_transcript,auto_insurance_customer_service_inbound.zip,insurance,inbound,8d2477c34a1a4f382e46af552f7414c52e89fb0d9f39165318e5b9469c75d01b,"OPENING, NEEDS_ANALYSIS, FEE_DISCUSSION, PRODUCT_PITCH",0.95,True,"Greeting present, extensive questioning on eligibility and current provider, discussion of current payments, and offer to compare rates."
5b273815118e4992a56d63d3994a37cd_transcript,automotive_and_healthcare_insurance_inbound.zip,insurance,inbound,81d6cc6cf833b9b38ec05bad5b3ced3f1d103c094bdf095e23a5896e7ffb7fb6,"OPENING, NEEDS_ANALYSIS, CURIOUS_EXPLORATION, FEE_DISCUSSION",0.85,True,"Contains greeting, agent asks about vehicle preferences, customer explores lease options, and they discuss insurance rates."
f65d7bce68944a0887c9814b3fe34f5c_transcript,medicare_inbound.zip,medicare,inbound,f65308d0000a3c26bb7a4525a63f472a1b180f0305ceec76e20eba04e435cd55,"OPENING, NEEDS_ANALYSIS, WARM_LEAD, SUCCESSFUL_SALE",0.9,True,"Greeting present, agent determines client status and needs, customer shows interest, and a wellness appointment is booked."
b74895911168459f82b66a92656e14ab_transcript,medicare_inbound.zip,medicare,inbound,ceb0f521f300197aa2931ed1da9b8da7aa223e1ac49e1b1a956904bb7fc8f928,"OPENING, NEEDS_ANALYSIS, FEE_DISCUSSION, SUCCESSFUL_SALE",0.9,True,"Greeting, agent analyzes grooming needs, specific costs for bath and nails are discussed, and customer commits to the service."
332305150013194long_transcript,medicare_inbound.zip,medicare,inbound,fa2eefc0e925f9a4174fcd2c38ada051e9a279985ab4eef9425cba869898b83c,"OPENING, NEEDS_ANALYSIS, FEE_DISCUSSION, SUCCESSFUL_SALE",0.95,True,"Greeting, agent confirms appointment details, discusses a 3% credit card surcharge, and successfully books the appointment."
ac9115296954415d975f89412e160f8f_transcript,home_ervice_inbound&telecom _outbound.zip,home_service_telecom,outbound,08c3e162e9cf10b1ab8f5db66995f01982e04c88843df5337a7620176965ed45,"OPENING, NEEDS_ANALYSIS, ACTIVE_LISTENING, CURIOUS_EXPLORATION",0.8,True,"Greeting, agent gathers customer information and analyzes the refrigerator issue, using active listening to confirm the problem."
3ce98767429f4fc298d433af95ae237d_transcript 2,automotive_inbound.zip,automotive,inbound,5365d377bf6bc5747fadd19ae5ceb2d51ef662a8486bb09b090f53d4a946b55a,"OPENING, NEEDS_ANALYSIS, CURIOUS_EXPLORATION, ACTIVE_LISTENING",0.9,True,"Contains opening greeting, agent analyzes vehicle details to answer customer's specific questions about the truck's condition and history."
20230329-151750_8584595454-all_transcript,home_ervice_inbound&telecom _outbound.zip,home_service_telecom,outbound,56fbce2817cb9d76ca543b38a6f5b1b88ed7eb2c077d71ac1f693e78a07afac4,"OPENING, PRODUCT_PITCH, FEE_DISCUSSION, NEEDS_ANALYSIS",0.95,True,"Clear opening, active pitch for internet/phone plans, specific pricing mentioned, and agent asks about current usage to provide a quote."
0ca15d91e9bd48f880c85ef23107e528_transcript,home_service_inbound.zip,home_service_telecom,inbound,648fcdd8985d086253c4973f99334a65b7be399de7454ef2ffb8151c341733cf,"OPENING, NEEDS_ANALYSIS, SOFT_REJECTION, CURIOUS_EXPLORATION",0.85,True,"Opening present, agent gathers customer location and service needs, then informs the customer they cannot provide service in that area."
1bd3f7fa6fbf49f6b8cdb06e0b854467_transcript,medicare_inbound.zip,medicare,inbound,c1d66941c7988f1e98f9a36b6cd5cc00b7074c45ef18bed62b0803ed48e4e038,"OPENING, NEEDS_ANALYSIS, CURIOUS_EXPLORATION, WARM_LEAD",0.8,True,"Opening greeting, agent collects patient information for needs analysis, and customer expresses clear intent to schedule an appointment."
3e819b4b8575439ab626331e9f9389db36379608_transcript,medicare_inbound.zip,medicare,inbound,b6f166dd247cf8d9fb7d391c2d3ab93d372ee060330cfacd06ae0a4ece7d42b4,"OPENING, NEEDS_ANALYSIS, SOFT_REJECTION, CURIOUS_EXPLORATION",0.85,True,"Opening present, agent checks availability based on customer's request, and informs them that no current openings are available."
332305160008522long_transcript,medicare_inbound.zip,medicare,inbound,8bfdbc557ac4090c821fb3c10dd4423518eb09977b21914ec401d58d0044573b,"OPENING, NEEDS_ANALYSIS, SOFT_REJECTION",0.8,True,"Contains opening greeting, agent analyzes scheduling needs, and customer rejects proposed appointment dates."
f86aa563eaf44a209861ae7f33e51bd5_transcript,home_ervice_inbound&telecom _outbound.zip,home_service_telecom,outbound,d2b08cd04425af6f8dea61abecf6d72cffa04a15cbef629ed1ff56823064ac58,"OPENING, NEEDS_ANALYSIS",0.9,True,Contains opening greeting and agent performs needs analysis by verifying the customer's location and service area.
035f2c4c0d094250b9c0168e4b27d64b_transcript,medicare_inbound.zip,medicare,inbound,ffea0962e1eacf772fca35363666e7cdbf2beb28456285070e470cebf843b7f9,"OPENING, NEEDS_ANALYSIS, SOFT_REJECTION",0.9,True,"Contains opening greeting, agent analyzes medical needs and appointment availability, and customer rejects the first time slot."
fd53da0065f1434681500393597ba0fb_transcript,home_service_inbound.zip,home_service_telecom,inbound,684929a2e04c4c569a1b89cd977ccf72e0f337dbe810fd7a1033c1075500103d,"OPENING, NEEDS_ANALYSIS, FEE_DISCUSSION",0.8,True,"Contains opening greeting, analysis of the repair requirement, and discussion regarding the cost of replacement glass."
2020-10-05-20-40-15_ec6a5790-1755-4814-a30f-4d4843255c5f_v2otwT93IueHV-XDGpiQRaknU1kaZhvRPPbJiOVM9Er0hnBXeNGf9VaA_transcript,auto_insurance_customer_service_inbound.zip,insurance,inbound,bbe38be6e5d4992649174fa97d479259ffc72512d6ac7390e02c9d38b8841368,"OPENING, PRODUCT_PITCH, NEEDS_ANALYSIS, FEE_DISCUSSION",0.95,True,"Contains opening greeting, initial pitch for better rates, needs analysis of current provider, and discussion of current quoted price."
2020-09-16-19-05-17_76af43b1-72b6-45e4-a3f4-7c7dc0d2c1de_v2K-J3ppauQKdGMKiSENB4VvQD7YzgjaE9nGuBIl5FpuNdnynGrZex1g_transcript,auto_insurance_customer_service_inbound.zip,insurance,inbound,d2033f6c0d7b7bd76a449edc329dce6a54f243d9cd32606b82c5934c659ea87e,"OPENING, NEEDS_ANALYSIS",0.95,True,Agent greets the customer and performs a needs analysis by verifying personal details and current insurance provider.
6097ae6e4e264dd2bc9e307838f9e98e_transcript,medicare_inbound.zip,medicare,inbound,b5f53d56c83ec9510e5fc149b5dc764c04f36e9e0bcbbc9f7889d6bda63299d3,"OPENING, NEEDS_ANALYSIS",0.85,True,Agent greets the caller and asks for a date of birth to verify the patient's profile.
c78ce727e3d9404eaba8f596d39a246b_transcript,home_service_inbound.zip,home_service_telecom,inbound,bcd52c1814e7f1a4c14e8c112802d8ab547dd304eca6ddce4687dac48b12a18c,"OPENING, NEEDS_ANALYSIS, ACTIVE_LISTENING",0.8,True,"Agent greets the customer, verifies the specific service needed (window glass), and confirms appointment details."
09cfb60acc134a78bf2ccd4189ba2969_transcript,medicare_inbound.zip,medicare,inbound,5348af580139fcbf26063247f29d420d6d49c67f507f4d7dfffdbd218fb10a67,"OPENING, PRODUCT_PITCH, FEE_DISCUSSION, CLOSING_NEGOTIATION",0.9,True,"Agent greets customer, explains the medical process, discusses payment terms, and works to schedule an appointment."
20211022-154407_2144950200-all_transcript,home_ervice_inbound&telecom _outbound.zip,home_service_telecom,outbound,2a89b58755363963a9089566bf6b74e1ff19393c6e5900f2e01631074adecf3e,"OPENING, PRODUCT_PITCH, FEE_DISCUSSION",0.85,True,"Agent opens the call, pitches internet upgrades, and the conversation shifts to rate increases and service complaints."
4119313078b1451eb665fb6382dcc441_transcript,medicare_inbound.zip,medicare,inbound,9aff898f024630abd9ba5dd3cc465aeacfad1e5b866563a2a3a1f2b52ac24440,"OPENING, NEEDS_ANALYSIS, ACTIVE_LISTENING",0.9,True,"Contains a greeting and the agent asks detailed questions about the dog's breed, weight, and age to update the booking."
eef613f4cd854f3f92597fdfdb85aed4_transcript,medicare_inbound.zip,medicare,inbound,78bd5499958ee7fb10d5d9ba3b419805dfb10b87fda6d2d84bb1f3373cf6ce69,"OPENING, NEEDS_ANALYSIS, SOFT_REJECTION",0.85,True,Includes greeting and analysis of medical needs. Customer expresses disappointment/soft rejection when the available appointment date is too far away.
4409975515_transcript,insurance_outbound.zip,insurance,outbound,33d53561772d159193282119a2f06edd160c7149cd29a93a95d8376f46739018,"OPENING, PRODUCT_PITCH, NEEDS_ANALYSIS, DEFENSIVE_POSTURE, OBJECTION_HANDLING",0.95,True,"Agent pitches Medicare benefits and asks qualifying questions. Customer is defensive about privacy, and agent attempts to handle these objections."
1d9686d221da47eaa64e17a4cf5bb770_transcript,automotive_inbound.zip,automotive,inbound,fc4c2096c94f1dbff1724962e503641465b2c0ba6a5acd17437881fb1de6d6fd,"OPENING, NEEDS_ANALYSIS, CURIOUS_EXPLORATION, ACTIVE_LISTENING",0.8,True,Greeting present. Customer explores availability of parts and glass replacement services; agent listens and offers to check with a technician.
5dc558aaaf254971a6ffa62f029f54fa_transcript,automotive_and_healthcare_insurance_inbound.zip,insurance,inbound,f0610e5ee2a1d232d17ef229efa0ab31a80283d85bc89a71aa2db781929feddb,"OPENING, NEEDS_ANALYSIS, CURIOUS_EXPLORATION, ACTIVE_LISTENING",0.85,True,Greeting present. Customer inquires about a specific vehicle seen online; agent gathers customer details and confirms the vehicle model.
1328e7e0ece74b5d99b0497a0b60166a_transcript,medicare_inbound.zip,medicare,inbound,79bc5b73668763b9909b07b5e787992ab08f074c65c6ea4ac0fc2f216b6d5834,"OPENING, NEEDS_ANALYSIS, PASSIVE_AGREEMENT",0.9,True,"Contains a greeting, agent asks for personal details and appointment preferences, and the customer agrees to the proposed times."
1de895ab5b894fcc9777f7e9d443c0dd_transcript,home_service_inbound.zip,home_service_telecom,inbound,99fef8b3c963b7935725243c0f1062bc4fe1bcd63379ef1a467c9cd85ed1e3f7,"OPENING, PRODUCT_PITCH, FEE_DISCUSSION, NEEDS_ANALYSIS",0.95,True,"Greeting present; agent pitches a water heater flush special, discusses the cost (free), and analyzes the customer's maintenance needs."
recording-public_917_transcript,customer_service_general_inbound.zip,customer_service,inbound,e9aad687f162b3bda0e6c451426e7263736df6afa98fe387832744d5dd5bbb13,"OPENING, NEEDS_ANALYSIS, CURIOUS_EXPLORATION",0.85,True,Greeting present; agent performs needs analysis by asking about existing insurance coverage and the customer explores a final expense plan.
77d4622726d74104b0a5028df416279f_transcript,home_ervice_inbound&telecom _outbound.zip,home_service_telecom,outbound,bfc41e493d3619099888bd9ee6fd915f9d5d7992e0627ba436294284d24fe8bb,"OPENING, NEEDS_ANALYSIS, PASSIVE_AGREEMENT",0.9,True,Greeting present; agent asks about the state of bathroom renovations and location to determine availability; customer agrees to the appointment.
92c7710a8775458abe4965a396e52e1a_transcript,medicare_inbound.zip,medicare,inbound,872dc4dcce56c74cf14b26a0481ffb7689ed5dad9bf7808c96c78fc0b5e371a9,"OPENING, NEEDS_ANALYSIS, PRODUCT_PITCH",0.8,True,Greeting present; agent asks about previous visits and explains the boarding service and required medical process.
ea21378f72b34e0d83c3df2c9ea77bfc (4)_transcript,home_service_inbound.zip,home_service_telecom,inbound,2c6b13e437bf7b5359b4b57c0a8718828f30c8218f07e298064d57308081ceda,"OPENING, NEEDS_ANALYSIS, CURIOUS_EXPLORATION",0.9,True,Contains the call greeting and the agent asking for location and service details to determine if they can help the customer.
62b1029da6d34f51bcb0a39beb2467cf_transcript,medicare_inbound.zip,medicare,inbound,c13e91128cc49093861860a17f180fd3f211d1bec3f6f50f20bf59c610822b66,"OPENING, NEEDS_ANALYSIS, FEE_DISCUSSION",0.9,True,"Includes the greeting, a detailed medical intake for appointment scheduling, and a brief discussion regarding the cost of emergency vs standard appointments."
recording-public_823_transcript,customer_service_general_inbound.zip,customer_service,inbound,19298e3461266288eaaf5c15faf297ce51abb7d408d35e0f3fb15075319ee791,"OPENING, NEEDS_ANALYSIS, FEE_DISCUSSION, COMPETITOR_COMPARISON",0.9,True,"Greeting is present; agent analyzes the customer's current policy, discusses the monthly cost, and identifies the current insurance provider."
eebcbc1e51df4dd699a22aa0901d60a9 (1)_transcript,home_service_inbound.zip,home_service_telecom,inbound,bebc650311738a766454978a0f943f58fea1bc6ef54b583d7595ecedd9e3c4a8,"OPENING, PRODUCT_PITCH, FEE_DISCUSSION",0.8,True,"The IVR provides a product pitch for wiper blades and protection plans including pricing, followed by the agent's opening."
2020-10-08-16-04-31_797fbe7f-ed01-4c0f-8c6b-dd9f6ff4cba7_v2XdLtBTZDRb3wwf2Vy86T7i64Drp1fUFRBx1BHo0hY93cP2ECRXpbMA_transcript,auto_insurance_customer_service_inbound.zip,insurance,inbound,ee6d8cd0db25a5e1d86649fe652b4dd01e3a6642a1ba051acb539cfeb0d417e6,"OPENING, NEEDS_ANALYSIS, CURIOUS_EXPLORATION",0.95,True,Standard insurance intake call featuring a greeting and an extensive needs analysis to verify eligibility and gather data for a quote.
bbde9d0585524fa88ee5f48fd374ac03_transcript,home_service_inbound.zip,home_service_telecom,inbound,05dc97d8e1e393f36b34bcb31af4a6f81a079495b15d861e403ae7d5a9bbeb8a,"OPENING, PRODUCT_PITCH, NEEDS_ANALYSIS, FEE_DISCUSSION",0.95,True,"Contains greeting, pitch for a free water heater flush, questions about tank type/address, and mention of costs for chemical flushes."
c60d7d480e6046b8a277faabac7000c637052863_transcript,medicare_inbound.zip,medicare,inbound,f5a41a7e2b900f6921bd2231e39e4303d7c0dc5b7888d91d3ae702bde6a04a3d,"OPENING, FEE_DISCUSSION, CURIOUS_EXPLORATION, NEEDS_ANALYSIS",0.9,True,Greeting present; customer explores payment arrangements and requests price estimates; agent analyzes the specific procedure to determine payment terms.
5806589074_transcript,insurance_outbound.zip,insurance,outbound,2716c0582189f7d7face69a53df6933b775aa2eac7fe9593bdb29c8c2ca282f5,"OPENING, PRODUCT_PITCH, FEE_DISCUSSION, NEEDS_ANALYSIS, SUSPICIOUS_PROBING",0.95,True,Greeting present; pitch for Medicare upgrade; discussion of zero cost; agent verifies eligibility; customer questions the company's identity.
93d59d4e928f470b8098604b8269d5142303312_transcript,medicare_inbound.zip,medicare,inbound,1ed94f7f89efb1afc9a87c92464198618c6509a7d576e6b772bafceed60e19d7,"OPENING, NEEDS_ANALYSIS, ACTIVE_LISTENING, SUCCESSFUL_SALE",0.85,True,Greeting present; agent gathers patient info and appointment needs; confirms dates; results in a scheduled appointment (commitment).
4605c4d6359a48639d74d880dbb70a4d_transcript,medicare_inbound.zip,medicare,inbound,7ae1cce3ffb1c2d248c6158710541071583662a6aeb9ea81cfed3068b49f16c7,"OPENING, NEEDS_ANALYSIS, SUCCESSFUL_SALE, ACTIVE_LISTENING",0.9,True,"Greeting present; agent analyzes boarding needs (dates, room type, pet details); confirms details and completes the reservation."
3f1c14789f634e44ab5ef29eb249b928_transcript,automotive_inbound.zip,automotive,inbound,2911c6f8300497501ede1cfbcbc617af75eb093c3323c209ce4938ad8670f332,"OPENING, FEE_DISCUSSION, NEEDS_ANALYSIS, CLOSING_NEGOTIATION, WARM_LEAD",0.9,True,"Contains greeting, discussion of cash price, confirmation of vehicle details, and scheduling a visit to finalize the deal."
1991194680984bd89dba5714007f91a836389699_transcript,medicare_inbound.zip,medicare,inbound,f7f5e3e94d57973036165a3fb93b65cb0ea3a3627bd66ed214fa53a0a6529009,"OPENING, NEEDS_ANALYSIS, CURIOUS_EXPLORATION, PASSIVE_AGREEMENT",0.8,True,Greeting present; agent analyzes boarding needs and documents; customer explores pickup times and agrees to be put on hold.
2020-03-26-14-45-51_7e398e20-6f70-11ea-8a2d-0e50e0308201_7d1da81e-6f70-11ea-bfc6-553c66f42747_transcript,auto_insurance_customer_service_inbound.zip,insurance,inbound,28124c0784f492c18e468883d267496aee940d0acaa114de697998d88548e48b,"OPENING, PRODUCT_PITCH, NEEDS_ANALYSIS",0.7,False,IVR opening; pitches insurance quotes and asks for zip code/household info for needs analysis.
aa5e456a12b1407cb7aa27e2219a6fdd_transcript,automotive_inbound.zip,automotive,inbound,4518c2eb9d39bd556f65bc8c24dcf9c63fce3d7bd2cef091cef2e05c4ccce5d5,"OPENING, NEEDS_ANALYSIS, PRODUCT_PITCH, SOFT_REJECTION, CURIOUS_EXPLORATION",0.9,True,Greeting included; agent asks about car preferences; pitches specific SUV models; customer explores options but declines visiting immediately.
08399650a62249d98c9868e41396b37a_transcript,automotive_inbound.zip,automotive,inbound,5d6758198c9ce2fb7d524d1a910203cebac2a4bf05781ee04872099c7b7bfad7,"OPENING, DEMANDING_MANAGER, NEEDS_ANALYSIS, PRODUCT_PITCH",0.9,True,Greeting present; customer insists on speaking to the manager; agent asks for the reason for the call; ends with a scripted product pitch.
0d626d46894746d7a6177dd0eed6f470_transcript,automotive_and_healthcare_insurance_inbound.zip,insurance,inbound,787cce32b71386d3fed3231a7a9ea1a3d48dce4f603adbe2c6b40d7eaf297712,"PRODUCT_PITCH, FEE_DISCUSSION",0.6,False,Automated IVR message pitching vehicles and mentioning price points.
6603422432_transcript,insurance_outbound.zip,insurance,outbound,92b26e0fff8ae317b3fec56ceebe699a34799327be3f1f2ed378ed20e2192689,"OPENING, PRODUCT_PITCH, NEEDS_ANALYSIS, FEE_DISCUSSION, PASSIVE_AGREEMENT",0.95,True,"Agent opens call, pitches Medicare benefits at no cost, verifies eligibility, and customer agrees."
99cca19764844b17af8bfee8a5d1eff1_(3)_transcript,home_service_inbound.zip,home_service_telecom,inbound,56fd53fb765c303ee5cba55a0eaa7b3f9759b49ab02a4db13dfe0aeddca30bf0,"OPENING, NEEDS_ANALYSIS, FEE_DISCUSSION, CURIOUS_EXPLORATION",0.9,True,"Customer inquires about previous records and requests a quote for windows, discussing potential costs."
d011bf601eb2429b8f52c71d8353fbfd_transcript,home_service_inbound.zip,home_service_telecom,inbound,a298808d811f4d744d59cf5cc6ecb0b3cdb6a9177b2a1d9e9e04ef1e764c9c58,"OPENING, NEEDS_ANALYSIS, ACTIVE_LISTENING, CURIOUS_EXPLORATION",0.9,True,Inbound request for dishwasher repair; agent performs detailed needs analysis and collects customer info.
bf83c1a193024ce58f1ea25bb99aaca1 (1)_transcript,home_service_inbound.zip,home_service_telecom,inbound,efccae6e80066fe120956c20196da155a215382eff8298302fde10204a4feb22,"OPENING, NEEDS_ANALYSIS, SUCCESSFUL_SALE, ACTIVE_LISTENING",0.85,True,Agent helps customer with a window estimate and successfully schedules a technician visit.
02fa7b2a73c643a5a5d677480b20f1b8_transcript,automotive_inbound.zip,automotive,inbound,bf4efbe2cfa1b4f50278a5d4f59533f85bf77ab394ecae7ef6b2bd72418aea3c,"OPENING, NEEDS_ANALYSIS, PASSIVE_AGREEMENT",0.9,True,"Contains a greeting, agent asks for details to identify the deal, and customer agrees to be transferred to voicemail."
b75b74c05c6846b3ab04b640475f0625_transcript,home_ervice_inbound&telecom _outbound.zip,home_service_telecom,outbound,4b96575b7bfea3ef7139eeb8ec0c8f6e3370b6a30b7589185c8e86eb1130a70b,"OPENING, NEEDS_ANALYSIS, FEE_DISCUSSION, PRODUCT_PITCH, WARM_LEAD",0.95,True,"Greeting present; agent analyzes rug size/location, discusses square foot pricing, pitches the cleaning service, and customer is actively seeking the service."
85bb7c6ac69e40c8b3248dd7eaccea68_(5)_transcript,home_service_inbound.zip,home_service_telecom,inbound,e620e3d2de825f149ddebe1c96fcfbc2429f4f3b522abe2b7e98cd3be158cc9b,"OPENING, CURIOUS_EXPLORATION, OBJECTION_HANDLING, PASSIVE_AGREEMENT",0.85,True,"Greeting present; customer asks for order status, agent handles the objection regarding the delayed ETA, and customer acknowledges the information."
a37e1a42fb3748f69a2e5ed4cb2a657d_transcript,medicare_inbound.zip,medicare,inbound,63da2aa6d4559b832207bfd38f2d1886b08a7a2ce30264595ee454bfb0cd0108,"OPENING, NEEDS_ANALYSIS, CURIOUS_EXPLORATION, PASSIVE_AGREEMENT",0.9,True,"Greeting present; agent checks for appointment availability, customer explores Friday options, and agrees to the request form process."
adc5c2e8588a41fca0d510c447edd85337052863_transcript,medicare_inbound.zip,medicare,inbound,d95b66405c7ee4124d310212b8dc8c43074853822ec8185aa7e8c3db49a931de,"OPENING, CURIOUS_EXPLORATION, ACTIVE_LISTENING",0.8,True,Greeting present; customer asks about Saturday hours and shares a long personal story which the agent listens to.
recording-public_1198_transcript,customer_service_general_inbound.zip,customer_service,inbound,f7dbe49fc274691d217f4dc0511e3ae9856af55c17c4e5fae4c6c3b8d0ac2f61,"OPENING, NEEDS_ANALYSIS, FEE_DISCUSSION",0.9,True,"Contains a greeting, discussion about seeking cheaper rates, and detailed medical/personal eligibility questions."
recording-public_937_transcript,customer_service_general_inbound.zip,customer_service,inbound,895c0306869927f53ded9be196c29f7dc20388fe486a65f7b9ea80c951954d8c,"OPENING, PRODUCT_PITCH, FEE_DISCUSSION, NEEDS_ANALYSIS",0.95,True,"Includes greeting, a specific life insurance offer with premium costs, and gathering beneficiary/health data."
c866e7cdc7944133aee11ebc221754f4_transcript,medicare_inbound.zip,medicare,inbound,262ab023e99e264649da830e76531f4c76e894972be5f4e2adacd2c1b95a47c0,"OPENING, FEE_DISCUSSION, MISUNDERSTANDING",0.8,True,"Greeting present, discussion regarding a refund/payment, and confusion over service dates and insurance status."
9757b5c05cac46378b88e663039f0ae3_transcript,home_service_inbound.zip,home_service_telecom,inbound,630ef5e6b619415360f67c9201708f4a166a8a2bd053bcc1f40ca82f585a72f8,"OPENING, NEEDS_ANALYSIS, ACTIVE_LISTENING",0.85,True,"Greeting present, agent identifies the specific service need (sewer clog) and confirms details through repetition."
a6a519c44cba4f078bafdca9d8ffdf00_transcript,home_service_inbound.zip,home_service_telecom,inbound,e8742504c427735e2522b67e379e230bafa14d7225d45946a03cfbfd3c7fe9f6,"OPENING, NEEDS_ANALYSIS, FEE_DISCUSSION",0.9,True,"Greeting present, agent identifies the specific service requested and mentions a future callback to discuss pricing."
b2710fd68c1f4d588babfe9c2aa3ad96_transcript,medicare_inbound.zip,medicare,inbound,56a4d1da7d6c2298eb2fc0b0fe9b4f55f0bbb5498cc63a41d9329d1f2a18058a,"OPENING, NEEDS_ANALYSIS, CURIOUS_EXPLORATION",0.9,True,"Contains a greeting, agent asks for reservation dates (needs analysis), and customer asks about the upload process (curious exploration)."
DMEMED_rmbpo07_20211118-114443_8704605757_4801813-all_transcript,medical_equipment_outbound.zip,medical_equipment,outbound,ab5e388c20fc731c6db2bc112e1518d0160cc9f9a3294b5a423f4c63a8c985e9,"OPENING, PRODUCT_PITCH, SOFT_REJECTION, OBJECTION_HANDLING, SUCCESSFUL_SALE",0.95,True,"Agent pitches a medical benefit, customer initially resists, agent handles the objection by mentioning no cost, and customer eventually opts in."
9c9f755b096a457aa95af870cb75167435895198_transcript,medicare_inbound.zip,medicare,inbound,2a4c97d2aad76ccb6553cb105905899cccd92d7a5624dc24b1741456503a1bf6,"OPENING, NEEDS_ANALYSIS, CURIOUS_EXPLORATION, WARM_LEAD",0.9,True,"Greeting present, agent asks about the origin of the frames, customer explores lens options and expresses intent to visit the store."
332305250032473long_transcript,automotive_inbound.zip,automotive,inbound,dd0703a8f7f64e87f2d8a7452ce0ee529876cef0a1462677851527ee7857efcc,"OPENING, CURIOUS_EXPLORATION, NEEDS_ANALYSIS, PRODUCT_PITCH",0.9,True,"Greeting present, customer asks about stock and specific trims, and agent explains the reservation process for incoming vehicles."
3567b54ff8cd40788d45feb58a7ad91a_transcript,medicare_inbound.zip,medicare,inbound,ca16be07df9a63181ad1d40206beca53701533ef657567554c49d621114c65c7,"OPENING, NEEDS_ANALYSIS, THREATENING_COMPLAINT, PRODUCT_PITCH",0.8,True,"Greeting present, customer complains about lack of follow-up, agent asks for location, and the call ends with a service description pitch."
74de9eaa785b41df8ea42aba5114330f_transcript,home_ervice_inbound&telecom _outbound.zip,home_service_telecom,outbound,b9f6cbce834f7464ec7f70bb94c4678d2255d43a801d3c2c3efc6adfd91229b4,"OPENING, NEEDS_ANALYSIS, WARM_LEAD, ACTIVE_LISTENING",0.9,True,"Contains greeting, detailed gathering of customer information for a service request, and active confirmation of details."
332305210045896long_transcript,automotive_inbound.zip,automotive,inbound,b776b0301840354178d6f2c8cc8b7571f73f424c0c2a6ddd87550ed45ad53007,"OPENING, PRODUCT_PITCH, CURIOUS_EXPLORATION, NEEDS_ANALYSIS",0.85,True,"Includes greeting, offering a VIP appointment, customer questioning the sales process, and confirming vehicle interest."
397a3dcd0cac43c28238ac30f244bc17_transcript,medicare_inbound.zip,medicare,inbound,d64d1f1866165a7c00a7ef478d5a44e09714b75e61ba1cd9f8aa4a9e42a91b49,"OPENING, NEEDS_ANALYSIS, WARM_LEAD, PASSIVE_AGREEMENT",0.9,True,"Greeting present, customer is a referral (warm lead), agent analyzes medical needs, and customer agrees to set up an appointment."
recording-public_566_transcript,customer_service_general_inbound.zip,customer_service,inbound,60777b0716e9cf008124a2f9c4cb8b7822f000a075fa4b05b5d5f6e648879359,"OPENING, NEEDS_ANALYSIS, PRODUCT_PITCH, FEE_DISCUSSION",0.95,True,"Greeting, health screening for eligibility, presentation of final expense plans, and discussion of premium cost ranges."
7166937027_transcript,insurance_outbound.zip,insurance,outbound,9d91c08857bfb8aca2646c8e3dfa53421337e3d92bf6c5bac83973322a505c26,"OPENING, PRODUCT_PITCH, FEE_DISCUSSION, NEEDS_ANALYSIS",0.9,True,"Greeting, pitching additional Medicare benefits, mentioning zero-cost premiums, and confirming eligibility/address details."
1db680b2018d411fb703c32a7b5d5a03_transcript,automotive_and_healthcare_insurance_inbound.zip,insurance,inbound,8c8f2e3b24464d5e87d9cd45c6c8bc2a6fdbad4d763493fccfc5aa26de320996,"OPENING, FEE_DISCUSSION, ANGRY_OUTBURST",0.85,True,"Contains a greeting, discussion about paid insurance/leases, and a customer expressing strong anger and frustration regarding missing coverage."
DMEMED_rmbpo07_20211201-132552_2109277552_4920394-all_transcript,medical_equipment_outbound.zip,medical_equipment,outbound,e9b8a3f69ebb283f8f7d40fef1447ec89ecf87017a366d8a45a2d1554c7623b5,"OPENING, NEEDS_ANALYSIS, PRODUCT_PITCH, PASSIVE_AGREEMENT",0.9,True,"Includes a greeting, verification of Medicare status and medical conditions, a pitch for a no-cost benefit, and customer agreement."
9288544784_transcript,insurance_outbound.zip,insurance,outbound,ee865b440abb514e14c1a1403e20b06c6403dc9f0618b9b1abedbecede1714e2,"OPENING, PRODUCT_PITCH, NEEDS_ANALYSIS, PASSIVE_AGREEMENT",0.95,True,"Greeting present, pitch for Medicare upgrades, extensive questioning about eligibility and personal details, and customer confirming information."
9b4b5863409b421592ee6ca994001b42_transcript,automotive_inbound.zip,automotive,inbound,aa7575c98069298b310c1b1e2b8318c0339ec898d6b920572071568331ae84ff,"OPENING, NEEDS_ANALYSIS, FEE_DISCUSSION, DEFENSIVE_POSTURE",0.8,True,"Greeting included, agent asks about needs and location, discussion of trade-in value, and customer expressing frustration over previous pricing issues."
3db7c698c7984a888a19afb82b221992_transcript,automotive_and_healthcare_insurance_inbound.zip,insurance,inbound,29d63041d3eae406fc8d73bb8337524609520de7d27b14e7e8306fc176db657e,"OPENING, NEEDS_ANALYSIS, CURIOUS_EXPLORATION, PASSIVE_AGREEMENT",0.85,True,"Greeting present, agent asks for name and history, customer inquires about vehicle availability, and agrees to be transferred."
5b9233eb794c45fea8c9eaa5e96fb7b0_transcript,medicare_inbound.zip,medicare,inbound,4772756aebaf20bcb9935a6b42ee8ae8f5ec070ccf4eecfee89a44b0db4e96dd,"OPENING, FEE_DISCUSSION, CURIOUS_EXPLORATION, MISUNDERSTANDING",0.85,True,"Contains a greeting, discussion regarding a deposit fee, and customer confusion over conflicting instructions received via email and in-person."
recording-public_985_transcript,customer_service_general_inbound.zip,customer_service,inbound,dfb212a211361a4a83a3f9b7bb215a9955dc5fba7c62ed42c113aa1c9e196225,"OPENING, NEEDS_ANALYSIS, PRODUCT_PITCH, FEE_DISCUSSION",0.95,True,"Classic sales flow: greeting, qualifying the customer's needs, pitching a final expense plan, and discussing premium costs."
c8bf933bbec3424d90ca4d72e03645ba_transcript,home_service_inbound.zip,home_service_telecom,inbound,9be02780d70f204f09486d5d5529a25c25ff4f8125db1c7f57b107840bef8b56,"OPENING, NEEDS_ANALYSIS, ACTIVE_LISTENING",0.8,True,"Greeting present, agent gathers account information to identify the customer, and confirms the specific technical issue with the refrigerator."
cbe049a874ab43599b8df1e5bcca3745_transcript,home_service_inbound.zip,home_service_telecom,inbound,420637cd1b893a4d9029a4641449ae73507ba1a4773a221f9ce3136b2ba7986c,"OPENING, NEEDS_ANALYSIS, ACTIVE_LISTENING",0.8,True,"Greeting present, agent collects personal and property details to locate the appointment, and confirms the rescheduling request."
59bea1ecbf5f42ebb003786f7ec0df90 (1)_transcript,medicare_inbound.zip,medicare,inbound,8c4b6f0fc388548a8aa75fd2e8a2ea880ddacdcf8a3b3d08aca0455042321541,"OPENING, OVERWHELMED_CONFUSION, NEEDS_ANALYSIS",0.8,True,"Greeting present, customer is distressed/panicked about a pet emergency, and agent assesses symptoms to provide a referral."
DMEMED_rmbpo05_20211207-104332_3462080229_4931192-all_transcript,medical_equipment_outbound.zip,medical_equipment,outbound,e3af54f518925d7271960c502ce8371073c10ea4a0b0230350ab689eedc93536,"OPENING, NEEDS_ANALYSIS, PRODUCT_PITCH, FEE_DISCUSSION, WARM_LEAD",0.95,True,"Agent greets, analyzes pain points, pitches braces, discusses no-cost pricing, and the customer provides personal details."
d870333009bf4411afebd36bb543bffd_transcript,medicare_inbound.zip,medicare,inbound,3a0b19c139c8892804c4faed131b126633287b2526561a95db25fe72c9cb056a,"OPENING, NEEDS_ANALYSIS, ACTIVE_LISTENING",0.85,True,Agent greets and performs needs analysis by coordinating appointment times and patient details for the customer.
03aba243c81d4a94951be6c7275c30ec_transcript,automotive_and_healthcare_insurance_inbound.zip,insurance,inbound,7ad906e72e15126b3481d5eac313c5b6968c903876ae599002e87f77243b1658,"OPENING, NEEDS_ANALYSIS, PRODUCT_PITCH, FEE_DISCUSSION",0.9,True,"Agent greets, identifies specific vehicle requirements, pitches available inventory, and discusses pricing/affordability."
5d1e9365f16c49e9bd25e28fe51c2b5c_transcript,medicare_inbound.zip,medicare,inbound,1acafcff8781db8b0035ddf4bd54e4f5667f04bc832db628febb3f20fb559dad,"OPENING, NEEDS_ANALYSIS, FEE_DISCUSSION",0.9,True,"Agent greets, verifies insurance eligibility, and discusses the 20% co-pay responsibility for the appointment."
8988eff0303b4e56bd5503c7413402d4_transcript,automotive_inbound.zip,automotive,inbound,613ed7f33fecafee8bd3df1b8f72b1f56cad77c308864acac8b96f35b643dc95,"OPENING, STALLING_FOR_TIME",0.4,False,Transcript contains only IVR greetings and hold messages; no actual conversation takes place.
6605251794_transcript,insurance_outbound.zip,insurance,outbound,25160f5c8855e90f75b60332a8d754e8d67f8b8782002a7234a7445d83ce8e9b,"OPENING, PRODUCT_PITCH, FEE_DISCUSSION, NEEDS_ANALYSIS, PASSIVE_AGREEMENT",0.95,True,"Agent opens the call, pitches a Medicare upgrade with premium details, verifies eligibility/details, and the customer agrees passively."
83ac26a2a51d419fb8ed37f4ed5bd553_transcript,home_service_inbound.zip,home_service_telecom,inbound,9eab74af4bd87947039001aa76cc08057133300c5731b1ef34bf717754d4c93d,"OPENING, NEEDS_ANALYSIS, MISUNDERSTANDING, CURIOUS_EXPLORATION",0.85,True,Call starts with a greeting; customer inquires about an order; agent asks for identifying details; confusion occurs over the customer's name.
ecb67614a5564449bb7374e7c843fecf_transcript,automotive_inbound.zip,automotive,inbound,14c6a7324354902c9a63d97855d3fcfd4124b15c6ba8f8d0ed5cfa267291207a,"OPENING, NEEDS_ANALYSIS, CURIOUS_EXPLORATION, MISUNDERSTANDING, WARM_LEAD",0.9,True,Opening greeting; customer expresses interest in a specific vehicle; agent analyzes needs; confusion over VIN digits; customer is a warm lead.
9a5d38b665764e39a686a481227f5e9336528023_transcript,medicare_inbound.zip,medicare,inbound,311ef2a74ce793681d7146231c88767bf892a3bcad22dbc5051200b1b893bf56,"OPENING, CURIOUS_EXPLORATION, PRODUCT_PITCH, NEEDS_ANALYSIS",0.88,True,Opening greeting; customer asks about trial runs; agent pitches the evaluation service and asks for scheduling preferences.
54ea4d286ff945d88b3cefec7a2c3bb7_transcript,medicare_inbound.zip,medicare,inbound,0b6836f68ba3f65139066aea0fec7d827d70ed9bccfe18205233208379e8aa40,"OPENING, FEE_DISCUSSION, OVERWHELMED_CONFUSION, ACTIVE_LISTENING",0.92,True,Opening greeting; customer discusses a bill and payment breakdown; customer expresses confusion over charges; agent acknowledges and listens.
Ocean_Beach_Boat___Auto_transcript,home_ervice_inbound&telecom _outbound.zip,home_service_telecom,outbound,2bb46c4e5b3aeb26e1a34b2fd3e7c6f98919c6e135e8fa11c767b7c6f0a0e303,"OPENING, PRODUCT_PITCH, SUSPICIOUS_PROBING, DEFENSIVE_POSTURE, FEE_DISCUSSION",0.9,True,"Contains greeting, internet upgrade offer, customer questioning legitimacy, refusal to provide credit card, and mention of no fees."
332305190016487long_transcript,automotive_inbound.zip,automotive,inbound,f6ac97308210073a28d5c7885de5166df154003dfc9cef51b6274b0200e900c9,"OPENING, NEEDS_ANALYSIS, CURIOUS_EXPLORATION, WARM_LEAD",0.8,True,"Greeting present, agent verifies identity, customer asks about BMW application process and agrees to fill out online form."
aaac3b2dd89e4541bf0c891fe5e0c4f1_transcript,home_ervice_inbound&telecom _outbound.zip,home_service_telecom,outbound,efb4a3c5ccd05dbec514356993c6913947b1ab4bb526ddaf505bbcee66b3b9aa,"OPENING, NEEDS_ANALYSIS, CURIOUS_EXPLORATION, FOLLOW_UP_EMAIL_REQUESTED",0.95,True,"Greeting, customer inquiring about glass repair, agent asking for car details, and customer agreeing to receive estimate via email."
5135212552_transcript,insurance_outbound.zip,insurance,outbound,15cc569aa30b0221fe9322110c8d5f636a35b7255b12cc6969053d2aad7189ac,"OPENING, PRODUCT_PITCH, FEE_DISCUSSION, NEEDS_ANALYSIS, MISUNDERSTANDING",0.9,True,"Greeting, pitch for Medicare benefits, mention of premiums, eligibility questions, and a moment where the customer asks for clarification."
Pizza_Fino_Louetta_1_transcript,home_ervice_inbound&telecom _outbound.zip,home_service_telecom,outbound,6e4fe0174f9998b5e8047cfe2d24334adb35b526c1f4e85e008c55e3ca0c2dac,"OPENING, PRODUCT_PITCH, FEE_DISCUSSION, NEEDS_ANALYSIS, CURIOUS_EXPLORATION",0.9,True,"Greeting, internet speed upgrade offer, specific pricing discussed, confirmation of account details, and customer asking about taxes."
2814265355_transcript,insurance_outbound.zip,insurance,outbound,e00a5eae2df5bf1fae7f5e8849c24f6b0c9ecec1243bfac5d6e0aecb4dddae40,"OPENING, PRODUCT_PITCH, NEEDS_ANALYSIS, OBJECTION_HANDLING, SUSPICIOUS_PROBING",0.9,True,"Contains greeting, pitch for Medicare benefits, verification of eligibility, customer questioning the agent's intent, and agent addressing those concerns."
648ece5d82f240f8b7b98f7490f5efa2_transcript,automotive_inbound.zip,automotive,inbound,3ae6febdcc5f442bd39f6bf7740b64f536d743a7d1a774e869fab3320a95551d,"OPENING, PRODUCT_PITCH, FEE_DISCUSSION, CURIOUS_EXPLORATION",0.85,True,"Includes greeting, customer inquiring about a specific truck, agent describing the vehicle's condition/offer, and discussing the price."
2020-09-15-21-28-26_999db4ba-0b8b-4e95-b381-487eddc0b8e1_v2x7HQOq1jXi5AgkoIC9sZHkzuG2fCWtr6yrx0nBmauZDVhPaLDE0pJw_transcript,auto_insurance_customer_service_inbound.zip,insurance,inbound,57259bef9c81cc28bb22d2096773392548148b4be24b7577b6d180feeb77e34a,"OPENING, PRODUCT_PITCH, NEEDS_ANALYSIS",0.8,True,"Greeting present, agent pitches rate comparison services to save money, and begins verifying customer information."
dd0dd34dcd7345d08a67f31965992917_transcript,medicare_inbound.zip,medicare,inbound,ad5a793823db1b5313da3b953db0a299aac4cc4b380c1c2da28327dbd829b498,"OPENING, NEEDS_ANALYSIS, CURIOUS_EXPLORATION",0.9,True,"Greeting present, customer inquiring about dog evaluations, and agent collecting detailed profile information for the pets and owner."
8111c3e842b14e44ae2ed3ded12434a7_transcript,automotive_inbound.zip,automotive,inbound,decfcd57b95269b983fb3b63d2ac98d17d33ad05b0472e903572fb1721f38176,"OPENING, CURIOUS_EXPLORATION, FEE_DISCUSSION, NEEDS_ANALYSIS",0.9,True,"Greeting present, customer inquiring about a specific car, discussion of price and monthly payments, and agent analyzing trade-in details."
DMEMED_rmbpo19_20211110-083614_5139221190_4701798-all_transcript,medical_equipment_outbound.zip,medical_equipment,outbound,11bde93c948f37d1b505e4ff604151e41e8b586d229dee3e9fb19e23e48ba781,"OPENING, NEEDS_ANALYSIS, PASSIVE_AGREEMENT",0.9,True,"Contains a greeting, verification of customer identity (name/zip), and customer agreement to the verification."
DMEMED_rmbpo17_20211108-142715_3367882284_4689561-all_transcript,medical_equipment_outbound.zip,medical_equipment,outbound,f2aba02f0e5d886ef5d3d2ba36c602ecc915ec1c266516d1fe5d2392673a41ab,"OPENING, NEEDS_ANALYSIS, PRODUCT_PITCH, FEE_DISCUSSION",0.95,True,"Includes greeting, eligibility screening for Medicare, a detailed pitch of benefits, and mentions of no-cost services and reduced premiums."
3043864884_transcript,insurance_outbound.zip,insurance,outbound,103045c98b7f455411918a11d17c9b856bd2eeded1fdcb05ff150871c4d70345,"OPENING, PRODUCT_PITCH, FEE_DISCUSSION, NEEDS_ANALYSIS",0.95,True,"Greeting present, pitch of Medicare benefits, discussion of cash back and no co-payments, and verification of Medicare status."
9014937850_transcript,insurance_outbound.zip,insurance,outbound,ac375edbf264e483a3a24c7789c34b3ea9ef5e71e5a3634676503eeb62da918e,"OPENING, PRODUCT_PITCH, FEE_DISCUSSION, OBJECTION_HANDLING, NEEDS_ANALYSIS",0.9,True,"Greeting, pitch of benefits, cost discussion, and agent responding to customer's mention of existing supplement coverage."
332305180026290long_transcript,automotive_inbound.zip,automotive,inbound,e63fca4fb1cfbfb0577ddac7aa3c2fba0c577c3858032b9aedaf176a711c52cb,"OPENING, DEFENSIVE_POSTURE, NEEDS_ANALYSIS",0.8,True,"Greeting after IVR, customer expressing frustration over lack of follow-up, and agent attempting to identify the previous representative."
2020-07-01-16-39-57_7319cb5e-b361-40e7-bbbb-e56ff5acad33_v2wd-hxiHmnD_9WzEAe7PUgFt89FhwkICQuWQdtFU2K-Yiu4fUOKYTeQ_transcript,auto_insurance_customer_service_inbound.zip,insurance,inbound,dad074842ea92469285575391d341f77976f0b4f9ef8129214f119a0cc0250e1,"OPENING, NEEDS_ANALYSIS, WARM_LEAD",0.9,True,"Agent opens the call and performs a detailed needs analysis by asking about current insurance, vehicles, and coverage."
cd05fa1112c34785b681b9a795503f16_transcript,home_ervice_inbound&telecom _outbound.zip,home_service_telecom,outbound,af42e6c023ce404b77ffee9ad8d794a06a029e6593737ae7b8bb8d24a3aee013,"OPENING, NEEDS_ANALYSIS, WARM_LEAD",0.9,True,Call starts with a greeting; agent gathers customer details and problem specifics to schedule a service visit.
recording-public_1176_transcript,customer_service_general_inbound.zip,customer_service,inbound,d700676ec7c8e8c66032b4313e29bb48d7aab4942b4e9a63342bb3909704cb60,"OPENING, NEEDS_ANALYSIS, PRODUCT_PITCH, FEE_DISCUSSION",0.95,True,"Includes greeting, eligibility questions, a pitch regarding policy ranges, and a discussion about the customer's budget."
58751dd13d3644c6b742da5a738eeebc_transcript,home_service_inbound.zip,home_service_telecom,inbound,1b390d96b8075c51dfbae03a987eb785d2deaaceefb9d5df4effa1af76382035,"OPENING, NEEDS_ANALYSIS, FEE_DISCUSSION, MISUNDERSTANDING",0.85,True,"Greeting and info gathering are present. Price is discussed, and the call ends due to a misunderstanding about the company's offers."
31f4bbbb9ecf4bd795bd566d0130fc5037052861_transcript,medicare_inbound.zip,medicare,inbound,1944ec138b620e63c4e575b7a400ac1597a8b3c70b11199c827a47c274ff0c52,"OPENING, NEEDS_ANALYSIS, PRODUCT_PITCH",0.8,True,"Greeting and patient intake are present, followed by an automated product pitch for dental services during the hold period."
7d40300caa5a40e6a02c91630edcf7d3_transcript,home_service_inbound.zip,home_service_telecom,inbound,117d347e4b0085d1a809904e990bda53068d222388d051e7f1ad253e6fcb6cef,"OPENING, NEEDS_ANALYSIS, ACTIVE_LISTENING",0.9,True,Agent opens the call and asks for insurance and claim details to determine how to assist the customer.
1c7545248f774120961daabeb9227c3e_transcript,automotive_inbound.zip,automotive,inbound,ab911ad90ecd41e72fcd56b66ac0bcb0f1dc562cdb3ab118cf6874e6e708d6c6,"OPENING, CURIOUS_EXPLORATION, ACTIVE_LISTENING",0.85,True,Agent greets the customer and helps them navigate the organization to find a specific employee.
recording-public_1006_transcript,customer_service_general_inbound.zip,customer_service,inbound,cf8feaeca931aeb4f943dc6aca7e2df6d6e56d642bd7d73379ac499ee7c7ed0a,"OPENING, PRODUCT_PITCH, FEE_DISCUSSION, NEEDS_ANALYSIS, WARM_LEAD",0.95,True,"Agent presents insurance rates, discusses costs, analyzes customer eligibility, and the customer shows high interest."
ed5e959913dd4f84871492bfd84aa3b0_transcript,automotive_inbound.zip,automotive,inbound,05df28373ff6e4c446de330ed20e2f55ea1210790d864b851ef08fbed3735965,"OPENING, NEEDS_ANALYSIS, ACTIVE_LISTENING",0.9,True,Agent opens the call and asks for the advisor's name to check the status of a vehicle.
95bf2822b92a4a89a61f35b4a486ed1a (1)_transcript,medicare_inbound.zip,medicare,inbound,04fb2f588285ef965cae0d6b1021f9401214c600ad7dfbd01be7371b2def4fa0,"OPENING, NEEDS_ANALYSIS, ACTIVE_LISTENING",0.9,True,Agent opens the call and asks about the pet's symptoms to determine the urgency of the appointment.
2caf47572a304505b3d52a67cd27fa7f_transcript,automotive_inbound.zip,automotive,inbound,83895877b091522d44325ce467a0b9c53ce11b4e94ef583572a5a2f283144eaf,"OPENING, NEEDS_ANALYSIS, PRODUCT_PITCH, FEE_DISCUSSION",0.9,True,"Contains greeting, inquiry about trade-in needs, offer of pre-owned options, and a request for pricing information."
3145314897_transcript,insurance_outbound.zip,insurance,outbound,9deb734298628e80608f8d2868ec245611506e2383979d91417828bafe04fc6e,"OPENING, NEEDS_ANALYSIS, PRODUCT_PITCH",0.9,True,"Includes outbound greeting, verification of Medicare eligibility, and a pitch regarding updated benefits."
2a1ae57c1ea0459d9ef18ac795af8b33_transcript,home_ervice_inbound&telecom _outbound.zip,home_service_telecom,outbound,f5c4ee7979be786336612ee782f27ceee78856046fabe51684b888a71cc467fb,"OPENING, NEEDS_ANALYSIS, PRODUCT_PITCH, SUCCESSFUL_SALE",0.9,True,"Greeting present, agent analyzes windshield damage, pitches a repair visit, and customer commits to coming in."
2d74642ec2024a7d8b0a78cd8bf04a79_transcript,home_ervice_inbound&telecom _outbound.zip,home_service_telecom,outbound,2dc21772b320bb92b790db39a5dc40000d095527dfb547bb47b78ea98891a10c,"OPENING, NEEDS_ANALYSIS, ACTIVE_LISTENING",0.8,True,"Greeting present, agent gathers detailed service needs and contact information, and repeats requirements back to the customer."
15c54227a0bc4f4ebf65368d403856b3_transcript,medicare_inbound.zip,medicare,inbound,647f4db04d7f64538e5c66a6fd133a8ce676b33949cc7f60f581f3580d4fda1a,"OPENING, NEEDS_ANALYSIS, SUCCESSFUL_SALE",0.9,True,"Greeting present, agent verifies patient details and insurance, and successfully schedules a medical appointment."
9a0c10fd946447229d704a4e4b5b5616_transcript,automotive_inbound.zip,automotive,inbound,59eed997fe69978a8d97beae1c0c21c01bc72355989b6bb8966186f76d5c60c7,"OPENING, NEEDS_ANALYSIS, OBJECTION_HANDLING",0.9,True,"Contains greeting, agent asks about vehicle noise for diagnosis, and handles the customer's objection regarding appointment availability."
129c2bae53c8470f869cfe5c0bc7adee_transcript,automotive_inbound.zip,automotive,inbound,89a34585e9768d601365dde5002d9fcbd1ff110c211a8fcac80a7f0c2e848b18,"OPENING, PRODUCT_PITCH, NEEDS_ANALYSIS, FEE_DISCUSSION",0.95,True,"Includes greeting, discussion of specific car inventory, inquiry into customer preferences, and detailed talk about pricing and budget."
6109655573_transcript,insurance_outbound.zip,insurance,outbound,43343fe8a197d1ecc685c00a0e680daae4b1309bd4dad2e05429362dbb158c9d,"OPENING, PRODUCT_PITCH, NEEDS_ANALYSIS, FEE_DISCUSSION",0.9,True,"Greeting present, agent pitches Medicare upgrades, verifies eligibility/card status, and mentions there is no additional cost."
40a84e6537614f9c902ce1d034799bdf_(1)_transcript,home_service_inbound.zip,home_service_telecom,inbound,37f2bdce419f7c62f2257e256f4efa9fc8b3ea148ba1c3fef08b8957cd04bb6e,"OPENING, NEEDS_ANALYSIS, MISUNDERSTANDING, CURIOUS_EXPLORATION",0.85,True,"Greeting present, agent gathers project details, customer asks for repetitions due to hearing difficulty, and explores painting services."
c88e129706d042faae30dd245d28fe03_transcript,automotive_inbound.zip,automotive,inbound,210d58eeb5dacd6be4dab92bed23de44c8add7435097ca1d0a681b8d65798f50,"OPENING, PRODUCT_PITCH, NEEDS_ANALYSIS, FEE_DISCUSSION, OBJECTION_HANDLING",0.9,True,"Greeting present, agent pitches a specific hybrid, asks about trim/color, discusses final price, and handles the color rejection."
9203850330_transcript,insurance_outbound.zip,insurance,outbound,ea91d35e733241120ac95176d0cf9f415fcc93a968112f88accc7445f50e7792,"OPENING, PRODUCT_PITCH, NEEDS_ANALYSIS, FEE_DISCUSSION, PASSIVE_AGREEMENT",0.95,True,"Agent opens call, pitches Medicare benefits, asks qualifying questions, mentions zero cost, and customer provides passive agreement."
8a645feb6e234655aad96445b2257a8b_transcript,medicare_inbound.zip,medicare,inbound,ce91d7d477236e76e7f6285daabf343f10b93f8dc681e52c8469ece3fbc3e87a,"OPENING, NEEDS_ANALYSIS, ACTIVE_LISTENING",0.9,True,Agent opens call and performs a detailed needs analysis to schedule a medical appointment for a new patient.
c95dde2f0c8149fcb41caccf7282dbd8_transcript,medicare_inbound.zip,medicare,inbound,d38f64b22cc9ebd31df8020b8955086af7ba72f0c6d8cb8eedafda4c2d328d2f,"OPENING, FEE_DISCUSSION, SUCCESSFUL_SALE",0.85,True,"Agent opens call, discusses a deposit fee, and successfully processes a credit card payment for the customer."
0f18733baa4343bdb58342c8acf1b337_transcript,home_service_inbound.zip,home_service_telecom,inbound,43f02318a1961da47ee949058d854d1c2ea27824fb613fefa40013d2f0d60007,"OPENING, NEEDS_ANALYSIS, FEE_DISCUSSION",0.9,True,"Agent opens call, discusses coupons, and gathers specific home and furnace details for a service appointment."
6568d13ad4604018a240099b47e5aea5_transcript,home_service_inbound.zip,home_service_telecom,inbound,4741168437ab8e9a57715b04b04539eeeb6de960b8883c616feac7f2389b4271,"OPENING, NEEDS_ANALYSIS, FOLLOW_UP_EMAIL_REQUESTED",0.9,True,"Agent opens call, gathers roofing project details, and collects an email address to send the estimate."
9b4c2a996639462a9935e4571ef0e325_transcript,medicare_inbound.zip,medicare,inbound,ec91e6b23550005648cb6d9c2f208a9eca803d2f0b0a15a0fdea92dbb64cdc6a,"OPENING, NEEDS_ANALYSIS, PRODUCT_PITCH, FEE_DISCUSSION",0.95,True,"Contains greeting, gathering boarding dates, pitching different suite packages, and discussing specific pricing for those packages."
57b642d8bc1e456da51cd15280363f95_transcript,home_service_inbound.zip,home_service_telecom,inbound,5ecad9a9b08a0fa87f0c1cf951e5ae55575fb6da8dd62ca2274cb504e6555f0e,"OPENING, NEEDS_ANALYSIS, CURIOUS_EXPLORATION",0.85,True,"Greeting present, agent collects applicant contact information, and customer is inquiring about employment opportunities."
6e5cfa303c8d4f9d8caea05e980bf738_transcript,medicare_inbound.zip,medicare,inbound,c68c31576d92967cce3a0e4868de4530e1eb6717c7deff62318f51ff11cae363,"OPENING, NEEDS_ANALYSIS, SUCCESSFUL_SALE",0.9,True,"Greeting present, agent analyzes the dental emergency, and the customer explicitly commits to a specific appointment time."
a1e6e2cc712947a1a150dbd2cbaa0ee0_transcript,medicare_inbound.zip,medicare,inbound,c18ede0df633af537bcc6e552a6bc52ab34b62dcbf1943e986e3dcb416bdb33d,"OPENING, NEEDS_ANALYSIS, PRODUCT_PITCH, SUCCESSFUL_SALE",0.95,True,"Greeting present, insurance eligibility check, offering available appointment slots, and successful booking of the appointment."
e2d292d8c1c04ccfbcd0584202d088e9_transcript,medicare_inbound.zip,medicare,inbound,d2efd27f87e46b25fe0f2a653d12ca10cb49f7a758b219af2f5e4ef496bff4cd,"OPENING, NEEDS_ANALYSIS, ACTIVE_LISTENING",0.8,True,"Greeting present, agent asks clarifying questions about symptoms and provides professional advice based on the customer's description."
6205097006_transcript,insurance_outbound.zip,insurance,outbound,728297cce8138916643ffd747a7e8659381bac1304f4fe7dc526b3f534f729ad,"OPENING, PRODUCT_PITCH, NEEDS_ANALYSIS, FEE_DISCUSSION",0.95,True,"Contains greeting, pitch for Medicare benefits, verification of eligibility (Part A/B), and mention of zero premium costs."
9192586981_transcript,insurance_outbound.zip,insurance,outbound,31f6fff1892c68c47f55bc8e56d409c4f487734159eecd51eb55f53b761a5ff2,"OPENING, PRODUCT_PITCH, NEEDS_ANALYSIS, FEE_DISCUSSION",0.95,True,"Includes greeting, pitch for Medicare upgrades, checking for Part A/B status, and discussion of zero additional costs."
c46d22f82df14fa4b986b7c58e433b6b_transcript,medicare_inbound.zip,medicare,inbound,9a42d35f5a5af2d0038bcac2e3a5a8b66f8a65c82c5d825504146e7a44f98e44,"OPENING, NEEDS_ANALYSIS, OBJECTION_HANDLING",0.85,True,"Greeting present, agent analyzes dog's needs/details, and handles the customer's concern regarding vaccine requirements."
2bc153fb08f14aed9f8e240d84c033e7_transcript,automotive_and_healthcare_insurance_inbound.zip,insurance,inbound,a985521e33ae6c63911c1100a1ec9bc03c93ff198bbb309a51bb73e388d1b647,"OPENING, NEEDS_ANALYSIS, CURIOUS_EXPLORATION",0.8,True,"Greeting present, customer explores availability of a specific car, and agent analyzes the specific vehicle requested."
6eb8fdfc3ded431db5667aaca748ff85_transcript,automotive_inbound.zip,automotive,inbound,2d65676210972929b69eea651e10e5ae214443f04083c29c3a7ae39ab434ab20,"OPENING, PRODUCT_PITCH, NEEDS_ANALYSIS, FEE_DISCUSSION",0.9,True,"Greeting present, agent explains approval process (pitch), analyzes income/credit, and discusses down payments."
ccdec9639cae41e3a38c660e0b491efb_transcript,automotive_inbound.zip,automotive,inbound,97ba6c44fbe9fb46cddb1cd0599faf222e43003305d915c784bef7960e546187,"OPENING, PRODUCT_PITCH, NEEDS_ANALYSIS, CURIOUS_EXPLORATION",0.8,True,"Contains IVR opening, customer inquiry about a specific vehicle, and a sales pitch emphasizing the understanding of customer needs."
recording-public_718_transcript,customer_service_general_inbound.zip,customer_service,inbound,4bf56f15886c5e2a3ded6a2c6e702e8bd1cba28e636cc9de516818d4795f0a8e,"OPENING, NEEDS_ANALYSIS, FEE_DISCUSSION, WARM_LEAD, PASSIVE_AGREEMENT",0.9,True,"Clear opening, detailed needs analysis for insurance, discussion of rates/budget, and a cooperative customer transferred as a lead."
f3a39a37b44644f58522b280043b7420_transcript,home_service_inbound.zip,home_service_telecom,inbound,fd72606581c5500ee311a5f6777f06d4c79268e7e5e8ca5e2d6314b613c538b9,"OPENING, NEEDS_ANALYSIS, SUCCESSFUL_SALE, ACTIVE_LISTENING",0.85,True,"Opening greeting, gathering customer and vehicle details for service, and successfully scheduling an appointment."
e36e348f7d9e4d1d85952172b3da2eb935966133_transcript,medicare_inbound.zip,medicare,inbound,a0f7ac4e30cf0d8e7081c36f9921700c268b73cd66b6b1d3c8649eca695635c2,"OPENING, NEEDS_ANALYSIS, PRODUCT_PITCH, CURIOUS_EXPLORATION",0.8,True,"Opening, agent analyzing patient struggles, pitching specific facility programs, and customer exploring facility amenities."
e256736519844044b9e9adc810c75b09_transcript,medicare_inbound.zip,medicare,inbound,ae7f45f03f7c5fb69a705304fed31a36c4491b751c33d8c8a419c54c07e6770b,"OPENING, NEEDS_ANALYSIS, CURIOUS_EXPLORATION, ACTIVE_LISTENING",0.8,True,"Opening greeting, customer describing vision symptoms, and agent actively listening to facilitate scheduling an appointment."
3aa8b63d549a4b2e86b181cf2cdf043a_transcript,home_service_inbound.zip,home_service_telecom,inbound,3e1ccb82386ed9374a077845bded5d9f18e511048b32dd9fcfb8e57935a35316,"OPENING, NEEDS_ANALYSIS, FEE_DISCUSSION, WARM_LEAD",0.9,True,"Agent greets customer, analyzes window repair needs, discusses the free quote cost, and schedules an appointment with a motivated customer."
recording-public_796_transcript,customer_service_general_inbound.zip,customer_service,inbound,572565d5e671740e197f969eb9f4f024a9ab041dea4c84cffc6d4c1ebce8138e,"OPENING, PRODUCT_PITCH, FEE_DISCUSSION, SUCCESSFUL_SALE, NEEDS_ANALYSIS",0.85,True,"Call includes greeting, presentation of a coverage program and premium, collection of beneficiary details, and explicit agreement to the plan."
332305110004771long_transcript,medicare_inbound.zip,medicare,inbound,65d19734b4a809d1e99ff3d5038da741ea1f4e1b390572abb8e0796681085da5,"OPENING, ACTIVE_LISTENING, CURIOUS_EXPLORATION",0.7,False,"Internal coordination call starting with a greeting, involving active listening and exploration of lead sources from emails."
e0e271cd9816493c95ff78886c6d54c7_transcript,home_service_inbound.zip,home_service_telecom,inbound,9a4094952a4d61a7be25b3a5b0bdfe655e89cd1390a683ff7e2ee6d5c5c4a8c4,"OPENING, PASSIVE_AGREEMENT, ACTIVE_LISTENING, STALLING_FOR_TIME",0.8,True,Greeting is present; agent uses stalling phrases while checking order status and customer provides passive agreement to a callback.
592ba777884d40bbaf330a54fa97e086_transcript,medicare_inbound.zip,medicare,inbound,6d9f5800e5124d4a621232ecab219a62846d10b42f249b84e2c139ba96337bea,"OPENING, PRODUCT_PITCH, FEE_DISCUSSION, SUCCESSFUL_SALE, NEEDS_ANALYSIS",0.95,True,"Agent greets customer, analyzes boarding needs, pitches luxury vs classic suites with pricing, and customer commits to the luxury option."
e54dbe8883014e46829d236fd8ee530b35550281_transcript,medicare_inbound.zip,medicare,inbound,59e6a3efec2edcd23c903df83f45ec80d4a9b13233dc5e6e6efcf806506739bd,"OPENING, NEEDS_ANALYSIS, CURIOUS_EXPLORATION",0.85,True,"Contains a greeting, agent asks for pet and owner details, and customer explores availability for grooming services."
2021-08-27-14-52-42_a755b0c0-5e60-46d0-bbdf-69aee66fffe2_RGBAF950FD8C0A98E291CBDE45721FE26CAADFFC219CWPKY01_-_Copy_transcript,automotive_and_healthcare_insurance_inbound.zip,insurance,inbound,cc072a20f22b323933aa874074c907ac5d38bb175a2eec547669ceea92eda46d,"OPENING, PRODUCT_PITCH, NEEDS_ANALYSIS",0.9,True,"Includes greeting, discussion of dental plan benefits, and verification of Medicare eligibility and zip code."
d5a10dce486f4285ba786eb8a8580fb9_transcript,home_ervice_inbound&telecom _outbound.zip,home_service_telecom,outbound,df43d2316cb0411fcc7e1d658de047bfc20f8135a970449ed26b48713c69e1ec,"OPENING, NEEDS_ANALYSIS, ACTIVE_LISTENING",0.8,True,"Greeting is present, agent collects customer contact and location info, and acknowledges the emergency water leak."
dd785ba3b20f49569c001ac70a8e7e24_transcript,home_ervice_inbound&telecom _outbound.zip,home_service_telecom,outbound,96acabdfa9c99338614721a9286a75f090e2666ec6b0b13ac4ce9297b1e1fec0,"OPENING, PRODUCT_PITCH, NEEDS_ANALYSIS, HARD_REJECTION",0.85,True,"Greeting present, agent explains the estimate process and asks for glass specs, ending with a clear customer rejection."
105fe7dc2e4d4aab9b65cf8ef7faab94_transcript,automotive_inbound.zip,automotive,inbound,f780e2edd01b783f40ca3d6a44689a58dc119726cea42ad0b75ce595fc2cafb7,"OPENING, PRODUCT_PITCH, NEEDS_ANALYSIS, FEE_DISCUSSION",0.9,True,"Greeting present, agent offers a credit application, asks for vehicle details, and discusses the down payment amount."
6018982740_transcript,insurance_outbound.zip,insurance,outbound,0f94c2d4886871f9fab80bb0cd2639713c8829e28d9da0e98c101c57c83f9a3d,"OPENING, PRODUCT_PITCH, FEE_DISCUSSION, NEEDS_ANALYSIS",0.95,True,"Contains greeting, a pitch for Medicare upgrades with money-back benefits, mentions of no additional cost, and verification of Medicare parts A and B."
2021-08-30-20-37-10_90237ad7-35ae-472d-9d8a-34502eb7143a_RGBC893749CED56DB84E055B1A1EF482D19EE39BB95PJ2M001_transcript,automotive_and_healthcare_insurance_inbound.zip,insurance,inbound,85ffb1db67df8f9e5b7f2131040189a01b4a67a26903f07af1cc71e45758af9e,"OPENING, NEEDS_ANALYSIS, ACTIVE_LISTENING",0.9,True,"Includes a greeting and a detailed intake process verifying zip code, state, Medicare eligibility, and personal identification details."
d845964365174f86a292b6f3d3cb3c4b_(2)_transcript,home_service_inbound.zip,home_service_telecom,inbound,5567558ba0a5d246bf82e53e936740443f951b0429a16cb98bdf3c52c5216746,"OPENING, NEEDS_ANALYSIS, CURIOUS_EXPLORATION",0.85,True,Starts with a greeting; customer explores if the company provides window glazing services and agent collects contact information.
81cc7adf39d34e37a0238705f5e75282_transcript,medicare_inbound.zip,medicare,inbound,89d17b9516c4756dd0783c90ddf9b9f0d814b1bf9842d0570a59d1b79cf20f44,"OPENING, NEEDS_ANALYSIS, CURIOUS_EXPLORATION",0.85,True,Greeting present; customer asks about hours of operation and the agent analyzes insurance network compatibility.
e1d59303b6d048b18eeb1e7cfc0ee7e9_transcript,home_ervice_inbound&telecom _outbound.zip,home_service_telecom,outbound,1c0da3bfb72537ba9c5660fbc277a3f9dbb9bac3274768f4683f5500725f9dec,"OPENING, NEEDS_ANALYSIS, FEE_DISCUSSION",0.9,True,Greeting present; extensive needs analysis regarding roof details and a specific request for quotations/pricing.
4c8953b7849b4cab85f2cd7ddf3cd162_transcript,automotive_and_healthcare_insurance_inbound.zip,insurance,inbound,d3033371cbc506394fc467919ba828dd43025b5cfcae94f8e4bfc51e6a03a17e,"OPENING, NEEDS_ANALYSIS, ACTIVE_LISTENING",0.9,True,"Contains a clear greeting, agent asks for customer details to locate a file, and uses active listening to clarify the request."
8706310606_P2_transcript,insurance_outbound.zip,insurance,outbound,3ad0e6404088cbecd74d23a16142e560631e25c0d23d8a87d3cbc60792f86bf3,"PRODUCT_PITCH, FEE_DISCUSSION, NEEDS_ANALYSIS, PASSIVE_AGREEMENT",0.95,True,"Agent pitches benefits, mentions premium costs, verifies eligibility/Medicare status, and customer provides passive agreement."
ebf361200b8b411ab69fab118e654c16 (1)_transcript,medicare_inbound.zip,medicare,inbound,37e725072961f3fa447ab7af0887ccdee617443ce6695bbe7c8f28157b97a559,"OPENING, NEEDS_ANALYSIS, ACTIVE_LISTENING",0.9,True,"Includes a formal opening, agent asks for patient name and insurance details to check availability, and confirms information."
3183528071_transcript,insurance_outbound.zip,insurance,outbound,8d1907ade101e38c604e36c9cce1bfc2cc5e5c6ba7167b4374ca53e0b86031f7,"OPENING, PRODUCT_PITCH, FEE_DISCUSSION, NEEDS_ANALYSIS, PASSIVE_AGREEMENT",0.95,True,"Greeting present, agent pitches Medicare benefits, discusses premiums/costs, verifies eligibility, and customer agrees passively."
b071712c33a3467fa09115951432124b_transcript,medicare_inbound.zip,medicare,inbound,6c007815f4dc64ce23b569da253b58bf6899c31bebae584bbee2456ea1cd676b,"OPENING, NEEDS_ANALYSIS, ACTIVE_LISTENING, SUCCESSFUL_SALE",0.9,True,"Greeting present, agent analyzes scheduling needs, listens to preferences, and successfully books the grooming appointment."
18517e6328c04f04bccee73169a63573_transcript,medicare_inbound.zip,medicare,inbound,0bef745723283df1d8c74a5d9de0f290847ba975810a4e5f4c158275549d0464,"OPENING, NEEDS_ANALYSIS, FEE_DISCUSSION, WARM_LEAD",0.9,True,"Contains greeting, inquiry about daughter's medical needs, discussion of financing/costs, and customer expressing positive sentiment about the organization."
1da93440cf8c4718ae467bc315c3c5a4_transcript,home_service_inbound.zip,home_service_telecom,inbound,6fc1f51f16dac4e43abb15b46f1f32cc8e8b56835079b7d2be43be3716cde8af,"OPENING, NEEDS_ANALYSIS, PRODUCT_PITCH, FEE_DISCUSSION",0.9,True,"Includes greeting, collection of customer contact details, explanation of the inspection service process, and a request for pricing."
9b81b9f4e8e945348f214f2207d6f0443680022_transcript,medicare_inbound.zip,medicare,inbound,929877d312fe4297488e1c154ae1920a2950966104878f9cf960dc92edf07021,"OPENING, NEEDS_ANALYSIS, CLOSING_NEGOTIATION, ENTHUSIASTIC_AGREEMENT",0.85,True,"Greeting present, agent asks for equipment manufacturer details, proposes a specific appointment time, and customer agrees enthusiastically."
DMEMED_rmbpo17_20211117-124715_7244389082_4822505-all_transcript,medical_equipment_outbound.zip,medical_equipment,outbound,ce73ca246fd1dc4fe5a5f6566c16784d72f1165a19f1b6357a85911e9aa5bd73,"OPENING, NEEDS_ANALYSIS, PRODUCT_PITCH, SUCCESSFUL_SALE",0.95,True,"Greeting present, agent verifies Medicare eligibility, pitches specific benefits, and proceeds to fill out the enrollment form."
2220a665e54b4a87ac16c53f4af9ce92 (1)_transcript,medicare_inbound.zip,medicare,inbound,c962f669b3c28977e496e80b9c97b5d456866dbb4f8b32d302c868d2dbecc1c8,"OPENING, NEEDS_ANALYSIS, PASSIVE_AGREEMENT",0.8,True,"Greeting present, customer requests records and scheduling, and agrees to the agent's proposed plan of action."
DMEMED_rmbpo19_20211015-143922_7276453203_3891924-all_transcript,medical_equipment_outbound.zip,medical_equipment,outbound,06578d61976c937442517dc495ad64b69d48b856c7d8359e2e19aedf3c496dee,"OPENING, PRODUCT_PITCH, NEEDS_ANALYSIS",0.9,True,"Contains a greeting, verification of current Medicare coverage, and a pitch regarding new plans for the open enrollment period."
9036642992_transcript,insurance_outbound.zip,insurance,outbound,6768b2a0edeb27f2687da72e1625cf2de837a7b197662c835e78ef75c90bce41,"OPENING, PRODUCT_PITCH, NEEDS_ANALYSIS, SUSPICIOUS_PROBING",0.95,True,"Includes greeting, pitch for additional benefits, eligibility check for Part A/B, and customer expressing distrust about providing information."
588c75b9c35f416da0aa35516d7344e6_transcript,automotive_inbound.zip,automotive,inbound,a1b2a2c939c3937b4a38f998a580239064adfef34835a3153b5d06fd7cb50d93,"OPENING, PRODUCT_PITCH, FEE_DISCUSSION, CLOSING_NEGOTIATION",0.85,True,"Greeting present, specific vehicle pitch, discussion of cash payment, and agent attempting to close via docusign."
1e8b41906b6f4f809675c61ead239ccf_transcript,automotive_inbound.zip,automotive,inbound,c02e8419ed42da07bcb935fde0b9c3c40590f2f526db1d04f0c466fcedb9d0e0,"OPENING, NEEDS_ANALYSIS, ACTIVE_LISTENING",0.8,True,"Greeting and coordination of a service appointment, including verifying customer details and preferred rescheduling times."
04eb6d032ed5491890d93ea145b5cc69_transcript,medicare_inbound.zip,medicare,inbound,bb5a6095d685d91f2c4b07b66c5c323a7b600ca43bf785c8d873dfac63e2e10b,"OPENING, NEEDS_ANALYSIS, OVERWHELMED_CONFUSION",0.85,True,"Greeting, identity verification for appointment lookup, and customer expressing confusion and distress over a missed appointment."
90d5c38becfa4cd38d49aa3ba093142c_transcript,home_ervice_inbound&telecom _outbound.zip,home_service_telecom,outbound,a6d85bb6f951e3807334b74ca0656962d7b842f9d8006b7d5c202cdf6b1abc85,"OPENING, NEEDS_ANALYSIS, FEE_DISCUSSION, CURIOUS_EXPLORATION",0.9,True,"Contains a greeting, agent asks about vehicle usage and contact details, and the customer explicitly asks about the price."
21edb1dd87b4451fb7d185104e10c918_transcript,medicare_inbound.zip,medicare,inbound,a3a6c9760fd857b7d72b8f9ca37495789bd09b465281e8c41edab1b6555cc3a2,"OPENING, NEEDS_ANALYSIS, CURIOUS_EXPLORATION",0.85,True,"Includes a greeting, agent analyzes the customer's procedural needs for scheduling, and the customer explores appointment options."
4d49da9278104709be3207b3065ffa01_transcript,home_ervice_inbound&telecom _outbound.zip,home_service_telecom,outbound,0a0fa21cac335420c0f7fa883b8c95ca65169c75036877de0340d0a7c0121087,"OPENING, NEEDS_ANALYSIS, CURIOUS_EXPLORATION",0.9,True,"Greeting is present, agent collects location and contact info to route the call, and customer is seeking a service estimate."
493c32e0730444f9b88eaef97c4596fe_transcript,automotive_inbound.zip,automotive,inbound,fca5923a02a69f2f8ac5a6aaa74d22d2ab2aed9f362f90f74ee0fb10283a8aa6,"OPENING, NEEDS_ANALYSIS, CURIOUS_EXPLORATION",0.95,True,"Greeting is present, agent performs detailed needs analysis on car specifications (color, trim, sunroof), and customer explores inventory."
aacc2c638a5d4adab9bae243efc55d39_transcript,home_service_inbound.zip,home_service_telecom,inbound,6a359559661642ccae3dd2be443ab3785c46174b1d1e3d33b32d3552d1dd5b83,"OPENING, PRODUCT_PITCH, NEEDS_ANALYSIS, CURIOUS_EXPLORATION",0.9,True,"Greeting is present, agent explains the service process (pitch), collects customer details, and customer asks about the estimation process."
485dea7137094745b3a215744250e1c936754629_transcript,medicare_inbound.zip,medicare,inbound,72de7eb2504338f395aec727e678b9b3d17244c74abad7afb68c047c6aabe9b2,"OPENING, NEEDS_ANALYSIS, CURIOUS_EXPLORATION",0.8,True,"Contains greeting, agent analyzes scheduling needs, and customer asks about the validity of a wellness certificate."
a50a08611217434ebcb7638021c3e79c_transcript,medicare_inbound.zip,medicare,inbound,d8e7578ff0d096143b45bade52ad6eaa691cfe47aa27abfec3124cfa983cb2bf,"OPENING, NEEDS_ANALYSIS",0.9,True,Greeting is present and agent asks for patient details and specific medical documentation needs.
8179965390_transcript,insurance_outbound.zip,insurance,outbound,5e4dea9d7a2ea763c0683f2ff6bc3bf4897338ddf0b174e5aecf238953bdecc0,"OPENING, PRODUCT_PITCH, FEE_DISCUSSION, ENTHUSIASTIC_AGREEMENT, SUCCESSFUL_SALE",0.95,True,"Outbound call with a clear pitch of benefits, mention of zero cost, strong customer agreement, and commitment to enroll."
d3babece1de24fd9982cb928ec3490ac_transcript,automotive_inbound.zip,automotive,inbound,142980acae56d66a50a07386f6f365f6f8522e7e6edb2dd8938061fa01eb1f9a,"OPENING, NEEDS_ANALYSIS",0.9,True,Greeting present and agent performs needs analysis by requesting VIN and account information.
68dde699279a46f49b6fcc5487b84a2b_transcript,automotive_inbound.zip,automotive,inbound,1d737a63ab0a6e307511a9218e1268ff4c294cbc185116b998525a54d59143b2,"OPENING, NEEDS_ANALYSIS, FEE_DISCUSSION, SUCCESSFUL_SALE",0.95,True,"Greeting present, agent verifies quote and shipping, discusses the final price, and successfully processes payment."
e99e6ce2ebfd461abbacc80d7f58b9fb_transcript,home_service_inbound.zip,home_service_telecom,inbound,63d05a123da159f9ca087ff999b609ce95d68b67fe14dc32952b2c7c8fe8da6b,"OPENING, NEEDS_ANALYSIS, FEE_DISCUSSION",0.9,True,"Contains a greeting, agent analyzes the invoice/customer needs regarding unpainted ceilings, and discusses the additional cost."
3ffd40967dca4d25bb4a1524c4160338_transcript,automotive_and_healthcare_insurance_inbound.zip,insurance,inbound,3abcc846372f77657ab6cdda94c7d950e75513e9e2691182a67ed40a528855d2,"OPENING, NEEDS_ANALYSIS, PRODUCT_PITCH",0.9,True,"Includes a greeting, agent probes for transmission preference (automatic vs manual), and presents available vehicle options."
9f0ab3b71e7040f58d558d927eb102e1_transcript,home_service_inbound.zip,home_service_telecom,inbound,b1dc3e88b05abcfd3eec9e5799e66ac0b19d1c8158c8d2ca5c6f215eec99ee86,"OPENING, NEEDS_ANALYSIS, FEE_DISCUSSION",0.9,True,"Greeting is present, agent asks clarifying questions about the window location, and provides a price quote."
79f58ea087764fcf8e4d517fe626486c_transcript,medicare_inbound.zip,medicare,inbound,69407225d580664d1f63804c93d65def7298c2275a46ddefd96a064f3c395be0,"OPENING, NEEDS_ANALYSIS, FEE_DISCUSSION, SUCCESSFUL_SALE",0.95,True,"Greeting present, agent asks about pet history and breed, discusses starting prices, and customer explicitly agrees to book."
7407783248_transcript,insurance_outbound.zip,insurance,outbound,76fd3ce9834dac239ded1cdd929523eaa01f8df2139c51004c9f04f3b6d30288,"OPENING, PRODUCT_PITCH, FEE_DISCUSSION, NEEDS_ANALYSIS",0.95,True,"Greeting present, agent pitches multiple Medicare benefits, discusses costs/money back, and verifies eligibility (Part A and B)."
88e3042f3f694b378de2965ba31c5a8c_transcript,home_ervice_inbound&telecom _outbound.zip,home_service_telecom,outbound,62f6443e992e53a741ce47e34dd17d687ac31b3917a921eab9067cafb707fa93,"OPENING, NEEDS_ANALYSIS, WARM_LEAD",0.9,True,"Contains a greeting, agent collects customer details for an estimate, and the customer initiated the call seeking a specific service."
629bc5256992458781c4a1536cb5dc5a_transcript,home_ervice_inbound&telecom _outbound.zip,home_service_telecom,outbound,caeec20fa9da6fd147a7d54cefe7a9bf4c194f8070c2c42b0c8260766e4f72bc,"OPENING, NEEDS_ANALYSIS, FEE_DISCUSSION, PRODUCT_PITCH",0.95,True,"Includes greeting, detailed vehicle inquiry, a specific price quote for glass replacement, and a pitch for the service."
9d232a323d42463b9465e71cceeb4656 (1)_transcript,home_service_inbound.zip,home_service_telecom,inbound,9523ec036e7f85fc4b1b23b61b2d9f1b9ba834eddb7523f4f7aae7936048ec34,"OPENING, NEEDS_ANALYSIS, ACTIVE_LISTENING",0.85,True,"Greeting is present, agent verifies customer identity and contact details, and uses confirmation techniques to ensure accuracy."
332305180027227long_transcript,medicare_inbound.zip,medicare,inbound,cbb894f76169799094077ce4eda3cb1821bd235d20da301500e961ee9087bbdf,"OPENING, NEEDS_ANALYSIS, CURIOUS_EXPLORATION",0.8,True,"Greeting present, agent verifies patient identity, and customer explores options for appointment timing and medication dosage."
5019910020_transcript,insurance_outbound.zip,insurance,outbound,b419fa3fae291f128126d8ecfd65c69ac5e18a8fc9867c45094e8a22701f33fe,"OPENING, PRODUCT_PITCH, FEE_DISCUSSION, NEEDS_ANALYSIS",0.95,True,"Greeting present, agent pitches Medicare benefits, discusses premiums/costs, and verifies eligibility and personal details."
782d80c5e1004e8aac737c0dd10822aa_transcript,medicare_inbound.zip,medicare,inbound,27902ed41e8724a1d8112b35b7ea665a5dc66ff28bf372d1d2d125517e7bf199,"OPENING, CURIOUS_EXPLORATION, FEE_DISCUSSION, NEEDS_ANALYSIS",0.9,True,"Contains greeting, customer inquiring about services and pricing, and agent collecting patient details for eligibility."
534e0a420abd41e09b8e5c0931025d5d_transcript,automotive_inbound.zip,automotive,inbound,99ab6c29d532e2dfc15245dfbd0a467c1b6b8ffa69a7ead6b4156e6e234ef80f,"OPENING, FEE_DISCUSSION, CURIOUS_EXPLORATION",0.85,True,Greeting present; customer is inquiring about payment methods and requesting a check-holding arrangement.
7328073622_transcript,insurance_outbound.zip,insurance,outbound,a488c0eb7607d946f018340a421c4ec3c062dca8ebbcf9247ccc5c3303a7b070,"OPENING, PRODUCT_PITCH, FEE_DISCUSSION, NEEDS_ANALYSIS",0.95,True,"Outbound call with greeting, pitch for Medicare upgrades, mention of no cost, and verification of patient details."
7145393841_transcript,insurance_outbound.zip,insurance,outbound,d82961721c17faafa654f9fb5cc3e36a532b7784cb7736f4a2d56d534c126dfd,"OPENING, PRODUCT_PITCH, FEE_DISCUSSION, NEEDS_ANALYSIS",0.95,True,"Greeting, detailed pitch of Medicare benefits at no cost, and extensive verification of customer eligibility and identity."
ced832ce52ea467ba71906167a70ea5c36379607_transcript,medicare_inbound.zip,medicare,inbound,802f5cb6a071c44eddb3606748b3f0fa574bdff6e9f1df0c678ebae5512bd7aa,"OPENING, CURIOUS_EXPLORATION, PRODUCT_PITCH, FEE_DISCUSSION",0.9,True,"Greeting, customer asking about emergency procedures and room types, agent pitching suite options and pricing."
6103172042_transcript,insurance_outbound.zip,insurance,outbound,62af575766c864282feb7ddbc907903795dd9ce8087320ea6022d4f38e7858fe,"OPENING, PRODUCT_PITCH, NEEDS_ANALYSIS, FEE_DISCUSSION",0.95,True,"Contains greeting, pitch for Medicare benefits, verification of Part A/B eligibility, and discussion of premiums and co-payments."
332305150018002long_transcript,medicare_inbound.zip,medicare,inbound,ac448346c24e02bd1049d975d48b1745e785ce20b3ca6c0dacc1d4004dbe5dcf,"OPENING, NEEDS_ANALYSIS, CURIOUS_EXPLORATION, ACTIVE_LISTENING",0.85,True,"Includes greeting, patient describing their dental situation (needs analysis), exploring options, and staff providing active listening and suggestions."
84ada23a9d5243058f1462a26fd5ba7837007017_transcript,medicare_inbound.zip,medicare,inbound,dc22b9e864904b03e3d0f71b301cebb26b9bd36d93f9906d2c0e4e260f1228a4,"OPENING, NEEDS_ANALYSIS, ACTIVE_LISTENING",0.8,True,"Contains greeting, agent gathering patient/pet details for appointment scheduling, and confirming information provided by the caller."
36827856192d4ff9acabd373a289f41f36342589_transcript,medicare_inbound.zip,medicare,inbound,fe760b5ca2e6852359affd5497a20ca25cc4c1bd0d8a98a95aaa9627db0db37c,"OPENING, NEEDS_ANALYSIS, PRODUCT_PITCH",0.9,True,"Includes greeting, discussion of the dog's medical condition for daycare eligibility, and a detailed pitch about the facility's luxury suites."
2020-04-03-16-06-51_225edd0c-75c5-11ea-a677-0eec45eb3237_2146f42c-75c5-11ea-9234-5dae7a34f58c_transcript,auto_insurance_customer_service_inbound.zip,insurance,inbound,d391e266293f967e984a271aff5802009459a5c8517c5fb3d6b176f663383300,"OPENING, NEEDS_ANALYSIS, FEE_DISCUSSION, COMPETITOR_COMPARISON",0.95,True,"Contains greeting, extensive data collection for insurance quoting, inquiry about current provider, and current payment amounts."
5452899e992144a4a6aac380c59b3bbc_transcript,automotive_inbound.zip,automotive,inbound,35c42a00627aaa21468a7ebf362cb7528d475e32cc0efde35ee63f7772efc299,"OPENING, PRODUCT_PITCH, NEEDS_ANALYSIS, FOLLOW_UP_EMAIL_REQUESTED",0.9,True,"Contains greeting, discussion of vehicle features (Tundra), trade-in analysis, and a specific request to send a build sheet via email."
9193842787_transcript,insurance_outbound.zip,insurance,outbound,d471a9ebfaa27d16b214bbc066b44f3ab46abe2f63ec23529b6fd4777735943b,"OPENING, PRODUCT_PITCH, NEEDS_ANALYSIS, FEE_DISCUSSION",0.95,True,"Includes greeting, pitch for Medicare benefits, eligibility questions (Part A/B), and mentions of zero cost/premiums."
2020-10-05-20-55-14_cd8da015-95c5-456b-b780-c05e21b2b1b6_v2wZtj88PQwqjZ27uvkMLFS2DISoihbCmU4Vk7k86IGGzS_P3B0B-7yw_transcript,auto_insurance_customer_service_inbound.zip,insurance,inbound,e2065a948a56e2803752cb4ecfbaa99bfa7751ad4f5327ee7aae2c755c9647fa,"OPENING, NEEDS_ANALYSIS, FEE_DISCUSSION, CURIOUS_EXPLORATION",0.9,True,Greeting present; extensive data collection for insurance quote; discussion of current monthly payments; customer asks for clarification on coverage levels.
5d6c34e5281d412eb650896fb685cd19_transcript,automotive_and_healthcare_insurance_inbound.zip,insurance,inbound,8572d17b25e91eed556e999668ade5773c458324f7573ec372b862f30551006d,"OPENING, OBJECTION_HANDLING, DEFENSIVE_POSTURE",0.8,True,"Greeting present; customer expresses frustration over part failures and costs, while the agent explains warranty terms to resolve the complaint."
recording-public_912_transcript,customer_service_general_inbound.zip,customer_service,inbound,a37351e6b460ba0b32b93d5fadbe28441fcbf4184e9fe22f9838ee2c07140e11,"OPENING, PRODUCT_PITCH, NEEDS_ANALYSIS, FEE_DISCUSSION",0.95,True,"Greeting present; agent asks about existing funeral policies, pitches a final expense plan, and provides a premium price range."
a200328f4f914caab6487b333715ae17_transcript,home_service_inbound.zip,home_service_telecom,inbound,5c907cb70a1d238c4be7526ce8804c665d28d7781e8547c166a7fa4b60d54ad6,"OPENING, NEEDS_ANALYSIS, ACTIVE_LISTENING",0.9,True,"Contains a greeting, agent gathers customer identity and appliance problem details, and acknowledges the customer's inconvenience."
2020-10-02-15-07-51_39a770f4-a7c0-490d-999a-848af277f649_v2t2qvEEiOLvtpa3NN7K5N7ajzLxx6PtCkdEoK45n3-2rB-dyFdht15g_transcript,auto_insurance_customer_service_inbound.zip,insurance,inbound,63f224fdf1bc7d50479fd3c472dd51d924c4d2de036f80b54d4017437ba759d0,"OPENING, NEEDS_ANALYSIS, FEE_DISCUSSION, SOFT_REJECTION",0.95,True,"Greeting present, extensive intake of insurance details, discussion of monthly payments, and customer declines the bundling offer."
1e48554c61d842e9ac86b383c53b751f_transcript,home_service_inbound.zip,home_service_telecom,inbound,ecfa4bf0fb888fa7dd5ac782795b5c8cc5d9c314bd483460094723388bd7be79,"OPENING, NEEDS_ANALYSIS, THREATENING_COMPLAINT",0.85,True,"Greeting present, agent analyzes the failed repair history, and customer threatens to seek a refund."
ea2284ef410e41ad831435eb6c78d7b0_transcript,home_ervice_inbound&telecom _outbound.zip,home_service_telecom,outbound,2391a03ea73260a6343a5d66189f05c84aacbfe1b5acd14050c25c754243bc42,"OPENING, NEEDS_ANALYSIS, CURIOUS_EXPLORATION",0.9,True,"Greeting present, customer inquires about pest control services, and agent gathers contact information."
2c8f161761454429adb614d6a64d5fad_transcript,automotive_and_healthcare_insurance_inbound.zip,insurance,inbound,cd1e6083b1a6de37ccda1e7dbf7a4287a85668444b17d014b4c62d3fe64869c5,"OPENING, NEEDS_ANALYSIS, CURIOUS_EXPLORATION",0.9,True,"Greeting present, customer asks about a trade-in offer, and agent asks about financing and account details."
509180527146426c8dc73f96a69ac7c7_transcript,medicare_inbound.zip,medicare,inbound,db303acf733190065eecadd1981403d0cc9b326d7a72f91a07d3999613f0000a,"OPENING, NEEDS_ANALYSIS, PRODUCT_PITCH, FEE_DISCUSSION, SUCCESSFUL_SALE",0.95,True,"Contains greeting, patient history gathering, offer for an exam, price discussion, and agreement to schedule an appointment."
4f859346-497e-4fd4-a140-2c7a0f6cd23c_transcript,home_service_inbound.zip,home_service_telecom,inbound,d9640561dada3cd2a26d7f82cab9957a6f2ef93b055f688cc80e9143f65965b6,"OPENING, WARM_LEAD",0.8,True,Includes IVR opening and a customer leaving a voicemail specifically requesting a service estimate.
c706a880137146199222d2ec4fe1f550_transcript,home_service_inbound.zip,home_service_telecom,inbound,f372d5135bf79d0b0fadf3295db842e7c4194e6ac7a14e4890f2fd3f660f540e,"OPENING, NEEDS_ANALYSIS, PRODUCT_PITCH, WARM_LEAD",0.9,True,"Greeting present, agent analyzes the damage and location, offers an estimate, and customer agrees to it."
recording-public_1012_transcript,customer_service_general_inbound.zip,customer_service,inbound,f2d13a12b219629047a3cecd01d29d8d25610f3bbbccd347891c080d386f667b,"OPENING, NEEDS_ANALYSIS, WARM_LEAD",0.85,True,"Greeting present, agent asks about existing insurance policies to determine needs for a new coverage plan."
All_American_Deli_s-Subs-Such_(2)_transcript,home_ervice_inbound&telecom _outbound.zip,home_service_telecom,outbound,0c1a6f7075a06c671558111d80bc2ada3e2cc11aa470b7304d283ec61c299c78,"OPENING, PRODUCT_PITCH, FEE_DISCUSSION, OBJECTION_HANDLING, SOFT_REJECTION",0.9,True,"Greeting present, agent pitches a plan upgrade and discusses costs; customer resists the need for a technician visit."
84bee5c465eb4e7c87fa866b281ffff3_transcript,home_ervice_inbound&telecom _outbound.zip,home_service_telecom,outbound,2ee27d7d9ddf45bc646a996c5a95872f7392f9be853c1a4734b1e3d72002da3a,"OPENING, NEEDS_ANALYSIS, CURIOUS_EXPLORATION",0.9,True,Contains greeting and agent asking for specific vehicle details to provide a windshield replacement estimate.
89d5630ada4e44da9da7c4edaf03b165_transcript,medicare_inbound.zip,medicare,inbound,8b86647279153fba2fb56a29ba7a9e5c3706f658e081cad9d90098d9d738f885,"OPENING, NEEDS_ANALYSIS, PASSIVE_AGREEMENT",0.8,True,Greeting present; agent analyzes scheduling needs and customer agrees to check available dates.
332305170030712long_transcript,medicare_inbound.zip,medicare,inbound,ad35e94831290398a05dc2a48f218277fa758c9367a9770ce956695f8e1c8119,"OPENING, NEEDS_ANALYSIS, FEE_DISCUSSION, SUCCESSFUL_SALE",0.9,True,"Greeting present, needs analyzed, 'no charge' mentioned, and customer commits to bringing in models for a new retainer."
07c8f9597ec341a29528307030af80d9_transcript,automotive_inbound.zip,automotive,inbound,a078b67d81fcc2705b1eebb9b84849085bf848e07931506cfb6d9b90f95cbd70,"OPENING, NEEDS_ANALYSIS, CURIOUS_EXPLORATION",0.9,True,Greeting present; agent collects customer and vehicle information to facilitate a service appointment.
82235072d91f48f4af6d67dcd3b0365034986602_transcript,medicare_inbound.zip,medicare,inbound,d9725a6ad0850029474e22961b1baa09a9aea5270fe08b16c6650f826a83b76e,"OPENING, DEFENSIVE_POSTURE, FEE_DISCUSSION, OBJECTION_HANDLING, ANGRY_OUTBURST",0.9,True,"Greeting present; dispute over insurance coverage leads to customer anger, defensiveness, and agent attempting to handle the objection."
DMEMED_rmbpo05_20211209-111750_5205295649_4925182-all_transcript,medical_equipment_outbound.zip,medical_equipment,outbound,1ad93401789651bff24558ed234877ecb71cc088a2cc1636d54ac3810661a6db,"OPENING, PRODUCT_PITCH, NEEDS_ANALYSIS, FEE_DISCUSSION",0.9,True,"Agent opens the call, pitches synthetic polymer braces, analyzes the customer's back pain/eligibility, and mentions the service won't cost anything."
096daac1268345e0b383241f5d543030_transcript,automotive_inbound.zip,automotive,inbound,bd89b4a6602a0338583badbc5bf8ac774f7972ebd3798ec38de4d0154a883795,"OPENING, NEEDS_ANALYSIS, WARM_LEAD",0.85,True,"Call starts with a greeting; agent analyzes the customer's specific car preferences (manual, white Civic); customer is a warm lead actively seeking a vehicle."
be39e3b723cc414e9fdbba0069654052_(1)_transcript,home_service_inbound.zip,home_service_telecom,inbound,c1d2d11c230bd297a6c64732deca3cf3909cbb82402f58e24298ef1c9373043c,"OPENING, NEEDS_ANALYSIS, CURIOUS_EXPLORATION",0.8,True,Contains a greeting; customer is exploring if the company previously serviced the home; agent asks for identifying details to check records.
fdc7b5a03bc74a04ac047e5984db2a58_transcript,home_ervice_inbound&telecom _outbound.zip,home_service_telecom,outbound,44fe494d1eef9ecbb8785ce188e870370197eca90911f1eb2905d14938a548bc,"OPENING, NEEDS_ANALYSIS, FEE_DISCUSSION",0.9,True,Greeting is present; customer explicitly asks for a quote (fee discussion); agent asks for vehicle year and model (needs analysis).
38d317ed10e649458f1cecee67bd97c7 (3)_transcript,home_service_inbound.zip,home_service_telecom,inbound,a3ca52abb43214c08f8ec02f538b5baef61462e8cb105554a0534129d21481c7,"OPENING, NEEDS_ANALYSIS, SOFT_REJECTION",0.8,True,"Greeting is present; agent analyzes the request for front door glass repair but then refers the customer to other companies, effectively rejecting the job."
edd704c0ff7a4d3b810afee4ce05bb74_transcript,home_ervice_inbound&telecom _outbound.zip,home_service_telecom,outbound,2505e0af5e3d46e84d5a34de85ae240ffbad37f6c8a012cba3a85169bdd751d8,"OPENING, NEEDS_ANALYSIS, PRODUCT_PITCH, CURIOUS_EXPLORATION",0.9,True,"Contains greeting, agent analyzing glass specifications, pitching a technician visit/new glass, and customer asking about possibilities."
4da522b018a64be5901200ef42ef2f13_transcript,automotive_and_healthcare_insurance_inbound.zip,insurance,inbound,3833677ba8446c022d7a7be5451717db1a6ba132d8c165fbc29172cf663959f0,"OPENING, NEEDS_ANALYSIS, FEE_DISCUSSION, SUCCESSFUL_SALE",0.85,True,"Greeting present, agent collects vehicle and contact details, mentions pricing, and successfully schedules a service appointment."
3522311454_transcript,insurance_outbound.zip,insurance,outbound,1cb75ea8e7e6076645e68a89069f91ae08498e87ac39e452a3f4ee48d1832c66,"OPENING, PRODUCT_PITCH, NEEDS_ANALYSIS, PASSIVE_AGREEMENT",0.9,True,"Greeting present, agent pitches Medicare benefits, verifies personal details for eligibility, and customer provides passive confirmation."
1c2e9776aea242e5bed61eb9b8f76be936528028_transcript,medicare_inbound.zip,medicare,inbound,86a184f87e94ccc9242c60ae4ffb97a6f2fc8cfe08cdd45708381e41a67bb501,"OPENING, PRODUCT_PITCH, NEEDS_ANALYSIS, SUCCESSFUL_SALE",0.95,True,"Greeting present, agent analyzes booking needs, pitches different package tiers (Bronze/Silver/Gold), and customer commits to the Gold package."
d8ecd08cc7d047fdb620938218bba329_transcript,medicare_inbound.zip,medicare,inbound,38998ec466eb00ea618610593999db83883bd9f6c5a71fd2756fa9616f97499b,"OPENING, NEEDS_ANALYSIS, CURIOUS_EXPLORATION, PASSIVE_AGREEMENT",0.8,True,"Greeting present, agent collects insurance and personal data, customer asks about coverage details, and agrees to provide information."
3a3a036422354d5f97110f8eb2015fcb_transcript,automotive_and_healthcare_insurance_inbound.zip,insurance,inbound,3edf9a869eb6fa92d02e4c654418ece6e716b67500851812126cfe6783166532,"OPENING, NEEDS_ANALYSIS, PRODUCT_PITCH",0.9,True,"Contains a greeting, the agent identifies the customer's need for a Corolla, and pitches available vehicle inventory."
05baca92523e4bafbd0fec05a2a453c1_transcript,medicare_inbound.zip,medicare,inbound,efd013e4e64e45d632c9efd56943e24d9fd476d940ed80a6efa0bcb18ab9fb9a,"OPENING, NEEDS_ANALYSIS, CURIOUS_EXPLORATION",0.85,True,"Includes a greeting, the customer explores a specific medical test, and the agent analyzes the need for an appointment."
2020-05-21-16-39-58_f6339b51-0c15-40ec-be6c-1d2426a6eeb2_v2cm4nNieIVPJXy_Vsbz1MAZK_Orzchq7rfh7OD6DrjSgBTNeeYKUuZQ_transcript,auto_insurance_customer_service_inbound.zip,insurance,inbound,a7344b37048e95cbfcb6eaf18836fab9f8614ad3489de853845877b7b2a72cd9,"OPENING, NEEDS_ANALYSIS, FEE_DISCUSSION",0.95,True,"Greeting is present, agent performs extensive needs analysis on current insurance, and discusses the current monthly payment amount."
7137476478_transcript,insurance_outbound.zip,insurance,outbound,2bbf04d101b0f2590762fed5525ac7561c5cb48fc4f7aa55938f1c1c7959c5d0,"OPENING, PRODUCT_PITCH, NEEDS_ANALYSIS, SOFT_REJECTION",0.9,True,"Greeting present, agent pitches Medicare upgrades, verifies personal details, and the customer initially resists making a decision."
332305150006368long_transcript,medicare_inbound.zip,medicare,inbound,a42c16a30580b25bf0db8898d00e933554d4276daf84eb604c2a5ae4c0b018ea,"OPENING, PRODUCT_PITCH, NEEDS_ANALYSIS",0.8,True,"Greeting present, the hold message pitches specific dental services, and the agent analyzes the patient's family history for scheduling."
787ec367565c49c494ec3b39aa4dc2b4_transcript,home_service_inbound.zip,home_service_telecom,inbound,0ce11aae24636e50170e73070937176aab9889666e8727c10213ce243fac816f,"OPENING, SUDDEN_HANG_UP",0.5,False,Contains an IVR opening and ends abruptly at a voicemail prompt without agent interaction.
c5f9aafd695c4e06bbc672598ea6de3d_transcript,medicare_inbound.zip,medicare,inbound,b4e0d1a1efeb42a0d6cd54cba935f10afbb3e5d0c0e6a01919e207a81aabeb28,"OPENING, NEEDS_ANALYSIS, SUCCESSFUL_SALE",0.9,True,"Agent greets the patient, analyzes their needs and insurance, and successfully reserves an appointment."
6afbafb1e2e94caea2d801491b88d3b4_transcript,home_service_inbound.zip,home_service_telecom,inbound,39c4d6994ab2f5566c0979b4ebe56f3b92700aaa009a9126dc78303a9f134620,"OPENING, PRODUCT_PITCH, NEEDS_ANALYSIS, SUCCESSFUL_SALE",0.9,True,"Includes a greeting, a pitch for glass services, gathering customer details, and scheduling an estimate appointment."
9ed91f77a7d7446981ad79b5e80e9c59_transcript,medicare_inbound.zip,medicare,inbound,ae7b148dba6051d0e26d5881eb80f945180f29264a81b5f325b0ce45a5f99044,"OPENING, NEEDS_ANALYSIS",0.8,True,Contains professional greetings and an inquiry regarding a doctor's availability for a specific date.
2014616758_transcript,insurance_outbound.zip,insurance,outbound,9cb528fbd2848e0e9e6b0a30e95fae948e24584e34e224205449352f5b190044,"OPENING, PRODUCT_PITCH, NEEDS_ANALYSIS, OBJECTION_HANDLING",0.95,True,"Agent opens the call, pitches Medicare benefits, verifies eligibility/details, and handles a concern about plan changes."
332304250025457long_transcript,medicare_inbound.zip,medicare,inbound,74010667e305bc8d349869d3df146d1f828d7357c350a906d6e076b079e61b23,"OPENING, FEE_DISCUSSION, ACTIVE_LISTENING",0.9,True,"Contains a greeting, discussion regarding payment percentages and down payments, and the agent actively confirming details."
be4e1443033a464da40c170a2fd5f1f1_transcript,home_service_inbound.zip,home_service_telecom,inbound,0f7a8575eded607360da70313295346aeb5d2f8a530196a0fde3fc3b39e040ed,"OPENING, NEEDS_ANALYSIS, WARM_LEAD, ACTIVE_LISTENING",0.9,True,Greeting present; agent analyzes the customer's plumbing issue and collects lead information for an appointment.
4e89b22f29724da6921821812c3e2b2f36433317_transcript,medicare_inbound.zip,medicare,inbound,4293e2d595ff1ee346c7ae7b062195b0422907ca5b45cd0447cd822057ad9a16,"OPENING, ANGRY_OUTBURST, OBJECTION_HANDLING, MISUNDERSTANDING",0.85,True,"Greeting present; customer is frustrated over a scheduling error, leading to a dispute and agent's attempt to resolve it."
b853ebdd1dee47a6b5a423b12a2eba8b_transcript,medicare_inbound.zip,medicare,inbound,f324e6ff8b18c7176ef937c7736da200b71bb1622d02878fd858f2bd8922997c,"OPENING, NEEDS_ANALYSIS, WARM_LEAD, ACTIVE_LISTENING",0.9,True,Greeting present; agent performs needs analysis by checking insurance and patient status for a new appointment booking.
32f907712b9643b896adb4a07f086f05_transcript,automotive_inbound.zip,automotive,inbound,143a7482676cbd24b95f6c73f7e9ba89806c1a30219b10569dde46b389c0fee9,"OPENING, PRODUCT_PITCH, NEEDS_ANALYSIS, CURIOUS_EXPLORATION, FOLLOW_UP_EMAIL_REQUESTED",0.9,True,"Greeting present; agent pitches available car inventory, analyzes customer needs, and suggests following up via email."
0ffe65931de9434ab2b17085f50ba748_transcript,automotive_inbound.zip,automotive,inbound,fdc614a01f771635282d2b87bd03ead935a08e2e1f2c84ba9e6c24706fe523df,"OPENING, PRODUCT_PITCH",0.9,True,Contains the call greeting and promotional hold messages pitching the facility's repair services and hours.
recording-public_858_transcript,customer_service_general_inbound.zip,customer_service,inbound,054245fbf483684e8ddb415775c62c38a35bbad91bd08047e863b7e53e208883,"OPENING, PRODUCT_PITCH, NEEDS_ANALYSIS, FEE_DISCUSSION, OBJECTION_HANDLING",1.0,True,"Complete sales flow: greeting, insurance pitch, eligibility questions, price quoting, and responding to the customer's price concern."
b249a093bc3d41299f6d990f834747c036958535_transcript,medicare_inbound.zip,medicare,inbound,8b4aa89dccd7f1dbfaba20a746272077d92cfcbe5a109431e82a5000f550f90c,"OPENING, NEEDS_ANALYSIS, FEE_DISCUSSION",0.9,True,"Includes greeting, gathering patient/pet details for an appointment, and explicitly mentioning there is no charge."
7dcf117c8ff341bfa6300b7ebd3c005a_transcript,automotive_inbound.zip,automotive,inbound,c418c5dfb97753cf33be35dc1050fe4d1bf91d156e81433ac165416247fa0715,"OPENING, PRODUCT_PITCH",0.9,True,Contains the initial greeting and hold messages actively presenting specific vehicle models and selection.
5c0d9e2e88804e4191c92d44fc7ba451_transcript,medicare_inbound.zip,medicare,inbound,653503df6290959cace79e46873a827136e7ffdb31b62d388f5835d740585607,"OPENING, NEEDS_ANALYSIS",0.9,True,Contains the greeting and a detailed process of gathering patient and insurance information.
DMEMED_rmbpo19_20211216-160530_2762511575_4938975-all_transcript,medical_equipment_outbound.zip,medical_equipment,outbound,f7ca721bf3f70acf3326c3387a316af2ec1589c59ae44b94f8a41b03bd1b050b,"OPENING, NEEDS_ANALYSIS, PRODUCT_PITCH",0.95,True,"Contains a greeting, eligibility screening for medical conditions, and a pitch for additional benefits at no cost."
4f9d3105274644e28c6aab72b0b3dd0e_transcript,automotive_and_healthcare_insurance_inbound.zip,insurance,inbound,00daa8183a77efd1cb52e7e3a43f4c4f5b9bd72a2d52e8aac198da689cfe8765,"OPENING, NEEDS_ANALYSIS, PRODUCT_PITCH",0.9,True,"Includes a greeting, analysis of the customer's vehicle preferences (AWD, size), and a pitch for the Encore GX SUV."
1e3df9c391a64c7981ffc4be002d017a_transcript,automotive_and_healthcare_insurance_inbound.zip,insurance,inbound,9a6428060160693adf1ad0b2e49810103857584cae88764d4995837423ebf0e5,"OPENING, NEEDS_ANALYSIS, CURIOUS_EXPLORATION",0.85,True,Greeting present; customer is exploring warranty requirements and agent analyzes the specific inspection package needed.
9c8b0d1a2f9e4ed39634b8e2a805a3fc_transcript,medicare_inbound.zip,medicare,inbound,903e8cb0773def16aacfd1bb31afb3dd385ff9bc33be4ac6705932ed2083ccbc,"OPENING, NEEDS_ANALYSIS, SOFT_REJECTION",0.9,True,Greeting present; agent analyzes requested dates for boarding and informs the customer they are fully booked.
4320348eea564edb9f8ed06c11e3a7df_transcript,home_service_inbound.zip,home_service_telecom,inbound,fbd62d57768cf1590233964ae4681a529cb3b913c6598acdb49788d12de8b478,"OPENING, NEEDS_ANALYSIS, PRODUCT_PITCH, FEE_DISCUSSION",0.95,True,"Greeting present; agent collects customer details, explains the service process, and discusses the trip fee for the quote."
DMEMED_rmbpo02_20220106-085957_6175242120_4684921-all_transcript,medical_equipment_outbound.zip,medical_equipment,outbound,c5e3e50665be259ef8ceabde926849bad0b54a0e6c2c14bf36b1632e30d72336,"OPENING, PRODUCT_PITCH, FEE_DISCUSSION, SUCCESSFUL_SALE",0.9,True,"Agent greets customer, pitches a free glucose monitor, discusses the zero cost, and successfully moves the customer to the next stage of enrollment."
c32226f556bb49e4868138343da0084f_transcript,home_ervice_inbound&telecom _outbound.zip,home_service_telecom,outbound,8e22970c7e02683bf126ad6ce59002987412685830fd5a6b92e281d7b1975f0a,"OPENING, NEEDS_ANALYSIS, SUCCESSFUL_SALE, ACTIVE_LISTENING",0.85,True,"Call starts with a greeting, agent analyzes the order status, schedules an installation (sale/commitment), and confirms details with the customer."
5d8177ac934b47aba13ca28ba41e1b9f_transcript,home_ervice_inbound&telecom _outbound.zip,home_service_telecom,outbound,1a2a8b9a3a440fcbec85bff1a6e1c6352b9cfe980cbb22d9bbdeab5e5a7b10b7,"OPENING, FEE_DISCUSSION, NEEDS_ANALYSIS, CURIOUS_EXPLORATION",0.9,True,Greeting is present; customer asks about assessment charges; agent collects personal and property details to determine service options.
3e43f8eacba547e283cb1a8a89a09048_transcript,automotive_inbound.zip,automotive,inbound,fa5e8828ab6b0cb2a0147fe6e0a3e5a3727994c3a802d92692c15824c0eaefbb,"OPENING, NEEDS_ANALYSIS, CURIOUS_EXPLORATION, PASSIVE_AGREEMENT",0.8,True,Standard opening; agent asks for specific car details and customer name; customer is exploring availability of a specific vehicle.
9b7ad231ff254cf8a6c726219f2a5970_transcript,home_ervice_inbound&telecom _outbound.zip,home_service_telecom,outbound,8422a059306795b54149d790aef29012b00d73b59285b24943c65c2e45e4ec7b,"OPENING, NEEDS_ANALYSIS, FEE_DISCUSSION, SUCCESSFUL_SALE",0.9,True,Greeting occurs; customer asks about cost; agent collects address and window specs; appointment is successfully scheduled.
223bc533a0d04f19a3b1b39db7e269ed36379627_transcript,medicare_inbound.zip,medicare,inbound,5380750000ffab111b177702d0cd34a2c6b823bb392a08aa21bd87c86ec460de,"OPENING, NEEDS_ANALYSIS, CURIOUS_EXPLORATION",0.9,True,"Contains a greeting, customer inquiring about specific boarding capabilities for a dog with medical issues, and agent assessing eligibility."
2288323987_P1_transcript,insurance_outbound.zip,insurance,outbound,954e70b8f45c8b6c857a732a0ca5a9dd4402291443427948224d1735eea5c88d,"OPENING, PRODUCT_PITCH, FEE_DISCUSSION, NEEDS_ANALYSIS",0.95,True,"Includes greeting, pitch for Medicare upgrades, mention of no-cost premiums, and questions about the customer's decision-making authority."
4af4ae6bca144ed7859010b4229ceb93_transcript,home_ervice_inbound&telecom _outbound.zip,home_service_telecom,outbound,f0fa4f639495e4029cdeb732f44fddfabdff5847681dc82872dabc602450f461,"OPENING, FEE_DISCUSSION, NEEDS_ANALYSIS",0.9,True,"Greeting present, customer asks for a cost estimate for window replacement, and agent collects contact and location details."
4537b4b3176a47d9b6b74f3430399b2e_transcript,home_ervice_inbound&telecom _outbound.zip,home_service_telecom,outbound,9e296eec0c04bfee729a32a852f96ab9d47b6cc8206ab50584c83f04451f325b,"OPENING, FEE_DISCUSSION, NEEDS_ANALYSIS, SUCCESSFUL_SALE",0.85,True,"Greeting, discussion of free estimates, analysis of cabinet types, and a successful appointment scheduling."
8034381504_transcript,insurance_outbound.zip,insurance,outbound,65188428400b7c456a7e470a91be2ef3b190ce3723d977fc67d354715eb25c6a,"OPENING, PRODUCT_PITCH, FEE_DISCUSSION, ENTHUSIASTIC_AGREEMENT, NEEDS_ANALYSIS",0.95,True,"Greeting, pitch for Medicare benefits, discussion of no-cost premiums, customer's positive reaction, and eligibility screening."
2020-09-25-18-20-54_6aa2ff77-515d-4429-9ba8-b9119a1a9f4e_v2c2oi6CQtDoSOQZfXyIXGfXv8_tNYHzGiynAXX-2t3GzYR6B2o-MVYw_transcript,auto_insurance_customer_service_inbound.zip,insurance,inbound,5dc9e52b99915e82c70599c702584c7a235709e1ebb7621b429e557abf65e0f5,"OPENING, PRODUCT_PITCH, NEEDS_ANALYSIS, FEE_DISCUSSION",0.95,True,"Agent greets the customer, pitches insurance rate comparison, gathers personal and provider details, and discusses monthly payment amounts."
31527cb2d0fb48ba8f824977ecb9546c_transcript,home_service_inbound.zip,home_service_telecom,inbound,addbde4eadf02403547635a7528a59ae9d6318ff95faa4915b791967f5e8624e,"OPENING, NEEDS_ANALYSIS, PRODUCT_PITCH",0.85,True,"Agent greets the customer, analyzes their HVAC needs for a mini-split and boiler, and pitches available scheduling options."
4046916481_transcript,insurance_outbound.zip,insurance,outbound,c46b02b6cf47f53a9672a19dbaa412bbf06a479d7971fdc3b175638f80b2a6bf,"OPENING, PRODUCT_PITCH, NEEDS_ANALYSIS",0.9,True,"Agent greets the customer, pitches Medicare benefit upgrades, and asks qualifying questions to verify eligibility and identity."
338dbd845b0b4f5584c28d6e0d5e8af8_transcript,medicare_inbound.zip,medicare,inbound,97e9c840b898b7c4b67b1fccfb03999fd1daec792a347fe64fc6f0003264a5bb,"OPENING, NEEDS_ANALYSIS",0.8,True,Agent greets the customer and performs a needs analysis to resolve a technical issue with a patient appointment link.
f81ee9a287a449bbac68850d877f7c4a_transcript,automotive_inbound.zip,automotive,inbound,1b4439a866f36ae9b1e9e400f397bf4a3d1a53091b5b6baf1405b074e77b6c09,"OPENING, NEEDS_ANALYSIS",0.8,True,Agent greets the customer and analyzes the request to provide the status of a pre-booked vehicle.
6119079e066b41e9af150dcc3054364f_transcript,medicare_inbound.zip,medicare,inbound,c49d0687389ce0812a52ee2944b167d1d11f7aa72ae558a62fbd1b931b5d6946,"OPENING, NEEDS_ANALYSIS, CURIOUS_EXPLORATION",0.9,True,Contains a greeting and a customer describing symptoms to determine if a veterinary visit is necessary.
ecd684c386ff449e9b4cd1db00b799eb_transcript,home_ervice_inbound&telecom _outbound.zip,home_service_telecom,outbound,a888e95173c488828976e91cec3e9f12c758f66c07461b84536da22e4fb048fa,"OPENING, NEEDS_ANALYSIS, FEE_DISCUSSION, PRODUCT_PITCH",0.95,True,"Includes greeting, request for vehicle details, price inquiry, and agent offering specific part options from suppliers."
51f2000f6c384628ba389a27bf238c87_transcript,medicare_inbound.zip,medicare,inbound,27624d5f7f622636e379143b85e64333b32d3a95652c8bf15758474e7df3ff42,"OPENING, NEEDS_ANALYSIS, FEE_DISCUSSION, PRODUCT_PITCH",0.9,True,"Greeting present, discussion of boarding costs, checking availability for specific dates, and explanation of the booking process."
8f43b5a88a9044dfbc483518c210c713_transcript,automotive_inbound.zip,automotive,inbound,105063afd8f2e209498f952cc2763deb9e4e464584c6562375a17919fab759fa,"OPENING, SOFT_REJECTION, PASSIVE_AGREEMENT",0.85,True,"Greeting present; agent rejects the possibility of Saturday delivery, and the customer accepts this information passively."
0e4cdfc78bea4c919cc35e937f931a86_transcript,automotive_inbound.zip,automotive,inbound,b611365344cb29a002adeef76bfcc60198293fc7e714f963dab479ce52effed2,"OPENING, NEEDS_ANALYSIS, PRODUCT_PITCH, FEE_DISCUSSION, WARM_LEAD",0.98,True,"Greeting, analysis of car preference, pitching specific vehicles with prices, and customer showing strong interest by providing contact info."
244a7050192843b197c36783213e241a_transcript,medicare_inbound.zip,medicare,inbound,8e2e9f301b91bfd17197e00bbf8b62f20487695f082631e0c77f4987325755fe,"OPENING, NEEDS_ANALYSIS, CURIOUS_EXPLORATION",0.9,True,"Contains a greeting, customer inquiring about boarding availability, and agent analyzing specific date and time requirements."
2020-04-02-16-25-31_939d16e0-74fe-11ea-9b06-06578e6460ff_926ecc46-74fe-11ea-a80d-83c93d51265d_transcript,auto_insurance_customer_service_inbound.zip,insurance,inbound,de58b9a507be41e2968575514a5008967fef3cf5666b50767a766840c6131127,"OPENING, NEEDS_ANALYSIS",0.8,True,"Includes the initial IVR greeting and the start of data collection (zip code, household info) for insurance quotes."
3a5c706e62aa45939c5a8bb2b13c93c3_transcript,medicare_inbound.zip,medicare,inbound,6f5ec25a5b278c4adf629ba05fa982797219776dff76b45cf899d400705e0913,"OPENING, NEEDS_ANALYSIS, PASSIVE_AGREEMENT",0.9,True,"Call starts with a greeting, agent analyzes scheduling preferences, and customer agrees to the available appointment date."
3212670247_transcript,insurance_outbound.zip,insurance,outbound,5f48c149c5cedea55ac0815082d16ce030c64284ba4c45b8de907fdeaf9a3fe2,"OPENING, PRODUCT_PITCH, NEEDS_ANALYSIS, OBJECTION_HANDLING, PASSIVE_AGREEMENT",0.95,True,"Outbound call with a benefit pitch, verification of eligibility/details, handling of privacy concerns, and customer's repetitive agreement."
5ee8d4f849b7479bb3878cf2c5592f18_transcript,automotive_and_healthcare_insurance_inbound.zip,insurance,inbound,69a2f76681cee28f133cfbd5daae6100d48d5080b46cf11a96d0c14a32209b67,"OPENING, NEEDS_ANALYSIS, CURIOUS_EXPLORATION, FEE_DISCUSSION",0.9,True,"Greeting followed by customer exploring specific car availability, agent analyzing needs, and discussion of loan/purchase orders."
4d9b43eee8ec4a4d897e35009f5a2845_(1)_transcript,home_service_inbound.zip,home_service_telecom,inbound,b21a2cc5c7d9e0990b59238964ffab9771c3344eba3d096206975c2097dc8fd1,"OPENING, NEEDS_ANALYSIS, FEE_DISCUSSION, CURIOUS_EXPLORATION",0.9,True,"Contains greeting, agent analyzes the window problem, discusses the cost of the estimate, and the customer explores repair options."
332304240001630long_transcript,medicare_inbound.zip,medicare,inbound,f8e7851652f88fe27604c16306704b6972e58d55e2db708b2a0d4666e58c7914,"OPENING, NEEDS_ANALYSIS, ACTIVE_LISTENING",0.9,True,Contains greeting and agent collects patient identification and medical reason for the appointment.
2020-04-29-19-44-37_991d04d4-c0ad-4226-bc3e-0db196281cba_v2kl6D6LtZ8duvFruyaLFvK5-N5Ez9B8mlXsVreXkOLN69EKDkeHCkQg_transcript,auto_insurance_customer_service_inbound.zip,insurance,inbound,0c791842a0005dee220d191b7e4dc29519dcc22da4c1e0f92107f68e338d7d93,"OPENING, NEEDS_ANALYSIS, ACTIVE_LISTENING",0.9,True,"Contains greeting, agent gathers insurance profile data, and engages in rapport-building small talk."
2e7976034f5a484ea6ec24a030af4aaa_transcript,automotive_and_healthcare_insurance_inbound.zip,insurance,inbound,3ec4402835fe8b343ec2de2f52055513c2325b45dc595263d833a7d1a7221c7d,"OPENING, PRODUCT_PITCH, CURIOUS_EXPLORATION",0.9,True,"Contains greeting, agent explains the paint sealant and warranty product, and the customer asks clarifying questions."
ba8e4eef59dd4382b397ef40657e26c3_transcript,home_service_inbound.zip,home_service_telecom,inbound,2337a7eaa23cb438a3c07010801bb466343f7bd05f4f207175f1a63d4dc27a6d,"OPENING, NEEDS_ANALYSIS, ACTIVE_LISTENING",0.9,True,"Contains greeting, agent collects customer information to address the specific pest problem reported."
15452b6ba993436e85803b8aaa2c960e36750787_transcript,medicare_inbound.zip,medicare,inbound,fd110fcdbf9cd721838200d54b9162b31085a4fe3be39be75b91bc4a676ce318,"OPENING, PRODUCT_PITCH, FEE_DISCUSSION, SUCCESSFUL_SALE, NEEDS_ANALYSIS",0.95,True,"Greeting present, agent pitches suite options, discusses prices, gathers dog info, and customer commits to the luxury suite."
5b92c32b82b648d6b0bfabc92e059bb1_transcript,home_ervice_inbound&telecom _outbound.zip,home_service_telecom,outbound,985983258f4450987c6b39ae0bce5f7500177ba23b6dba419b55e38fa6c02dce,"OPENING, NEEDS_ANALYSIS, ACTIVE_LISTENING",0.85,True,"Greeting present, agent gathers customer identity and location details to schedule a repair appointment."
8125289298_transcript,insurance_outbound.zip,insurance,outbound,dda8570dfd35d5168d0c30bd6c5833f411ac149c5d056b6e1c9eaef87fb4bb4b,"OPENING, PRODUCT_PITCH, NEEDS_ANALYSIS, PASSIVE_AGREEMENT",0.9,True,"Greeting present, agent pitches Medicare benefits, verifies eligibility (Part A/B), and collects personal data."
4164d2255b52494dba963cd589848010_transcript,medicare_inbound.zip,medicare,inbound,09cdc64e669f1fd1615a3c807c325ba65bbecbee9f581d4d3006193e86f23304,"OPENING, NEEDS_ANALYSIS, ACTIVE_LISTENING",0.85,True,"Greeting present, agent gathers patient location and insurance information to schedule an eye care appointment."
a9e09d19e1444da092413a5145c412b436969155_transcript,medicare_inbound.zip,medicare,inbound,50eb9f537e22a5f21addd0de176c5f712710b5dcde6fab506b38ed3d7e72d4d7,"OPENING, NEEDS_ANALYSIS, ACTIVE_LISTENING",0.8,True,"Greeting present, agent confirms appointment changes and provides pre-procedure instructions to the caller."
6530abacc9bf47e282f0ac2fc05f8f95_transcript,medicare_inbound.zip,medicare,inbound,01ab0024c638352507d7b5ac9f8f4249008596452aa0395b770c394082058376,"OPENING, NEEDS_ANALYSIS",0.9,True,Contains a standard greeting and the agent verifying reservation details and medical forms with the customer.
63e9ef0d42c7401a937e424f316879ca_transcript,automotive_inbound.zip,automotive,inbound,f0f701c953203a3b63583ae0a0a1daa51751063179ac17f9b01ec0561e2387a7,"OPENING, FEE_DISCUSSION, CURIOUS_EXPLORATION",0.85,True,"Includes a greeting, customer inquiries about vehicle availability, and a specific discussion regarding the dock fee."
8165240432_transcript,insurance_outbound.zip,insurance,outbound,fdc20f51904cc936da4be1e4a681cdeab5ecb8bd9c4b6f11206b1de1ab7bd8cb,"OPENING, PRODUCT_PITCH, NEEDS_ANALYSIS, SUSPICIOUS_PROBING, ENTHUSIASTIC_AGREEMENT",0.95,True,"Greeting, pitch of Medicare benefits, qualifying questions, customer skepticism, and strong confirmation of decision-making authority."
DMEMED_rmbpo11_20211103-154928_6066785884_4609955-all_transcript,medical_equipment_outbound.zip,medical_equipment,outbound,0c372e8ebe5d5924f6b798194f6aa981c265a6446f912d7152ba9ef04cd9e4b8,"OPENING, PRODUCT_PITCH, NEEDS_ANALYSIS",0.9,True,"Greeting, presentation of additional Medicare benefits, and screening for eligibility and medical conditions."
9034777003_transcript,insurance_outbound.zip,insurance,outbound,c18f4930de2e0824f0701e920f6700facafeb0515d58d76f7627d7c066963cd1,"OPENING, PRODUCT_PITCH, NEEDS_ANALYSIS, MISUNDERSTANDING",0.85,True,"Greeting, benefit pitch, data collection for eligibility, and clear confusion regarding the spelling of the customer's name."
2696379043_transcript,insurance_outbound.zip,insurance,outbound,72783e5fecce082afadfc4f4f2e28f474afb0f9f7295a698ffcbe2416be535a3,"OPENING, PRODUCT_PITCH, FEE_DISCUSSION, CURIOUS_EXPLORATION",0.9,True,"Agent opens the call, pitches Medicare benefits and premiums, and the customer asks for clarification on the specific plan."
35b4dcd89f5a4a42b14123de67fb8aa4_transcript,automotive_inbound.zip,automotive,inbound,74186560b92ce0a7d1452a18a3446637aa25a28e3640cc0cd2726e223baf7237,"OPENING, PRODUCT_PITCH, PASSIVE_AGREEMENT",0.7,True,Call starts with a greeting; an automated recording pitches dealership services; customer agrees to be placed on hold.
2020-10-02-17-05-29_852baf1c-6cbe-485d-89da-4b814abf630f_v2L37lNc6ya4RdzvruXRKJs_6jhF6_Hkm1mRYNqCRd3lSENaAHdHR1cw_transcript,auto_insurance_customer_service_inbound.zip,insurance,inbound,4c0f179440d67c2a6d92dc0a113d6491ecd8d2ffda0b8bc75c72d42f8c677f22,"OPENING, NEEDS_ANALYSIS, PRODUCT_PITCH, FEE_DISCUSSION",0.95,True,"Agent opens call, performs a detailed needs analysis for insurance, pitches bundling, and discusses the lowest available rate."
28d650a400d84fad86215d63bebf1d5c_transcript,automotive_inbound.zip,automotive,inbound,067931faa61e8b8b00b1de5a845b4d74b960188d37b659288adfa0e0e8e9c8ef,"OPENING, CURIOUS_EXPLORATION, PRODUCT_PITCH, NEEDS_ANALYSIS",0.9,True,Agent opens call; customer explores truck availability; agent confirms stock and collects contact information for the CRM.
2dae60b674ed446796721c1d2104706e_transcript,medicare_inbound.zip,medicare,inbound,ed2d2edbd7d5c5bc855158bbfce84f09234ffc4d6deaea2fd7abf5edec3788fb,"OPENING, CURIOUS_EXPLORATION, NEEDS_ANALYSIS",0.9,True,Agent opens call; customer asks about insurance coverage; agent collects member ID and personal details to verify eligibility.
08476bf34d8b47418fd54dc280857b4e_transcript,medicare_inbound.zip,medicare,inbound,a92aeeb0934a020d8d0d2dbfc832576e5baba5824f4605ee951fdd73bfba29d9,"OPENING, NEEDS_ANALYSIS, ACTIVE_LISTENING",0.9,True,"Contains a greeting, agent asks for identifying information and confirms the specific medical needs of the pet."
2e8cc9c7d0f342d7a195b0b0ca6d3568_transcript,automotive_inbound.zip,automotive,inbound,f4f1474f8a34c8c45a8ce8f674f0832b87bf9d2dc743fedb6f7a2280d1e94a0a,"OPENING, PRODUCT_PITCH, FEE_DISCUSSION, NEEDS_ANALYSIS, CURIOUS_EXPLORATION",0.95,True,Greeting present; agent pitches available truck colors; price and fees are discussed; agent asks for trim preference.
7d5edb7a95b640a3bed530764eb75d6e_transcript,home_ervice_inbound&telecom _outbound.zip,home_service_telecom,outbound,7203e2fca093571c197587e8fa35ecadbfb12d0f4223cca879d3b9c39c2a9602,"OPENING, NEEDS_ANALYSIS, SUCCESSFUL_SALE, ACTIVE_LISTENING",0.9,True,Greeting present; agent collects customer details and appliance brand; appointment is scheduled (successful sale of service).
395a379826914e0dbc46ff8d8447376c36379637 (1)_transcript,medicare_inbound.zip,medicare,inbound,c7c9c864b47e49293e86702f8f8ebf5d29d426c29612ebe5184e0802273fc935,"OPENING, NEEDS_ANALYSIS, SUCCESSFUL_SALE, ACTIVE_LISTENING",0.9,True,Greeting present; agent confirms the service needed (nail trim) and successfully books the appointment.
7e51eafe76ec411f8821a62b64b55348_transcript,home_service_inbound.zip,home_service_telecom,inbound,dd0d49e659937382c31efa3ba6d852968453d961c6c8c7d8a7a8b4db45eb895d,"OPENING, NEEDS_ANALYSIS, SOFT_REJECTION, ACTIVE_LISTENING",0.85,True,Greeting present; agent analyzes location needs; agent informs customer they cannot provide service in that area (soft rejection).
332304300027236long_transcript,medicare_inbound.zip,medicare,inbound,080383d3f911571790a9115589b7eea947615039d8b491197f7dfab4bf297353,"OPENING, NEEDS_ANALYSIS, CURIOUS_EXPLORATION, ACTIVE_LISTENING",0.9,True,Call begins with a greeting; agent analyzes patient needs regarding hair loss and verifies insurance eligibility.
8457837983_transcript,insurance_outbound.zip,insurance,outbound,96d66bf6140a9ce63edc2224686e4ea19b6d3d831db00962c1927a9c9ee605f6,"OPENING, PRODUCT_PITCH, NEEDS_ANALYSIS, SUSPICIOUS_PROBING, OBJECTION_HANDLING",0.95,True,Outbound pitch for Medicare benefits including needs analysis; customer questions the request for a social security number.
a3ea8dca2b6545d68c4dcc43fc9a8b17_transcript,medicare_inbound.zip,medicare,inbound,faead842c475f3673163a00c00631943bc21104f8f6eba09f8b3dd6935c9fd8f,"OPENING, OVERWHELMED_CONFUSION, CURIOUS_EXPLORATION, MISUNDERSTANDING",0.85,True,"Customer is confused and lost regarding the office address, resulting in a misunderstanding of the location."
332304260029058long_transcript,medicare_inbound.zip,medicare,inbound,e38e98127f0a4837ff58801e54e89ddd28818d7b1d63e360b9b3d6ee097e8d7f,"OPENING, NEEDS_ANALYSIS, WARM_LEAD, ACTIVE_LISTENING",0.9,True,Inbound lead seeking a specialist; agent performs a detailed intake and needs analysis.
b10f8051e4914414ab1dfee1cec02d7136531084_transcript,medicare_inbound.zip,medicare,inbound,d9516ad48d7e9b3172cda8e5c9f889c0cb3de6ebe2fad4132ec2463a84939142,"OPENING, NEEDS_ANALYSIS, CURIOUS_EXPLORATION, ACTIVE_LISTENING",0.9,True,Customer inquires about appointment cancellations; agent gathers patient identification to check the schedule.
2be49e8efe614b219ed3ea8a160a0297_transcript,automotive_inbound.zip,automotive,inbound,aee0a433dffbcefc3719d3d4680364a91e8115e4db5031f53e96e45b0b4f44a5,"OPENING, NEEDS_ANALYSIS, PASSIVE_AGREEMENT",0.9,True,"Contains a greeting, agent analyzes the customer's need to return a lease, and the customer agrees to a scheduled time."
8602135239_transcript,insurance_outbound.zip,insurance,outbound,7462cbbff7be30bc1a2ac238a5e95c6c7e1203ab7eb243ec069a55365b7a8fa5,"OPENING, PRODUCT_PITCH, NEEDS_ANALYSIS, PASSIVE_AGREEMENT",0.95,True,"Greeting present, agent pitches Medicare benefits, asks qualifying questions about current coverage, and customer agrees."
2020-04-28-15-14-50_e745294b-aa9d-4038-b9c3-33f401ddc0ff_v22B4jJpH8roy9XJhczs15Tuqco5lKkykPKLz-nwO5buQl8R4uLln0Xg_transcript,auto_insurance_customer_service_inbound.zip,insurance,inbound,86e9f38131237da83c02c71b542d93986383adf99b872621d5e20227a0c46852,"OPENING, NEEDS_ANALYSIS, PASSIVE_AGREEMENT",0.9,True,"Greeting present, agent performs needs analysis by collecting personal and insurance data for a quote."
e52c057bed8e48b6ba80d0bb024315fb_(3)_transcript,home_service_inbound.zip,home_service_telecom,inbound,336b9fcd9a912883a7993947e04d9f633f9b3a0ff20d6b1b51b272cefa65e882,"OPENING, NEEDS_ANALYSIS, PASSIVE_AGREEMENT",0.9,True,"Greeting present, agent analyzes the plumbing issue and collects location details to route the call."
ce794bcff09e49b98e4ca3a7991f220f_transcript,medicare_inbound.zip,medicare,inbound,89307184401bf6d13aa37158f9decf5e0e9fe263eef5d00c20e87bc27c7d208c,"OPENING, PRODUCT_PITCH, NEEDS_ANALYSIS",0.8,True,Automated greeting followed by a detailed pitch for medical services and rhetorical questions analyzing patient needs.
2df25b567ced49ac8e1c08b6e51b9d24_transcript,home_ervice_inbound&telecom _outbound.zip,home_service_telecom,outbound,1f997bc29285220a6b5c082bd572b08428426eda61064ade4bdfe6f7500ac2cb,"OPENING, PRODUCT_PITCH, NEEDS_ANALYSIS",0.9,True,"Contains an IVR product pitch, a formal agent greeting, and the start of gathering customer information regarding a broken window."
d23e75432f0a458d865c2b5e0e00f161_transcript,medicare_inbound.zip,medicare,inbound,af21651bba04e4ff82954cd05ec1e19eba7f086e09c96a1fddd28610105e032a,"OPENING, PRODUCT_PITCH, PASSIVE_AGREEMENT",0.8,True,"Includes an opening greeting and an IVR pitch for dental services, with the customer agreeing to hold."
786a03723625419b8f29932ef2bacc93_transcript,home_service_inbound.zip,home_service_telecom,inbound,ee7eef4c710148aca46f98f577df4487d5abb0a3bb29c603132815f546ab6dfb,"OPENING, NEEDS_ANALYSIS, SOFT_REJECTION",0.9,True,"Agent opens the call and analyzes needs (location/vehicle), but the customer softly rejects the offered date."
2020-09-15-17-27-57_222477f2-39d6-456e-a3d9-64783fef79d4_v2jedGnjqlVgq9Z28pmBOak7Z0iEjGJ2w2zMeHAvk8PEk-R_nbKAK38g_transcript,auto_insurance_customer_service_inbound.zip,insurance,inbound,4d8cf78a01992289385084143cf6083d50408fc414efbd330dc7731a7e8f1cfb,"OPENING, NEEDS_ANALYSIS, FEE_DISCUSSION, WARM_LEAD",0.95,True,Clear opening followed by extensive needs analysis and discussion of current insurance payments from a highly cooperative lead.
acd4b369828048068b5c465bd05d1859_transcript,home_ervice_inbound&telecom _outbound.zip,home_service_telecom,outbound,a3fef45c34754f14399f8d22e832cfd6b004eff72f82ddc38ddae1b673818980,"OPENING, NEEDS_ANALYSIS, CURIOUS_EXPLORATION, WARM_LEAD",0.9,True,"Agent opens the call, customer explores service capabilities, and agent performs needs analysis to schedule a repair."
fc0b8a7b41494b74b215fc895ccd078a_transcript,automotive_inbound.zip,automotive,inbound,8e664ec7d7ac811381f358b21669c8a421445865b5b677dd6c508c636815bccb,"OPENING, NEEDS_ANALYSIS, WARM_LEAD, ACTIVE_LISTENING",0.9,True,"Contains greeting, verification of account details, and analysis of the customer's need for a warranty inspection."
38d3f55b457c4cd98f7d01d880b6146c_transcript,home_service_inbound.zip,home_service_telecom,inbound,5d33f32f897ecd14ae51e3570a12621678f733a9a131f67e93753d26a827d47a,"OPENING, NEEDS_ANALYSIS, WARM_LEAD, ACTIVE_LISTENING",0.9,True,"Includes opening greeting, gathering of customer contact information, and confirmation of the specific service request (clogged toilet)."
97ec0d5fec5145c2a510cd66e7413f35_transcript,medicare_inbound.zip,medicare,inbound,8553fbb315ec80de8d6b5376b06bd344a7fa41a8f8c8c8c5f9267b956016ce74,"OPENING, NEEDS_ANALYSIS, FEE_DISCUSSION, WARM_LEAD",0.9,True,"Greeting is present, agent analyzes the pet's symptoms, discusses the exam cost, and the customer expresses intent to visit."
af981a82987643c8a73e919b1777e082_transcript,medicare_inbound.zip,medicare,inbound,b6cafd26a881b793f18151509513e1c1ea5595b43157845d81f58dc5737d3fa7,"OPENING, NEEDS_ANALYSIS, WARM_LEAD, ACTIVE_LISTENING",0.9,True,"Starts with greeting, involves gathering patient data and scheduling preferences, and confirms appointment times."
023570a19e214f75b87d31b6c5ea9e20_transcript,home_ervice_inbound&telecom _outbound.zip,home_service_telecom,outbound,ba7353988435e9403c4db452ea806d3bc83660ffb250e02b429d719947ce5042,"OPENING, NEEDS_ANALYSIS, CURIOUS_EXPLORATION, WARM_LEAD",0.9,True,"Greeting is present, customer explores available services, and agent analyzes specific landscaping needs to provide a quote."
5a9acd54e71f4603adcfbf682d45b425_transcript,home_service_inbound.zip,home_service_telecom,inbound,72c2046003cbfdc697181e6788bf758e02048b6307fcb1c672a3002d275e3572,"OPENING, NEEDS_ANALYSIS, CURIOUS_EXPLORATION",0.85,True,"Contains a greeting, agent asks for contact details to schedule service, and customer explains a complex payment situation."
8322701142_transcript,insurance_outbound.zip,insurance,outbound,d593361226e06f347bc200b0dca694bb48202daf7ba28a9837b92cab57ab175c,"OPENING, PRODUCT_PITCH, NEEDS_ANALYSIS, PASSIVE_AGREEMENT",0.95,True,Agent opens with a pitch for Medicare benefits and performs a detailed verification of the customer's personal information.
15f524de37fa4dbe82e0bf6c00f6b5e7_transcript,automotive_inbound.zip,automotive,inbound,cae85326cd981de94237f8514d1d6ce5505b2f111fd63e1c8be12f07ca84f7e8,"OPENING, NEEDS_ANALYSIS, CURIOUS_EXPLORATION",0.9,True,Greeting is present; agent asks for stock number while customer probes for details on vehicle history and warranties.
aee4e49b50ad441680890acb6adb0d0a_transcript,medicare_inbound.zip,medicare,inbound,6ac26e726e1261941c56e2a62ce571da22200669ddc5eecb0b758c8ec1c1a4c3,"OPENING, NEEDS_ANALYSIS, CURIOUS_EXPLORATION",0.8,True,Greeting present; agent asks for client status and symptoms to analyze the pet's medical situation.
cf7625b24ea64bad95e8ad149c28e8b5_transcript,medicare_inbound.zip,medicare,inbound,6f0d27830b077d3b120b00dc65f87db0e58780a8111d32510fbb2a073ad2e96b,"OPENING, NEEDS_ANALYSIS, CURIOUS_EXPLORATION",0.8,True,Greeting present; agent verifies patient identity and customer asks if a specific dental device can be reformed.
2e286b5680b2432d8f1eaa664859482d_transcript,medicare_inbound.zip,medicare,inbound,8f533a62e145d7832ff9b6186f55f4a59549e30deeacde7410460ab6c7e1a561,"OPENING, NEEDS_ANALYSIS, CURIOUS_EXPLORATION",0.9,True,"Contains a greeting, agent asks for patient details and history, and customer describes the cat's medical condition."
788263d328c4466bb43d287937880be934954105_transcript,medicare_inbound.zip,medicare,inbound,468dc4bc77a345852cc0aae0aa50e3f666c42fa83b0a27e8f0dff734b0cc3325,"OPENING, FEE_DISCUSSION, NEEDS_ANALYSIS, CURIOUS_EXPLORATION",0.9,True,"Includes greeting, customer inquiry about cost, agent asking about symptoms and insurance coverage."
2020-06-19-16-17-58_2e4ca3f5-4d7f-43da-9135-e2c142721d31_v2ZgaFoazRUSNYLUeS_DjSuSjbc8QT_Ul5-EPzIPmRqOlsK1rw2RAO4Q_transcript,auto_insurance_customer_service_inbound.zip,insurance,inbound,63449a6bca9c56740cc620784623db1c31c3822772ab5518cd89129c89acb1c6,"OPENING, NEEDS_ANALYSIS, FEE_DISCUSSION, COMPETITOR_COMPARISON",0.95,True,Greeting present; agent collects personal data and current insurance costs to provide a comparative quote.
fd6f1f778e70413e9c163920cc3ccee6_transcript,home_service_inbound.zip,home_service_telecom,inbound,de36f64a609c74a5a7d943cd1b318b96e11bf860b63521357531af4444773374,"OPENING, NEEDS_ANALYSIS, CURIOUS_EXPLORATION",0.85,True,Greeting present; customer explores noise-reduction options and agent asks about current window types.
2021-08-23-19-50-52_b481d7f0-c26c-4afc-a6ef-d2ef48bb6d26_v2zK3jkOp94IKnfFCSP9IOBWs0jKZegTWHmhLzNsJrcszQxPqu4Wav8A_-_Copy_transcript,automotive_and_healthcare_insurance_inbound.zip,insurance,inbound,bc8c4f1c6d011e97b619d7fc51a519587629074162426af6a7792cf5fd3c8456,"OPENING, PRODUCT_PITCH, NEEDS_ANALYSIS, ACTIVE_LISTENING",0.95,True,Greeting present; agent pitches Medicare benefit optimization and verifies eligibility/demographics with positive reinforcement.
e0cdadd8843748eeabe7a5496ebc2cc0_transcript,medicare_inbound.zip,medicare,inbound,f8a30d5015f6f1e1130099f7bc6617ff4baa600c83401e470a5a1e6c31fd724d,"OPENING, NEEDS_ANALYSIS, CURIOUS_EXPLORATION",0.8,True,"Contains a greeting, discussion of eligibility requirements for boarding, and the customer inquiring about their records."
US_TELECOM_195_AH_(885)_transcript,home_ervice_inbound&telecom _outbound.zip,home_service_telecom,outbound,72c45d20a27a9363b8a16d574c2a93aca120ce2b32cb7330c47c3bb1133ddd92,"OPENING, SOFT_REJECTION, NEEDS_ANALYSIS",0.8,True,"Includes a greeting, a request to cancel an order (rejection), and the agent asking for the reason for cancellation."
5132310795_transcript,insurance_outbound.zip,insurance,outbound,184a1e0141de2ec256efead74c10b5a5f6ccfbf43e1b95ab5d12a53d1da8ee79,"OPENING, PRODUCT_PITCH, NEEDS_ANALYSIS, ENTHUSIASTIC_AGREEMENT",0.9,True,"Greeting present, agent pitches Medicare benefits, performs eligibility checks, and the customer responds positively."
2021-08-24-19-41-17_889d463b-1ef8-4564-8d9a-0d77fb21ec2c_v2wes1GVdRQhIFd-2TqpK_1rANHGCwzyGGh2vvnQrBb4Egr79icXWmBQ_transcript,automotive_and_healthcare_insurance_inbound.zip,insurance,inbound,cf17621117709e10db77c7755dee0cadbf67833e096a4027362afe7382029b46,"OPENING, PRODUCT_PITCH, NEEDS_ANALYSIS, WARM_LEAD",0.9,True,"Greeting present, customer is referred as interested, agent pitches benefits and asks detailed eligibility questions."
8122409104_transcript,insurance_outbound.zip,insurance,outbound,3cdda02d35ab05f5d9c97b5002977ecfbebf332a03e107163500008209e9987a,"OPENING, PRODUCT_PITCH, NEEDS_ANALYSIS, ENTHUSIASTIC_AGREEMENT",0.9,True,"Greeting present, agent pitches specific Medicare benefits, asks about current insurance, and customer agrees enthusiastically."
bf1cd2fb3aca488192268dc40aed5778_transcript,automotive_inbound.zip,automotive,inbound,a6d2b3351ca9671f7042aec952992fc503f2ddcf5a83d84ef955f642f4c570ef,"OPENING, NEEDS_ANALYSIS, PRODUCT_PITCH, CURIOUS_EXPLORATION",0.9,True,"Contains greeting, agent analyzes lease status and location, pitches a new lease option, and customer asks about current programs."
2020-09-14-18-51-25_47b1f4e3-6466-479c-b10d-f3878d95e290_v2GrgSehS67rmikNmnuPijKFDT2KfLFUwA8q2T8ekndjwI98syxJY4RQ_transcript,auto_insurance_customer_service_inbound.zip,insurance,inbound,41caffccb2acc88843a3eb29769eaf25693fb4957feb495f0e0f993b4256f16e,"OPENING, NEEDS_ANALYSIS, PASSIVE_AGREEMENT",0.95,True,"Greeting is present, followed by extensive data collection for insurance eligibility (needs analysis) and customer providing simple confirmations."
1e632ad961dd43edb85cd9d09183b64f_transcript,home_service_inbound.zip,home_service_telecom,inbound,6afeb838330a1fa0c7abba0c41fab717cf410610d5e30df8f82a4b1023d6349d,"OPENING, NEEDS_ANALYSIS, PASSIVE_AGREEMENT",0.85,True,"Greeting is present, agent verifies customer identity and service needs, and customer agrees to a callback."
798792fc8dc34cb38ec1da3b140be88d_transcript,medicare_inbound.zip,medicare,inbound,022b9e27f8070dadf42187070c38b7a626999c7a8ef9cf0637c6e4e908386dfa,"OPENING, NEEDS_ANALYSIS, PASSIVE_AGREEMENT",0.9,True,"Greeting is present, agent collects account details and analyzes the pet's medical condition to schedule an appointment."
b4fdc193ab0746058f774543fc56b840 (5)_transcript,home_service_inbound.zip,home_service_telecom,inbound,47a5073eeb7663bc69c132e088723b545dd880aa778d0d18ffc9c70c7a5cb1e0,"OPENING, NEEDS_ANALYSIS, CURIOUS_EXPLORATION",0.85,True,"Greeting is present, customer explores if the service is possible, and agent asks clarifying questions about the mirror's frame."
7083515231ff4bc497c0521090b64f83_transcript,medicare_inbound.zip,medicare,inbound,f01afe17562e06733eac01d1705aa7a7efcb18e0bac8577579c98cfb3ca3b1f9,"OPENING, NEEDS_ANALYSIS, PASSIVE_AGREEMENT",0.9,True,"Contains a greeting, agent verifies customer identity and appointment details, and customer provides the requested information."
2020-09-23-20-48-04_09d32553-346a-49f4-85ba-c21a6b037f00_v2QsbTRc_zZ3Dg5x89jelJZkBC756KxxebhDEo8hjVTmweJFJUxCtChw_transcript,auto_insurance_customer_service_inbound.zip,insurance,inbound,94563c6de55cc2f80db38211afe58da75a76f1b90db223c637ca927487156da1,"OPENING, NEEDS_ANALYSIS, FEE_DISCUSSION, PRODUCT_PITCH, RUSHING_THE_CALL",0.95,True,"Greeting present, agent analyzes current insurance and costs, pitches a bundle, and customer expresses urgency to finish the call."
1f00a53546534100bbba9a260215fe84_transcript,medicare_inbound.zip,medicare,inbound,812753161800af9573efba11013f0211fbcdd8d7a8b09686593d5783dd17ec36,"OPENING, NEEDS_ANALYSIS, CURIOUS_EXPLORATION",0.9,True,"Greeting present, agent asks about insurance and referrals, and customer explores requirements for their medical process."
8cfeadfa4805441b90258c255be113fd37043081_transcript,medicare_inbound.zip,medicare,inbound,75dac397d99528cade41375e963323d4bb83a41c9150023866511012810718df,"OPENING, NEEDS_ANALYSIS, CURIOUS_EXPLORATION",0.85,True,"Greeting present, agent asks for pet details, and customer inquires about getting a specific vaccine for boarding."
12e4ca9b35744121807dd5bd077737b2_transcript,automotive_inbound.zip,automotive,inbound,79d5d46bfb8cfaaee34a4a50c3dd425c48ee4502516ac673aa9581d846b43c0e,"OPENING, PRODUCT_PITCH, CURIOUS_EXPLORATION",0.9,True,"Greeting present, agent asks for a business overview, and the caller pitches a lead generation technology."
2020-03-26-15-48-41_45516b06-6f79-11ea-9fd5-0eec45eb3237_442148fa-6f79-11ea-9290-1111a3f3bc1f_transcript,auto_insurance_customer_service_inbound.zip,insurance,inbound,08dbedb342e79675766b847fe37a82b7569bb16b0e46d4e512e29f76b11070f0,"OPENING, NEEDS_ANALYSIS, FEE_DISCUSSION",0.9,True,"Agent greets the caller, performs a detailed intake of insurance and personal history, and verifies the current payment amount."
e987b4747b4d4faeb371dcf3b70e8a5f_transcript,medicare_inbound.zip,medicare,inbound,1e18d7099140992c4b2fdae44ab1328f6ed080b9424657b583fe8bc68b164133,"OPENING, PRODUCT_PITCH",0.7,False,Contains an automated greeting and a promotional description of the veterinary services and animals treated.
ba1e4da8470a4a019e9f6636f1e06ce2_transcript,home_ervice_inbound&telecom _outbound.zip,home_service_telecom,outbound,35b23432dcae77b7735bcc7c68f2b6f1dfc469faf6562737d59865b2fe96d430,"OPENING, NEEDS_ANALYSIS, OBJECTION_HANDLING",0.8,True,"Greeting is present, agent analyzes the specific repair need, and handles the customer's persistence regarding the screen repair."
20210927-174132_6159191009-all_transcript,home_ervice_inbound&telecom _outbound.zip,home_service_telecom,outbound,273b6d0df4282638f0b5ee67e2700bc9d9420191e304c20f3ea8beb65066725b,"OPENING, PRODUCT_PITCH, FEE_DISCUSSION, SUCCESSFUL_SALE",0.9,True,"Greeting, pitch for a business account, mention of no termination fees, and confirmation of an order being processed."
f2377aad37b14c92a32f5d47b8538ef4_transcript,medicare_inbound.zip,medicare,inbound,9a6aee110a1a6e08680ea7e3810728d2093ce1cfe8c267c742ce88d88a392bee,"OPENING, NEEDS_ANALYSIS, PRODUCT_PITCH, CURIOUS_EXPLORATION",0.9,True,"Greeting, gathering lead information, explaining the consultation service, and the customer inquiring about a specific advertisement."
6ffb05b712c94027864a69c9bb1e74f3_(3)_transcript,home_service_inbound.zip,home_service_telecom,inbound,b16bc181d2c81724c1ef3d370c5725d605adc760a44957fbe840f1731b08a910,"OPENING, NEEDS_ANALYSIS, CURIOUS_EXPLORATION",0.9,True,Agent greets the customer and collects identifying information and location details to provide a service estimate requested by the customer.
DMEMED_rmbpo21_20211110-162824_7656897062_4707388-all_transcript,medical_equipment_outbound.zip,medical_equipment,outbound,0650ea29ac5e3b7017d659a86a29b53f762306cdb4127c1be63170b9b0df9f0b,"OPENING, PRODUCT_PITCH, NEEDS_ANALYSIS, FEE_DISCUSSION",0.95,True,"Agent opens the call, pitches dental/vision benefits, discusses premium reductions, and verifies the customer's identity and location."
b2f828edbbf243279f6eb933cd02c73b_transcript,medicare_inbound.zip,medicare,inbound,413c8a169574513070a4bd8de6b64d572e00711ec748b5c278f8d37943eed226,"OPENING, NEEDS_ANALYSIS, CURIOUS_EXPLORATION",0.85,True,Agent greets the customer and performs a needs analysis by verifying the pet's records and status in the system.
60951a235a2e48b6b48dd6852d6e8d1b34870496_transcript,medicare_inbound.zip,medicare,inbound,a292a533ebe514976c34677f205595fcf34bf72cc2449b02ed03ba6eb1c993df,"OPENING, FEE_DISCUSSION, CURIOUS_EXPLORATION",0.8,True,Customer inquires about the specific type of medical treatment and questions the associated cost/fee.
7709395261_transcript,insurance_outbound.zip,insurance,outbound,f13ea2178aab315cabf5028240f497d4733f2894158797d823fc083b2bd9acd1,"OPENING, PRODUCT_PITCH, NEEDS_ANALYSIS, MISUNDERSTANDING",0.85,True,"Agent opens the call, pitches Medicare benefits, and asks about eligibility, but the customer struggles to understand the conversation."
01105204872d41bfa41c22f18cf02ba8_transcript,automotive_inbound.zip,automotive,inbound,a5d2eb790afe1fdb339daf8239bf3866677985d95ddb93b956f703f0c4b8826e,"OPENING, NEEDS_ANALYSIS, CURIOUS_EXPLORATION, ACTIVE_LISTENING",0.9,True,"Contains greeting, agent asks for 'must haves' for the vehicle, and confirms customer details while checking inventory."
f4de69b0a1ec4c1eba600befb914068e36958535 (1)_transcript,medicare_inbound.zip,medicare,inbound,c4b2c79e86b4d91532c7afa3e23970e4520aeae13528a9cbf296befc156ff60b,"OPENING, NEEDS_ANALYSIS, OVERWHELMED_CONFUSION, CURIOUS_EXPLORATION",0.85,True,Greeting present; agent asks for dates and needs; customer expresses high stress and confusion regarding their schedule.
recording-public_849_transcript,customer_service_general_inbound.zip,customer_service,inbound,b06ef4a66b905cdfa3672634621c16538c84255a0b5c9221fc940965a6d9563e,"OPENING, NEEDS_ANALYSIS, PRODUCT_PITCH, FEE_DISCUSSION, SOFT_REJECTION",0.95,True,"Greeting, eligibility questions, pitch for final expense policy, discussion of premiums, and customer's polite refusal."
23a106ccc07d4b51aa1d1156d31a1470_transcript,medicare_inbound.zip,medicare,inbound,664a4c003f10ed2e82474ff6e283110feff75ea1481f1e411a9909b9dd102519,"OPENING, NEEDS_ANALYSIS, FEE_DISCUSSION, CURIOUS_EXPLORATION",0.8,True,Greeting present; agent verifies reservation; customer discusses cost-saving by switching suite types and asks about availability.
c3427068a36042e2aecaedd26e3794e7_transcript,home_ervice_inbound&telecom _outbound.zip,home_service_telecom,outbound,5d2e809b8345991dc186609ed610b9bdb3ac18dee19228e71e6a2315c4990dfe,"OPENING, NEEDS_ANALYSIS, CURIOUS_EXPLORATION, ACTIVE_LISTENING",0.9,True,Greeting present; agent asks about the pump's failure and flooding; customer explains the technical issue in detail.
2020-09-09-19-54-04_ca6085c4-1859-4872-9b4f-07824ab33725_v2FJU3K4MY-LBm2oEUI8XRGe0PI3ZPO5BoR8j5Ky8qqsl1Y-HHGxiiDw_transcript,auto_insurance_customer_service_inbound.zip,insurance,inbound,d640d4578524a637dbaad03e2fc23e25ce06bb84c55c8877227682a0781ed35d,"OPENING, NEEDS_ANALYSIS, FEE_DISCUSSION",0.95,True,"Contains a greeting, extensive questioning about current insurance and eligibility, and a query regarding current monthly payments."
957cd04d378842bea87d8db826d4a170_transcript,home_ervice_inbound&telecom _outbound.zip,home_service_telecom,outbound,68f2b7ddbddfec6aae2e62d04e755499bcf3e856546068a75ee6292dced1c3d6,"OPENING, NEEDS_ANALYSIS, FEE_DISCUSSION",0.9,True,"Includes a greeting, analysis of the service request and location, and a discussion regarding the dispatch fee."
6064324972_P3_transcript,insurance_outbound.zip,insurance,outbound,fa0616a605cc49c7e76c5e97c272e155925aa00a12568e2c2fa78d56d84ebf2a,"OPENING, PRODUCT_PITCH, NEEDS_ANALYSIS",0.95,True,"Greeting is present, agent pitches Medicare upgrades/benefits, and verifies eligibility and personal details."
4481e06f1c55402e849108cdfa6f4fe8_transcript,home_service_inbound.zip,home_service_telecom,inbound,56eed7a107ef8a303cfd91ff6a284e1f612e867dc1abc0afd613565aa77dcbda,"OPENING, NEEDS_ANALYSIS, FEE_DISCUSSION, SOFT_REJECTION",0.9,True,"Greeting, vehicle specification analysis, price quoting, and a non-committal response from the customer."
09805857100e4db2a9afe1b09d94062b_transcript,medicare_inbound.zip,medicare,inbound,0c8898eadab5abacdefeba9ff15408c21d67cbb01c77b46afdc6ecf527ad47a2,"OPENING, PRODUCT_PITCH",0.7,False,Automated greeting and promotional information regarding vaccine clinics and new pet services.
bf5024cc30ce4a4fa7806ef2f42fba5c_transcript,automotive_inbound.zip,automotive,inbound,04e30e36d8368780d815c0f465d4f3282f5901fdee12c527a3f68b9517666d81,"OPENING, NEEDS_ANALYSIS, FEE_DISCUSSION",0.9,True,"Contains a greeting, agent asks for vehicle details to identify the part, and discusses the price of the lug nuts."
9ecc26c3de704fd1bff88afb3c9e009335550405_transcript,medicare_inbound.zip,medicare,inbound,33eb91dad892458240a18e409d44f34fd48ad893def38c236c09c22ef1f237f1,"OPENING, NEEDS_ANALYSIS, PRODUCT_PITCH, WARM_LEAD",0.85,True,"Greeting present, agent analyzes dog's history, pitches boarding vs daycare options, and customer expresses clear intent to proceed."
7408e491c0684e8cb60bc493d7a617b3_(1)_transcript,home_service_inbound.zip,home_service_telecom,inbound,462c00ebd55ed90506dba0e304a33d70a84777ece7a12a175f4afcd941f6d84a,"OPENING, NEEDS_ANALYSIS, SUCCESSFUL_SALE",0.9,True,"Greeting present, agent asks about window specifications, and a service appointment is successfully scheduled."
c875906180b8420d977a9ff2e38f840a36765345_transcript,medicare_inbound.zip,medicare,inbound,63156b01dc6d5e19fa584c26bd06b495646291c9a509190f8d8539fa6b8f8049,"OPENING, PRODUCT_PITCH",0.8,True,Automated opening message that actively presents a wide range of veterinary services and plans.
5a6097b4e25f4a53a4b82c65418400d7_transcript,home_service_inbound.zip,home_service_telecom,inbound,bba4ba3ca4a48f73faa39f769ebf9729b1d16c995d74c43f1b285b2d1860067f,"OPENING, ACTIVE_LISTENING",0.7,True,Greeting present; agent uses active listening to confirm customer details for an appointment cancellation.
2f3bcc9c8d6e46098d3e457b62285922_transcript,home_ervice_inbound&telecom _outbound.zip,home_service_telecom,outbound,d0ecf8e1d4d26e9bd5974b1d5e2eac145534c162cc9e3ebb82b8c0036da372d0,"OPENING, NEEDS_ANALYSIS, PASSIVE_AGREEMENT",0.9,True,"Contains greeting, agent identifying the customer's specific repair request, and customer cooperating with the process."
e92d371c21534bef94d0d079a6ca38a0_transcript,home_ervice_inbound&telecom _outbound.zip,home_service_telecom,outbound,77819f9f1cd72ab0d18fcd247e26a36e8eeef93cf8696d548508b28d1e0f5159,"OPENING, NEEDS_ANALYSIS, FEE_DISCUSSION, PRODUCT_PITCH, SUCCESSFUL_SALE",0.95,True,"Includes greeting, analysis of window needs, discussion of the visit fee, pitch of the service process, and scheduling an appointment."
2020-09-29-14-46-14_0924d7c3-9d6c-4423-8dde-c7b36e5de3e2_v267EzEmHI62Vm5kXDep7iavW8eMA8YZByWt4Fk7uYH-EjRDpUPQ3lsA_transcript,auto_insurance_customer_service_inbound.zip,insurance,inbound,58313e7c106da26464cd3ae2d5a552ded8f55e3f75167be565a545a278860d77,"OPENING, NEEDS_ANALYSIS, FEE_DISCUSSION, PASSIVE_AGREEMENT",0.9,True,"Greeting followed by extensive data gathering on insurance history, current payments, and eligibility with a cooperative customer."
3307928360_transcript,insurance_outbound.zip,insurance,outbound,5cfd48d640173cb4334249486b07e8266ef63dea2f7565a46bf26eb6b974d23c,"OPENING, NEEDS_ANALYSIS, FEE_DISCUSSION, APATHETIC_RESPONSE",0.85,True,"Greeting and verification of details, mention of a monthly benefit amount, and customer showing indifference with 'whatever you say'."
6549b1f85e474a759b5be54237a1565c_transcript,automotive_inbound.zip,automotive,inbound,07a069b5e0c532dbef10df8e73f023d483c6bf03ab87565fd9554830a67f91f4,"OPENING, NEEDS_ANALYSIS, FEE_DISCUSSION, SUCCESSFUL_SALE",0.9,True,"Greeting, identifying the specific car part needed, providing the price, and customer requesting to set the item aside for pickup."
9ed8eb08f6304ba6b2a5540b22be6883_transcript,home_service_inbound.zip,home_service_telecom,inbound,e24c5ebf85e16ae219bf1aefd98e03541ded297eeded48b69516afac7ccce9ae,"OPENING, NEEDS_ANALYSIS, CURIOUS_EXPLORATION",0.9,True,"Contains a greeting, agent gathering customer details, and customer explaining a specific technical issue with a washing machine."
f22d57c4f0534378aeaf3b38a01854ce_transcript,home_ervice_inbound&telecom _outbound.zip,home_service_telecom,outbound,97fdfaf815bbff9281218c3d32302d464433403bcc358e1b413c6805ecc5ee70,"OPENING, NEEDS_ANALYSIS, CURIOUS_EXPLORATION",0.9,True,Includes a greeting and the agent asking for contact information and specific details about the broken window to provide a quote.
recording-public_997_transcript,customer_service_general_inbound.zip,customer_service,inbound,352abf8a6a393be41ca465a6640e857af389e8b497030a0204e8871386173993,"OPENING, NEEDS_ANALYSIS, PRODUCT_PITCH",0.85,True,Greeting is present; agent explicitly states they will ask questions to determine if the insurance plan makes sense and describes the program.
08939ccba8d346b5986962e73f28a1b2_transcript,medicare_inbound.zip,medicare,inbound,58265f2e4283a5dbd512608dbb703008bf2ba120681e6eca16f6d73d3a69369b,"OPENING, FEE_DISCUSSION, CURIOUS_EXPLORATION",0.9,True,"Greeting is present; agent discusses specific price ranges for vaccines, and the customer asks about common vaccine types."
542e5bace4ba42e88a268095424a8fb1_transcript,medicare_inbound.zip,medicare,inbound,aa25b27b46c518079fca0b645240ffd04a80334eb2d569c254e8f3dc13a46d25,"OPENING, NEEDS_ANALYSIS, SOFT_REJECTION",0.8,True,"Greeting is present; agent gathers identity details, and the customer is requesting to cancel a service, which constitutes a rejection of the product."
3619356032_transcript,insurance_outbound.zip,insurance,outbound,153b37dec69a925dfd7a62a07e546a9f5a16480aec984f9dadd42eca363cf93a,"PRODUCT_PITCH, FEE_DISCUSSION, NEEDS_ANALYSIS, PASSIVE_AGREEMENT",0.9,True,"Agent pitches Medicare benefits and premiums, then verifies eligibility and personal identity details with the customer's agreement."
7085963970_transcript,insurance_outbound.zip,insurance,outbound,321e8cb745e76f93604341181a6c70d7f6499605ce13317a0a675bf9967f0f0e,"OPENING, PRODUCT_PITCH, NEEDS_ANALYSIS, PASSIVE_AGREEMENT",0.95,True,"Contains a clear greeting, a pitch for Medicare upgrades, and qualifying questions regarding the customer's current benefits."
d999d573505c4ecc88406c422885373e_transcript,home_service_inbound.zip,home_service_telecom,inbound,0911650c0295537d005af50c15745c7349dbc453bc98442177992d30bc19a02e,"OPENING, CURIOUS_EXPLORATION, PASSIVE_AGREEMENT",0.85,True,Inbound service call starting with a greeting where the customer inquires about the status of a repair.
20211021-190955_4076492033-all_transcript,home_ervice_inbound&telecom _outbound.zip,home_service_telecom,outbound,aa19a4cc0e470530cf7e940be222cd7a765b3f16b6fe2f5a50380bea9989e85d,"PRODUCT_PITCH, FEE_DISCUSSION, NEEDS_ANALYSIS, PASSIVE_AGREEMENT",0.9,True,"Agent confirms installation details, discusses monthly billing and rewards, and requests business identification."
8af9d00b76e14c9481decbaf14140009_transcript,medicare_inbound.zip,medicare,inbound,bcb87c03f8db7c976a40b924a1ad90df4557cf8d0d5b87506f43e2e5d22ab78e,"OPENING, NEEDS_ANALYSIS, CURIOUS_EXPLORATION, PASSIVE_AGREEMENT",0.85,True,Inbound appointment call where the agent and customer discuss the specific grooming needs and timing for a pet.
8747ae49ec504832b800616387b23f83_transcript,home_ervice_inbound&telecom _outbound.zip,home_service_telecom,outbound,fa2fecc9a0176b4f99cc4d42d524500b7b801953dc5ad0723ebcef325fdce7ae,"OPENING, NEEDS_ANALYSIS, FEE_DISCUSSION, CURIOUS_EXPLORATION, STALLING_FOR_TIME",0.9,True,"Contains greeting, analysis of window damage, discussion of specific fees and price ranges, customer inquiry, and a request to call back after consulting a spouse."
121961d491f84e0cb7b1d577d60eb7e0_transcript,automotive_inbound.zip,automotive,inbound,2ac4cd4ded93bed552fbeba99de83f871d5c025cd3e15a0830b0252fc8e329e2,"OPENING, CURIOUS_EXPLORATION, WARM_LEAD, ACTIVE_LISTENING",0.85,True,"Greeting present, customer seeking a tire quote, and agreement to a callback indicating a warm lead with agent managing the process."
bb763bbcd4924bf8a85597c4f2053d39_transcript,home_service_inbound.zip,home_service_telecom,inbound,2eededb170ad85fa8483866de7ac635ea4f3dbe993bc5771efdc5580fe3ba481,"OPENING, PRODUCT_PITCH, FEE_DISCUSSION",0.8,True,IVR greeting that pitches various pest control services and explicitly mentions that assistance is provided for a fee.
ac406713440344b7a15538683be5af9f_transcript,automotive_inbound.zip,automotive,inbound,1d7cab18ff54dc334d1258586b9244f69d5a516053ec5c82ec303fafefd20d9d,"OPENING, FEE_DISCUSSION, NEEDS_ANALYSIS, CURIOUS_EXPLORATION",0.9,True,"Greeting, customer inquiring about oil change pricing, and agent requesting account details to identify the vehicle."
6853964a0e0d45e38e7d29e3cfabd3d436732438_transcript,medicare_inbound.zip,medicare,inbound,15a1c70670a51e45467e3ec4d26bb9307d3867f1e80091ac5616e8e4b0454645,"OPENING, MISUNDERSTANDING, OVERWHELMED_CONFUSION, ACTIVE_LISTENING",0.85,True,"Greeting, customer confusion regarding an automated appointment text, and agent actively confirming the correct date and time."
5598917790_P1_transcript,insurance_outbound.zip,insurance,outbound,c7cdf981f7374f5283844d2eda1706f093d447b1983e36238ecb58d1b1ef8fbf,"OPENING, PRODUCT_PITCH, NEEDS_ANALYSIS, FEE_DISCUSSION",0.95,True,"Agent opens the call, pitches Medicare upgrades, asks eligibility/personal details for analysis, and mentions premium costs."
fa253088e9e14abb978494aa32f74ae3_(2)_transcript,home_service_inbound.zip,home_service_telecom,inbound,7edfdbd60f87baa7f96835db07d661596b04348f9efa5c9bdcdcf55be3646113,"OPENING, NEEDS_ANALYSIS, WARM_LEAD",0.9,True,"Call starts with a greeting, agent collects customer details to address a service issue, and identifies the customer as a returning user."
5cd274f116a44cf9bcd86b3218382de3_transcript,medicare_inbound.zip,medicare,inbound,7807192d5b62ecd58c0c003c2c5ec7da101c0a738f41a1a3038168e26a24c894,"OPENING, SUCCESSFUL_SALE, ENTHUSIASTIC_AGREEMENT",0.85,True,"Greeting is present, an appointment is successfully scheduled (commitment), and the customer agrees enthusiastically."
fe3138981abb416aa82a71c721a3cfab2867105_transcript,medicare_inbound.zip,medicare,inbound,4bb3e84d7934308b14bc5b7235b436f7adb99586ca0600d4f2326f5e670e2a7c,"OPENING, NEEDS_ANALYSIS, PRODUCT_PITCH, ENTHUSIASTIC_AGREEMENT",0.9,True,"Agent opens the call, analyzes the emergency dental need, offers a specific available appointment, and the customer agrees happily."
2020-06-01-19-35-41_96ad6ff2-6c78-4e1f-a1df-9c3bbceea510_v2rx2vW5qSByGYdFqxAbQjbvSnzrv2Uz0BtMSUxKYGwnpw3LSdaToq9A_transcript,auto_insurance_customer_service_inbound.zip,insurance,inbound,f972c7e71d145e679e0d85708c829decb4b80ab78d5cd9baa4339b7c4c64f233,"OPENING, PRODUCT_PITCH, COMPETITOR_COMPARISON, SOFT_REJECTION, OBJECTION_HANDLING",0.9,True,"Agent opens and pitches an auto quote; customer mentions current provider's price (comparison) and hesitates (soft rejection), which the agent attempts to handle."
9622d4b2f02148e0a1ba1486fa276cf33821673_transcript,medicare_inbound.zip,medicare,inbound,4ea74e30481cd413c52e00cfda38d0f737247b0914a98a32de05c915c8109be1,"OPENING, NEEDS_ANALYSIS, PRODUCT_PITCH, SOFT_REJECTION",0.9,True,"Contains a greeting, discussion of appointment availability, a pitch for the initial visit process, and a soft rejection of the proposed service flow."
dbcc13afb208420b932bfcd890d2a1fc_transcript,automotive_inbound.zip,automotive,inbound,26454503102d177509a5bc654dcc547846231ffd16bef926470e5e315639dd6e,"OPENING, PRODUCT_PITCH",0.8,True,"Includes a greeting and a detailed automated pitch describing the company's inventory, delivery capabilities, and ordering platforms."
49e278d4716f40999a3f32d09399b25b_transcript,home_service_inbound.zip,home_service_telecom,inbound,a0b2fa88c8369b2f6fc3e6001fcf7cf5af0ee0ccde628092b049421d8a2a0fdc,"OPENING, FEE_DISCUSSION, NEEDS_ANALYSIS, SUCCESSFUL_SALE",0.95,True,"Greeting is present, price is discussed, the specific repair need is analyzed, and an appointment is successfully scheduled."
af2590eff1934771b12b3228792fca021595599_transcript,medicare_inbound.zip,medicare,inbound,a9932eff7376c2907a1c153bdf92c08cba3b87168f20502a7aec0788e41929c5,"OPENING, NEEDS_ANALYSIS, FEE_DISCUSSION, PRODUCT_PITCH",0.9,True,"Includes greeting, analysis of insurance coverage, discussion of out-of-pocket costs, and a pitch on maximizing out-of-network benefits."
05bb7c5253694fa09ef6c26fbc0d6a4c_transcript,automotive_and_healthcare_insurance_inbound.zip,insurance,inbound,6aaf4d590512e905a62029e971fe759459cbda5be93028c0eb0882060e0e450b,"OPENING, NEEDS_ANALYSIS, FEE_DISCUSSION, PRODUCT_PITCH",0.85,True,"Informal greeting, discussion of specific car preferences, battery costs, and a pitch regarding the hybrid warranty."
b67bd5fdef254b84b765708f5ff719ae_transcript,home_service_inbound.zip,home_service_telecom,inbound,923f80373bded337b98215fbca924158c9898a66a72e55e872a949db63235570,"OPENING, FEE_DISCUSSION, NEEDS_ANALYSIS, CURIOUS_EXPLORATION",0.9,True,"Contains greeting, customer inquiry about pricing, and agent asking for specific window measurements and materials to provide a quote."
5183264499_transcript,insurance_outbound.zip,insurance,outbound,18430875ea6e677f5e9c026c61d70d0fc494e675f46c2e7c822db0869d5bd7fb,"OPENING, PRODUCT_PITCH, NEEDS_ANALYSIS, FEE_DISCUSSION, PASSIVE_AGREEMENT",0.95,True,"Agent greets, pitches Medicare benefits at no cost, verifies eligibility/details, and customer agrees throughout."
DMEMED_rmbpo19_20220106-111917_8653995586_5035298-all_transcript,medical_equipment_outbound.zip,medical_equipment,outbound,5abaebc2936a6d1078f337578ef9f846f13660b9a7cb0205d1999dae57a7802f,"SUDDEN_HANG_UP, PRODUCT_PITCH, NEEDS_ANALYSIS, FEE_DISCUSSION",0.85,True,"Agent references a previous hang-up, pitches benefits at no cost, and verifies personal eligibility details."
2525310790_transcript,insurance_outbound.zip,insurance,outbound,1b27b0d9e4e59e9aaacc243c5b7bef8788bc2576dae18f63957cc8d520b18a23,"OPENING, PRODUCT_PITCH, NEEDS_ANALYSIS, FEE_DISCUSSION, PASSIVE_AGREEMENT",0.95,True,"Greeting present, pitch for Medicare upgrade with money back, eligibility verification, and customer confirmation."
7c4505375d83463bbedb81ae74b0602c_transcript,medicare_inbound.zip,medicare,inbound,78282fe6cb3bba5f38ff9825050cfed4be0d8b0aa11527b63fcccc6cf45498ec,"OPENING, NEEDS_ANALYSIS, ACTIVE_LISTENING",0.8,True,"Inbound greeting, agent asks for identifying information to locate records, and acknowledges customer's frustration regarding callbacks."
793621312a464e83a3675b5d6bacf51d_transcript,medicare_inbound.zip,medicare,inbound,2ef60c4867e69af894208ebc0c64a7be4c6ba4acad02d6fced316b9abbb11f64,"OPENING, NEEDS_ANALYSIS, ACTIVE_LISTENING",0.9,True,Contains a clear opening greeting and the agent performing needs analysis by asking about the pet's symptoms and urgency.
Midwest_Insurance_Conslnts_LLC_transcript,home_ervice_inbound&telecom _outbound.zip,home_service_telecom,outbound,503e3d5b4d6575223d69460b8343e77a2b2809e50fd2ee4f7d10d051c9d37b34,"OPENING, PRODUCT_PITCH, NEEDS_ANALYSIS, FEE_DISCUSSION",0.85,True,"Includes opening, a pitch for a new promotion/upgrade, confirmation of account details, and mention of billing."
e34de545a0414a1e80cadfded24ae0a7_transcript,automotive_inbound.zip,automotive,inbound,612bd61a35a90420990b16cdcde2af5aa06e6fa0628486325be781d32bf584e2,"OPENING, NEEDS_ANALYSIS, CURIOUS_EXPLORATION",0.9,True,"Opening greeting present; agent analyzes specific vehicle requirements (model, trim, color) requested by the customer."
311ebe5946044f74b5fd7309e6c2eca6_transcript,medicare_inbound.zip,medicare,inbound,746c001af193c9ac2840ee79284a27e3b477ced5401ad7bb9ba61646828fb5d6,"OPENING, NEEDS_ANALYSIS, FEE_DISCUSSION",0.8,True,Opening greeting included; agent identifies specific product needs and mentions account balance/money.
7be890f6ea20455885f8a95614593320 (19)_transcript,home_service_inbound.zip,home_service_telecom,inbound,921e838a7f8c6d126385ae66f3f3927406ce17e4bf476ac017433c0704708c2a,"OPENING, FEE_DISCUSSION, FOLLOW_UP_EMAIL_REQUESTED",0.95,True,Opening greeting present; discussion revolves around a price quote/estimate and a request to resend the email.
c85c502e33314fc98842a5f51591f60f_transcript,medicare_inbound.zip,medicare,inbound,6a08d48acd9b6de8ef8ceb0d0d67971e3d4ce131f04760373b7173789adbbd0e,"OPENING, NEEDS_ANALYSIS, FEE_DISCUSSION, SUCCESSFUL_SALE",0.9,True,"Contains greeting, verification of insurance/details, pricing for prescriptions, and customer agreement to proceed with the order."
2cadc9952f814b048af6ef11b347c3da_transcript,automotive_inbound.zip,automotive,inbound,afac6142a8655ab7a9b7540edd9bb832ec3c368d34ba8c05920e16e8173595e5,"OPENING, PRODUCT_PITCH, CURIOUS_EXPLORATION, FEE_DISCUSSION",0.85,True,"Greeting present, agent explains remote buying process, customer asks about shipping options and costs."
8124469022_transcript,insurance_outbound.zip,insurance,outbound,fcf799adc0aa23775c744debbc8d8362b7e55a874d9e12ee6fe9d91810376a2f,"OPENING, PRODUCT_PITCH, NEEDS_ANALYSIS, PASSIVE_AGREEMENT",0.9,True,"Greeting, pitch for Medicare benefits, verification of Part A/B and personal details, and customer's indifferent agreement."
8fa7154f773d435d8ef65ea3d83a73b2_transcript,medicare_inbound.zip,medicare,inbound,ca71ad484fb01e831214df532cc7b4943689066e9196271dc239d98c20943661,"OPENING, NEEDS_ANALYSIS, CURIOUS_EXPLORATION, PRODUCT_PITCH",0.8,True,"Greeting, customer inquiring about orientation, agent checking profile, and a promotional pitch for pet accommodations."
2021-08-30-21-55-08_8f1b318b-be3c-45f9-a454-37e46b0d819d_RGB8EAAD9FB95AB6049A4157BF56C2162082AA78486O-W4701_-_Copy_transcript,automotive_and_healthcare_insurance_inbound.zip,insurance,inbound,b8d1b8e8782f2b37e7b5c090c953ed59f270498af7efba626f3d1dbe6c12f609,"OPENING, PRODUCT_PITCH, NEEDS_ANALYSIS, ACTIVE_LISTENING",0.9,True,"Greeting, explanation of Medicare assistance services, detailed eligibility and personal info gathering, and supportive agent affirmations."
DMEMED_rmbpo06_20211116-102436_8122825061_4802517-all_transcript,medical_equipment_outbound.zip,medical_equipment,outbound,f5d61402263213a1999935c69957fca342a26e8579bb6738d590b1bc3df200f9,"OPENING, PRODUCT_PITCH, NEEDS_ANALYSIS",0.9,True,"Contains a greeting, a pitch for Medicare benefits, and questions about Medicaid eligibility."
0a8f1854042142a2954cd920a5c63789_transcript,home_ervice_inbound&telecom _outbound.zip,home_service_telecom,outbound,3ca0815de5034eaca09759de45d8b13124ecc86c72002ff17cdcd9472f97086b,"OPENING, NEEDS_ANALYSIS, SUCCESSFUL_SALE",0.9,True,"Greeting is present, agent analyzes cleaning needs, and a specific appointment date is agreed upon."
4a323b932f794efc91e888e5c905f294_transcript,home_ervice_inbound&telecom _outbound.zip,home_service_telecom,outbound,56384634dc9f2322fee3067c94576987fca8b7fa99466eaf5a6bdca0367d0a43,"OPENING, NEEDS_ANALYSIS, ACTIVE_LISTENING",0.8,True,"Includes opening greeting, detailed questioning about the plumbing issue, and agent confirming the problem."
2020-09-14-14-41-43_19d48e22-0158-49ed-98e8-3714c4b68905_v2uHNI4_xKq-LXaDW8qjSCfYbJlDhfmjKG53OYbwBrOESCWfMb0Wxwbg_transcript,auto_insurance_customer_service_inbound.zip,insurance,inbound,8f350e575b1136511fc15cdcc6917db6ac44cbce0ef675a93a87585627436651,"OPENING, NEEDS_ANALYSIS, FEE_DISCUSSION, PRODUCT_PITCH",0.9,True,"Greeting, analysis of current insurance, discussion of current premiums, and a pitch for bundling homeowners insurance."
ed629893bdbf4984876f7f141fc8f649_transcript,home_service_inbound.zip,home_service_telecom,inbound,ec066af4d6853389811ec944c4dd97a5d5db52cb5b17a72251de0b63f264f94a,"OPENING, NEEDS_ANALYSIS, PRODUCT_PITCH",0.8,True,"Greeting is present, agent identifies the specific window needed, and confirms they can provide the service."
2021-08-26-16-19-10_eecd26cc-ca46-4e66-a80a-82a8d3e7e0ba_v2k8YMj9YhDwb_PmPV5AYkkm6cbiHSmQa81n7KOHFnXrL4kZWskYy4zQ_-_Copy_transcript,automotive_and_healthcare_insurance_inbound.zip,insurance,inbound,d40b745084e4f1668c3828a991e3b322b3c9c4de72893026e579a45c9ee4f68b,"OPENING, NEEDS_ANALYSIS, ACTIVE_LISTENING",0.8,True,"Contains a greeting, agent asking for the customer's name to identify them, and agent using supportive language while the customer explains the call reason."
2020-10-08-15-36-16_654b5639-d1a3-45ca-8188-9d7aceaf9835_v2kgy84UNH0pT8ymMclVcBnwUpVRy7QSf0JjH4NqvjzrDTSKuxAjzJhg_transcript,auto_insurance_customer_service_inbound.zip,insurance,inbound,08953e8e772cadda9978d0ed949a41f025f23da0afceffec2708b2b5d59aaff5,"OPENING, PRODUCT_PITCH, NEEDS_ANALYSIS, SOFT_REJECTION",0.95,True,"Includes greeting, offer to compare rates, extensive data collection for eligibility, and a soft rejection when the customer declines bundling home and auto."
58afe8eb67b84027af671b14374a3c7e_transcript,medicare_inbound.zip,medicare,inbound,e1c1daf8bfb9f58efb2df60f05eadaf1db9ff1d3d2bc8fc31250529eea8c3e8c,"OPENING, NEEDS_ANALYSIS, SUCCESSFUL_SALE",0.85,True,"Greeting is present, agent collects identifying information, and the call ends with a successful commitment to a rescheduled appointment."
47c393ace2b44546bf66695772ab63a5_transcript,home_ervice_inbound&telecom _outbound.zip,home_service_telecom,outbound,f2627bf108e162b04a51fc566eacfa78a5ad854acb3fcf95fd7f5b9ca06233f4,"OPENING, NEEDS_ANALYSIS, SOFT_REJECTION",0.75,True,"Greeting is present, customer describes specific repair needs, and the agent provides a soft rejection by stating they cannot perform that specific repair work."
c971e02639ac44b280fff2d822804e132504520_transcript,medicare_inbound.zip,medicare,inbound,f4a5ade835af576707834309c526f215b6eb68c27bac8c0ea00e7da740f8f016,"OPENING, ENTHUSIASTIC_AGREEMENT, FEE_DISCUSSION",0.8,True,"Contains a greeting, the customer expresses high satisfaction with the new time ('absolutely perfect'), and there is a discussion regarding a payment amount."
8655444228_transcript,insurance_outbound.zip,insurance,outbound,d583266e323e28d9f67b9c132e845a15987b6e142e3c455d04853a924df631ad,"OPENING, PRODUCT_PITCH, NEEDS_ANALYSIS, FEE_DISCUSSION",0.95,True,"Contains greeting, pitch for Medicare benefits, eligibility questions, and mentions of no-cost premiums."
3beefc51c4f4410da65c57fb9283d962_transcript,automotive_and_healthcare_insurance_inbound.zip,insurance,inbound,538ba5c977e7b70998b3785ea6fa02abd1b6e760fec3bf63f599c3f8a3151ef8,"OPENING, NEEDS_ANALYSIS",0.85,True,Includes call opening and agent attempting to analyze the customer's specific request regarding a payoff.
9197780645_transcript,insurance_outbound.zip,insurance,outbound,d3c51905bb47bcb1a3aef69f032485a650cb0640c1f62a7bdfadf6d9dd9feb19,"OPENING, PRODUCT_PITCH, NEEDS_ANALYSIS, FEE_DISCUSSION",0.95,True,"Greeting present, pitch for Medicare upgrades, questions about plan history, and discussion of no co-payments."
2ee7a9bdc3e94544baa0c192944d53fa_transcript,home_service_inbound.zip,home_service_telecom,inbound,6c229286ba790ed199e6e337f7f639f5f0e92ee2258a42137e41f7cef2d890f3,"OPENING, NEEDS_ANALYSIS, CLOSING_NEGOTIATION",0.9,True,"Greeting, gathering customer details for a service request, and negotiating the appointment time."
0d4054d08af243419fb0be58642b869d_transcript,automotive_and_healthcare_insurance_inbound.zip,insurance,inbound,8eb9ea5b3b21bf609de8a2c2c60d8d6e5a701d0788458bd2b8ca3f1fa7db9df0,"OPENING, NEEDS_ANALYSIS, FEE_DISCUSSION",0.9,True,"Greeting, profile creation/data gathering, and customer discussing budget and price range for a car."
2021-08-25-15-32-44_ddc9f594-50a5-40d2-9ea6-b7728726129d_v2BY1k4mQuyWNOHIAxVHifBQGm-N4kbTvnwaWo6w2AKU2Fx3pW9zPnRg_-_Copy_transcript,automotive_and_healthcare_insurance_inbound.zip,insurance,inbound,c620b2d840a1d4d61849f90a36c86925e1d5d3a6d1843242ea22226a29613ccb,"OPENING, NEEDS_ANALYSIS, FEE_DISCUSSION",0.9,True,"Contains a greeting, questions about Medicaid/Medicare eligibility and zip code, and a discussion about getting money back."
1f0d8835f12a435dbd7d34741f27fd75_transcript,automotive_inbound.zip,automotive,inbound,c575974db9c8fd7430ffd7b1c84a6cc632ae56a52c438773496a84140d002ae7,"OPENING, PRODUCT_PITCH",0.8,True,Includes a standard greeting and a detailed promotional recording pitching various vehicle models.
1d261de0f84240ee8d9b1b8bb74acd18_transcript,automotive_and_healthcare_insurance_inbound.zip,insurance,inbound,412c10dbc903f59fef8c1a79f42b014301fb361fd807f62ba207a03b68be630d,"OPENING, CURIOUS_EXPLORATION, MISUNDERSTANDING",0.7,True,Greeting is present; customer is inquiring about service transferability and describes conflicting information received from different agents.
2020-04-03-14-41-20_3038e9f6-75b9-11ea-895e-1688f5f4444f_2f09129a-75b9-11ea-8631-554f9dc60aae_transcript,auto_insurance_customer_service_inbound.zip,insurance,inbound,eee8db351b371fae736ab046b1cf98cea4d3d509719c631f0196f052b38719e6,"OPENING, NEEDS_ANALYSIS, FEE_DISCUSSION, COMPETITOR_COMPARISON",0.95,True,"Greeting present; agent gathers personal and insurance details, discusses current premiums, and identifies the current insurance provider."
e105416c083a4efda8e69bb2d2e7e92c36379538 (1)_transcript,medicare_inbound.zip,medicare,inbound,b6ed3ff4236f3de361b582b2e04cfa7e7d9accd0c154bd3376dcbca1e3a6342c,"OPENING, NEEDS_ANALYSIS, FEE_DISCUSSION, PRODUCT_PITCH",0.95,True,"Greeting present; agent asks about daycare vs boarding needs, discusses pricing, and pitches specific boarding and play options."
d0b070c9cf8a4d80a5d7987388b6d9be_transcript,home_service_inbound.zip,home_service_telecom,inbound,86d0f56eb1ffa6840b641d7a379e7a28564d151d7ec81ba33511404e0469f6b8,"OPENING, NEEDS_ANALYSIS, WARM_LEAD, ACTIVE_LISTENING",0.95,True,"Agent greets customer, asks specific questions about window replacement needs, and collects contact information from a highly interested lead."
10cc2c1d3dfd447e904879615873f3c6_transcript,home_service_inbound.zip,home_service_telecom,inbound,2fb0fd758d22bd17992ade3c5de4c9a1d662cde71309326c4e67df2f07da7f1e,"OPENING, NEEDS_ANALYSIS, WARM_LEAD, ACTIVE_LISTENING",0.95,True,"Agent opens the call, verifies the customer's service needs for furnace and humidifier, and confirms account details for a returning customer."
463e09fbdb24494b8b97d9eeb317d5252438060_transcript,medicare_inbound.zip,medicare,inbound,9611584097ed07424e0f8d3e718b63dc4c8f1cdcfaadd6e38dda5e282584574d,"OPENING, FEE_DISCUSSION, CURIOUS_EXPLORATION, NEEDS_ANALYSIS",0.9,True,"Call includes a greeting, a specific price quote for a mouth guard, and the customer asking detailed questions about the process and appearance."
e26bf47339324b92b3353520d888a1a6_transcript,medicare_inbound.zip,medicare,inbound,5c9ecac50cfc770aca57cd5378cb7c84a056056e324a088c9d68e2411960c47d,"OPENING, COMPETITOR_COMPARISON, FEE_DISCUSSION, OBJECTION_HANDLING",0.9,True,"Customer compares the provider to another office, discusses out-of-pocket costs, and the agent explains why set pricing is not possible."
8474edad0c024f1e8049d5212febad3d_transcript,automotive_inbound.zip,automotive,inbound,9f42788399078d1ddfa255b5a33ea9d5e28265815609cbcb106cdc9d126202c0,"OPENING, ACTIVE_LISTENING, PASSIVE_AGREEMENT",0.85,False,"Standard opening followed by a friendly, non-sales conversation about retrieving a lost item and general life updates."
3d245ecded2942579bc00d6a88a6c95a_transcript,automotive_inbound.zip,automotive,inbound,c8b024ea1ac10f87cd011470ec40a3a11d539a9eb93a9fe0f52b306fd93c7cb0,"OPENING, NEEDS_ANALYSIS, FEE_DISCUSSION",0.9,True,"Contains a greeting, agent checks for specific vehicle stock based on customer needs, and customer mentions price."
46a95b62b9d141c5b45123d571e9a754_transcript,automotive_inbound.zip,automotive,inbound,c61aa3b4c2ab24f686303ec7f397601a52eeb5f7f71f85576879397e40182220,"OPENING, FEE_DISCUSSION",0.9,True,Contains a greeting and a discussion regarding a specific reimbursement amount for services.
6c59d5cee5f848d3a96e5b93353e8c20_(4)_transcript,home_service_inbound.zip,home_service_telecom,inbound,2f090e88288582aebfa61388be30cabe735cff2e4a7707a243f187d6d9c0a834,"OPENING, FEE_DISCUSSION",0.9,True,Contains a greeting and a customer dispute regarding the amount charged for glass pieces.
54fb0b1df1344ac98ab533391806eeb9_transcript,automotive_inbound.zip,automotive,inbound,8ac4d74b301f1cdc0cc73de4778d5b44f1d6c4dc5cf39e12c557de505b4b29cb,"OPENING, NEEDS_ANALYSIS",0.9,True,Contains a greeting and the agent gathering details about the customer's event and contact information.
a25ca27f86fb4cb8a8b35312c3d3f7c1_transcript,medicare_inbound.zip,medicare,inbound,01531223d78ecca248296c85b3cbb7e8916560e56bd0b7af02cab15fff236fcc,"OPENING, NEEDS_ANALYSIS, FEE_DISCUSSION",0.9,True,"Contains a greeting, agent asks for zip code and location, and customer mentions affordability/insurance."
b69e2e3fc7f54529995b07cbb363b612_transcript,home_service_inbound.zip,home_service_telecom,inbound,1feb497a3442d3e5a5509a4fe9e625518f7a0b32a4613ae23926ed703c25f5bb,"OPENING, FOLLOW_UP_EMAIL_REQUESTED, PASSIVE_AGREEMENT",0.95,True,"Call starts with a greeting, ends with a request to send information via email, and contains passive agreement throughout."
3b28bcdfcb3c4ab3a1f7b1829d7132c8_transcript,automotive_and_healthcare_insurance_inbound.zip,insurance,inbound,d2281f2f0913d7dbd98919a798fffeff7d479c4eb9a01d593f2baf9923794366,"OPENING, NEEDS_ANALYSIS, FEE_DISCUSSION, CURIOUS_EXPLORATION",0.9,True,"Contains a greeting, agent analyzes car preferences, discusses pricing (sticker price), and the customer explores vehicle specifications."
8327780516_transcript,insurance_outbound.zip,insurance,outbound,eeaf9098262007a5efbe504efd7cf951df6455e8abe42c5e8520cc6d1cf6b8e5,"OPENING, PRODUCT_PITCH, NEEDS_ANALYSIS, OBJECTION_HANDLING",0.85,True,"Greeting present, pitch for Medicare benefits, gathering eligibility data (DOB), and agent addressing the customer's claim of non-qualification."
recording-public_730_transcript,customer_service_general_inbound.zip,customer_service,inbound,b6490d51cd76335b99034a49f90f91ce510100ed6cf4ed2fd31001f835123f06,"OPENING, NEEDS_ANALYSIS, FEE_DISCUSSION, PRODUCT_PITCH",0.95,True,"Greeting, agent analyzes insurance needs, discusses typical premium price ranges, and pitches the final expense policy service."
3fb5d97a7c1e4b9da9a1e26da0de3d05_transcript,automotive_and_healthcare_insurance_inbound.zip,insurance,inbound,8c65d8ea385bb007074cff650091fd6b59cbd39c718ad5b6697fdf3243cc2986,"OPENING, CURIOUS_EXPLORATION, NEEDS_ANALYSIS, PASSIVE_AGREEMENT",0.8,True,"Greeting present, customer explores payment options, agent asks about the vehicle and location, and customer agrees to provide verification."
bc5974c77e114c9b914a68e86a08cd86_transcript,home_ervice_inbound&telecom _outbound.zip,home_service_telecom,outbound,9fd17bf3ff93489761ce3a5cf8b3c40daea341d191b5ebcc962db0bb6760b2e7,"OPENING, NEEDS_ANALYSIS, ACTIVE_LISTENING",0.9,True,"Contains a greeting, agent gathers customer and location details to address a service issue, and confirms the plan for a callback."
2020-09-14-22-30-46_ad703c72-fc9f-47c8-ad19-0cc18830447d_v2sscJT_tr11jh3vgJ22omYZSQJ7BWjJaI9Wa9HWlpsWmsUWltxiIg5Q_transcript,auto_insurance_customer_service_inbound.zip,insurance,inbound,6c10f6243b96f6fc431f557e65575fba98dcd395a6c82e9f7f256d8e367103e4,"OPENING, NEEDS_ANALYSIS, FEE_DISCUSSION",0.95,True,"Greeting present, extensive data gathering for insurance eligibility, and specific inquiry regarding the customer's current insurance payment amount."
recording-public_1108_transcript,customer_service_general_inbound.zip,customer_service,inbound,5aad28c3a86aa441710bb416bda39236e6652ab3256e87eb61790864950f1c3f,"OPENING, PRODUCT_PITCH, NEEDS_ANALYSIS, ACTIVE_LISTENING",0.9,True,"Greeting present, agent pitches a final expense plan, analyzes current coverage, and validates the customer's existing preparation."
0df93a9b897a4108839d43501c0e897836342604_transcript,medicare_inbound.zip,medicare,inbound,f12e5807ef2a920210b6ec2d9fff41b7f75957411f860d0914be28d55b411087,"OPENING, PRODUCT_PITCH, NEEDS_ANALYSIS, FEE_DISCUSSION",0.9,True,"Greeting present, agent explains daycare services, asks about the dogs' details, and mentions the free evaluation cost."
d91447cb5a204c2e8f72a627cb356642_transcript,home_service_inbound.zip,home_service_telecom,inbound,d5da5cff8dbad4bfada63125421da6e837d0c729254b1be202ea3d422a76f4f2,"OPENING, NEEDS_ANALYSIS, ACTIVE_LISTENING",0.9,True,"Greeting present, agent identifies the emergency plumbing issue and provides active guidance to the customer to stop the leak."
2b1cfdf492b049f498204f84c9e511b8_transcript,medicare_inbound.zip,medicare,inbound,a3bd9215d7e91df53ab2eb2e0e1001e150e5df7eb888e119f02a26693973d285,"OPENING, NEEDS_ANALYSIS, ACTIVE_LISTENING",0.9,True,"Contains a greeting, agent asks for DOB and address to process a prescription request, and confirms details with the customer."
5207308a5970439da4c2fabdd03f844a_transcript,medicare_inbound.zip,medicare,inbound,8bf9c27ff46c6305c35dcd4b644d3bfd1c6f5f47d7b123e51b258fb750baa86c,"OPENING, NEEDS_ANALYSIS, ACTIVE_LISTENING",0.9,True,Includes a greeting and the agent asks for the patient's name and insurance details to locate the chart.
2020-10-05-20-51-46_076f1cc3-0371-415a-a203-8abe310c55a0_v2ceGZ0irD0peKqDolVpFUE-F499NVl-6gEjn07mft5hMwvg3YjifDdg_transcript,auto_insurance_customer_service_inbound.zip,insurance,inbound,df06eeb830e72d906e10fe1453ef68809f177e167842e61f70599622dd2dd63b,"OPENING, NEEDS_ANALYSIS, FEE_DISCUSSION",0.95,True,"Greeting is present; agent performs extensive needs analysis (zip, carrier, DOB, driving record) and discusses current payment rates."
83dfe77159f44d1cb27cb21b977b8aee_transcript,home_service_inbound.zip,home_service_telecom,inbound,8c66ecde70c3c44d68bfafd4c5e79535c8f8429389a35ddeaf1a7d00d21fdb46,"OPENING, THREATENING_COMPLAINT, MISUNDERSTANDING, OVERWHELMED_CONFUSION",0.85,True,Greeting present; customer threatens to call daily due to poor service; significant confusion and misunderstanding regarding the email request.
00aaf59023544ca7ba0362e9658b3e9e_transcript,medicare_inbound.zip,medicare,inbound,7e0b5e571506d1e817530d8df7ea45b874135ce8ca79a51d73e8cc1140fb738e,"OPENING, NEEDS_ANALYSIS, ACTIVE_LISTENING",0.9,True,Greeting present; agent asks a series of diagnostic questions about the pet's health and behavior to analyze the situation.
3052328928_transcript,insurance_outbound.zip,insurance,outbound,10f1b4b1574c1d8c9d4243c37aa5dd464940672a81ad0f38cd4113c664e81bf1,"OPENING, PRODUCT_PITCH, NEEDS_ANALYSIS",0.95,True,"Agent greets the customer, pitches Medicare benefit updates, and verifies the customer's current coverage and personal details."
8c027eac6c594b3a855a2fd88a1b754a_transcript,home_service_inbound.zip,home_service_telecom,inbound,ed897cace6ba13e389279c35e26f422028d8a8c9d425425fbea898630f4f981c,"OPENING, NEEDS_ANALYSIS, PRODUCT_PITCH",0.9,True,Customer requests a quote; agent performs needs analysis on the window and pitches a specific appointment time.
2020-09-18-22-40-27_c0c11521-6131-433a-aaf5-73a8961ed975_v261ZY5NSrz5g5mEWOFjLT6_y6Wjy8rfNe0KyL2FBj-P0Btw9F36z44g_transcript,auto_insurance_customer_service_inbound.zip,insurance,inbound,a06f42f9038867e1ea9bf1b9422dc3c598f8c5018a37bb58a6e168ccccabeaf9,"OPENING, NEEDS_ANALYSIS, PRODUCT_PITCH",0.9,True,Agent greets the customer and conducts a detailed needs analysis regarding auto insurance to provide a rate comparison.
recording-public_942_transcript,customer_service_general_inbound.zip,customer_service,inbound,51eb23b9c22d9fce7d167c724d8c5608524b364bb71abd785d7d651fd2449565,"OPENING, NEEDS_ANALYSIS, PRODUCT_PITCH, SOFT_REJECTION",0.85,True,Agent greets and analyzes needs for a final expense plan; customer shows hesitation and uncertainty about the process.
8d1498343d4a428f82261577f8465c0c_transcript,home_ervice_inbound&telecom _outbound.zip,home_service_telecom,outbound,af005ed0271b78d2f74851459520dd81ad2a5a97ede0bb2022daada3445476d8,"OPENING, NEEDS_ANALYSIS, PRODUCT_PITCH",0.9,True,"Call includes a greeting, a recorded promotional pitch for glass services, and agent gathering details for a quote."
d96110bb9c944b01aa8ebe5f62d7ebaa_transcript,medicare_inbound.zip,medicare,inbound,445c43c49dd25c080ef8a4c4626ab68107c6a780acd9e406f3760c8179b8c8a3,"OPENING, NEEDS_ANALYSIS, SUCCESSFUL_SALE, ACTIVE_LISTENING",0.9,True,"Contains a greeting, eligibility check for new patients, successful appointment booking, and confirmation of personal details."
7326817566_transcript,insurance_outbound.zip,insurance,outbound,88bf10350e35c06d02cb74690338d2fe46d920abea835ff69a48c70dd94b1850,"OPENING, PRODUCT_PITCH, NEEDS_ANALYSIS, ANGRY_OUTBURST",0.95,True,"Includes a greeting, pitch for Medicare upgrades, eligibility questions, and a customer outburst calling the agent stupid."
4aef9cb1c35747deb2e8d870476c73e1_transcript,automotive_and_healthcare_insurance_inbound.zip,insurance,inbound,dea38f310817fa8594d66c082b0f29706f891cb894ded81e1c983d5029bb0d13,"OPENING, CURIOUS_EXPLORATION, FEE_DISCUSSION, ACTIVE_LISTENING",0.9,True,"Greeting present, customer inquiring about part availability, specific pricing discussed, and agent confirming VIN details."
801ef214c16c40938e1e4122e345adaa_transcript,medicare_inbound.zip,medicare,inbound,65049750a80915ca32bf83d8347de5915d611bc775ad68f6a897a3882b04851c,"OPENING, NEEDS_ANALYSIS, CURIOUS_EXPLORATION, ACTIVE_LISTENING",0.85,True,"Greeting present, customer asking about medication order status, agent clarifying the request, and active listening during the explanation."
2020-04-20-15-31-12_c1efbf1e-fa3d-42dd-9863-69bd389c817e_v2JSQaeyBzS2vY1ZhLKsKeChw3q2bak1ke0X0ry5QETzhqAjz46BQtKA_transcript,auto_insurance_customer_service_inbound.zip,insurance,inbound,d9b271c181bbb123f1ab5ec8999f2cd504f330ccd40200003490422f57c8e4a2,"OPENING, PRODUCT_PITCH, NEEDS_ANALYSIS",0.8,False,"IVR greeting, presentation of insurance quote services, and request for zip code to determine coverage area."
a11fdaf6cd6e46df800662a3d9ee1195_transcript,medicare_inbound.zip,medicare,inbound,879ff8b8ae3d9365666871ae8b7148b31a5fd106938094d9be8b4726e5535da1,"OPENING, NEEDS_ANALYSIS, CURIOUS_EXPLORATION",0.9,True,"Contains a greeting, agent verifies customer identity and appointment details, and customer asks for clarification on the reminder system."
2020-09-16-19-42-40_524e5268-a402-4ba3-8a02-9c316b5ac17a_v2oYq-g5qYvfOHv3Rn1QTCAToyEtc-kJOx0K_e5X0WsAjnTqtaVnSvuA_transcript,auto_insurance_customer_service_inbound.zip,insurance,inbound,c6f7fd56102471c40817b8722018463eeba54f017e385a22d2c4b13cb1e35319,"OPENING, NEEDS_ANALYSIS, FEE_DISCUSSION",0.95,True,Greeting present; agent performs extensive needs analysis regarding insurance history and asks about current payment amounts.
93736be1958747bf976a7085809a76c0_transcript,medicare_inbound.zip,medicare,inbound,a159a353b71631cb4cf0cbd2aa4ea255e423281c2915c018e828ec81f5f17ecb,"OPENING, NEEDS_ANALYSIS, SUCCESSFUL_SALE",0.9,True,Greeting present; agent analyzes lodging requirements and explicitly confirms that the reservation has been made.
65996883b8344d0886bf77d474b19c90_transcript,home_service_inbound.zip,home_service_telecom,inbound,218b957f6addcc60601d4a1e3af695c66e442da0dc2d346ae163f586bfdc6248,"OPENING, NEEDS_ANALYSIS, FEE_DISCUSSION",0.9,True,Greeting present; agent gathers customer details for a visit and discusses the lack of a call-out charge.
1d73b28328ee4ab9a9ebc6773c848576_transcript,home_service_inbound.zip,home_service_telecom,inbound,1566efab5664f5f506724624e4398ccf13e9cc19e3fbc382a709def8769222f7,"OPENING, FOLLOW_UP_EMAIL_REQUESTED",0.8,True,Contains IVR opening; customer explicitly states they will send a follow-up email to reiterate the request.
da9e6262071c4f64aed9c3c6e1fbc158_transcript,home_service_inbound.zip,home_service_telecom,inbound,dd21848de327c961240618fcd4bc85203620aa250304dfcc07054de4ac1beb71,"OPENING, NEEDS_ANALYSIS, FEE_DISCUSSION, ACTIVE_LISTENING",0.9,True,"Contains greeting, agent asks for account and vehicle details, mentions pricing approval, and uses affirmative acknowledgments."
539e6ee649c540ff85b47dde4fec8491_transcript,medicare_inbound.zip,medicare,inbound,3e8b299398f0e981b4cf607e501d3efd5bfb4c6e24f8e1d1f7e7a2be0a28bd7f,"OPENING, NEEDS_ANALYSIS, PASSIVE_AGREEMENT, CURIOUS_EXPLORATION",0.85,True,Greeting present; agent analyzes appointment timing; customer asks about the nature of the appointment and agrees to the follow-up.
20619820fae644e691b23344786b90fa_transcript,home_service_inbound.zip,home_service_telecom,inbound,9e9539d8aeb91a765a5111a7959b147fb8d692db52f726c8ce2608850d68ec15,"OPENING, FEE_DISCUSSION, NEEDS_ANALYSIS, ACTIVE_LISTENING",0.9,True,Greeting present; customer requests a price; agent collects VIN and location; agent uses supportive verbal cues.
5408985596_transcript,insurance_outbound.zip,insurance,outbound,af9bdba823b2e8ced07ffcd608d7bb117f4ef4b0892604c288a94cf942fbba1a,"OPENING, PRODUCT_PITCH, FEE_DISCUSSION, NEEDS_ANALYSIS, ENTHUSIASTIC_AGREEMENT",0.95,True,Greeting present; agent pitches Medicare benefits at no cost; asks eligibility questions; customer responds with 'that's great'.
592b8d0fb4964d93b438da8fd3cbe05a_transcript,medicare_inbound.zip,medicare,inbound,8f617f00e637b46692093dd39ed0634235ca697377c66e874c6dc9c1e1fc89a1,"OPENING, NEEDS_ANALYSIS, PASSIVE_AGREEMENT, CURIOUS_EXPLORATION",0.85,True,Greeting present; agent collects patient identity and DOB; customer asks about scheduling options and agrees to the telehealth plan.
b1ec436b20ff41318aaccbc51ac156ad_transcript,medicare_inbound.zip,medicare,inbound,04c6095c25e47c56bae83709713070ae83768d312e2baa4bc74cd407808f592c,"OPENING, NEEDS_ANALYSIS, ACTIVE_LISTENING",0.9,True,Call begins with a greeting; agent asks qualifying questions about the pet's age and client status to assess the situation.
7152942662_transcript,insurance_outbound.zip,insurance,outbound,e82b22468c1fb67ffc9395ea870f535f9abe57e936c9f8d50fb5301e01c08ad0,"OPENING, PRODUCT_PITCH, FEE_DISCUSSION, CURIOUS_EXPLORATION",0.95,True,"Outbound call featuring a pitch for Medicare benefits, explicit mention of 'zero additional cost', and customer asking for clarification."
f0905752c9154082a6943b37e6a2befe_transcript,medicare_inbound.zip,medicare,inbound,d6cfe811273516cf19f38410a6980474b5e49741c6bc246ff560d746cd2c8071,"OPENING, NEEDS_ANALYSIS, ACTIVE_LISTENING",0.9,True,Inbound appointment request where the agent collects insurance and personal details to determine eligibility and scheduling.
332304230028407long_transcript,medicare_inbound.zip,medicare,inbound,842672759551e088c43071a80fc491d448897f1e9dca5a14408a9481e8149c88,"OPENING, NEEDS_ANALYSIS, RUSHING_THE_CALL, MISUNDERSTANDING",0.85,True,Greeting present; agent checks availability; customer expresses urgency to get braces off; agent confuses fixing a bracket with removal.
2020-09-30-19-19-56_f52da47a-16fa-4294-8ea3-7e0a269a45a3_v23UM3tmZtc3MKOBEL497qMhMRNuTa8ONP3A_fwWdlBkBzL5bO3YZsGQ_transcript,auto_insurance_customer_service_inbound.zip,insurance,inbound,9f8e7cf264aa426789b47b688d3a8fd716b4d175ed41d581d5a04bd28bd6297b,"OPENING, NEEDS_ANALYSIS, FEE_DISCUSSION, COMPETITOR_COMPARISON",0.95,True,"Lead qualification call to compare insurance rates, involving detailed questions about current provider and current payments."
f5b23ba81bd942afb76207fb9fa2b86a_transcript,home_ervice_inbound&telecom _outbound.zip,home_service_telecom,outbound,1b1c4be5029dd3d8f24184a5d530921b47b3ab8304c577dc4ca4a002a0414996,"NEEDS_ANALYSIS, PRODUCT_PITCH, FEE_DISCUSSION",0.9,True,"Agent analyzes the raccoon problem, pitches an inspection service, and explicitly states the inspection is free."
7136760997_transcript,insurance_outbound.zip,insurance,outbound,00353264c26af624d988b870bbd6d9853f5462c6003da95df076ccbb9a5dca51,"OPENING, PRODUCT_PITCH, FEE_DISCUSSION, NEEDS_ANALYSIS, OBJECTION_HANDLING",0.95,True,"Agent opens the call, pitches Medicare benefits at no cost, checks eligibility, and handles objections regarding dental care."
69921b5917504243a7f1f804a4917d76_transcript,automotive_inbound.zip,automotive,inbound,9ac59c1cd26ccf6cc991716621d1d5b057058750ccde18456c06303da5ecece1,"OPENING, NEEDS_ANALYSIS, SUCCESSFUL_SALE",0.85,True,"Agent opens the call, gathers customer information, and successfully schedules an oil change appointment."
066ef110c7dd493eab444285c7a3e5a9_transcript,medicare_inbound.zip,medicare,inbound,2c8320288a47a24f77246318ff12b48f9701605c51c8cf8f2b125aef9fb1a61c,"OPENING, NEEDS_ANALYSIS, ACTIVE_LISTENING",0.8,True,"Agent opens the call, analyzes the patient's treatment issues, and uses active listening to confirm the fit of the appliance."
80b42f175b7345ad9cd72de3129f37be_transcript,medicare_inbound.zip,medicare,inbound,bef7420e62533d53f412034406f17e22a4a292b9f2b513ee62665831986bdfc4,"OPENING, NEEDS_ANALYSIS, CURIOUS_EXPLORATION",0.9,True,Agent opens the call and performs needs analysis by gathering detailed information about the dog for daycare services.
2020-09-16-15-54-30_8bf588e7-3784-4acb-b2ba-5c5c0be0fbeb_v2pC10Fpbb8kYXsE3c9VEonIsjmCLKd6qV0BndNtjqZPROXdtf33gauQ_transcript,auto_insurance_customer_service_inbound.zip,insurance,inbound,9fd8f2b25cb8591b5aee348f0af120c2ff9fcfbfc2562b2ba078ce92282e1f47,"OPENING, PRODUCT_PITCH, NEEDS_ANALYSIS, SOFT_REJECTION",0.9,True,"Agent opens the call, pitches insurance rate comparison, performs needs analysis on the customer's history, and the customer rejects the bundling offer."
6c7a47d1655a48abb31f60fb0d5f52e8_transcript,medicare_inbound.zip,medicare,inbound,ccdbddd9cfa670fc570bfc8823a771af64c06850b875c63928e0529fdc43069e,"OPENING, NEEDS_ANALYSIS, CURIOUS_EXPLORATION",0.8,True,Agent opens the call and performs needs analysis by verifying patient status and identity to facilitate an appointment request.
8eb1a4dfc86c4291818a73b95f0b18f6_transcript,home_service_inbound.zip,home_service_telecom,inbound,8c922424754b1e41016ec3c00bd0fa5cc79a7fd5b3bcb88f30a77b4d06787476,"OPENING, NEEDS_ANALYSIS, ACTIVE_LISTENING",0.8,True,Agent opens the call and analyzes the customer's current situation regarding a missed service appointment.
332305160001666long_transcript,medicare_inbound.zip,medicare,inbound,a203c90af3be3df5e865107748c4d870284d9681f1e82f0532ae02a2c065278b,"OPENING, PRODUCT_PITCH, FEE_DISCUSSION, NEEDS_ANALYSIS",0.9,True,"Agent opens the call, explains a down payment match offer (pitch/fee), and asks for patient details (needs analysis)."
7d5e26a48e594cd5b515b703250a5bfe_transcript,home_ervice_inbound&telecom _outbound.zip,home_service_telecom,outbound,e7c2820107b3752bafe3fbfd8d80250838844e9ad66fbc163673365a509494e6,"OPENING, NEEDS_ANALYSIS, SOFT_REJECTION",0.8,True,"Agent opens the call, gathers contact and location details for a repair, and the customer rejects the offer for email communication."
DMEMED_rmbpo19_20211117-123244_9417473204_4821105-all_transcript,medical_equipment_outbound.zip,medical_equipment,outbound,94bb403356f1ef78a36457219d9d6c6c039e6894af31f2b6f2c800af434c00ad,"OPENING, PRODUCT_PITCH, NEEDS_ANALYSIS, DEFENSIVE_POSTURE, OBJECTION_HANDLING",0.9,True,"Agent opens call, pitches Medicare benefits, and collects personal data. Customer is argumentative, and agent attempts to handle the resistance."
2dc012d5b026445fa7743d878a0bfe00_transcript,medicare_inbound.zip,medicare,inbound,08a4673ecb0955233c93342f515a6d72f09708a7f661dd0a72a16f25834f9103,"OPENING, FEE_DISCUSSION, NEEDS_ANALYSIS",0.85,True,"Call opens with a greeting. Customer discusses a deposit payment issue, and agent asks for dates to analyze the account."
287ec96f662844d984ffef7ddeac3640_transcript,medicare_inbound.zip,medicare,inbound,06719f02b7d093263ecd98c873accf7c03a838c3abf9c25ebd564923b29d8a16,"OPENING, NEEDS_ANALYSIS, PRODUCT_PITCH, ACTIVE_LISTENING",0.8,True,"Agent opens call, analyzes customer's dental pain, suggests a limited exam (pitch), and shows empathy/listening."
487d147470a24255be746e1e39959d65_transcript,home_service_inbound.zip,home_service_telecom,inbound,c812fbf8776c3ef6a82241a306d495518a0354eebae71693262042f5c7434c25,"OPENING, FEE_DISCUSSION, NEEDS_ANALYSIS, ACTIVE_LISTENING",0.9,True,"Agent opens call, discusses a credit/refund (fee), verifies address (needs analysis), and confirms follow-up steps."
332305040010648long_transcript,medicare_inbound.zip,medicare,inbound,b6159b681c10e5d1804224bd73f3d5e5ab3e00fa10e4830caf77ba8459b1af64,"OPENING, NEEDS_ANALYSIS, ACTIVE_LISTENING",0.85,True,"Agent opens call, collects patient details and symptoms (needs analysis), and provides reassurance to the caller."
9366326850_P1_transcript,insurance_outbound.zip,insurance,outbound,4e8ae42ef0eabdeffda7de54f7a45be362bd69d165b93da350770e7d11e49f90,"OPENING, PRODUCT_PITCH, NEEDS_ANALYSIS, FEE_DISCUSSION, WARM_LEAD",0.95,True,"Agent greets customer, pitches Medicare benefits, verifies eligibility, mentions premium costs, and customer responds positively."
848c13e3187243ffae34fb819da202a4_transcript,home_service_inbound.zip,home_service_telecom,inbound,fe6828689dfe40b91a2371eb66ef0e492d93700ecb52e549db2827474ff00162,"OPENING, NEEDS_ANALYSIS, ACTIVE_LISTENING",0.9,True,Agent greets customer and performs needs analysis by asking about the refrigerator issue and confirming details.
3345934436_transcript,insurance_outbound.zip,insurance,outbound,87ecc1f1ba2c468dd9c236f2ea0646e98fa5e22a22f29341b5f53ba46b54dcbb,"OPENING, PRODUCT_PITCH, NEEDS_ANALYSIS, FEE_DISCUSSION",0.95,True,"Agent greets customer, pitches Medicare upgrades, verifies eligibility, and mentions there is no additional cost."
3a63cc91c1024e24aa5fb859e08070a8_transcript,automotive_and_healthcare_insurance_inbound.zip,insurance,inbound,f8a69f91dc78536accdb27533c5dab18990bd4f91e95e0ed521afdac925056b1,"OPENING, NEEDS_ANALYSIS, PRODUCT_PITCH, FEE_DISCUSSION",0.85,True,"Agent greets customer, analyzes the car's condition, pitches a sight-unseen appraisal, and discusses towing costs."
7853338ed8f447a4b05d4be7516bd9d6_transcript,medicare_inbound.zip,medicare,inbound,d7ca28f35cacfa10f511d9a703c73519b289448d1afabaf77c24b30f0ff1c18b,"OPENING, NEEDS_ANALYSIS, ACTIVE_LISTENING",0.9,True,Agent greets customer and collects necessary patient information to schedule a medical appointment.
4343611976_transcript,insurance_outbound.zip,insurance,outbound,67612790caa748c282abb8fee325453d47f72ab075474b641c51c8e6dda942da,"OPENING, PRODUCT_PITCH, FEE_DISCUSSION, NEEDS_ANALYSIS",0.95,True,"Contains greeting, pitch for Medicare upgrade, discussion of no-cost benefits/co-payments, and eligibility verification."
DMEMED_rmbpo06_20211019-100747_5126292231_4608762-all_transcript,medical_equipment_outbound.zip,medical_equipment,outbound,b0e1bc2a4302638208b5d8f8ff50bcd133526950fc33c80a9d0a3b9d39ed405c,"OPENING, NEEDS_ANALYSIS, PRODUCT_PITCH",0.9,True,"Includes greeting, verification of Medicare A and B status, and a pitch regarding upgraded benefits."
4236989453_transcript,insurance_outbound.zip,insurance,outbound,2319c22f22b4a22004b386323414cf2911e3e7a0e7ed076aba6c9d110d69b54b,"OPENING, PRODUCT_PITCH, FEE_DISCUSSION, NEEDS_ANALYSIS",0.95,True,"Greeting present, pitch for Medicare benefits, discussion of co-pays and costs, and eligibility questioning."
ff79f290dbb040cdaefb1afbd6c1b8cc_transcript,home_ervice_inbound&telecom _outbound.zip,home_service_telecom,outbound,a63fc1755d1f64ce14d25fd6de9998c886608c10c8c29c5d3008f8a893e3b225,"OPENING, NEEDS_ANALYSIS, FEE_DISCUSSION",0.85,True,"Greeting, gathering customer details for a repair service, and mention of providing a cost estimate."
f14a384a6b5844e5a75a6b255e8bda4736861932_transcript,medicare_inbound.zip,medicare,inbound,d5796274fd2aba7f624206d29e1263d9aea5c3bab4ccef1bdeecfc8483647da8,"OPENING, NEEDS_ANALYSIS",0.9,True,Greeting and agent analyzing the customer's emergency situation to determine if the clinic can help.
1c6e70c4aefc49398864fd73771b8cb0_transcript,medicare_inbound.zip,medicare,inbound,b2db3ed2876cfac164071b8d0d3dde577cc38070754c04a046cb1c71b2d7f83f,"OPENING, NEEDS_ANALYSIS, PRODUCT_PITCH",0.9,True,"Contains a greeting, detailed questioning about the patient's symptoms (needs analysis), and a pitch for an initial consultation."
2020-09-29-23-16-00_b972e8b0-248d-4b69-bda8-c8119d0ac2da_v2niTc5_vxYLlyO0nXYbgOHchq6T0W8CSicfXFMWe4l4Yl6fNnrj_23w_transcript,auto_insurance_customer_service_inbound.zip,insurance,inbound,2cf492cd70d9c7d7b5867b7b89b1ac452d5cf778799e86953d184135399eddec,"OPENING, FEE_DISCUSSION, NEEDS_ANALYSIS",0.8,True,IVR opening that mentions determining rates (fee discussion) and reviewing credit/loss history for eligibility (needs analysis).
DMEMED_rmbpo05_20211213-091541_8509294952_2048229-all_transcript,medical_equipment_outbound.zip,medical_equipment,outbound,0a057d09b43ae469f79cca2353e7bdb01990b9e1926a2a8447ac5a410443eec4,"OPENING, PRODUCT_PITCH, NEEDS_ANALYSIS, FEE_DISCUSSION",0.95,True,"Includes greeting, pitch for glucose monitors, screening for medical conditions, and mentions that benefits are at no cost."
2077436063_transcript,insurance_outbound.zip,insurance,outbound,bd6dae6d37aa6812c54d0b5b051da6bc923127e841d72bfffd7a7e501abab0da,"OPENING, PRODUCT_PITCH, NEEDS_ANALYSIS, FEE_DISCUSSION",0.95,True,"Greeting present, pitch for updated Medicare benefits, verification of Part A/B eligibility, and mention of no additional cost."
2706844735_transcript,insurance_outbound.zip,insurance,outbound,b4a1d00ac26d02ee87c7c2d9b7b7807f56d62d2faa101acb6c3de83b64600da3,"OPENING, PRODUCT_PITCH, NEEDS_ANALYSIS, DEFENSIVE_POSTURE, OBJECTION_HANDLING",0.9,True,"Greeting and pitch included. Customer is defensive about personal info and refuses to provide card numbers, which the agent attempts to navigate."
4c59ea75e82d414a8010c66b7e538e82_(1)_transcript,home_service_inbound.zip,home_service_telecom,inbound,1a25f7211069bcc962377a26f122216d33a14fe521fbf27c94fe759acbb7cc01,"OPENING, NEEDS_ANALYSIS, CURIOUS_EXPLORATION",0.9,True,"Contains greetings, agent asks for location and phone number to locate an order, and customer is inquiring about a previous contract."
4b5417be112d417a862528b28894e5b3_transcript,home_ervice_inbound&telecom _outbound.zip,home_service_telecom,outbound,84694a122395d5c7004d5836f3f5d569fc161b5b049f86a37866026ea8c47f31,"OPENING, NEEDS_ANALYSIS, SOFT_REJECTION",0.85,True,"Greeting present, agent collects customer details and appliance type, then informs the customer they cannot provide the requested commercial service."
ba628be0c5b24bd6bbd5a7d3799c1e42_transcript,automotive_inbound.zip,automotive,inbound,424821649be9f8fea10c65bf6d6f94c4f3c61ec98ffb58141b6d8a101571712f,"OPENING, PRODUCT_PITCH, CURIOUS_EXPLORATION",0.8,True,"Greeting present, recorded message pitches a mobile app and coupons, and customer is seeking a specific service representative."
recording-public_768_transcript,customer_service_general_inbound.zip,customer_service,inbound,e742e9cf473a23b23d1238c8b38feecec1e3c592af90c54f1e64bb8c22f95551,"OPENING, NEEDS_ANALYSIS, ACTIVE_LISTENING, WARM_LEAD",0.95,True,"Greeting present, agent asks about current policies and medical history, engages in empathetic small talk, and handles a referred prospect."
5f174edf12844caca7f9e653e9650dab_transcript,home_service_inbound.zip,home_service_telecom,inbound,dfa912e7f0f23788b3f518da196704337cdc7312a99fbf2314fc1896e4e7a98e,"OPENING, NEEDS_ANALYSIS, CURIOUS_EXPLORATION",0.9,True,"Greeting present, agent asks for name, zip, and the nature of the animal issue, while customer seeks help for their pet."
5049151879e24aa392e0860c025e6804_(1)_transcript,home_service_inbound.zip,home_service_telecom,inbound,aebbd0c75309e8c9462c3b7b52ff5d0440fb75604b5e3d8d482d044546937272,"OPENING, NEEDS_ANALYSIS, SOFT_REJECTION",0.9,True,"Contains a greeting, agent collects customer details and location, and ends with a rejection because the service area is not covered."
bd523191b73f43deb9162f39a27f1df0_transcript,medicare_inbound.zip,medicare,inbound,dfda4b18e5ed9340f7cb3122cc1d94e9a2b370b009f59584b47aedc370b1847d,"OPENING, NEEDS_ANALYSIS, FEE_DISCUSSION, CURIOUS_EXPLORATION",0.95,True,Greeting present; agent analyzes the pet's dental needs; customer asks about costs and compares them to another provider.
e11385d270fa4affb801ab5f4b5eae96_transcript,medicare_inbound.zip,medicare,inbound,37237052fbbf524805af379f89082ca00e7a862d9c10a7bc03a5c6308d0e1f86,"OPENING, NEEDS_ANALYSIS, CURIOUS_EXPLORATION, ACTIVE_LISTENING",0.9,True,Greeting present; customer explores the timing for a procedure; agent asks for details and offers to connect them with an expert.
332305170033176long (1)_transcript,medicare_inbound.zip,medicare,inbound,900e60ba4ecd50e8381addafefb20977450d9f1be6e21fa1bce2e3087de72e8d,"OPENING, NEEDS_ANALYSIS, MISUNDERSTANDING, ACTIVE_LISTENING",0.85,True,Greeting present; agent and customer coordinate appointment dates; audio cut-outs and clarifications lead to minor misunderstandings.
808691574a314cb59bbeb9166fd662dc_transcript,automotive_inbound.zip,automotive,inbound,7720146765802b7c59f784b3102a742f9669d091fb515b5a020997b5fce7bdf9,"OPENING, PRODUCT_PITCH, NEEDS_ANALYSIS",0.8,True,IVR opening; hold messages pitch leasing/buying options and ask scripted questions about the customer's current lease status.
6106fc0eafab4db8a29db34bdcf518e4_transcript,home_ervice_inbound&telecom _outbound.zip,home_service_telecom,outbound,8114f230fa8f2609afbd1abec3816f02efec1793714f9218b4ba9492aeeb707d,"OPENING, PRODUCT_PITCH, FEE_DISCUSSION, NEEDS_ANALYSIS, WARM_LEAD",0.9,True,"Agent opens the call, pitches pest control services, discusses the inspection fee, gathers customer details, and the customer expresses clear interest in starting."
cdb6f947c9624904bdc91195c038c87c_transcript,home_ervice_inbound&telecom _outbound.zip,home_service_telecom,outbound,f2c965bb69fc968cfa0087af7c423a06a21475711dcaaaca85795554b35baf74,"OPENING, NEEDS_ANALYSIS, WARM_LEAD, CURIOUS_EXPLORATION",0.85,True,Call begins with a greeting; agent gathers customer info; customer mentions a referral and is inquiring about specific glass replacement services.
ceabad34f49542c8ab013ba6d9b28dd92303312_transcript,medicare_inbound.zip,medicare,inbound,25247a289bb07680f70230e37f20735d467879829c65bff5fba6a25313041cd0,"OPENING, NEEDS_ANALYSIS, INDECISIVE_FLIPPING",0.8,True,Standard opening for an appointment call; agent analyzes the customer's schedule; customer flips between different time options for rescheduling.
5805453539_transcript,insurance_outbound.zip,insurance,outbound,d953052ca2ad6b747f4d66885ce55db29dd7142ec30d1fca0ba4458615c34717,"OPENING, PRODUCT_PITCH, FEE_DISCUSSION, NEEDS_ANALYSIS, ENTHUSIASTIC_AGREEMENT",0.95,True,"Agent opens and pitches Medicare benefits at no cost, verifies eligibility and personal details, while the customer responds very positively."
dd65668954f44b43a76e108cafe3f6ed_transcript,medicare_inbound.zip,medicare,inbound,7caabf0225b1bb66f98bf509a273eaf4ef7ccf00a75bfdd1e9dc24f65e00b84f,"OPENING, NEEDS_ANALYSIS, CURIOUS_EXPLORATION, WARM_LEAD",0.85,True,"Call opens with a greeting; agent checks insurance and DOB; customer is urgently seeking an appointment due to pain, indicating a high-intent lead."
70667ca67fda467eaf6fffaba7ba9935_transcript,medicare_inbound.zip,medicare,inbound,538c84409b03f2328f83bf2203373591df6469c0eb449e4db0913f6f081a6098,"OPENING, NEEDS_ANALYSIS, WARM_LEAD, ACTIVE_LISTENING",0.9,True,"Contains a greeting, agent asks qualifying questions about insurance and patient status, and the customer is actively seeking an appointment."
fe23d0a48e9c40cfbde030666e4beac1_transcript,medicare_inbound.zip,medicare,inbound,5ecf8634f8f2d9703656628bd1202b0286fc4e63ba2a5a86f2cea0ced81b86b4,"OPENING, NEEDS_ANALYSIS, WARM_LEAD, ACTIVE_LISTENING",0.9,True,"Includes a greeting, agent analyzes scheduling needs and patient status, and the customer is eager to establish care."
db3805e16b374c65908e15b2bedeff73_transcript,home_service_inbound.zip,home_service_telecom,inbound,e36c46391efccf6f10007a993eaed713294aca84a5326a9b642dc868d7e5a398,"OPENING, NEEDS_ANALYSIS, FEE_DISCUSSION, FOLLOW_UP_EMAIL_REQUESTED",0.95,True,Greeting present; agent asks for photos to analyze needs; mentions an inspection charge; customer requests a quote via email.
3d71bc1989e848cab2074bc5a0c605e8_transcript,home_service_inbound.zip,home_service_telecom,inbound,0d70f863b866e71127c9adc80dded9ce393bfdb4c449d9ebd2b96261571a9baa,"OPENING, PRODUCT_PITCH, FEE_DISCUSSION",0.8,True,IVR greeting; automated pitch for various glass services; mentions knowing the price upfront.
4705576311_transcript,insurance_outbound.zip,insurance,outbound,e929e77cd1558debc0739e602d56c435e54dc3859217e741b099f1566f1d3e0f,"OPENING, PRODUCT_PITCH, NEEDS_ANALYSIS, WARM_LEAD",0.95,True,Outbound greeting; agent pitches Medicare upgrades; asks for zip code and benefit details; customer is cooperative.
d1d97008e48743ae977d60b0cacbe4de_transcript,medicare_inbound.zip,medicare,inbound,215b10e1d4abc223281d6912f9eefbf9951243eaf433c2cc1aebd6c442fa377b,"OPENING, NEEDS_ANALYSIS, PRODUCT_PITCH",0.9,True,"Contains a greeting, agent asks for patient details and crown location, and ends with a pitch for sedation services."
9256342969_transcript,insurance_outbound.zip,insurance,outbound,fa73fe1093c5541ecac52588c14b9379c300c5f5def4fcf6006f350f1484aa5d,"OPENING, PRODUCT_PITCH, NEEDS_ANALYSIS, PASSIVE_AGREEMENT",0.95,True,"Greeting present, agent pitches Medicare upgrades, verifies eligibility/details, and customer provides passive agreement."
Black_Diamond_5103436160-all_transcript,home_ervice_inbound&telecom _outbound.zip,home_service_telecom,outbound,18a12418a8990ea0d8fb54e36398218bfd8c45024725a7f00cbf4f0c9778b5a0,"OPENING, PRODUCT_PITCH, FEE_DISCUSSION, CLOSING_NEGOTIATION",0.9,True,"Greeting present, agent pitches a specific plan and price, and negotiates a date and time for the appointment."
7708892188_transcript,insurance_outbound.zip,insurance,outbound,ac000f04f81ec653ccff25f4a5d5313b684feb8e4ffa7f5aeac973835226db37,"OPENING, PRODUCT_PITCH, NEEDS_ANALYSIS, FEE_DISCUSSION, ENTHUSIASTIC_AGREEMENT",0.95,True,"Greeting present, agent pitches benefits and verifies details, discusses zero premium cost, and customer responds enthusiastically."
caa12fa5e7d44b199d5af5016e12bd42_transcript,home_ervice_inbound&telecom _outbound.zip,home_service_telecom,outbound,5e72c9747ecb09a51a885c3776ebfb8a04810e0e909936c894288613622b86b0,"OPENING, NEEDS_ANALYSIS, FEE_DISCUSSION, SUCCESSFUL_SALE",0.85,True,"Greeting present, agent asks for vehicle details, provides a price quote, and the customer commits to a Friday appointment."
DMEMED_rmbpo21_20211108-163338_2538338286_4685802-all_transcript,medical_equipment_outbound.zip,medical_equipment,outbound,fb1725e7be4bfef7e00099975966e3e888d9d05e8b39b295f1ad42aea712cffe,"OPENING, NEEDS_ANALYSIS, PRODUCT_PITCH",0.95,True,"Contains a greeting, eligibility verification for Medicare (needs analysis), and a presentation of benefits and cost reductions (product pitch)."
9440c42bb5484293bc74a07b75ecb6aa_(3)_transcript,home_service_inbound.zip,home_service_telecom,inbound,e71f62a818fc91bbb31d7f2e9368683ef9d3f4cda88cd427a58c0898c983091d,"OPENING, NEEDS_ANALYSIS, CURIOUS_EXPLORATION",0.9,True,"Includes an opening greeting, customer describing window damage, and agent asking clarifying questions about glass type to determine requirements."
08f27aa804694d1487bed9bd04856ed9_transcript,automotive_inbound.zip,automotive,inbound,04376ef708b45fbf9473bf3a2ffe2484728cf18532d324c03f7de6b46234e24a,"OPENING, NEEDS_ANALYSIS, WARM_LEAD, SUCCESSFUL_SALE",0.95,True,"Greeting present, customer expresses specific interest in a vehicle, and the call ends with a confirmed appointment scheduled."
394a66b9ce0c4949a9231dc99f865f46_transcript,medicare_inbound.zip,medicare,inbound,b61d24a167790c99c304fccd31e4c254b383016d774eb80bc74ee8a93e6f3982,"OPENING, NEEDS_ANALYSIS, FOLLOW_UP_EMAIL_REQUESTED",0.9,True,"Greeting/reconnection, agent gathers details about the dog for daycare services, and customer explicitly asks for an email confirmation."
8e336ce201eb411c9c0a5f226285477f_transcript,home_service_inbound.zip,home_service_telecom,inbound,99b30a4cb143486e6a590d02be332282eb381b49894089d92842716be738f190,"OPENING, NEEDS_ANALYSIS, FEE_DISCUSSION",0.95,True,"Greeting present, customer describes dryer issue, asks about the charge for the repair, and agent gathers appliance details."
2020-09-17-19-26-51_258ea339-bc85-4e7e-b53d-b9a1c1a55ee5_v2XKIPpeja3W6gtWfKW9mTWK8vdnu77NbqzjhCLdR4hgPsELCqowgeMQ_transcript,auto_insurance_customer_service_inbound.zip,insurance,inbound,b07a25e4e7d2d71134eebe3a834c24c7adf9ec114ac540e951055240484fa2ea,"OPENING, NEEDS_ANALYSIS, FEE_DISCUSSION",0.95,True,"Contains a greeting, extensive data gathering about insurance and household, and a discussion regarding the customer's current insurance payment amount."
77731ec33d94484f8ea148707d441b13_transcript,home_ervice_inbound&telecom _outbound.zip,home_service_telecom,outbound,389af046525ee56d0dfc72291fc425765e5c653b65999dbed0b29955ed0364d9,"OPENING, NEEDS_ANALYSIS",0.9,True,Contains a greeting and the agent requesting the VIN to analyze the customer's needs for a windshield quote.
09e3c3c969cb442694c1c0dd4184978b_transcript,home_service_inbound.zip,home_service_telecom,inbound,16920ce96887ed9c175f51115b69d6bb03502ee9fcad6a785bb21be2caecadfe,"OPENING, NEEDS_ANALYSIS",0.9,True,Contains a greeting and the agent collecting personal and address information to facilitate a service appointment.
20723864547447ed95bb9d6176f8e312_transcript,medicare_inbound.zip,medicare,inbound,d0cf66fdfb43a40dafaa91d0c8b875ad2ba2ca67648270ea1f148b4353d06a8a,"OPENING, NEEDS_ANALYSIS",0.9,True,Contains a greeting and the agent gathering referral and patient identification details.
6ffd5c0498864403bd13aac40f4cbd90_transcript,medicare_inbound.zip,medicare,inbound,3081a5a9cfa1cf6502696bdcdcea77d4741db40863a8241173cc8342c02049be,"OPENING, NEEDS_ANALYSIS",0.9,True,Contains a greeting and the agent asking for date of birth and name to locate a missing appointment record.
0db6ecfa942c4857855ebdec079d4fce37024194_transcript,medicare_inbound.zip,medicare,inbound,256331f68f9d148666dd4c23122bc313ef59c6de3d9b1eff40d5d4543ea281c9,"OPENING, NEEDS_ANALYSIS, FEE_DISCUSSION, CURIOUS_EXPLORATION",0.9,True,"Contains greeting, agent asks about previous visits, discusses daycare fees, and customer explores pickup timing options."
8a61e2b06e88498f9c19c710a69b3012_transcript,home_service_inbound.zip,home_service_telecom,inbound,78c23b3afc53c3fd4f30ca049257af970d4fe4d92df9a33e15915912118346b7,"OPENING, NEEDS_ANALYSIS, PASSIVE_AGREEMENT, ACTIVE_LISTENING",0.95,True,"Greeting present, agent verifies customer identity and address, customer confirms details, and agent summarizes the appointment."
563401510df84bc1994bef8329c359eb_transcript,automotive_inbound.zip,automotive,inbound,53904517f97ab490be10662f36ec6d125d7153c7a762eda84331b25d967472de,"OPENING, NEEDS_ANALYSIS, CURIOUS_EXPLORATION",0.85,True,"Greeting present, agent probes for vehicle stock number and VIN, and customer specifies desired car features."
1df6f09b11a744909fb9dde754e91fdb_transcript,medicare_inbound.zip,medicare,inbound,cc0a11fb4700e9846d8312c240d4cec7fdd27b595960ac95118b19140c70c5aa,"OPENING, NEEDS_ANALYSIS, FEE_DISCUSSION, SOFT_REJECTION",0.9,True,"Greeting present, agent checks client status, mentions a required deposit, and customer accepts the lack of immediate availability."
899125d445bf4194a534ed6f4b54bf2036342589 (1)_transcript,medicare_inbound.zip,medicare,inbound,498ceb98ec718ebb3451d71f869d2bc101fb92f99be75bfbb2305b31ebc6d212,"OPENING, NEEDS_ANALYSIS, FEE_DISCUSSION, CURIOUS_EXPLORATION",0.9,True,"Greeting present, agent verifies account, discusses deposit and credits, and customer asks about a gift certificate."
1b949a4975fe4412975a6b25f05ff3c0_transcript,automotive_and_healthcare_insurance_inbound.zip,insurance,inbound,4093b544da5943d39d8f50c316d161e9e15b2078a76a52a0469f18be5ff87516,"OPENING, NEEDS_ANALYSIS, FEE_DISCUSSION, CURIOUS_EXPLORATION",0.9,True,"Call starts with greeting, agent collects customer details and vehicle preference, and they discuss the specific price of the truck."
8202e83c68f346d0a334faf1eab50998_transcript,automotive_inbound.zip,automotive,inbound,6c50afb428a66cebe072754fa4d8eb32c09c7a236f7a06cbb693f202e207c545,"OPENING, FEE_DISCUSSION, NEEDS_ANALYSIS, CURIOUS_EXPLORATION",0.9,True,"Greeting is present; customer is inquiring about service costs for a specific vehicle model, and the agent asks for the model to provide a quote."
4e39993b4aba4a92b29d2b7e31a7f2fc_transcript,automotive_and_healthcare_insurance_inbound.zip,insurance,inbound,02131916b744700acf1415eb17c064335103292743b8d8c12fd6e8d5306d5954,"OPENING, FEE_DISCUSSION, NEEDS_ANALYSIS, CURIOUS_EXPLORATION",0.9,True,"Contains opening, discussion of vehicle price, agent collecting customer info, and customer exploring trade-in options for a specific vehicle."
DMEMED_rmbpo01_20211109-091954_2077290195_4688324-all_transcript,medical_equipment_outbound.zip,medical_equipment,outbound,0e9494a4a852451c45110c85a7f75b77f5adb7ce39a79e40436c836427c2c30c,"OPENING, PRODUCT_PITCH, FEE_DISCUSSION, NEEDS_ANALYSIS",0.95,True,"Outbound opening, agent pitches lower Medicare rates and additional coverage, discusses potential savings, and asks qualifying eligibility questions."
138acb080b4048daa5c6bbf2607d239a_transcript,home_service_inbound.zip,home_service_telecom,inbound,d393e42d1b0565a71d03bc7416b5e699bf32319e49e6a6e79871babd55fbed29,"OPENING, NEEDS_ANALYSIS, ACTIVE_LISTENING",0.85,True,Call opens with greeting; agent uses empathetic language to acknowledge the issue and collects customer account and contact information.
2020-10-05-15-43-59_10529a66-318d-48d3-adef-67bde4fbb6a3_v2zlRkmcTpdkOUmACeP-krCdb4gxMdjQLNxEFP5cZfELT0yAMCNXLBOg_transcript,auto_insurance_customer_service_inbound.zip,insurance,inbound,7bf2d617af08cf8f6878a1c8344ecd709a8b32819a02549ae9934f467e0a88dc,"OPENING, PRODUCT_PITCH, NEEDS_ANALYSIS, FEE_DISCUSSION, SOFT_REJECTION",0.95,True,"Contains greeting, insurance offer, verification of customer details, discussion of monthly payments, and a refusal to bundle policies."
10fbdac1bcfb4c8b89510e3183ba4c41_transcript,home_service_inbound.zip,home_service_telecom,inbound,548c187043cd7a0123dfd47f93adea45e10c8698962ac54478af957aee1a7c5a,"OPENING, NEEDS_ANALYSIS, CURIOUS_EXPLORATION",0.9,True,"Includes greeting, customer inquiring about window repair availability, and agent collecting contact and property details."
35394fb39a2d4f79b59f19e5fd30ee76_transcript,automotive_inbound.zip,automotive,inbound,507932b9dc4a1897895d957d5ad83cb2efe47eb3dedd8484bf72f3fd55595cd3,"OPENING, CURIOUS_EXPLORATION, FEE_DISCUSSION",0.9,True,"Greeting present, customer inquiring about specific vehicle inventory, and agent mentioning the prices of the cars."
502fb41d304543979e2fb52c0fa72fbd_transcript,medicare_inbound.zip,medicare,inbound,d870989349ccb206c358dc76242083c882ecf46eb73821857c4fffe08eded93b,"OPENING, CURIOUS_EXPLORATION, FOLLOW_UP_EMAIL_REQUESTED",0.95,True,"Greeting present, customer inquiring about medical records, and a specific request for the agent to send an email."
1fb0f596b57e4058a462252d735cd049_transcript,automotive_inbound.zip,automotive,inbound,21cfbb41b3632caeb0b356f34994648524ce6db5ca3134435ce8e69f2e039b87,"OPENING, CURIOUS_EXPLORATION, MISUNDERSTANDING",0.85,True,"Greeting present, customer inquiring about liability papers, and confusion regarding whether contact information was previously provided."
7d25d037cab44739aeaa5b4c64687c32_transcript,medicare_inbound.zip,medicare,inbound,2dfe5e4036aa5670c5af9fe6b91b746ae94d5fff752641772956195d237d1a04,"OPENING, NEEDS_ANALYSIS, SUCCESSFUL_SALE",0.9,True,"Contains a greeting, agent confirms the specific service needed (nail trim), and successfully schedules the appointment."
550aac58b4de43a4af618603ab0d078c_transcript,medicare_inbound.zip,medicare,inbound,0f0ef35175f50902e70d5cb9413881270b955c6c51bbaa9ed458b89e33d8c1d3,"OPENING, NEEDS_ANALYSIS",0.9,True,Contains a greeting and the agent asks clarifying questions about the dog's medical condition to determine boarding eligibility.
7328731253_transcript,insurance_outbound.zip,insurance,outbound,9abc419a8f3945a7f04f29229dec4ece046ccc970aa8b0ff5d4803359f0b9789,"OPENING, PRODUCT_PITCH, NEEDS_ANALYSIS",0.95,True,"Greeting is present, agent pitches Medicare benefit upgrades, and conducts a detailed needs analysis regarding eligibility and demographics."
2e1ddfc51eb34bf7827a86c5563bf699 (2)_transcript,home_service_inbound.zip,home_service_telecom,inbound,db40a770bf1fefc4028aa6f00231409fd1783dbb0ca530c3aa8a90190388d8f8,"OPENING, NEEDS_ANALYSIS, SUCCESSFUL_SALE",0.9,True,"Greeting is present, agent analyzes the plumbing issue, and successfully books a service appointment."
1c13ec2cf42f4c419944973e034ee43e_transcript,medicare_inbound.zip,medicare,inbound,0194a38bf620480f1012f4507793b512a6bb6c246c20812f225267516d1f7029,"OPENING, NEEDS_ANALYSIS, FEE_DISCUSSION",0.9,True,"Greeting is present, agent analyzes boarding needs, and discusses the costs of different suite sizes."
89351a1804f94201bba5ced9673d0060_transcript,home_service_inbound.zip,home_service_telecom,inbound,491688011a3b813b7eb36aa3645c956832eb0077850e39ed0ea9c7ce6cb2025b,"OPENING, NEEDS_ANALYSIS, WARM_LEAD, ACTIVE_LISTENING",0.9,True,"Contains greeting, agent verifying customer details (address/phone), customer expressing strong desire for service, and agent using verbal cues to show listening."
7781cbbf885c46a88e3c86296a657e6c_transcript,home_ervice_inbound&telecom _outbound.zip,home_service_telecom,outbound,4eed4830c98e7e1d122c3039bee11c2c1a3a70f1ea199676ca036b32699846a2,"OPENING, PRODUCT_PITCH, NEEDS_ANALYSIS, SUCCESSFUL_SALE",0.85,True,Greeting present; agent explains the repair process and offers a free estimate; collects contact info; customer commits to a specific appointment date.
recording-public_972_transcript,customer_service_general_inbound.zip,customer_service,inbound,95911387fffa34cd457bfc6e990bdf3e9fef9f8cdf39872fc16ad2bffe623339,"OPENING, NEEDS_ANALYSIS, FEE_DISCUSSION, ACTIVE_LISTENING",0.95,True,Greeting present; extensive questioning about health and demographics for eligibility; agent mentions providing a rate; uses supportive verbal acknowledgments.
9cd1fa754e55411389cf110622818acb_transcript,automotive_inbound.zip,automotive,inbound,e54b3fbf3402be5ce7767c616077c27315b3049a5cd14a46e46f51ff39337553,"OPENING, DEMANDING_MANAGER, ANGRY_OUTBURST, OBJECTION_HANDLING",0.8,True,Greeting present; customer asks for a manager/superior; uses aggressive language ('play with nobody kids'); agent attempts to resolve the frustration.
225d586011a5485396ebf801dfdb1de9_transcript,automotive_inbound.zip,automotive,inbound,1d021baa1836a1c6a7a250e2d18ecf92ba52f0139e78a191cacfbc7454c38661,"OPENING, PRODUCT_PITCH, MISUNDERSTANDING, ACTIVE_LISTENING",0.75,True,Greeting present; recorded pitch for certified pre-owned cars; confusion over the name of the employee the customer is seeking.
58f79077e5234e80a5f8b5821632c347_transcript,automotive_inbound.zip,automotive,inbound,8302d9d3f0c874bc3b16576bf20593135a9c0945bd88be125829fd1653e82fc4,"OPENING, NEEDS_ANALYSIS, CURIOUS_EXPLORATION",0.9,True,"Contains greeting, agent asks for VIN to identify the vehicle, and customer is inquiring about a specific paint color."
27b5e9fd6dc94fce9662d38583f22671_transcript,home_service_inbound.zip,home_service_telecom,inbound,6c613c44f3faf45c4b69e5bf6d80112945c9d7550192a93481ab70ce19b98bb1,"OPENING, PASSIVE_AGREEMENT, ACTIVE_LISTENING",0.9,True,"Greeting present, agent verifies appointment details, and customer agrees to the corrected date."
2020-09-28-15-52-47_87dd830d-1851-461e-9d4b-d2ec22f45d85_v2BkmG3LEOT88ffLTWNOHkDzJrTSERODO3iUUfj57bQHiONE_Z7KQ1eA_transcript,auto_insurance_customer_service_inbound.zip,insurance,inbound,b872ae8bf0443c84af324626959eb7a685a51345ee8a963cc815e52540cf0c69,"OPENING, NEEDS_ANALYSIS, FEE_DISCUSSION",0.95,True,"Greeting present, agent performs extensive needs analysis and asks about current insurance payments."
7409623115_transcript,insurance_outbound.zip,insurance,outbound,2e071b8c3b713ee96fd1dd2b13f85e429f50dc72c65ea2c186b9a527a0bcf788,"OPENING, PRODUCT_PITCH, FEE_DISCUSSION, NEEDS_ANALYSIS",0.95,True,"Greeting present, agent pitches Medicare upgrade, mentions no-cost premium, and asks eligibility questions."
8124664612_transcript,insurance_outbound.zip,insurance,outbound,c9a128dbccaba771949a4bdf0aebe0ced9db51cb8ababc25096a903696a6fca2,"OPENING, PRODUCT_PITCH, FEE_DISCUSSION, NEEDS_ANALYSIS, ENTHUSIASTIC_AGREEMENT",0.95,True,"Greeting present, pitch for benefits, cost mentioned, eligibility check, and customer expresses positive agreement."
fb0e2072c610450cad9a616d5c6f892d_transcript,home_ervice_inbound&telecom _outbound.zip,home_service_telecom,outbound,0bd40e07b8fdc5ce083f41f679fc086d18a75852b92f33db70961373e204cc77,"OPENING, NEEDS_ANALYSIS, PASSIVE_AGREEMENT",0.9,True,"The call begins with a greeting, the agent collects contact and property details to address the customer's request, and the customer confirms the information."
DMEMED_rmbpo19_20211018-172822_4436608191_4588972-all_transcript,medical_equipment_outbound.zip,medical_equipment,outbound,1b9dcf820148ed6660980c545200850cfc899d2107c5da970164385d8654e2cb,"OPENING, PRODUCT_PITCH, NEEDS_ANALYSIS, PASSIVE_AGREEMENT",0.95,True,"Agent opens the call, pitches free Medicare benefits, verifies eligibility (DOB, state, card status), and asks about specific interests."
9109445556_transcript,insurance_outbound.zip,insurance,outbound,6b3851734067a57ac03286800fdcd0aeff8db5e4ed9a22e73fbd9eeec233305a,"OPENING, PRODUCT_PITCH, NEEDS_ANALYSIS, PASSIVE_AGREEMENT",0.9,True,"Agent greets the customer, mentions eligibility for no-cost benefits, verifies address and Medicare status, and transfers the call."
2c0fa7895a0a44c9abce04be5c9fa1a7_transcript,automotive_and_healthcare_insurance_inbound.zip,insurance,inbound,11e73417a98d45a94bb485dcdfc45240546728046fd75e44fbdbad85ef9fd304,"OPENING, FEE_DISCUSSION, COMPETITOR_COMPARISON, NEEDS_ANALYSIS",0.95,True,"Customer opens the call, compares a price from another location, discusses specific costs, and the agent begins gathering deal details."
dccca50490244fe4befafad63ffe5f7f_transcript,medicare_inbound.zip,medicare,inbound,93f9f07c483273cbe7543d61b69497df04c1a640d683039de51a05ec932fbe4e,"OPENING, NEEDS_ANALYSIS, PASSIVE_AGREEMENT",0.85,True,"The call opens with a greeting, the agent verifies the pet's name and the required documentation, and the customer agrees to the process."
2021-08-31-13-11-47_85f09195-7789-47e7-9c94-5bcde0fbc380_RGB7A23028789CC46C8098CBCE495C4BF692B38AA2CEBXWR01_-_Copy_transcript,automotive_and_healthcare_insurance_inbound.zip,insurance,inbound,5d80daa20eca154b0eb7357fb69480a21c30eb7d87a88d4946634174f5ec29ca,"OPENING, NEEDS_ANALYSIS, PASSIVE_AGREEMENT, WARM_LEAD",0.9,True,Agent opens the call and performs needs analysis by verifying Medicare status and location; customer is cooperative.
46be5d8da3a84e29aac515fcaf6ec75f (1)_transcript,home_service_inbound.zip,home_service_telecom,inbound,021f47e08ad5492ed30c2f3edb3974798f35a80e89e8e6a3951ffb43d677f8be,"OPENING, NEEDS_ANALYSIS, PASSIVE_AGREEMENT, CURIOUS_EXPLORATION",0.85,True,Call starts with a greeting; agent asks specific questions about the window damage to provide an estimate.
0ee8246ae6634541a5949b696992b88d_transcript,medicare_inbound.zip,medicare,inbound,8cd7fb3a49d5fa59c9a2164a88af6b4fd3636f74d45cedee79cf1f92ec9cf564,"OPENING, NEEDS_ANALYSIS, ENTHUSIASTIC_AGREEMENT, SUCCESSFUL_SALE",0.8,True,"Agent opens call, verifies patient details, and successfully schedules an assessment appointment with an enthusiastic customer."
2020-09-14-15-35-25_911b65e7-50a0-4b9d-bdaa-9cb1495aaa7a_v2jSV41QrC-WIIk9aPW6IJabptNdGWlfOlYSOf1T_VrI_ryasHJDyjYA_transcript,auto_insurance_customer_service_inbound.zip,insurance,inbound,fd52237cf42b6a88c717e93d794bcd8befb52491d1b404e00db576079f342a8e,"OPENING, NEEDS_ANALYSIS, PASSIVE_AGREEMENT, WARM_LEAD",0.9,True,Agent opens the call and collects detailed driver and financial information to provide an insurance quote.
DMEMED_rmbpo18_20211109-161002_5027722971_4690248-all_transcript,medical_equipment_outbound.zip,medical_equipment,outbound,83f53c331be1da12f0a3b4112697c69b7e53ea29cf459d55d81c039e916b4db2,"OPENING, NEEDS_ANALYSIS, PRODUCT_PITCH, FEE_DISCUSSION",0.95,True,"Agent opens call, analyzes medical needs, pitches a dental/vision plan, and discusses the monthly premium cost."
f2a16417ae994a1b86ac9685feebf721_transcript,medicare_inbound.zip,medicare,inbound,1da566937ad9de2506e39b6db0e72abc05807f3e16830e99ae0f78948a37c349,"OPENING, PRODUCT_PITCH, FEE_DISCUSSION, CURIOUS_EXPLORATION",0.9,True,"Contains greeting, discussion of discounted services and exam fees, and customer inquiring about appointment availability and hours."
2020-09-17-17-53-01_4d1e605a-d1a5-4304-9529-91bcff898c44_v2-lGvGAwg65s0sg9X6ibJGB6IvlQjf39XE24xsOnq6qs-L6UYCnO5eQ_transcript,auto_insurance_customer_service_inbound.zip,insurance,inbound,606e9b16824e283cd6f304d3298d5fc78e2d6722f1450f06412de29b97efd477,"OPENING, NEEDS_ANALYSIS, FEE_DISCUSSION, SOFT_REJECTION",0.95,True,"Greeting present; agent collects personal and insurance details (needs analysis), asks about current payments, and customer declines bundling."
650f922ca22a47b6887860129f48f69e_transcript,medicare_inbound.zip,medicare,inbound,a722989334dca8111a4d54410ff82ea68a7658790a169dbb51eedfbda32ddd27,"OPENING, CURIOUS_EXPLORATION, OVERWHELMED_CONFUSION",0.8,True,Greeting present; customer asks about rescheduling and expresses confusion regarding the appointment length and medical progress.
e04de1cde305430592a3b7ce503ad8e4_transcript,automotive_inbound.zip,automotive,inbound,fee413ac03d214c5824ec52dc3d6ef4fe41e1f969e9243f49411a47fd9a6dde3,"OPENING, PRODUCT_PITCH, FEE_DISCUSSION, NEEDS_ANALYSIS",0.95,True,"Greeting present; agent pitches a specific vehicle, discusses price and down payments, and analyzes credit requirements."
Radiant_Eyecare_P_C_(2)_transcript,home_ervice_inbound&telecom _outbound.zip,home_service_telecom,outbound,731c3a04f367ceee8a2ea9f96b86713c7ff741da0416c856234507baea71a686,"OPENING, SOFT_REJECTION, PASSIVE_AGREEMENT",0.7,True,Greeting present; receptionist initially refuses to transfer the call (soft rejection) but eventually agrees to a callback.
ebf01cad422d4947af2a491ca12c131a_transcript,home_ervice_inbound&telecom _outbound.zip,home_service_telecom,outbound,62b5356c0a8eb5d26e0ef81e471e2a3674376f7348bbf9520afb05a728872400,"OPENING, NEEDS_ANALYSIS, CURIOUS_EXPLORATION, WARM_LEAD",0.9,True,"Contains greeting, customer inquiring about services, agent gathering address/details for a quote, and customer showing high intent."
78db2f17c5bb4ddea0ddad2cfb55ec75_transcript,medicare_inbound.zip,medicare,inbound,e30432a1d4bd87624f28ba0258260d6ca53a87b9b84863b560196a1bdf5cc172,"OPENING, PRODUCT_PITCH, NEEDS_ANALYSIS, CURIOUS_EXPLORATION",0.9,True,"Includes greeting, agent explaining available training options (pitch), asking about dog behavior (needs), and customer inquiring about classes."
488b5f3e44b6447496fec902263d7274_transcript,medicare_inbound.zip,medicare,inbound,024f4cf56987f04ea71104ccb48e1b6feb2aaa2d365f544f8fb6cb345dfd671f,"OPENING, MISUNDERSTANDING, DEFENSIVE_POSTURE, CURIOUS_EXPLORATION",0.8,True,Greeting present; customer seeks referral but agent is confused about the request and reacts defensively regarding the customer's identity.
c94ac699c5b04db3bd4487beb1148d09_transcript,home_ervice_inbound&telecom _outbound.zip,home_service_telecom,outbound,9c78ca3cf89223bfcb46044057062736b5e1152f313255ffddc36082e4a02db7,"OPENING, NEEDS_ANALYSIS, FEE_DISCUSSION, PRODUCT_PITCH",0.95,True,"Greeting present; agent asks about crack size (needs), provides a specific price (fee), and offers the sealant service (pitch)."
481bbe6cebee4ab79dc636c50a5a01d3_transcript,home_service_inbound.zip,home_service_telecom,inbound,ff44bb4544333e95d37e65014713fb1d14099d02372c59cd56cf77346c91c346,"OPENING, NEEDS_ANALYSIS, PASSIVE_AGREEMENT",0.85,True,Greeting present; agent collects personal and property details to reschedule an appointment; customer agrees to the process.
9710aa6ba8494b95bce192220698b946_transcript,medicare_inbound.zip,medicare,inbound,c292214f2761786e0984b5af3e87377774b1a63468b0bfb49889a00d54e86574,"OPENING, NEEDS_ANALYSIS, FEE_DISCUSSION",0.95,True,"Contains a greeting, questions about the pet and client status, and a discussion regarding exam costs and payment methods."
c672214cde3049d99df18d379aa416ff_transcript,medicare_inbound.zip,medicare,inbound,027b0fa747feceb330d4ac7d476aac5b370e4a15ce6451ab9ef45bcb3631cb6b,"OPENING, PRODUCT_PITCH, SUCCESSFUL_SALE",0.85,True,"Includes a greeting, a pitch about facility features (splash pads), and a clear commitment from the customer to visit."
8039172613_transcript,insurance_outbound.zip,insurance,outbound,65fadc5288925edd6f0be5db440621353dbc8195e2d938794bf4ad389f2ce645,"OPENING, PRODUCT_PITCH, NEEDS_ANALYSIS",0.95,True,"Greeting is present, agent pitches a Medicare upgrade, and asks qualifying questions about the customer's current plan and location."
0a2c92fa4108415ca566943fff65fcd6_transcript,medicare_inbound.zip,medicare,inbound,03c7ea810b09411c37c6995586cb50c82989d3941df1cecc77c23090b5659c64,"OPENING, NEEDS_ANALYSIS, CURIOUS_EXPLORATION",0.9,True,"Greeting present, customer inquires about a special, and agent performs extensive needs analysis via personal and medical questions."
2020-04-01-14-28-13_0635957c-7425-11ea-a2cc-06586ee1e09b_0516c486-7425-11ea-9323-75fa1f16aa1a_transcript,auto_insurance_customer_service_inbound.zip,insurance,inbound,39184939a29b6feaa088f567d91c4284eaf9ce620190834cf9be6651417ca222,"OPENING, NEEDS_ANALYSIS, FEE_DISCUSSION, DEFENSIVE_POSTURE",0.9,True,"Greeting present, customer is defensive about the call origin, and agent asks about current provider and insurance costs."
Tom_Cherry_Mufflers_8123231456-all_(2)_transcript,home_ervice_inbound&telecom _outbound.zip,home_service_telecom,outbound,0d5f160c2003a5de504f0d7f128b48f327c9930ebd8a9b7a139cbca83f7501c2,"OPENING, PRODUCT_PITCH, FEE_DISCUSSION",0.9,True,"Contains a greeting, a pitch for an internet speed upgrade, and a detailed discussion of monthly promotional pricing."
9188761041_transcript,insurance_outbound.zip,insurance,outbound,e227b84ffaf26f2d224afa7af855c381c80d00f041e3e1491880720f844af082,"OPENING, PRODUCT_PITCH, NEEDS_ANALYSIS, FEE_DISCUSSION",0.9,True,"Includes greeting, pitch for insurance benefits, verification of Medicare eligibility (needs analysis), and mention of no additional cost."
7e1281268c4742e9843b5e4643ba0302_transcript,automotive_inbound.zip,automotive,inbound,dfe0eccd002611b4ee92ee8184e4347d51225f3527fb23b68bc0262e16cef1e9,"OPENING, ACTIVE_LISTENING, CURIOUS_EXPLORATION",0.7,False,"Starts with a greeting followed by a casual, non-sales conversation involving active listening and exploration of travel experiences."
f9efd703da13499aa3453f39ca049b29_transcript,home_ervice_inbound&telecom _outbound.zip,home_service_telecom,outbound,9fcd1946b450055c9ad6e1dd418f6bd86b0b120286ee34d8fdb0813c1bde6806,"OPENING, NEEDS_ANALYSIS, CURIOUS_EXPLORATION",0.8,True,Greeting is present; agent performs needs analysis by collecting address and scheduling a visit to explore door options.
DMEMED_rmbpo02_20211115-084121_7277893053_4784637-all_transcript,medical_equipment_outbound.zip,medical_equipment,outbound,a4a8cbdeac35ee312c7740b0a40a9771c0d02a43cff5759e572c8a39b6b85970,"OPENING, PRODUCT_PITCH, NEEDS_ANALYSIS, FEE_DISCUSSION",0.9,True,"Greeting, pitch for Medicare benefits, verification of personal details for eligibility, and mention of no-cost benefits."
2020-09-15-15-38-20_b6f8d534-a08d-4149-ab87-53c89b3eff3c_v2MoBc4oO98Aa32CB_s02AZ8BYr9Dq61H_OOHoCwGshLkAwmoer4ROtA_transcript,auto_insurance_customer_service_inbound.zip,insurance,inbound,5a0150c33890ae65817b68af59749058d5918b4bbf3fc3027d6c176c93908df6,"OPENING, NEEDS_ANALYSIS, FEE_DISCUSSION",0.95,True,"Contains a greeting, extensive questioning about current insurance and personal details, and a specific question about current payment amounts."
05a22b3f7c4742e2958a569df9d8c9ae_transcript,home_ervice_inbound&telecom _outbound.zip,home_service_telecom,outbound,b7d9da7ebb700231d45fb3752c818bb9467b674663a1f97ff9e8f57de9dd24af,"OPENING, NEEDS_ANALYSIS",0.9,True,Starts with a greeting and proceeds to gather specific technical details about the roof and insurance claim to provide an estimate.
23fa536d52f745099d517b483ce40a66_(5)_transcript,home_service_inbound.zip,home_service_telecom,inbound,fb1204a0342c48a07a175120a6bbf2bc4a155665b9655ea4f7279d0d5ab030f6,"OPENING, NEEDS_ANALYSIS, MISUNDERSTANDING",0.8,True,"Includes a greeting and basic info gathering, but the customer expresses confusion about the transfer and previous interaction."
d3178382db0e4646b5942b5c7a8ea962_transcript,home_ervice_inbound&telecom _outbound.zip,home_service_telecom,outbound,3f7a966fb50f6d8aa141d8b7624f5c19917ba958eb84700121f9395385166e56,"OPENING, NEEDS_ANALYSIS, FEE_DISCUSSION",0.9,True,"Greeting is present, agent collects business and contact details for a quote, and discusses providing the price in a callback."
695a0cdbc701461b86559373105ca05d_transcript,medicare_inbound.zip,medicare,inbound,db856b8582cd90f0fb68f304f08713f135422566c9460e4510a0aff65f92aa91,"OPENING, NEEDS_ANALYSIS",0.95,True,Contains a greeting and a process of verifying insurance network status and patient identity details.
c14efc55a9344de38ac741095c489252_transcript,automotive_inbound.zip,automotive,inbound,9461bbabaa3a64aac1f6220e7a6f29f4ca35573b2ae51d96a5f129094f8a2a2d,"OPENING, FEE_DISCUSSION, WARM_LEAD",0.9,True,"Contains a greeting, a customer expressing strong interest in a specific vehicle, and a direct request for the best deal/price."
da18e7bf775e4f058280bc7899af34d3_transcript,medicare_inbound.zip,medicare,inbound,9b269bec8e36021401823223e747b56348a813156fc42decf3e437200dcb9f3d,"OPENING, NEEDS_ANALYSIS, PASSIVE_AGREEMENT, SUCCESSFUL_SALE",0.85,True,"Includes greeting, insurance and location verification, agreement on a time, and the successful booking of an appointment."
1f60595f751a4b9db4257762b90afc69_transcript,medicare_inbound.zip,medicare,inbound,1691e6a7e1b1cb60b4fd91a597d518f6a37bacf83545c9f8a4ffdb3ced00fae4,"OPENING, NEEDS_ANALYSIS, MISUNDERSTANDING",0.8,True,"Greeting is present, agent asks for account details to verify the customer, and there are clear audio/communication issues causing misunderstandings."
5f3f99e88a7148b5b39407cc4a69fead_transcript,automotive_inbound.zip,automotive,inbound,dea5cdcecdcd12a25aedddc97c640b27f9fb8cbbdc6397e004500f9da5863076,"OPENING, PRODUCT_PITCH, FEE_DISCUSSION",0.9,True,Starts with a greeting and transitions into a scripted pitch mentioning MSRP discounts and 0% APR rates.
587a09bcd6af47e799547de5bfe00650_transcript,medicare_inbound.zip,medicare,inbound,422c812278398f71002c7d35542436f1bde6519485e3407b3298706183b8bf87,"OPENING, NEEDS_ANALYSIS, WARM_LEAD",0.85,True,"Contains a greeting, agent probing for patient status and provider preference, and customer expressing desire to become a patient."
00fa9abc2a9143c7afccfc6d8085d601_transcript,automotive_and_healthcare_insurance_inbound.zip,insurance,inbound,eee07327aff8e121355140173aafe2d49ff153433a253e5b038310e948d840d0,"OPENING, CURIOUS_EXPLORATION, FEE_DISCUSSION, NEEDS_ANALYSIS",0.9,True,"Contains greeting, customer inquiring about vehicle benefits, agent discussing invoice pricing, and agent asking about trade-ins and location."
0cb1271a8f5b46259d0c2698f525e9b4 (1)_transcript,home_service_inbound.zip,home_service_telecom,inbound,fd5fb1458e652f1a9913b72025f169f2ed9db2c8b2a09457b205640214a1a302,"OPENING, NEEDS_ANALYSIS, CURIOUS_EXPLORATION",0.85,True,"Contains greeting, agent collecting customer identification details (name, zip), and customer inquiring about warranty coverage."
36c35553c0ea4d04b0bc8896fef2b110_transcript,automotive_inbound.zip,automotive,inbound,7a29afe269beddee82495d4be5955ba765f7dd81fa19a877ae91f86fe8b99218,"OPENING, CURIOUS_EXPLORATION, NEEDS_ANALYSIS, PRODUCT_PITCH",0.9,True,"Contains greeting, customer asking for specific truck types, agent asking for make/trim preferences, and agent presenting available inventory."
9be54c88291d41b894c2f06af9fe84fa_transcript,home_service_inbound.zip,home_service_telecom,inbound,b8ab76eb9d6efe33a33e7fa673f3a981979253cd02eb753fa3e5dfb29ad4a5e8,"OPENING, CURIOUS_EXPLORATION, NEEDS_ANALYSIS",0.8,True,"Contains greeting, customer asking if the company provides glass cleanup, and agent collecting contact information for a callback."
0a5dbd0f20184698b68b316d697487e2_transcript,automotive_inbound.zip,automotive,inbound,808bb47f53007098d3ca7aa951c51e4ede7363dea7a3cd92ff32e142a3e2bf09,"OPENING, CURIOUS_EXPLORATION, FEE_DISCUSSION, NEEDS_ANALYSIS, PRODUCT_PITCH",0.95,True,"Contains greeting, customer asking for pricing, agent providing MSRP and fees, agent asking for zip code for rebates, and explaining the purchase process."
2020-09-18-15-41-54_c62d4feb-cd0d-4680-b9d4-652453ce64ef_v2RdJTOQlh3xchmet3dCU81AK4W_ch59R0COxEXZFrZrNhbpFKciPulw_transcript,auto_insurance_customer_service_inbound.zip,insurance,inbound,2e714dd192e5f197ebf820f57815a3c0a0abcaac35105ecebc2716c1ab71f7f1,"OPENING, NEEDS_ANALYSIS",0.95,True,Agent greets the customer and performs a detailed intake of personal and insurance history to find a quote.
78cfb511b7314893bf00eed35abbe379 (5)_transcript,home_service_inbound.zip,home_service_telecom,inbound,4994791cf3458affaa484cd05abf68eb2581baa84269fd8380e47b7ed6e4c5b4,"OPENING, FEE_DISCUSSION, OBJECTION_HANDLING, SUCCESSFUL_SALE",0.9,True,"Call involves greeting, discussing an inspection fee, handling a payment objection, and successfully scheduling a service visit."
0f996be534524b4a82f1cea09c40212d_transcript,automotive_and_healthcare_insurance_inbound.zip,insurance,inbound,0003fc042506f1b0575cedfbd8357ae8eaa6ed605c99c56dffccf652f50d9fe0,"OPENING, NEEDS_ANALYSIS, WARM_LEAD",0.85,True,Agent greets a customer who previously submitted a web inquiry and confirms the specific vehicle they are interested in.
2020-09-30-14-28-40_9db4f87f-faea-4fba-9b2a-256387785c69_v29hsl__ElnR_0sCt0x_LjHRGVShojmiMSz9OZ-8ufSeRnW2MgOkbTnA_transcript,auto_insurance_customer_service_inbound.zip,insurance,inbound,75dd2c34857849a2a9063db49c2887e1c3aa84430fba828fcd73698db60bb255,"OPENING, NEEDS_ANALYSIS, PRODUCT_PITCH",0.95,True,"Agent greets the customer, collects eligibility information, and then presents the best available insurance option."
fcb39b5585e44af09f9f9cc3afaa226536311021_transcript,medicare_inbound.zip,medicare,inbound,e12cef3b742f7484b06cafcdf07a58d59a21566b95d2ed9ee9b1598cf351e7d8,"OPENING, NEEDS_ANALYSIS, PRODUCT_PITCH",0.8,True,"Agent greets the customer, analyzes their boarding needs, and explains the differences between premium and luxury options."
40141e03a19d44e3beaabef559e2e5b3_transcript,home_service_inbound.zip,home_service_telecom,inbound,9b299e44c2155cf595a0234664a87c8aae15aee42d402e3501fd00b6c601c937,"OPENING, NEEDS_ANALYSIS, ACTIVE_LISTENING",0.9,True,Contains a greeting and the agent gathering customer details to locate a previous estimate.
9186376024_transcript,insurance_outbound.zip,insurance,outbound,98e7c968ff91fab583f3fff59874da0eaa07f53580fdbc6af364d5fc08f7d553,"OPENING, PRODUCT_PITCH, FEE_DISCUSSION, NEEDS_ANALYSIS",0.95,True,"Agent opens the call, pitches Medicare upgrades, discusses zero cost, and verifies eligibility."
166bc91c51e840c890255b362ad5d1a436342606 (1)_transcript,medicare_inbound.zip,medicare,inbound,eb09cc1a6963150ab51eb1c5e362afc7a11ba5fe02f2b58e3335016c43591db8,"OPENING, PRODUCT_PITCH, FEE_DISCUSSION",0.85,True,Opening greeting followed by a pitch for pet services and mention of boarding rates.
8159350621_transcript,insurance_outbound.zip,insurance,outbound,1b04de8a56ebad90ea362ccbd81fe6df7d05b66e93f9068d924b2d6be5d48b7c,"OPENING, PRODUCT_PITCH, FEE_DISCUSSION, NEEDS_ANALYSIS, PASSIVE_AGREEMENT",0.95,True,"Agent pitches Medicare benefits, discusses premiums, analyzes eligibility, and customer agrees to the terms."
39b0395e94f143e0bc05776f7354245d_transcript,medicare_inbound.zip,medicare,inbound,757b68f09d6f9fb932aaa897a1860625d6a12f5fb922fff31a074abfbe2f1ecc,"OPENING, NEEDS_ANALYSIS, FEE_DISCUSSION, CURIOUS_EXPLORATION",0.9,True,"Greeting followed by a patient inquiring about services, payment options, and insurance acceptance."
03ca39bcda814560898d76679aae79b3_transcript,medicare_inbound.zip,medicare,inbound,5d7005c83eb937121d4ea5720ae7d723611e38f87c0a290bbff88241dcbffa44,"OPENING, NEEDS_ANALYSIS, SUCCESSFUL_SALE, ACTIVE_LISTENING",0.9,True,"Contains greeting, agent analyzes patient's dental needs and insurance status, and successfully schedules an appointment."
08e4c242bef94a47aef577c27be55f90_transcript,medicare_inbound.zip,medicare,inbound,e399d8601b2b4d5f3ee905463a01c2c5368c9540660174b545ddfe765f373dea,"OPENING, NEEDS_ANALYSIS, SUCCESSFUL_SALE, ACTIVE_LISTENING",0.85,True,"Greeting present, agent collects DOB and checks availability to reschedule, resulting in a confirmed appointment."
26265cb0be2f49e79483af99f5124282_transcript,medicare_inbound.zip,medicare,inbound,b5647df9142bfefa675a6f9bfb8845e062d8bf075f61ef5e76afacf6860bda61,"OPENING, NEEDS_ANALYSIS, ACTIVE_LISTENING",0.85,True,"Greeting present, agent collects patient identification and checks the chart to address the rescheduling request."
041560dd75d44a4ba91b00b1a156366b36702299_transcript,medicare_inbound.zip,medicare,inbound,42d1ec75bf7161ce738cbc0683727f822b4270894c9734b0e0f6c6ae658bbf45,"OPENING, NEEDS_ANALYSIS, CURIOUS_EXPLORATION, ACTIVE_LISTENING",0.8,True,"Greeting present, agent analyzes a medical condition and responds to a specific, unusual request regarding medication."
f6480ae29dd44f498fdf571633871576_transcript,home_ervice_inbound&telecom _outbound.zip,home_service_telecom,outbound,2e69d8ffbeb3376897af0c58ba4e5de27246381a315c2317b640cbaa434a38df,"OPENING, FEE_DISCUSSION, NEEDS_ANALYSIS, MISUNDERSTANDING",0.9,True,"Greeting present, customer asks about cost, agent collects vehicle details, and there is a struggle/misunderstanding with the VIN."
2020-07-07-15-20-55_59703d6f-eb79-4312-8bfb-e39b3a1994da_v2w06ptW974G4GvdWiHIqrYOMtyqSOQS2i0gGIOCEq2v6zR5-MxW50Iw_transcript,auto_insurance_customer_service_inbound.zip,insurance,inbound,8b66e6e3f26ac8d5dcad213885113750259e61a913fecb6787a1beb9f518d6f9,"OPENING, NEEDS_ANALYSIS, ACTIVE_LISTENING, CURIOUS_EXPLORATION",0.9,True,"Contains greeting, extensive data collection for insurance eligibility, positive reinforcement from agent, and customer seeking a quote."
e449d37e52944260bfc6ce6e4a67b123_transcript,home_ervice_inbound&telecom _outbound.zip,home_service_telecom,outbound,bac835593318587eb6e8fa3fe3f9118d216c291c415e6c542fb03554aa6775f2,"OPENING, NEEDS_ANALYSIS, FEE_DISCUSSION, PRODUCT_PITCH",0.95,True,"Includes greeting, technical questions about the window, a specific price quote, and an offer for service."
93e8b19bae7347ecbdbc49225a1d85c4_transcript,home_service_inbound.zip,home_service_telecom,inbound,dabda235aa7011bb51e832b8879004e86f45e2aeaa24b318b124635b5921d7fa,"OPENING, NEEDS_ANALYSIS, SUCCESSFUL_SALE, CURIOUS_EXPLORATION",0.9,True,"Greeting present, detailed needs analysis for the repair, and explicit commitment to get on the schedule."
e669b2064f0c48ffb263f076a14b7c79_transcript,medicare_inbound.zip,medicare,inbound,bd7a2030ac37dfc7ee9b804cbec46d12ed1be4f693176a5fcdf4d9db2d0fe4be,"OPENING, NEEDS_ANALYSIS, MISUNDERSTANDING, CURIOUS_EXPLORATION",0.85,True,"Greeting present, agent asks for specs and DOB, agent confuses sunglasses with contacts, and customer is exploring options."
7b6752b21fe544798813fded4b169ef8_transcript,home_ervice_inbound&telecom _outbound.zip,home_service_telecom,outbound,f4596b6f9f64d38936536e6de63b7435db0310cf8403fb9163f3db4069590780,"OPENING, NEEDS_ANALYSIS, CURIOUS_EXPLORATION, PASSIVE_AGREEMENT",0.8,True,"Greeting present, agent collects contact details for a quote, customer is inquiring, and agrees to a callback."
2021-08-16-19-09-59_95726603-238b-4b41-94b8-25e7f0b05922_v2Uu_obSkGJErKI91IdT6RoC1fTmYOSDxIBfG9WNQD9UV-kfoS4NpHpw_-_Copy_transcript,automotive_and_healthcare_insurance_inbound.zip,insurance,inbound,fafd23629c0c00f0b446abb1bdf4177d863e72162782f1d1aa407dc4e807d213,"OPENING, PRODUCT_PITCH, NEEDS_ANALYSIS",0.95,True,"Contains a clear greeting, a pitch about Medicare benefit specialization, and questions regarding the customer's current Medicare coverage."
9375479599_transcript,insurance_outbound.zip,insurance,outbound,b08568ff1572d515d30ee0ef243ece14ceddd18d2b5ab8ad7492b0c60edaaed1,"PRODUCT_PITCH, NEEDS_ANALYSIS, ACTIVE_LISTENING",0.9,True,"Agent pitches specific Medicare benefits (dental, vision) and verifies eligibility while guiding the customer to find their insurance card."
5e9c8734cdcc4fa78e7f59dfce95a855_transcript,medicare_inbound.zip,medicare,inbound,f32f965308d7064c31b3e45a4a8787cf56758a98c9db8bb62fb93cfd99b5b90e,"OPENING, PRODUCT_PITCH, NEEDS_ANALYSIS, FEE_DISCUSSION",0.9,True,"Includes greeting, a pitch for a membership plan, discussion of treatment fees, and gathering patient details for scheduling."
72d4bd4b1dee40efb71d3f09f912439c_transcript,home_ervice_inbound&telecom _outbound.zip,home_service_telecom,outbound,8e69168bd0d1233e1f912ddbbacf9bc8e4ec436c815415baeb7b0e188f7c9dec,"OPENING, PRODUCT_PITCH, NEEDS_ANALYSIS, WARM_LEAD",0.85,True,"Greeting is present; agent explains the service solution for a doggy door, analyzes the need, and the customer requests an estimate."
2020-09-16-20-26-59_950954ce-f3a3-4850-8fca-f12a261d5b1f_v2deAnsHKajSnvB7xpdVxfyiD2AvI8HT4nYhhaGMvj6nvydGVvRIeAvA_transcript,auto_insurance_customer_service_inbound.zip,insurance,inbound,54a94f5fa0d29387819681063cfede2bac0fe104981d3febec4201e45d5153c7,"OPENING, NEEDS_ANALYSIS, COMPETITOR_COMPARISON",0.95,True,Greeting is present; agent performs extensive needs analysis and explicitly asks about the current insurance provider to beat their rate.
a2dc533a21c645fbbb90af3753a4cf5b_transcript,automotive_inbound.zip,automotive,inbound,e63855e01a97bd2db5ea1ecd409524bac514098cba689ca50048eb13b1ba4756,"OPENING, FEE_DISCUSSION, ACTIVE_LISTENING",0.7,True,"Contains a greeting, discussion of rental costs, and the agent acknowledging the customer's frustration."
ae713a5104bd4228851bfcdd70ff1bdb_transcript,medicare_inbound.zip,medicare,inbound,7ce5464047fb1dfadf19f32645da4aba795e479b0b0f747c7d57edc62e5294f4,"OPENING, NEEDS_ANALYSIS, SUCCESSFUL_SALE, ACTIVE_LISTENING",0.9,True,"Greeting present, agent gathers patient details, an appointment is successfully scheduled, and agent uses confirming fillers."
e81dda62af3d4a36adb87c4c3b9d3c9f (2)_transcript,home_service_inbound.zip,home_service_telecom,inbound,21c74a261245366f752feffa941ba94f1ae5da6b6672a61214a03a25e39c5fea,"OPENING, NEEDS_ANALYSIS, FEE_DISCUSSION, SOFT_REJECTION",0.8,True,"Greeting present, agent collects location/contact info, customer mentions quotes, and agent rejects service due to area."
DMEMED_rmbpo19_20211221-103732_8034453654_4612491-all_transcript,medical_equipment_outbound.zip,medical_equipment,outbound,a0f28c5c9509476b4b2f84cb3cba4537e9308f43f658983e8efadf3168d4be06,"OPENING, PRODUCT_PITCH, NEEDS_ANALYSIS, PASSIVE_AGREEMENT",0.9,True,"Greeting present, agent pitches additional benefits, verifies personal identity/Medicare ID, and customer agrees to provide info."
56f485b1ca624d8fa39d57913f06ef3f_transcript,home_service_inbound.zip,home_service_telecom,inbound,a6ac4c6607b2272ef4fa1495518ddbeefe9cff463f28d34ca278add84ad6968d,"OPENING, NEEDS_ANALYSIS, SUCCESSFUL_SALE, ACTIVE_LISTENING",0.8,True,"Greeting present, agent gathers specific job details and contact info, and schedules a technician visit."
6200ecbf77694b419cec2fbcd4d4d3aa35586691_transcript,medicare_inbound.zip,medicare,inbound,38b7ec8ab50d12710163c419894d064f0be54924a8c8a597969c33e8754542fd,"OPENING, NEEDS_ANALYSIS, ACTIVE_LISTENING",0.9,True,"Contains a greeting, agent analyzes scheduling needs for pet drop-off, and confirms dates and instructions."
3345446127_transcript,insurance_outbound.zip,insurance,outbound,97f7812cd2809bb330d17a4eb5a1abdcf8de500be59e636945d0635065d7e5ab,"OPENING, PRODUCT_PITCH, NEEDS_ANALYSIS, FEE_DISCUSSION, WARM_LEAD",0.95,True,"Outbound sales call featuring a Medicare pitch, qualifying questions, cost mentions, and a receptive customer."
c776d9c2a63d4406aad83e4844745fc0_transcript,medicare_inbound.zip,medicare,inbound,f92f986db97d0f79cf52b7b8a78917f7da42e9ee40bc99f1df178a649f0dec7d,"OPENING, NEEDS_ANALYSIS, ACTIVE_LISTENING",0.9,True,"Greeting present, agent analyzes boarding requirements and vaccination status while confirming dates."
035ebf54414f412297a1bcb7d38f20b9 (1)_transcript,medicare_inbound.zip,medicare,inbound,a5a2708113768fa0fd0d3aeb698791c6a57acf2a01306d8647c9585872921653,"OPENING, PRODUCT_PITCH",0.7,False,Automated opening and a listing of available clinic services and locations.
769f6d8244a241f78aa2d9c5beec1bf836379633_transcript,medicare_inbound.zip,medicare,inbound,b9deaeaf9404da4333560f60f38a2a859b57a069d73b3f87a25c44525f11f9a5,"OPENING, NEEDS_ANALYSIS, PRODUCT_PITCH, FEE_DISCUSSION, ACTIVE_LISTENING",0.9,True,"Greeting, analysis of boarding needs, pitch of different suite levels, and discussion of additional fees."
2d7f9f6ffc294e87ba5a95014552f80f_transcript,home_service_inbound.zip,home_service_telecom,inbound,9efb4b16eb4b37b1ab74d1a4f59231be821dd2091fc3adb41a2537f2e40ed192,"OPENING, NEEDS_ANALYSIS",0.9,True,Contains a formal greeting and the agent asking how they can help the customer.
7f3475befc804def8bc20d44406038f6_transcript,automotive_inbound.zip,automotive,inbound,a84f926e55d110f33aa9fc439208c111631c57180f4a8344129df251386b438e,"OPENING, NEEDS_ANALYSIS, PRODUCT_PITCH",0.95,True,"Includes opening, agent asking for specific trim preferences, and presenting available vehicle models."
76bf6f5dc87c45b9a23cd9a5a2206279_transcript,medicare_inbound.zip,medicare,inbound,4b2baaecb4786882db999e153f3330b08bb0f6ff39f5be5ad58620127547617d,"OPENING, NEEDS_ANALYSIS, FEE_DISCUSSION",0.95,True,"Contains greeting, detailed discussion of the dog's grooming needs, and requests for a price quote."
2021-08-25-18-52-48_284c7b54-0f3c-4387-88bd-6f99bbe769d1_v2WHmAOiSJAMvO-eZebxniQ_sQRLbwPKOJY284ox9OkkYDz7HMWwRZ6g_-_Copy_transcript,automotive_and_healthcare_insurance_inbound.zip,insurance,inbound,0604f070fa664de37daca6a4627bc6f9e380e829e9606a106891cff0c2257517,"OPENING, NEEDS_ANALYSIS",0.9,True,Includes a greeting and the agent verifying Medicare enrollment and personal details to determine options.
DMEMED_rmbpo17_20211014-105419_8702067243_3923584-all_transcript,medical_equipment_outbound.zip,medical_equipment,outbound,078da4f449ae18a5ed6609ad4748928bd188ad9e16359d287b40116ca5134dff,"OPENING, NEEDS_ANALYSIS, PRODUCT_PITCH, CURIOUS_EXPLORATION",0.9,True,"Contains greeting, verification of medical condition, a pitch for a cardio kit, and customer inquiry about the kit."
c3e88f128a9849648375f909729e8f62_transcript,home_ervice_inbound&telecom _outbound.zip,home_service_telecom,outbound,d224b021306ab9e5290ac7109efa2cf9a31629c3454aa538163186636d66fcab,"OPENING, NEEDS_ANALYSIS, CURIOUS_EXPLORATION, ACTIVE_LISTENING",0.8,True,Call begins with a greeting; agent gathers customer details to check appointment status and confirms the order details.
f7fb3862ef574625820830d86d79bad7_transcript,home_ervice_inbound&telecom _outbound.zip,home_service_telecom,outbound,26ed7b7a2862e8f9775ff287d982c92e885bbd5a2abfc1efb6d6d6a4c9fe1561,"OPENING, NEEDS_ANALYSIS, CURIOUS_EXPLORATION, WARM_LEAD",0.9,True,"Greeting present; customer inquires about specific services; agent collects contact information for a callback, indicating a warm lead."
0e6605fa401c4530965e071e526e23ef_transcript,automotive_and_healthcare_insurance_inbound.zip,insurance,inbound,30c2199ba5951bcaa4586aef534fe560caf60db2c42eab76a5382a98bb343b17,"OPENING, CURIOUS_EXPLORATION, NEEDS_ANALYSIS, ACTIVE_LISTENING",0.8,True,Greeting present; customer asks about a specific vehicle; agent asks for identifying details and confirms the vehicle's location.
recording-public_825_transcript,customer_service_general_inbound.zip,customer_service,inbound,4cb59e9855a04ce9b4b79b37eb4d40c5fb18f67c9b8a98e4ad413fe7e459b363,"OPENING, NEEDS_ANALYSIS, PRODUCT_PITCH, FEE_DISCUSSION",0.95,True,Greeting present; agent explicitly performs needs analysis for insurance and mentions premiums and policy options.
1f8936dac41547d7bd1e32886abcf908_transcript,automotive_and_healthcare_insurance_inbound.zip,insurance,inbound,a2c7c50d3e18401b44290273353efcb2513b5217304bf927bc8114ec53bca378,"OPENING, CURIOUS_EXPLORATION, PRODUCT_PITCH, FEE_DISCUSSION",0.9,True,Greeting present; customer asks about a specific car; agent pitches available alternatives and provides their prices.
recording-public_856_transcript,customer_service_general_inbound.zip,customer_service,inbound,0c215436da0f2e279166a919c36fcfd0d21e57766c72322dee51a0a902fe29c5,"OPENING, NEEDS_ANALYSIS, STALLING_FOR_TIME",0.9,True,"Contains greeting, agent asks about current policy and decision-making, and customer explains they cannot decide now due to family situation."
3c9a5632cabf4f7aab8614cade258059_transcript,home_ervice_inbound&telecom _outbound.zip,home_service_telecom,outbound,cc3cdfd974bbc0a49d7f2c47a8bb95eb141e8f312e5b7a79df2efda9a5733998,"OPENING, NEEDS_ANALYSIS, ACTIVE_LISTENING",0.95,True,"Greeting is present, agent collects specific service details and customer info, and confirms the request for suspension absorbers."
2021-08-23-21-57-44_b1330533-72f6-46a2-9573-4e6fdc05e1f2_v29cVz8Dvcrqoa7OL7sVR8R_If8t9mIuDG0LRwYsU1IFFOj2-5eBdRcg_-_Copy_transcript,automotive_and_healthcare_insurance_inbound.zip,insurance,inbound,7c21a47de8fb37e7def0f5d5d4ed7c4469702b0dc5a71475c864d13ce3bd8fdf,"OPENING, PRODUCT_PITCH, ANGRY_OUTBURST, DEFENSIVE_POSTURE",0.85,True,"Greeting is present, agent pitches Medicare benefits, while the customer is hostile, complaining about a check and the agent's lack of knowledge."
4933fc417931440d9d0d8d060e56a861_(1)_transcript,home_service_inbound.zip,home_service_telecom,inbound,53f607ff7b198b12562292bd25c823983a0ded6b4fab4c07a32ef416c5934fa1,"OPENING, NEEDS_ANALYSIS, ACTIVE_LISTENING",0.9,True,"Greeting is present, agent verifies account details and identifies the specific issue with the shower repair."
9047681690_transcript,insurance_outbound.zip,insurance,outbound,cb2047f35ad84d093edff71ac503a5bbcb0702ac824ab79aa8f7ad7cd5953b76,"OPENING, PRODUCT_PITCH, SUSPICIOUS_PROBING, NEEDS_ANALYSIS",0.9,True,"Greeting is present, agent pitches Medicare upgrades, customer repeatedly asks for the company name, and agent asks about decision-making authority."
38d47ea0e94f43b4b6b4ce76daf31b7a_transcript,home_service_inbound.zip,home_service_telecom,inbound,5e83adc1ace492ffa182339f6b62c58efa410e2cf2bfd6a0e57ed79b6e1371b2,"OPENING, HARD_REJECTION",0.9,True,Contains a greeting and a clear rejection of service as the customer cancels because they found another provider.
53924ee91d5e4c4f8639718560653ffc_transcript,medicare_inbound.zip,medicare,inbound,251501495877abc86e532d9d36634e5987669350368a03f788115bdcacae42ee,"OPENING, NEEDS_ANALYSIS, PRODUCT_PITCH, FEE_DISCUSSION",0.95,True,"Includes greeting, qualifying the customer as new, pitching boarding packages, and discussing specific pricing."
022a108103704b8cb5fe947c8303c83c_transcript,medicare_inbound.zip,medicare,inbound,9734fb9a46654518442ee8a20b3570707a6f7092dab25aeda4a89e8f5442f58f,"OPENING, NEEDS_ANALYSIS, CURIOUS_EXPLORATION",0.85,True,"Greeting is present, agent analyzes insurance and dental needs, and customer is exploring appointment availability."
44bf2355c8304e3a887cb6896ffbbb6c37052861_transcript,medicare_inbound.zip,medicare,inbound,0d070dc19426bb817b95e2da101e5464f7fbc1a4c846c00cea37c9a3d66752c4,"OPENING, NEEDS_ANALYSIS, OBJECTION_HANDLING",0.8,True,"Greeting is present, agent analyzes customer's schedule, and attempts to handle scheduling conflicts to find a date."
939a60524cea40e69e8ef99ab5216d55_transcript,home_service_inbound.zip,home_service_telecom,inbound,ede4c90aca1728c3b1f7dae311305e645c0d991f8d8eeecfb539048ce78502cf,"OPENING, NEEDS_ANALYSIS",0.7,False,Agent provides a greeting in a voicemail and asks for an update on the status of a work order.
4bc40c44e5c5462cb5ea44495035c15f_transcript,home_ervice_inbound&telecom _outbound.zip,home_service_telecom,outbound,c80faefe4cdf3154180f1d37e4ba1dec4b63a3ce79e189cba18d8000d4076f51,"OPENING, NEEDS_ANALYSIS, PASSIVE_AGREEMENT",0.9,True,"Contains a greeting, agent collects customer contact details for identification, and customer agrees to the follow-up process."
00edf5ee65ad4b1899d7fe5912c93693_transcript,home_service_inbound.zip,home_service_telecom,inbound,775a9e160f44545948bce657e1aebb804532e730653f1a4fc5e8f8278d365abe,"OPENING, NEEDS_ANALYSIS, PRODUCT_PITCH, FEE_DISCUSSION",0.95,True,"Greeting present, agent asks detailed intake questions, explains the service process, and explicitly mentions the diagnostic fee."
51f60f21-ab74-4ed6-b3b4-91310c30b1a7_transcript,medicare_inbound.zip,medicare,inbound,a0869b6ca393977b6be7ad5eb07878400bb3e6a6ec5d5e8bd2a9bb099a8bc67f,"OPENING, NEEDS_ANALYSIS, STALLING_FOR_TIME",0.85,True,"Greeting present, agent verifies identity via DOB, and customer avoids immediate scheduling by needing to check their calendar."
b66079fd37154a6fb2f8829e2944b46536623604_transcript,medicare_inbound.zip,medicare,inbound,4c7b5b8db8ee40176f18e5dbb46d6e419a5a481e6a9c4bc713ca7f99605a8c3b,"OPENING, NEEDS_ANALYSIS, CURIOUS_EXPLORATION",0.8,True,"Greeting present, agent reviews reservation details, and customer inquires about the availability of a luxury suite."
e5b65d04d8784237a3b264bba4e2f551_transcript,automotive_inbound.zip,automotive,inbound,4a381c69cfdeb895cfd5d946f8d73e18005837c5f8a439c5e7b339a545e96fdb,"OPENING, FEE_DISCUSSION, CURIOUS_EXPLORATION",0.8,True,"Greeting present, customer inquires about specific car inventory and mentions their price range constraints."
0e5f2dcd1eb748e797af8ffd8a5d94b735894150_transcript,medicare_inbound.zip,medicare,inbound,2115d1af0bfddf944845a692bd3e5b29724756bc56fe2bef9c3013d2a1ce3850,"OPENING, NEEDS_ANALYSIS, SUCCESSFUL_SALE, ACTIVE_LISTENING",0.95,True,"Contains greeting, medical screening and insurance verification, and results in a confirmed appointment booking."
38b516c8652840938b0831c2850ff743_transcript,home_ervice_inbound&telecom _outbound.zip,home_service_telecom,outbound,f608c08aa401f546435185d6592b2f98e90030ce76b46ff44006c11c1674bd2c,"OPENING, NEEDS_ANALYSIS, WARM_LEAD, ACTIVE_LISTENING",0.9,True,Greeting present; agent collects detailed customer information and history for a requested service appointment.
777e397a25714e5bbcc51554bb538137_transcript,automotive_inbound.zip,automotive,inbound,f88b93ffcae0610e1daca62343b972a158f059d48efc919f778ac6bfc5e27760,"OPENING, FEE_DISCUSSION, NEEDS_ANALYSIS, CURIOUS_EXPLORATION",0.95,True,Greeting present; customer asks about specific pricing for tire rotation and oil change recommendations.
683b0980f3a445e9928ac7a1cd15aebc_transcript,medicare_inbound.zip,medicare,inbound,0da0f2f66ca0836c82bc78aceb01988cd784af14b17167a391df8e73414391f9,"OPENING, NEEDS_ANALYSIS, CURIOUS_EXPLORATION, COMPETITOR_COMPARISON",0.85,True,Greeting present; agent asks about needs; customer compares current provider for 'uppers' versus this provider for 'bottoms'.
b987ae2d5a794f6da4e53eb0eb41eb2a_transcript,home_service_inbound.zip,home_service_telecom,inbound,755ccb11be35f10ff8a1674a80163773b8d3a912846baea22710bf7ce81be241,"OPENING, NEEDS_ANALYSIS, FEE_DISCUSSION, CURIOUS_EXPLORATION",0.9,True,Greeting present; agent requests VIN for identification; customer asks for pricing estimates.
2076160516_P1_transcript,insurance_outbound.zip,insurance,outbound,3d7f3e63b5e43e5e31a7fc73714f01463468793c545e89a9a1cd7c08c493173f,"OPENING, PRODUCT_PITCH, NEEDS_ANALYSIS, FEE_DISCUSSION",0.95,True,"Contains greeting, pitch for Medicare upgrade, eligibility questions for needs analysis, and mention of premiums."
4ced020515ac4c72aa17e43d7e6fcb4d_transcript,automotive_inbound.zip,automotive,inbound,71344f7f3ea2572942ef6334dbcc3b9452714ff39d9fd09deac2e76dcc2883c1,"OPENING, CURIOUS_EXPLORATION, FEE_DISCUSSION, PRODUCT_PITCH",0.9,True,"Greeting present; customer asks about specials; agent discusses specific payment options, taxes, and fees."
80ca6fb4e852452c825a8126f2430ee9_transcript,medicare_inbound.zip,medicare,inbound,db68622717d49bf3c690aff5b62852f0b885ab42e60a1d045821273eb1ec01bd,"OPENING, PRODUCT_PITCH",0.7,False,Contains automated opening/IVR and a marketing pitch for medical services played while on hold.
014954afd19549789638442172d40f52_transcript,medicare_inbound.zip,medicare,inbound,346a735774d8b8585c85204b19b2c0849748433213b25ae6149b3c79036ecf28,"OPENING, CURIOUS_EXPLORATION, PRODUCT_PITCH",0.9,True,Greeting present; customer inquires about specific dental services; agent confirms availability and offers appointment.
cd100fc6e782477e8d626ef240b9ae22_transcript,medicare_inbound.zip,medicare,inbound,a946eea108c87511faecd332ccf9c0a5c167767a5683b00f66ffd8346a0a4190,"OPENING, NEEDS_ANALYSIS, SUCCESSFUL_SALE, WARM_LEAD",0.95,True,Greeting present; agent asks about puppy details; customer is highly motivated; agent starts account creation process.
962de2d0633f4c818cd65c2e35efa6bc35550422 (2)_transcript,medicare_inbound.zip,medicare,inbound,621051e35f112f3c32986acba29f12f1893e4064a858daa9695594930c0b9fd9,"OPENING, NEEDS_ANALYSIS, ACTIVE_LISTENING",0.9,True,Contains a greeting and the agent asks about the number and names of dogs to determine boarding requirements.
f12d056370454b2394f3658f39cf6b0a_transcript,automotive_inbound.zip,automotive,inbound,5530f4c98571aa602fd3ed17a42835385b1ab9c40aa64e9f2b836909fa5a5572,"OPENING, FEE_DISCUSSION, NEEDS_ANALYSIS, CURIOUS_EXPLORATION",0.85,True,"Greeting present; discussion regarding payout, interest, and financing; agent requests references for the account."
recording-public_905_transcript,customer_service_general_inbound.zip,customer_service,inbound,1e26b5140ef61363d4916aa9e49f4f7e0c55f35bed63645cb49ede4158921222,"OPENING, NEEDS_ANALYSIS, PRODUCT_PITCH, WARM_LEAD",0.95,True,Greeting present; agent asks about current coverage and beneficiaries; agent pitches their ability to find the best insurance options.
0c97d89f11c3438392f858ae4ae4ef3a_transcript,automotive_inbound.zip,automotive,inbound,8c92ea50d1ba96043d9c083cd45d9b082858ae34431365d0dd185911b43d660f,"OPENING, FOLLOW_UP_EMAIL_REQUESTED, MISUNDERSTANDING",0.7,False,Greeting present; customer explicitly asks for an application via email; transcript becomes incoherent/misaligned in the second half.
d1d92c911e2b4206a66c7d158871c288_transcript,automotive_inbound.zip,automotive,inbound,e4937d8736c2065b6a5b149b00ab8fbf38b2fa2e876770d1c22ea8f4e052143a,"OPENING, FEE_DISCUSSION, CURIOUS_EXPLORATION, OBJECTION_HANDLING",0.9,True,Greeting present; customer asks about price and accident history; agent handles the accident concern using Carfax data.
1f75477810cd4133b04d777a27d5f56c_transcript,automotive_and_healthcare_insurance_inbound.zip,insurance,inbound,add2350b455c77fac7c763ace8a98d8b1ccb8bf78926aca12147c1ddf3d04a89,"OPENING, NEEDS_ANALYSIS, FEE_DISCUSSION, CURIOUS_EXPLORATION, WARM_LEAD",0.9,True,"Contains greeting, inquiry about specific vehicle incentives, discussion of discounts, and agent transferring the interested customer to sales."
7272804265_part_1_transcript,insurance_outbound.zip,insurance,outbound,d681f0e1677d36445c66d7f4014691613bead47e2be864ed2f5963bff50a3a7c,"OPENING, PRODUCT_PITCH, NEEDS_ANALYSIS",0.95,True,"Includes greeting, a detailed pitch of Medicare benefits, and verification of the customer's eligibility and personal details."
d21c4da8fb154a8c85993a39a053c1e3_transcript,automotive_inbound.zip,automotive,inbound,59109e79b80aa2e3bb4b8079fa9b500bcb5d52de2e6d29b0fd8be54f3a503677,"OPENING, CURIOUS_EXPLORATION, FEE_DISCUSSION",0.85,True,Greeting present; customer asks detailed questions about a specific car's condition and inquires about price flexibility.
7dacd5c376e54b68939fdae75753cce236728663_transcript,medicare_inbound.zip,medicare,inbound,8a9c91655050219565acf7be2aab688868dc84040b07a15e49f5201ad6114361,"OPENING, NEEDS_ANALYSIS, FEE_DISCUSSION, CURIOUS_EXPLORATION",0.8,True,"Greeting present; discussion regarding medical capabilities, insurance coverage limits, and specific patient file requirements."
4db72a8c248f4a43882c3b663069f654_transcript,home_service_inbound.zip,home_service_telecom,inbound,35b77e22170b3aa2c6c407b422ca693edbfcfd5521c9b47aa5f2cce77f582ced,"OPENING, NEEDS_ANALYSIS, FEE_DISCUSSION, COMPETITOR_COMPARISON",0.9,True,"Greeting present; customer describes windshield damage, compares a competitor's deductible price, and requests a quote."
332305160018499long_transcript,medicare_inbound.zip,medicare,inbound,753b207c108b40ed074ef269776359c3ca45b3c5753d7dd03f47688cb4389cb4,"OPENING, NEEDS_ANALYSIS, ACTIVE_LISTENING",0.9,True,"Contains a greeting, agent analyzes the request for medical records, and confirms patient details."
d71453b2167f432eb9ac790deff738a2_transcript,medicare_inbound.zip,medicare,inbound,35c1d66223c0de789cfc21756b16ad464207cff3552a22f5eb56f2bca7ea7877,"OPENING, NEEDS_ANALYSIS, SUCCESSFUL_SALE, ACTIVE_LISTENING",0.9,True,"Greeting present, agent analyzes dental symptoms, schedules an evaluation appointment, and confirms the location."
2c7a9a75e8bc4724a1f2d1bc5c5beac1_transcript,automotive_and_healthcare_insurance_inbound.zip,insurance,inbound,8e8f5be624c8c443336f08a2a662ff3dfe9133e98b70eb46041e2c6ac8c556ba,"OPENING, NEEDS_ANALYSIS, SUCCESSFUL_SALE, ACTIVE_LISTENING",0.9,True,"Greeting present, agent analyzes vehicle interest and trade-in status, and schedules a visit."
5e90742c1da14b079787afe40fad4947_transcript,medicare_inbound.zip,medicare,inbound,7e8e3c3cef7f64b5aac4c5ffed7cf75eb65ca74d75fa9ea715627cd112ff8be7,"OPENING, NEEDS_ANALYSIS, SUCCESSFUL_SALE, ACTIVE_LISTENING",0.9,True,"Greeting present, agent analyzes medical needs and location, and schedules a consultation."
5415e0c01c984ceea75dff9e6e85f758_transcript,home_service_inbound.zip,home_service_telecom,inbound,4b61a390464f3413aaa7370442e550fdc2bdc6b20525c6e8f1a8e797b1ee08eb,"OPENING, FEE_DISCUSSION, NEEDS_ANALYSIS, SUCCESSFUL_SALE",0.9,True,"Greeting present, repair costs are discussed, vehicle features are analyzed, and an appointment is scheduled."
3fcf955464974cf4a5f1937f2c7c10cf_transcript,home_ervice_inbound&telecom _outbound.zip,home_service_telecom,outbound,b0897ca62cb69884a411a2e59161322650f09a40cf1c28338b6f893c13c95080,"OPENING, PRODUCT_PITCH",0.9,True,The transcript is an IVR greeting that pitches various glass services and products.
7f1fe091ee394f5a8636515aaf0aadb2_transcript,home_ervice_inbound&telecom _outbound.zip,home_service_telecom,outbound,f4a360219d9fda660f8c4390a65115bf1764c1440e59e3817fcd2518fa1a0f2d,"OPENING, NEEDS_ANALYSIS, FEE_DISCUSSION, PRODUCT_PITCH",0.95,True,"Agent greets customer, analyzes vehicle needs, provides a specific price quote, and presents the service offer."
DMEMED_rmbpo05_20211116-151047_9135533421_4797060-all_transcript,medical_equipment_outbound.zip,medical_equipment,outbound,3e2a3f4ec535407c53c9484bf4aa468bf291b2237c67110d1581712f54fead13,"OPENING, PRODUCT_PITCH, NEEDS_ANALYSIS, WARM_LEAD",0.9,True,"Agent opens the call, pitches benefits, analyzes medical needs, and the customer provides personal info, indicating a warm lead."
48826537f6194531b3bac73e4d863bb2_transcript,home_ervice_inbound&telecom _outbound.zip,home_service_telecom,outbound,c77b522617a2d3b18f5ce0a7d2b0f1ea3f945516392d6aef1e8270a76b7eaa52,"OPENING, NEEDS_ANALYSIS, CURIOUS_EXPLORATION, CLOSING_NEGOTIATION",0.85,True,"Call includes opening, analysis of glass dimensions, customer exploring options, and negotiating a time for the visit."
27f2f5e1cea441fe904d6a823cb9a75a_transcript,medicare_inbound.zip,medicare,inbound,48b90c4ca1281897e72cd4508dc281c92b34bd13a0aaea9be3d21c2443fdd203,"OPENING, NEEDS_ANALYSIS, CURIOUS_EXPLORATION, CLOSING_NEGOTIATION",0.85,True,"Includes opening, analysis of patient location/needs, exploration of availability, and negotiating an appointment date."
31133cf6a6b14fe0a2cfab7abe325588_transcript,home_ervice_inbound&telecom _outbound.zip,home_service_telecom,outbound,7810f2b22192362a2be3a4534bb807ec3b2daf4df2335fad6e85acc941047ffb,"OPENING, NEEDS_ANALYSIS, CURIOUS_EXPLORATION",0.9,True,"Contains a greeting and the agent asks for vehicle details (VIN, model) to provide a quote."
d42de6781f2545d798991be87662c505_transcript,home_ervice_inbound&telecom _outbound.zip,home_service_telecom,outbound,44a49e2d839b4158ae6026c19d6f34e536136d4e75e0021930c424b79c24fd8e,"OPENING, NEEDS_ANALYSIS, PRODUCT_PITCH",0.9,True,"Greeting present, agent asks for zip code and explains the specific process and success factors of their trapping service."
0465ebe77d2b436698ff973efe1494d3_transcript,home_ervice_inbound&telecom _outbound.zip,home_service_telecom,outbound,e4d2ff4be97665683ff650a1bb4c71a7dabee291e20f7ecd6c89c55d5c0a824d,"OPENING, NEEDS_ANALYSIS, CURIOUS_EXPLORATION",0.9,True,"Greeting present, agent collects customer information and asks clarifying questions about the washing machine issue."
7a0e62dee6c64c659c60bf49d831c0fa_transcript,automotive_inbound.zip,automotive,inbound,7756beb0479930492515fa779f7d316cbd94bada67d1a8ef70caf212bbfc6168,"OPENING, ANGRY_OUTBURST, OBJECTION_HANDLING",0.8,True,"Greeting present, customer expresses strong frustration regarding a missed appointment, and the agent attempts to redirect the call."
148316b4495448a8b22057394c64740c36379608_transcript,medicare_inbound.zip,medicare,inbound,8e698aa05d8f7a2c700c95cba86d53ecf6a75e6c2e9b3ad7477f14958ec19b2c,"OPENING, NEEDS_ANALYSIS, CURIOUS_EXPLORATION",0.9,True,"Greeting present, discussion involves analyzing the pet's medical condition and the customer asking about food and staff."
332305150004221long_transcript,medicare_inbound.zip,medicare,inbound,6c6a4b8fdae28ff4d456c130842c79ed57179f2c59558e0d08204ca438275ed4,"OPENING, NEEDS_ANALYSIS, CURIOUS_EXPLORATION",0.9,True,"Contains a greeting, agent asks for patient details and needs, and customer explores available appointment times."
4237533234_transcript,insurance_outbound.zip,insurance,outbound,4f256349d1cd262f7dc3a01f49f9a2e2080bc429117d2f5c5060a420b5341078,"OPENING, PRODUCT_PITCH, NEEDS_ANALYSIS",0.95,True,"Includes a greeting, a pitch for Medicare upgrades/benefits, and eligibility questions regarding Part A and B."
0ea4f78943774a3f92b770405c7c021e_transcript,automotive_and_healthcare_insurance_inbound.zip,insurance,inbound,39d27c06be6e9b83dc2008776ea4f7272399390823427f1bf921801ab1486dab,"OPENING, NEEDS_ANALYSIS, FEE_DISCUSSION",0.9,True,"Greeting is present, agent asks about buyout vs trade, and customer asks about lease balance and payout amounts."
d929ea44204a433cafd98bab6b2d60e3_transcript,home_ervice_inbound&telecom _outbound.zip,home_service_telecom,outbound,8db494cc9638faa92242f96d108c54e84801654a296177911845c13c971027dc,"OPENING, NEEDS_ANALYSIS, PRODUCT_PITCH, FEE_DISCUSSION",0.9,True,"Greeting present, agent analyzes car condition, explains repair vs replacement service, and discusses insurance deductibles."
0af2b55554e74a7cb79cc80578403f5c_transcript,home_service_inbound.zip,home_service_telecom,inbound,a5fe37497a1d78197469b8a4af81b3288e24df35a9460a598ede9ccda1456ccd,"OPENING, NEEDS_ANALYSIS, ACTIVE_LISTENING",0.85,True,"Greeting present, customer states need for window repairs, and agent confirms contact details and address."
2020-05-07-15-32-54_59136b3e-3bc1-4f24-b676-ee06a1b10f95_v2DsZUYmGBOSK00zKgQVrl47DoXiqHvqVaCbygLXPf9VAkSnUoc8GApA_transcript,auto_insurance_customer_service_inbound.zip,insurance,inbound,219f1415d659a1b2029c6c4d1f500a66dc6f391633f37b609a89275fe5203fb6,"OPENING, NEEDS_ANALYSIS, WARM_LEAD, CURIOUS_EXPLORATION",0.9,True,"Contains greeting, agent gathering personal details for a quote, and customer inquiring about credit check procedures."
cfdd6477c1cb4ac6acd3dea05956dc46_transcript,home_service_inbound.zip,home_service_telecom,inbound,32426a96592738531d5c99d70246772b56a62d13611da4161b9b739487d5c671,"OPENING, NEEDS_ANALYSIS, WARM_LEAD, CURIOUS_EXPLORATION",0.85,True,Greeting present; customer describes a specific repair need and agent collects contact information for a callback.
DMEMED_rmbpo05_20220106-135019_6462669940_4933870-all_transcript,medical_equipment_outbound.zip,medical_equipment,outbound,71445ad2c04cb70ee3f38ff15f4a392b5811471876519bb1d1e192f42839b8f2,"OPENING, PRODUCT_PITCH, NEEDS_ANALYSIS, SUCCESSFUL_SALE",0.95,True,"Greeting, pitch for a free medical kit, eligibility screening, and explicit customer agreement to receive the benefit."
1740bb2bfe2a492ea40c2dbf6ee50bfc_transcript,medicare_inbound.zip,medicare,inbound,864119ecf5cc9e4c7d9a28920f3981a1d800cfe0a64e07ddd40ab36aa2f2f28b,"OPENING, NEEDS_ANALYSIS, CURIOUS_EXPLORATION, WARM_LEAD",0.8,True,Greeting present; customer is inquiring about clinic hours and agent asks about the pet's age and history.
0231cf2a186b45d4956d3168ed91ce9d_transcript,home_service_inbound.zip,home_service_telecom,inbound,1846571f72d315683e44dc93c1cdec167c60036e749fdecc70d9f4b9b1d567d5,"OPENING, FEE_DISCUSSION, MISUNDERSTANDING, NEEDS_ANALYSIS",0.9,True,"Greeting present; customer mentions a specific price, agent confuses 'radon' with 'red zone', and agent collects service details."
860bd3e9690c4cfda9e382f988e3826c_transcript,medicare_inbound.zip,medicare,inbound,801ed0f60eba39c32484cebe7d263d2166292105b13fcd1790ebe869881cae99,"OPENING, NEEDS_ANALYSIS, ACTIVE_LISTENING",0.9,True,"Contains call opening, agent analyzes the customer's rescheduling needs, and confirms dates through active listening."
e540759ae10d40d4b842d4ebfcb9376f_transcript,home_ervice_inbound&telecom _outbound.zip,home_service_telecom,outbound,6158c9edc7d8829f58da4b41cfc774616dd34730f7041735d8752bce81c040b2,"OPENING, NEEDS_ANALYSIS, FEE_DISCUSSION",0.95,True,"Greeting is present, agent performs needs analysis regarding the water heater, and explicitly discusses a diagnostic fee."
1af1d52d2ac64e04ae18b0b7d8144da2_transcript,automotive_inbound.zip,automotive,inbound,e390cd37398bd01d73f052a434923f5ded8ffb0adc161a6479597b9749dd9382,"OPENING, NEEDS_ANALYSIS, PRODUCT_PITCH, FEE_DISCUSSION",0.95,True,"Greeting present, agent asks for customer preferences, pitches specific car models, and discusses MSRP pricing."
8c86ddf870d74870a403f0c8a52af1e2_transcript,home_ervice_inbound&telecom _outbound.zip,home_service_telecom,outbound,01708ceecf63c1fe642f3c43cb303efdfee71d2344dd92418336eb0b73b2c8f3,"OPENING, PRODUCT_PITCH, NEEDS_ANALYSIS, SOFT_REJECTION",0.9,True,"Greeting present, IVR provides a detailed product pitch, agent asks about residential needs, and customer declines."
0ffc9a8e2e3740f2b5756f58df1ddf94_transcript,medicare_inbound.zip,medicare,inbound,b6d85acb93c8c4e9291b3d2c94f5780135590859c3879d4e7f8ee70a6d0e4c2c,"OPENING, NEEDS_ANALYSIS, ACTIVE_LISTENING",0.9,True,"Greeting present, agent analyzes the pet's medical history and needs, and confirms account details."
8039432103_transcript,insurance_outbound.zip,insurance,outbound,3588b9edc4176ce42cbc658ad605e1974f7f2f7b8c0a651d8e190297528f8240,"OPENING, PRODUCT_PITCH, NEEDS_ANALYSIS",0.95,True,"Contains a greeting, a pitch for additional Medicare benefits, and a series of eligibility and personal detail questions."
DMEMED_rmbpo03_20211014-095000_4797561538_3890712-all_transcript,medical_equipment_outbound.zip,medical_equipment,outbound,191801a0f0fec8e51bf50dea28e22a1cd3c9ccde8e3a45ea6a29b7b24a67331f,"OPENING, NEEDS_ANALYSIS, PRODUCT_PITCH",0.95,True,"Includes a greeting, probing questions about physical pain (needs), and a pitch for a Medicare-covered back brace."
5a15249f5bea431581e901b8e68f3252_transcript,home_ervice_inbound&telecom _outbound.zip,home_service_telecom,outbound,3e19ff33b4b13657e232c68ac6e3acb997e63206b52468e4c99bb9e2f28954d1,"OPENING, SUCCESSFUL_SALE",0.9,True,Greeting is present and the customer explicitly commits to the service by agreeing to a schedule and providing an email for the work order.
5f43b4b14d3a412d81badf6df7152d9b_transcript,automotive_and_healthcare_insurance_inbound.zip,insurance,inbound,0bbebc0cacac2e26c9a0c723e3df715ecd1869cad3b6bea62221c90d00ead8ab,"OPENING, SUCCESSFUL_SALE",0.85,True,"Greeting is present and the customer agrees to come in and sign papers, indicating a commitment to the process."
5632211783_P3_transcript,insurance_outbound.zip,insurance,outbound,c35d1acc5b1c24729a3de044aa2c56b6784f1cbf32a453bf1240e67807d9af72,"OPENING, ANGRY_OUTBURST, NEEDS_ANALYSIS",0.9,True,"Greeting/retention attempt, customer uses aggressive language ('hurry the hell up'), and agent performs age verification."
DMEMED_rmbpo05_20220105-102656_4329402131_5006743-all_transcript,medical_equipment_outbound.zip,medical_equipment,outbound,bf3793d5e9c87a8fcfcdace98996306ebf0df915210a3d9d294ca8da94497183,"OPENING, PRODUCT_PITCH, SUDDEN_HANG_UP",0.9,True,"Contains a greeting, a pitch for medical benefits for joints, and explicit mentions of the call being disconnected/hung up."
1112b80a421d4942b1ec68a624a4be66_transcript,medicare_inbound.zip,medicare,inbound,3813971eb622ed5fccffb2840599ab9ffd0412ac3b0e234ec1d5c819ae05c393,"OPENING, NEEDS_ANALYSIS, PRODUCT_PITCH, FEE_DISCUSSION",0.95,True,"Includes a greeting, agent asking about the dog breed, describing grooming packages, and discussing specific pricing for services."
5e78596f3d344a379c3b4a81b62fd7e4_transcript,medicare_inbound.zip,medicare,inbound,5c6f3cf2b594524b39b89d0c76b41950b0b29bc0471045a50a41eb64618d0480,"OPENING, NEEDS_ANALYSIS, ACTIVE_LISTENING",0.85,True,"Greeting is present, agent gathers patient and owner details to assess the situation, and uses supportive verbal cues."
4792842104_transcript,insurance_outbound.zip,insurance,outbound,deaf5c7689b6bc9ca52f4fc0461a4a6d90aa116cc9fec943d2d05f7678d07ecf,"OPENING, PRODUCT_PITCH, NEEDS_ANALYSIS, FEE_DISCUSSION",0.95,True,"Greeting is present, agent pitches Medicare upgrades, asks about eligibility/employment, and discusses the zero-cost premium."
6e7dede74a92407585be0d25baae9049_transcript,medicare_inbound.zip,medicare,inbound,506c11c539659c19d72c882834800ecdc37269580d06cca633ca328440811131,"OPENING, NEEDS_ANALYSIS, SUCCESSFUL_SALE, ACTIVE_LISTENING",0.9,True,"Greeting is present, agent analyzes vision needs, confirms an appointment time (successful conversion), and uses active listening cues."
be1f399121324ffabb592b0d1265e4b3_transcript,home_service_inbound.zip,home_service_telecom,inbound,1736df65216e6d76f54cea6c3c003fa3a57d93febc996c1e3700427eb5945e62,"OPENING, NEEDS_ANALYSIS, OBJECTION_HANDLING",0.9,True,"Contains a greeting, agent gathers homeowner information, and addresses the customer's objection regarding the availability of phone estimates."
dc8899fdf1414b52be35006a1c060202_transcript,medicare_inbound.zip,medicare,inbound,dbb5979d4c45be17976735301811b0e6313386e5c9bb2504f9d23f0e3c15a6f2,"OPENING, PRODUCT_PITCH, FEE_DISCUSSION",0.9,True,"Includes a greeting, a description of the new patient exam process, and a specific mention of the exam fee."
4123674989_transcript,insurance_outbound.zip,insurance,outbound,e79452be2e0d3ce2f40b91c8af7d661835c44d7c9de9aa85e2ee072e02d48df9,"OPENING, PRODUCT_PITCH, NEEDS_ANALYSIS",0.9,True,"Greeting is present, agent pitches upgraded Medicare benefits, and verifies personal details for the application process."
8286568219_transcript,insurance_outbound.zip,insurance,outbound,9d51a7c308e4063121b8d9daadba12793bd396977e5a0bbc9e7ed07478392920,"OPENING, PRODUCT_PITCH, NEEDS_ANALYSIS",0.9,True,"Greeting is present, agent pitches Medicare benefits and cash back, and verifies the customer's identity and eligibility."
332304270023908long_transcript,medicare_inbound.zip,medicare,inbound,bc46abfe65f2dc23c5bf4d90d1a4a5d144d93df8a8e05b655fad21162cd1db8b,"OPENING, NEEDS_ANALYSIS, SUCCESSFUL_SALE",0.8,True,"Greeting is present, agent gathers patient demographic details, and successfully commits to scheduling an appointment."
332305090020799long_transcript,medicare_inbound.zip,medicare,inbound,2b725cdf0200048f7d5e93bbf38546f5e8336ab7f07b0c7b51d492c94d5b7258,"OPENING, NEEDS_ANALYSIS, CURIOUS_EXPLORATION",0.8,True,"Contains a greeting, agent analyzes the patient's dental issue, and the customer explores the possibility of a home-visit tool."
21bed9a04fd44a8094889acfe5f80f00_(2)_transcript,home_service_inbound.zip,home_service_telecom,inbound,358437dc1fe3dfb7b701dd25b857f5cd8a698dfabca7bab8a850b5dac879819d,"OPENING, NEEDS_ANALYSIS, ACTIVE_LISTENING",0.9,True,"Greeting is present; agent performs needs analysis by collecting square footage, room counts, and location details."
2021-08-25-15-38-02_13a18761-f3df-40c4-b80c-2a09ef700906_v2J5b9X8vUWWEzDFdzVka2ds7IaSN4B9-Ra3JmErF5t1lVHUzo1xWTlQ_transcript,automotive_and_healthcare_insurance_inbound.zip,insurance,inbound,4fcb8dd7407f0c386db54e60a0c1bfad389649f51ecf821dfc22ce82fad31a4a,"OPENING, PRODUCT_PITCH, NEEDS_ANALYSIS, MISUNDERSTANDING",0.9,True,"Greeting present; agent pitches Medicare benefit assistance and verifies eligibility, while a misunderstanding occurs regarding who provides the wheelchair."
2021-08-30-15-23-30_23248f44-57db-4c6d-9df8-a0de69481818_RGB35BEBCD1BBE0BE81FD188ADFBA064D7FF7DD8664CQ3BZ01_-_Copy_transcript,automotive_and_healthcare_insurance_inbound.zip,insurance,inbound,a1d221d14e597371f98779c79cb3b387ebc641a0d128caaec6336b518f3c1fb3,"OPENING, PRODUCT_PITCH, SUSPICIOUS_PROBING, ACTIVE_LISTENING",0.8,True,"Greeting present; agent mentions Medicare benefits, and the customer is suspicious/confused about why they were called."
dfe89b4ff4f64a3ab4d18a86282e0654_transcript,home_service_inbound.zip,home_service_telecom,inbound,19d72863aaa5a00a2512524f2fef36a79aa8711de428240d94a7b35dc2098a05,"OPENING, PRODUCT_PITCH, NEEDS_ANALYSIS, SUCCESSFUL_SALE",0.9,True,"Greeting present; agent explains the measurement process (pitch), collects customer data, and successfully schedules an appointment."
87f653498f1b4dfdb70849b01ff03f10_transcript,home_service_inbound.zip,home_service_telecom,inbound,75cab428e4baaf67d8958b1cb39bb444ad384a263084dae3dfa9f6625f564e20,"OPENING, NEEDS_ANALYSIS, FEE_DISCUSSION, PRODUCT_PITCH, WARM_LEAD",0.95,True,"Agent greets, analyzes unit count, discusses pricing, pitches a maintenance contract, and the customer shows high intent to sign up."
eff6f0f6d50340278a5f8e8624c5ac60_transcript,medicare_inbound.zip,medicare,inbound,8de73b441ccf75f4019b8aa2c93301322f9956770f95bcd455ae654cbe103921,"OPENING, NEEDS_ANALYSIS, FEE_DISCUSSION, FOLLOW_UP_EMAIL_REQUESTED",0.9,True,"Greeting, identity verification for payment, discussion of the payment amount, and a request for an emailed receipt."
a224e5cdc90f4a65a7c9c2ae5432b69236314490_transcript,medicare_inbound.zip,medicare,inbound,177207da33cc89ba4f6e0b5a8d094a56453e5ebe2d55e61d8265de1cbd5df56a,"OPENING, NEEDS_ANALYSIS, PRODUCT_PITCH, WARM_LEAD",0.9,True,"Greeting, analysis of the pet's grooming needs, pitch for a specific cleanup service, and customer agreement to schedule."
4a74690d608e4540bf82162b92d1590a_(1)_transcript,home_service_inbound.zip,home_service_telecom,inbound,87151257ca0391261fb002dafebfa9c0d21e5a30c1c0c5fcda149852b1dcdc74,"OPENING, NEEDS_ANALYSIS, ACTIVE_LISTENING",0.85,True,Greeting and extensive gathering of customer details and appliance issues to facilitate scheduling a service appointment.
529095130dc2422ba67262200b1d72a0_transcript,home_ervice_inbound&telecom _outbound.zip,home_service_telecom,outbound,b480109bedfc61dfe12135033c52ce4ce3218714e7c66f6508b0d2891c0817f9,"OPENING, FEE_DISCUSSION, NEEDS_ANALYSIS",0.85,True,"Greeting, customer inquiry about painting costs, and agent analyzing whether a ballpark or formal estimate is required."
0a34f4f584cc42489f75ee1bc855244f_transcript,automotive_and_healthcare_insurance_inbound.zip,insurance,inbound,ee160141814607b5a93a20d9c0fbe6a3205c5ec54a31d4e436b7d35ac61eab74,"OPENING, PRODUCT_PITCH, FEE_DISCUSSION, CURIOUS_EXPLORATION",0.9,True,"Contains a greeting, discussion of car incentives and financing (pitch/fees), and the customer asking clarifying questions about the offer."
DMEMED_rmbpo18_20211019-145432_8043684697_4612662-all_transcript,medical_equipment_outbound.zip,medical_equipment,outbound,fa6bfc8c21a55a55af221a8e706561dd9366081e6dffb427f6335ccc0e926eec,"PRODUCT_PITCH, NEEDS_ANALYSIS, PASSIVE_AGREEMENT, WARM_LEAD",0.85,True,"Agent pitches Medicare benefits, confirms customer interest, and the customer agrees to be transferred to a specialist."
b0aeea6273da4b5980c0f7daddf08913_transcript,medicare_inbound.zip,medicare,inbound,62ec2cf19d030038828cbd071ee824b78fe5132688a8517f9c756e9dd6165b94,"OPENING, PRODUCT_PITCH, FEE_DISCUSSION",0.7,True,Starts with a hold greeting followed by a recorded marketing pitch for a pet clinic mentioning affordable pricing.
2020-10-08-14-53-18_d7d24467-8cb2-4301-8cd4-ea0a7a523f49_v2oRVzkD8TtSNMvKr-qbudMyk_MmpPUc5lo6CTyQeYOVfpA0_zzxDIdA_transcript,auto_insurance_customer_service_inbound.zip,insurance,inbound,1c1eef54968f7289812461827938e434479d609c39c030c34696be9d7d0b72c8,"OPENING, NEEDS_ANALYSIS, FEE_DISCUSSION, PASSIVE_AGREEMENT",0.95,True,"Clear opening followed by extensive data collection regarding current insurance, payments, and eligibility (needs analysis)."
a890a4cfbe6143919d0d3f79a6328024_transcript,medicare_inbound.zip,medicare,inbound,215feac4d3d7565781ee7aacd2b8b14739f39bd901039f7cfa48e1df06c8d935,"OPENING, NEEDS_ANALYSIS, ACTIVE_LISTENING",0.8,True,Greeting followed by the agent asking diagnostic questions about the patient's condition and providing supportive responses.
7393d71a1f1f4b4384ef811c0186e94d_transcript,home_ervice_inbound&telecom _outbound.zip,home_service_telecom,outbound,becbfc9d4b71aaa827dd54531ce28cfbf8c9eabc0a480a00f2d6a273d6d07b4c,"OPENING, NEEDS_ANALYSIS, SOFT_REJECTION",0.8,True,"Contains a greeting, a request for a service estimate, and a polite rejection as the company does not service automobile glass."
4c3b4991d85e419db9998ff99619971935020555_transcript,medicare_inbound.zip,medicare,inbound,f19f44fc54208f05a4603bceeebb36cd448f523026980261a5d45310eaef96ee,"OPENING, NEEDS_ANALYSIS, PASSIVE_AGREEMENT, SUCCESSFUL_SALE",0.9,True,"Includes greeting, gathering patient details and preferences, passive agreement to a different provider, and a successful appointment scheduling."
493585b7afb64de89d1362b1fb7231b9_transcript,medicare_inbound.zip,medicare,inbound,3cbae5cf408443a6e5d3f9b9eb0d906895b24a51e63d7cd88192456410894cc3,"OPENING, PRODUCT_PITCH, FOLLOW_UP_EMAIL_REQUESTED, SUCCESSFUL_SALE",0.9,True,"Greeting present, agent pitches scheduling a medical process, requests email for paperwork, and successfully schedules the appointment."
bed5e22ed5484b8ea4969a3ecaa157a4_transcript,automotive_inbound.zip,automotive,inbound,862cd6b4aa7c65b7d2424441cedf88c30a2ce396a80f1859f10895235bb81ff6,"OPENING, FEE_DISCUSSION, FOLLOW_UP_EMAIL_REQUESTED, SUCCESSFUL_SALE",0.85,True,"Greeting present, discussion regarding payment methods and taxes, request to email a credit card form, and agreement to proceed."
8159642890_transcript,insurance_outbound.zip,insurance,outbound,8b343177a6db43a484dc878167d621351cf13ae071f12b72c62123f5297d7fa3,"OPENING, PRODUCT_PITCH, NEEDS_ANALYSIS, OVERWHELMED_CONFUSION",0.9,True,"Greeting present, pitch for Medicare savings, request for insurance numbers, and customer expressing confusion and hearing difficulties."
0c9a6d7bb5b14481ac0919f34aada725_transcript,automotive_and_healthcare_insurance_inbound.zip,insurance,inbound,6c5284e11e88aae9a8853ac423d1108e24b68ff0b59669b628508f5bf8501bb0,"OPENING, NEEDS_ANALYSIS, FEE_DISCUSSION, CURIOUS_EXPLORATION",0.9,True,"Contains greeting, inquiry about a specific vehicle, discussion of the online price, and agent checking availability."
e89a61b3c1404dfa8628e61a89123b2536650322_transcript,medicare_inbound.zip,medicare,inbound,49d54c374398003a12d665f0e402c90040c090b0bc7c9bb85ac06b09e010f616,"OPENING, NEEDS_ANALYSIS, CURIOUS_EXPLORATION, CLOSING_NEGOTIATION",0.85,True,"Greeting present, agent analyzes the dental issue, customer explores options, and they attempt to schedule an appointment time."
9516883695_transcript,insurance_outbound.zip,insurance,outbound,5b4aa1a627eb8c2c3dff7eb56014d851a1fb1887e1bf20f0bb390e79d62d95f3,"OPENING, PRODUCT_PITCH, NEEDS_ANALYSIS, PASSIVE_AGREEMENT",0.95,True,"Greeting, pitch for Medicare upgrades, verification of personal details (needs analysis), and customer's passive acceptance of the offer."
43d46428bddb4a589958e5d125ca09d2_transcript,medicare_inbound.zip,medicare,inbound,c33794f06c1fe9ab2d7e78ea0bf135d61e26e03cefb1b68be6664420b8f47130,"OPENING, PRODUCT_PITCH, NEEDS_ANALYSIS",0.7,False,"IVR recording containing a greeting, pitch for clinic services, and questions regarding new pet ownership."
0007a90fe7c849ccaa85c065f882549b3680936_transcript,medicare_inbound.zip,medicare,inbound,106a8a03643ecf72030474b8ac2da076c64b196b8d319a35bd7b55f5192134e2,"OPENING, ANGRY_OUTBURST, DEFENSIVE_POSTURE, OBJECTION_HANDLING",0.9,True,"Greeting followed by customer anger over unreturned calls, defensive arguments about previous conversations, and agent attempting to apologize and resolve."
337f3be5843f4891b08db0740c6cdeda_transcript,medicare_inbound.zip,medicare,inbound,cda422c86c3ef45f85e3c949cb3260c8194cc9161a6aaf0a0f2f2d24ea73774b,"OPENING, NEEDS_ANALYSIS, FEE_DISCUSSION, SUCCESSFUL_SALE",0.9,True,"Contains greeting, gathering of pet/account details, discussion of payment/deposits, and scheduling of an appointment."
f5f667c1ca8c4255b2926ec4dd6dc673_transcript,home_service_inbound.zip,home_service_telecom,inbound,f4d34f7abac67b81fafaf2ab1783d86080eafeba33761f623df29b76e6f74b40,"OPENING, NEEDS_ANALYSIS, CURIOUS_EXPLORATION, WARM_LEAD",0.85,True,Greeting present; agent collects vehicle and contact details to provide a quote for a customer actively seeking service.
1d98cb2fd389456e993ab27650a73f65_transcript,automotive_inbound.zip,automotive,inbound,eb225a394478a6aed3d38cb7d3e604ce4631f77e97c8a5e7ccc3bbf9a9fa3236,"OPENING, CURIOUS_EXPLORATION, SUSPICIOUS_PROBING, OBJECTION_HANDLING",0.8,True,Greeting present; customer explores vehicle details and probes specifically about rust; agent handles the concern.
9f43ebf8086f492cbb5518442f72afc3_transcript,automotive_inbound.zip,automotive,inbound,717d39b1c54840f0d709acd190f53bd51cb68dfe589d976d508f4da05c99c9db,"OPENING, FEE_DISCUSSION, FOLLOW_UP_EMAIL_REQUESTED, SUCCESSFUL_SALE, CURIOUS_EXPLORATION",0.9,True,Greeting present; discussion of deposits and MSRP; customer requests email; commitment to join waitlist is established.
3d1e6fcc111943f6948bb2ca2b28aaeb_transcript,home_service_inbound.zip,home_service_telecom,inbound,d13132135599b63a1dcd8d8a4a40e0297cd4ef0128744917a320acd97b2fe60f,"OPENING, NEEDS_ANALYSIS, CURIOUS_EXPLORATION, WARM_LEAD",0.85,True,Greeting present; agent collects customer information and address to facilitate a requested washing machine service.
d00df8a6a6f24422abccf03f65e10de7_transcript,home_ervice_inbound&telecom _outbound.zip,home_service_telecom,outbound,c39775e4aab77fecf37bcbdc42d8e8b6715569f1c297dc177db04f0c28547266,"OPENING, PRODUCT_PITCH, NEEDS_ANALYSIS, WARM_LEAD",0.9,True,"Agent greets customer, offers a glass replacement quote, asks about the window type, and the customer is cooperative."
d85110b9643a49b0aea7c899a14282e0_transcript,medicare_inbound.zip,medicare,inbound,bda546f1d351e1428efab070f97441b535261b59c8e4405ce8a1a8d37925e1f9,"OPENING, NEEDS_ANALYSIS, ACTIVE_LISTENING, PASSIVE_AGREEMENT",0.85,True,Agent greets the caller and performs needs analysis by asking for patient details and insurance information to schedule an appointment.
7406262322_P2_transcript,insurance_outbound.zip,insurance,outbound,e9f794ca5124016efeb7ddf66e1c050beeda5b58d8b3c5267458ed8ce53efc8d,"OPENING, PRODUCT_PITCH, PASSIVE_AGREEMENT",0.9,True,Contains a greeting and a specific promotional offer for window and door discounts with a cooperative customer.
2a68e6a148d04a5db6ca56dd4a90c3e5_transcript,medicare_inbound.zip,medicare,inbound,d12dce10c497b6a079d91effc1c78587cdb93b05bc3c885f8e211f794097676c,"OPENING, NEEDS_ANALYSIS",0.7,False,The transcript is an IVR system providing a greeting and a menu for the caller to identify their needs.
029fb5f03d9b4532bbf3b1f10629ba43_transcript,medicare_inbound.zip,medicare,inbound,84de22f1843231876beef1366762053dbbcc0e369f07d347f11694b3a05c7c8a,"OPENING, NEEDS_ANALYSIS, PASSIVE_AGREEMENT",0.9,True,Agent greets the customer and asks for date of birth and scheduling preferences to reschedule an appointment.
6ae4590a-e764-48bb-a257-582a58fa7ab8_transcript,medicare_inbound.zip,medicare,inbound,22f4b4b31b281e88ffafe8e923d90e0c81b8b79ea2e95a9f266e1aba5e658e32,"OPENING, NEEDS_ANALYSIS, SUCCESSFUL_SALE",0.9,True,"Contains a greeting, agent verifies coverage and needs, and successfully schedules an appointment."
7c2766c1b99e495a90378fe828bf711d36379608_transcript,medicare_inbound.zip,medicare,inbound,ef9b0d8176215e4e29d68f0e8d7f1e1ff10dc222ced278dda9b6a47c0df7ef21,"OPENING, NEEDS_ANALYSIS, PASSIVE_AGREEMENT",0.85,True,"Greeting present, agent analyzes pet records/eligibility, and customer agrees with the findings."
0fcfbbc623774acabb7b01428f4d2a3c_transcript,home_ervice_inbound&telecom _outbound.zip,home_service_telecom,outbound,f9a42aa188a627b0b5cc7a6babb16d41b210a7c781144d795771eb4a67f6b6a2,"OPENING, FEE_DISCUSSION, NEEDS_ANALYSIS, SUCCESSFUL_SALE",0.9,True,"Greeting present, discussion of coupon price, verification of address/history, and appointment scheduled."
607294898789467389f247f7094fc7b236379598_transcript,medicare_inbound.zip,medicare,inbound,579f556aaf96d246fb7c9fb30cf47277e131fbe3d44970b25ffd8d2fcf0341ca,"OPENING, NEEDS_ANALYSIS, FEE_DISCUSSION, SUCCESSFUL_SALE",0.85,True,"Greeting present, agent asks for dates and preferences, discusses deposit, and completes booking."
8475207608_transcript,insurance_outbound.zip,insurance,outbound,c31ec97234d673492393745b4dbc34560edb8843a52c343fdc74efe5ca10ba17,"OPENING, PRODUCT_PITCH, NEEDS_ANALYSIS, FEE_DISCUSSION, SUSPICIOUS_PROBING",0.95,True,"Greeting present, agent pitches Medicare benefits, asks about eligibility, mentions zero cost, and customer expresses skepticism."
6486f7d24a2b4c3cb566d114a23342e3_transcript,medicare_inbound.zip,medicare,inbound,82c2876caa49336a0c57c27ba292fd74ac70ed37bede2ef480a1903fe742dcbf,"OPENING, NEEDS_ANALYSIS, PRODUCT_PITCH, FEE_DISCUSSION",0.95,True,"Contains greeting, questions about dog boarding needs, pitch for luxury suites, and specific pricing for rooms."
537773d41a4a49dea7696ffea1c35f8b (5)_transcript,home_service_inbound.zip,home_service_telecom,inbound,f6afb66d2e5de6c6315da5b11d86861a3eed48d0daa599979e9d04b297022914,"OPENING, PRODUCT_PITCH",0.85,True,Greeting present in hold message; the recording actively pitches water/fire damage and carpet cleaning services.
f204783366f54f30a044e2b11ed9246135919817_transcript,medicare_inbound.zip,medicare,inbound,80c1a1d3eaacae8d71701290e60e70bdd1949eed9cf678582f5f2108a733bb42,"OPENING, NEEDS_ANALYSIS, PRODUCT_PITCH",0.9,True,"Greeting present, agent analyzes dog's medical status and previous history, and offers available appointment slots."
888e73f57d0d427480fd1e2530574757_transcript,automotive_inbound.zip,automotive,inbound,783b210f27a9517f8e0e56c3d4d60e2f4d8f7bdf5a6016c5eb2e9151987e2857,"OPENING, NEEDS_ANALYSIS, ACTIVE_LISTENING",0.8,True,"Greeting present, customer explains a maintenance plan issue (needs), and agent acknowledges and routes the call."
458753d58d6e43c8825bc58ac7fb945c_transcript,home_ervice_inbound&telecom _outbound.zip,home_service_telecom,outbound,764ba07864c6e74908b3bdae4d138d1790dd1b5a874f3c60b0820a92bced25ad,"OPENING, NEEDS_ANALYSIS, FEE_DISCUSSION, SUCCESSFUL_SALE",0.95,True,"Greeting present, agent asks for measurements, discusses total cost and down payment, and processes the order."
06c8bac25cec4317a1b93fde8e42270d_transcript,home_service_inbound.zip,home_service_telecom,inbound,447f09eb217e696d9cbfd1079166137ae463695c53428764b3484a83ecd52fa5,"OPENING, PASSIVE_AGREEMENT, ACTIVE_LISTENING",0.9,True,"Contains a greeting, the customer agrees to a callback, and the agent actively manages the request."
6052256659_transcript,insurance_outbound.zip,insurance,outbound,e94f6b24ef79a712b03ba748607db57edd8a9ae1c961f980b7bd8832863dad9b,"OPENING, PRODUCT_PITCH, NEEDS_ANALYSIS, FEE_DISCUSSION, WARM_LEAD",0.95,True,"Agent pitches Medicare benefits, asks eligibility questions, discusses no-cost benefits, and the customer responds positively."
1ac57cfa131b4f26b7ad758d8148b104_transcript,medicare_inbound.zip,medicare,inbound,28e66c9eb2f1623374c74c43a041f2cde7764240c9192101560dab629e0c354c,"OPENING, PRODUCT_PITCH, COMPETITOR_COMPARISON, FEE_DISCUSSION",0.85,True,"Greeting is present; the recorded hold message pitches services, mentions discounts, and compares the business to competitors."
DMEMED_rmbpo19_20211102-100500_5733363289_3891088-all_transcript,medical_equipment_outbound.zip,medical_equipment,outbound,dcecde18215d61f95b5e704c1b8c476858c9e3a4b3d699ea308de2a9039e0139,"OPENING, PRODUCT_PITCH, NEEDS_ANALYSIS, FEE_DISCUSSION, SUCCESSFUL_SALE",0.9,True,"Agent pitches benefits, collects personal/medical data, discusses zero cost, and begins filling out an application form."
recording-public_939_transcript,customer_service_general_inbound.zip,customer_service,inbound,aaf88218618674331880b9300ff81e641f9e36f544d527714270b4a718c455ab,"OPENING, NEEDS_ANALYSIS, PRODUCT_PITCH, FEE_DISCUSSION",0.9,True,"Greeting is present; agent asks qualifying health/policy questions, pitches top companies, and mentions payment methods."
899ebc351c754403a85b9655e9508c92_transcript,home_service_inbound.zip,home_service_telecom,inbound,177b4f4377066132cd35eee617f48d7b8e4f6636f7bd1c2fe0d2853e601edb1e,"OPENING, PRODUCT_PITCH",0.9,True,Contains a greeting and an IVR pitch regarding home glass services.
2020-09-18-21-06-57_58bfdef9-f436-4e9c-863e-3cf418b2380c_v2lJjmhq6iw03iWvxz1jeGQchcxK6mgLEk6Ek8Z5lFRzte0-IbV7cYXw_transcript,auto_insurance_customer_service_inbound.zip,insurance,inbound,9ea14078f41cb24b97f6795dae952527961f3580de4d4ada5df121afe1331736,"OPENING, NEEDS_ANALYSIS, FEE_DISCUSSION, PRODUCT_PITCH",0.95,True,"Agent greets, analyzes current insurance, discusses payments, and pitches a bundled policy."
DMEMED_rmbpo21_20211116-105340_2318456941_4767553-all_transcript,medical_equipment_outbound.zip,medical_equipment,outbound,da28206d312cb021d8c0ce581665299335b975706a9a6e26f3a3a3e1ac649f99,"OPENING, NEEDS_ANALYSIS, PRODUCT_PITCH, FEE_DISCUSSION, WARM_LEAD",0.95,True,"Greeting, verification of Medicare status, pitch for dental/vision benefits, cost discussion, and positive customer reaction."
921d837c900b477686d761dc8ab15ee136277553_transcript,medicare_inbound.zip,medicare,inbound,c4211a1edfd9a7e49c17182092cb0818ab032c23a86d94b9d5597c3e9ed8cb5e,"OPENING, NEEDS_ANALYSIS",0.85,True,Contains a greeting and the agent asking questions to analyze the customer's dental bridge issue.
ca42b3367ff54a108d16d189c0a098a9_transcript,automotive_inbound.zip,automotive,inbound,613a264f6ca078b854332a8e9e5faf0a32ff3def34a653b5610768aefd797ec9,"OPENING, NEEDS_ANALYSIS, FEE_DISCUSSION, PRODUCT_PITCH",0.95,True,"Greeting, identifying the specific car requested, discussing the price and additional fees, and confirming availability."
recording-public_700_transcript,customer_service_general_inbound.zip,customer_service,inbound,21b3f68bf9cfc868740bdff83691fb0e9d356c8594aaeb073237c19a141dae60,"OPENING, NEEDS_ANALYSIS, PRODUCT_PITCH, FEE_DISCUSSION",0.9,True,"Contains greeting, questions about current coverage and health, a pitch for final expense policies, and mentions of rates and costs."
ab8ae753c24b4bebacc773b51f642311_transcript,automotive_inbound.zip,automotive,inbound,bdaf1476e11a0e30c317787ae42c0921f078f8f87b4e65828aa4f9fcaad3b713,"OPENING, NEEDS_ANALYSIS, ACTIVE_LISTENING",0.8,True,Includes a standard greeting and the agent gathering personal identification and application details while confirming information.
0906460c1fe4468387cd593955c6f34b_transcript,medicare_inbound.zip,medicare,inbound,f00009f7a37c2ab9c51e3a8b69122ca03367174989580e35162fff918c690db0,"OPENING, NEEDS_ANALYSIS, ACTIVE_LISTENING",0.9,True,"Greeting is present, followed by the agent collecting patient details and scheduling preferences to find an appointment."
52afbb0684bd4bab8ae9feab59b93401_transcript,automotive_inbound.zip,automotive,inbound,48338a990986c00e79131a31efe571461181c71d27be071fed09c45952d609da,"OPENING, NEEDS_ANALYSIS, PRODUCT_PITCH",0.8,True,"Includes greeting, agent searching for customer records, and a description of the services included in the oil change/tire rotation."
DMEMED_rmbpo21_20211008-164954_2562687764_3888496-all_transcript,medical_equipment_outbound.zip,medical_equipment,outbound,174ca353feb6e7fb6493ffb569fee636e67bfe87e36ef82026954fc90e2ce450,"OPENING, NEEDS_ANALYSIS, PRODUCT_PITCH, WARM_LEAD",0.9,True,"Greeting is present, agent probes for pain locations, offers free braces, and the customer is highly receptive."
8586dc5e3afb486fa997914bab76fab736485091_transcript,medicare_inbound.zip,medicare,inbound,c9eb15b1166c15f3249c360f628d2a2d730f3be848f819b39a8430533b34f876,"OPENING, NEEDS_ANALYSIS, FEE_DISCUSSION, PRODUCT_PITCH",0.95,True,"Contains greeting, questions about cat's health/status, pricing for boarding, and presentation of the boarding service."
7515f644c4084db9ac497fcbe1a68c15_transcript,medicare_inbound.zip,medicare,inbound,34af0c7479b7a6948f59c36e452eef7687364279104703737c39846ba344662b,"OPENING, NEEDS_ANALYSIS, PRODUCT_PITCH, SOFT_REJECTION",0.85,True,"Greeting present, account verification, offering small rooms as the only option, and customer's disappointment with room size."
7174099228_transcript,insurance_outbound.zip,insurance,outbound,bd8abc4fe86ecd9b7fb08d2ca412b4fe2095172fa76707b2d963376b5b29393b,"OPENING, PRODUCT_PITCH, NEEDS_ANALYSIS, PASSIVE_AGREEMENT",0.9,True,"Outbound greeting, pitch for Medicare benefits, eligibility questions, and customer providing short affirmative responses."
DMEMED_rmbpo19_20211102-145157_2566388742_3833602-all_transcript,medical_equipment_outbound.zip,medical_equipment,outbound,1f301e08e1af0c72310db409ab6df3ffaa57a04ca459a3b345fae51665a8cfea,"OPENING, PRODUCT_PITCH, NEEDS_ANALYSIS, PASSIVE_AGREEMENT",0.9,True,"Greeting, offer of additional benefits, medical screening questions, and customer confirming personal details."
1b688d3f40fa4ed48c66d3fe5a33408c36623601_transcript,medicare_inbound.zip,medicare,inbound,6689aafc54477e54a2ffce3ffb7f9894db7fa640aeea6c6bbf027ed359627474,"OPENING, CURIOUS_EXPLORATION, ACTIVE_LISTENING",0.8,True,"Greeting present, customer inquiring about the status of a pet's grooming, and agent acknowledging the request."
957f253026a34d54a121b09bdc9acea5_transcript,home_service_inbound.zip,home_service_telecom,inbound,de6c258963eb3252fb4a77279d3da8c0eb4a9776eee65f40f5f51f3e1b554e6f,"OPENING, NEEDS_ANALYSIS, ACTIVE_LISTENING",0.9,True,"Contains a greeting, agent asks clarifying questions about the pump system, and uses empathetic phrases like 'I'm sorry to hear that'."
5bfce2be2fc044dfb36a6f36f2b280bc_transcript,home_service_inbound.zip,home_service_telecom,inbound,ab3d153e58d6b09c1e48495a8d8ec9f5439171f5069c559ea0ac37a96136c2a0,"OPENING, NEEDS_ANALYSIS, CURIOUS_EXPLORATION",0.9,True,"Includes a greeting, the customer is exploring a quote for a roof, and the agent gathers specific property details."
2020-03-13-16-48-35_B631B9D29035468AC16017811D3122CD_7aa4e91a-654a-11ea-8ce8-fbca16184a86_transcript,auto_insurance_customer_service_inbound.zip,insurance,inbound,3b1463f4a119841b1b496b56b379b8b7c6c918c7564fce80825eaf482bce7501,"OPENING, NEEDS_ANALYSIS, WARM_LEAD, ACTIVE_LISTENING",0.95,True,"Greeting present, extensive data gathering for insurance, customer is explicitly seeking coverage, and agent uses positive reinforcement."
2020-09-15-17-31-08_6ed9292e-4ca7-4c49-8fb2-44e26338672a_v2et6ru1zaPNMYNKzWCyDrRSpADPv68zUgaUz7cZf7KmPhzJ06zz-iDQ_transcript,auto_insurance_customer_service_inbound.zip,insurance,inbound,59ce78f926501b00688809de379617c7eeb11431365ea3d649527ad867f27533,"OPENING, NEEDS_ANALYSIS, SOFT_REJECTION, OBJECTION_HANDLING",0.9,True,"Greeting present, agent performs needs analysis, customer rejects the bundling offer, and agent acknowledges and moves forward."
baa0480a9be14bc69eaf60a87f577ede_transcript,automotive_inbound.zip,automotive,inbound,7da7fdb0668ef6bfeb2c6dcc80fa263d1b6e6bac5d84cb81f79a48b1791fc359,"OPENING, OVERWHELMED_CONFUSION, SUDDEN_HANG_UP",0.85,True,"Greeting present, customer expresses frustration and confusion over a technical issue, and the call ends abruptly to restart."
2e71b4769b6a4dc0a1ade133f583ed7b_transcript,home_service_inbound.zip,home_service_telecom,inbound,3bcd583041f635ce71e413f5c9122a23d99abd8abfc78e675cfc087d2b1629c3,"OPENING, NEEDS_ANALYSIS, RUSHING_THE_CALL",0.85,True,Agent greets customer and asks for location and contact details; customer indicates they are in a hurry to cook.
7048381561_transcript,insurance_outbound.zip,insurance,outbound,bad736ea7260ad9044f281ec0aa37706210d77cfde5005b78a00327b69b5a0be,"OPENING, PRODUCT_PITCH, NEEDS_ANALYSIS, PASSIVE_AGREEMENT",0.95,True,"Agent pitches Medicare benefits, asks qualifying questions about employment and current plans, and customer provides brief affirmative responses."
c2c63de6112843129b5142c0d6567548_transcript,home_ervice_inbound&telecom _outbound.zip,home_service_telecom,outbound,ebb40e53ca9f207ab0187db25fb1924e4b5b78c8e0bf64c7a9750e90a0d9ef7c,"OPENING, NEEDS_ANALYSIS, CLOSING_NEGOTIATION",0.9,True,"Agent greets customer, analyzes the specific type of glass needed, and negotiates a time for the service visit."
2a62babb65904d7e817b9e5e23f3d507_transcript,home_service_inbound.zip,home_service_telecom,inbound,4973cf11d6b2ca71882e3eae8b16f5c8d4770abb8a59c8af88763ed6cf7c58d9,"OPENING, PRODUCT_PITCH",0.7,False,Transcript consists of an IVR opening and a detailed automated pitch for various glass services.
e34c66e9a807408f80d4078b708179ba_transcript,automotive_inbound.zip,automotive,inbound,499413815dab573242e7da4a745375251d28028717b798ba7aa39871fead1747,"OPENING, NEEDS_ANALYSIS, PRODUCT_PITCH",0.8,True,Agent greets caller and asks about the job position; an automated pitch for a warranty plays during the hold period.
7347783698_transcript,insurance_outbound.zip,insurance,outbound,5f1f829e56d4bf7bb699a1e33f944527b33982ecb40efa516e91495f43b2dac2,"OPENING, PRODUCT_PITCH, NEEDS_ANALYSIS, FEE_DISCUSSION",0.95,True,"Contains greeting, pitch for Medicare benefits, eligibility check (DOB/Zip), and discussion of premiums and co-payments."
recording-public_642_transcript,customer_service_general_inbound.zip,customer_service,inbound,5cbde18dc0e568f60756b6ac17be31a349a9c4b51cb36b161f29c1c24e88441e,"OPENING, PRODUCT_PITCH, NEEDS_ANALYSIS, CURIOUS_EXPLORATION",0.9,True,"Includes greeting, final expense policy pitch, health screening questions, and customer inquiry about the payout process."
1c5c5a6b658c4dc8afffbf636d709780_transcript,automotive_and_healthcare_insurance_inbound.zip,insurance,inbound,362c6b33ff6ecaf428e299bdba546e48723b91fc63401697d8b97e3e1ab5f082,"OPENING, FOLLOW_UP_EMAIL_REQUESTED, FEE_DISCUSSION, CURIOUS_EXPLORATION",0.9,True,"Greeting present, customer explicitly asks for an email, discusses the price of the vehicle, and asks about features."
4aca9df5a937454988cbfdb1fd864f9e_transcript,automotive_inbound.zip,automotive,inbound,f5db04247a5b3c12cd2b23ac9e711b0866ed01f07f4d192fbd18686201398176,"OPENING, FEE_DISCUSSION, NEEDS_ANALYSIS, CURIOUS_EXPLORATION",0.9,True,"Greeting present, agent analyzes service history, provides a cost quote for brakes, and customer asks about timing."
deb30230040841ec87f2a4af83bd7656_transcript,medicare_inbound.zip,medicare,inbound,62e1889ac7ed8fa5f1166f735ff372b44d150d5696149064a31b2e74cee0e4cd,"OPENING, NEEDS_ANALYSIS",0.7,False,Contains automated greeting and IVR menu options to categorize the caller's needs for routing.
DMEMED_rmbpo05_20211110-112818_8175764157_4613195-all_transcript,medical_equipment_outbound.zip,medical_equipment,outbound,355540e6b96cea889683d9d744bc9520b23b531c65d1739ac7ad05117119f610,"OPENING, PRODUCT_PITCH, NEEDS_ANALYSIS",0.95,True,"Contains a greeting, an offer of additional benefits, and detailed questioning about the customer's medical conditions and demographics."
9a6ebf907d4744af82825945b2ad5eb1 (4)_transcript,home_service_inbound.zip,home_service_telecom,inbound,c1ae550e4146cde9c5dd88090ab9b5f6c6d2042265a123f7687362aaedbc2c8d,"OPENING, ANNOYED_SIGHING",0.7,True,Contains a greeting and a customer expressing frustration and dissatisfaction with 'shoddy service'.
recording-public_1131_transcript,customer_service_general_inbound.zip,customer_service,inbound,572dae2976b004f0461e85efb391aae74d54f0d26d5fe2e46f39cf3992cafc42,"OPENING, NEEDS_ANALYSIS, PRODUCT_PITCH, FEE_DISCUSSION",0.98,True,"Includes greeting, health and smoking status screening, a specific insurance policy pitch, and discussion of the premium cost."
2020-03-26-18-44-14_cb9e91da-6f91-11ea-9f5f-0eba4545d7f7_ca82d838-6f91-11ea-8b92-49bf13629c07_transcript,auto_insurance_customer_service_inbound.zip,insurance,inbound,d0065ef6283f1afb595841f27b06bd0307f3ec9435c1c79d39087b73f09a06b7,"OPENING, NEEDS_ANALYSIS",0.9,True,Contains the call opening and the agent asking the customer the reason for their call to determine their needs.
f09141961468415f9ae7ff5fda512cdc_transcript,medicare_inbound.zip,medicare,inbound,4d91218d212273dcf031674b9114c16be7a5dc4bc4b3c6fe2becb3c74c20f955,"OPENING, CURIOUS_EXPLORATION, NEEDS_ANALYSIS, FEE_DISCUSSION",0.95,True,"Includes greeting, customer inquiring about daycare services, agent verifying account details, and a discussion regarding the cost."
6239364460_P2_transcript,insurance_outbound.zip,insurance,outbound,dfc428d86ac57354035f8e3844cb99e7d59a60c14ba3b412f438502d1e89c6b4,"OPENING, PRODUCT_PITCH, FEE_DISCUSSION",0.9,True,"Agent greets the customer, pitches upgraded Medicare benefits, and explicitly mentions there is no additional cost or co-payments."
recording-public_772_transcript,customer_service_general_inbound.zip,customer_service,inbound,f78f63c7218c85957b379dfa4b4eed2a24311f426102ab45500c1cfacf107d08,"OPENING, NEEDS_ANALYSIS, FEE_DISCUSSION",0.9,True,"Contains a greeting, a series of qualifying questions about existing policies (needs analysis), and mentions a specific 25,000 plan amount."
2edb8f184c2541cda86248a3e7c2145d_transcript,medicare_inbound.zip,medicare,inbound,b1993a63d019414f65c6e06dd1f0220e24875801b53089f755967f0590bcfa7b,"OPENING, FEE_DISCUSSION, NEEDS_ANALYSIS",0.8,True,"Includes a greeting, discussion regarding making payments over the phone, and an evaluation of the patient's dental pain and needs."
DMEMED_rmbpo19_20211109-113303_3365482046_4663069-all_transcript,medical_equipment_outbound.zip,medical_equipment,outbound,1622dbc7b2e529f8d3b1c90b9f5485ad2a94c8756313def6f48bc90c45d66646,"OPENING, PRODUCT_PITCH, NEEDS_ANALYSIS",0.9,True,"Agent opens the call, pitches additional Medicare coverage, and asks for medical conditions and personal details to determine qualification."
79229c8c23ee4e5f9f26cee61ae395b5 (2)_transcript,home_service_inbound.zip,home_service_telecom,inbound,24f6ae9b403df1cc216210116d5035823270526f0d9034d061045aed9d7370b1,"OPENING, FEE_DISCUSSION, NEEDS_ANALYSIS, PRODUCT_PITCH",0.9,True,Greeting is present; customer asks for a price; agent asks for vehicle details; agent provides a quote and mentions a lifetime warranty.
2a6b4da037af4f41b36915a52e71bd8b_transcript,medicare_inbound.zip,medicare,inbound,cc36d9fa4722a21650ae91de028c0d65fd720368b52fa6f24c63e5eb2526d0a9,"OPENING, APATHETIC_RESPONSE",0.3,False,Transcript consists mostly of IVR hold messages and unrelated background chatter; no actual sales interaction occurs.
7047865483_transcript,insurance_outbound.zip,insurance,outbound,ed84978d2671c8d5cf9bc176ca09c07d5ea0fe77d2b9f3f23cc80369f493910a,"OPENING, PRODUCT_PITCH, FEE_DISCUSSION, NEEDS_ANALYSIS, PASSIVE_AGREEMENT",0.95,True,"Agent greets customer, pitches Medicare benefits at no cost, asks qualifying questions, and customer agrees."
18e6b28eaa2e418fa5863c897ea66191_transcript,medicare_inbound.zip,medicare,inbound,d8999e6fb112e62d3b3d5596179a8b5f73bbe723243a3fec149002f363206cbe,"OPENING, NEEDS_ANALYSIS, CURIOUS_EXPLORATION, CLOSING_NEGOTIATION",0.85,True,"Agent opens call, gathers patient insurance and identity details, and negotiates an appointment time."
0b06701dfefc4964a6f3887cb82c99c0_transcript,home_service_inbound.zip,home_service_telecom,inbound,c9c0ff7061e1988d44f60c92d136feef9d7e77f995cf1fa2036f8b96df09737c,"OPENING, NEEDS_ANALYSIS, MISUNDERSTANDING",0.75,True,"Agent opens call and asks for measurements to analyze needs, but call is hindered by poor audio quality."
74f6e55719ac4febba29f28d8fe75bf2_transcript,home_service_inbound.zip,home_service_telecom,inbound,6338592637586f68d784ce24a48e45783e5c29169ebd3d798adeef5040f53119,"OPENING, NEEDS_ANALYSIS, FEE_DISCUSSION, PRODUCT_PITCH",0.9,True,"Agent opens call, gathers vehicle details for a quote, and provides specific pricing and warranty information."
ec13558d84c948139889a90a9c6bd973_transcript,automotive_inbound.zip,automotive,inbound,d9328acc1202513b1e57cced10c517bbf680d263ddc632205a840df57424d780,"OPENING, NEEDS_ANALYSIS, FEE_DISCUSSION, PRODUCT_PITCH",0.9,True,"Contains greeting, inquiry about specific part availability, discussion of price and installation costs, and a promotional hold message."
1f4bccee511f4e4da97edfe437fee467_transcript,automotive_inbound.zip,automotive,inbound,0510d49f19b45e4a2d58210d7b2eed2e270cad1efb0979ac4910e392db3120be,"OPENING, PRODUCT_PITCH, CURIOUS_EXPLORATION",0.85,True,"Includes opening greeting, customer inquiring about accessories, and a detailed promotional pitch for certified pre-owned vehicles during the hold."
332305180004817long_transcript,medicare_inbound.zip,medicare,inbound,086e937d5bac707a64987bd87dce74b52db48f5ca8850d682c6af24eaf2a8059,"OPENING, NEEDS_ANALYSIS, PASSIVE_AGREEMENT",0.9,True,"Contains greeting, agent verifying appointment details and customer identity, and customer agreeing to a new appointment time."
c3c4f12a16614bce8bc87c207fea6482_transcript,medicare_inbound.zip,medicare,inbound,823500a8f79b67e36b2367bef430c389ee83c1eae31b4a91ff306077be80d85b,"OPENING, PRODUCT_PITCH",0.7,False,Consists of an IVR opening and a promotional description of clinic services and locations.
156bf40f162b4ea0a90d980dfe7da0e0_transcript,medicare_inbound.zip,medicare,inbound,c74d40bffc5103cdb76b65ff959e8436559dd7d9d4875f8ad2fb17360fdafb18,"OPENING, NEEDS_ANALYSIS, SUCCESSFUL_SALE, PASSIVE_AGREEMENT",0.9,True,"Includes greeting, agent asking for visit reason and time preference, and a commitment to a specific appointment time."
Fog_Zone_6503593569-all_transcript,home_ervice_inbound&telecom _outbound.zip,home_service_telecom,outbound,20a5da58506bffdf422e13fa5f2417c083d627a444e7552623fd133e3c8cdc12,"OPENING, PRODUCT_PITCH, NEEDS_ANALYSIS, PASSIVE_AGREEMENT",0.9,True,"Contains greeting, a pitch for a remote service upgrade, and verification of business details."
0ed8bb989b494b0bad1639e73201d1e6_transcript,automotive_and_healthcare_insurance_inbound.zip,insurance,inbound,a508c64e3ca27aa7dfe626b3afd969522bc9affeec74b32adb7e4970baf51a42,"OPENING, NEEDS_ANALYSIS, CURIOUS_EXPLORATION, PASSIVE_AGREEMENT",0.85,True,Greeting present; customer explores specific vehicle inventory and agent analyzes their location and needs.
2020-09-15-21-15-23_50a4e61f-976c-4d42-adcb-bbbbfc42934f_v2wJc2fQuYTPKgBu5eh6BU1nlUDaCtpF-quy1zvugW5XnNPV3s1vnY8g_transcript,auto_insurance_customer_service_inbound.zip,insurance,inbound,fbe021c8cbef477aa72ada52ee335cee936c1d020645242488b896df3f3c6983,"OPENING, NEEDS_ANALYSIS, FEE_DISCUSSION, PASSIVE_AGREEMENT",0.95,True,"Greeting present, extensive needs analysis for insurance, and discussion of current payment amounts."
DMEMED_rmbpo19_20211108-160513_8472559858_4603003-all_transcript,medical_equipment_outbound.zip,medical_equipment,outbound,0b18287442ff9417dd210d09f4a64c52383b320f708fa4a8e93ee1f0aa0ced3d,"OPENING, PRODUCT_PITCH, NEEDS_ANALYSIS, FEE_DISCUSSION, MISUNDERSTANDING",0.9,True,"Greeting present, pitch for Medicare savings, needs analysis on current plans, and initial confusion over a disconnection."
2020-10-07-16-30-46_db8c9556-f659-4b09-8547-86853c7f5044_v2txEEw2Ghw8_AxAbHgYsJtHDlKUBUiF1E2aP6_kUOjf6M4PXUwcciPg_transcript,auto_insurance_customer_service_inbound.zip,insurance,inbound,20a88625707f2f0196cac8bfbc29edc2945ee3a0364f8120e4b3cdcd65e6d15a,"OPENING, NEEDS_ANALYSIS, PASSIVE_AGREEMENT, ACTIVE_LISTENING",0.95,True,"Greeting present, detailed needs analysis for insurance eligibility, and agent using active listening cues."
332305170015714long_transcript,medicare_inbound.zip,medicare,inbound,faa8cb263ea2db14f2c15cc9518f406d80351e978dcbc6d78a948b6cbfd8b27a,"OPENING, NEEDS_ANALYSIS, CURIOUS_EXPLORATION",0.9,True,"Contains a greeting, agent asks for patient history and verification, and customer is inquiring about adult orthodontic services."
f9f88bed9cc243a3bb0a8372c7fc2259_transcript,medicare_inbound.zip,medicare,inbound,205c3b2c9d620d5309ecfaa10f3482e5ef12780ac45ec77bc9dacc32aeb14db6,"OPENING, NEEDS_ANALYSIS, PRODUCT_PITCH",0.85,True,"Greeting present, agent verifies identity/DOB, and agent actively offers a specific appointment slot to the customer."
2020-09-15-15-40-29_451f3865-8d4f-4f28-8479-087d599ccd45_v227te_Q-vshznRo47F48qQfwMgGth-yaW96v6dsOnrspE0gjbyX83zg_transcript,auto_insurance_customer_service_inbound.zip,insurance,inbound,e58d2b2ea61d28fde167223e3f414b8e206e707e70ad97fce9c82f3e15b399a1,"OPENING, NEEDS_ANALYSIS, DEFENSIVE_POSTURE, SOFT_REJECTION",0.9,True,"Greeting present, agent asks for insurance details, but customer refuses to disclose provider and payment amounts."
9509c4f0bc944a7091242f5a63bb0dfd_transcript,home_service_inbound.zip,home_service_telecom,inbound,f3aa3f20e65d7f57751e44aa70eb8574ed7c6ccb30da3e6a1484e2150a399303,"OPENING, NEEDS_ANALYSIS, FEE_DISCUSSION, SUCCESSFUL_SALE",0.95,True,"Greeting present, agent analyzes window type, customer asks about cost, and a service appointment is successfully scheduled."
6db76dcbc02b4b69b046f755437892cb (1)_transcript,home_service_inbound.zip,home_service_telecom,inbound,2b8ed16a4481e7c6d7c383c9343aa795e8bdd239a718888edcbae1cf55175e33,"OPENING, NEEDS_ANALYSIS, PASSIVE_AGREEMENT",0.8,True,"Greeting present, agent verifies account information to address a complaint, and customer agrees with the proposed resolution."
1e17c8d7ede148338611164267144f95_transcript,automotive_inbound.zip,automotive,inbound,272bac09f7b4aaf042a909069652e685612a954aee5f51933c5517bc1eda0d2c,"OPENING, NEEDS_ANALYSIS, FEE_DISCUSSION, CURIOUS_EXPLORATION",0.9,True,"Contains greeting, inquiry about a specific car, discussion of trade-in value, and agent asking about customer expectations."
5bb26d4d0e9a4c5ea127e00b952d1533_transcript,automotive_inbound.zip,automotive,inbound,d717e3a139f94a457da7d941a726b6858c61db3f79f576934945ad90774dc9d4,"OPENING, PRODUCT_PITCH, CURIOUS_EXPLORATION",0.8,True,"Includes IVR opening, an automated pitch for lease deals, and a customer calling back regarding a text message."
d2a6f630eaec43a1b745f7c41ad64434_transcript,medicare_inbound.zip,medicare,inbound,8fd18f731280d1fc7616d69956e5c7e6443926c6c2d750c498293867c1d8dae7,"OPENING, NEEDS_ANALYSIS, CURIOUS_EXPLORATION",0.9,True,"Greeting present; agent analyzes patient needs (location, new patient status) to find an available appointment."
a87c4f7e8c6643af883fb2363c407312_transcript,home_ervice_inbound&telecom _outbound.zip,home_service_telecom,outbound,fdcbf1dc96b454affa437d018507f3615dff806a9ed477bd9640a96dcc9f7f03,"OPENING, NEEDS_ANALYSIS, CURIOUS_EXPLORATION",0.9,True,Greeting present; customer explores infrared scanning services; agent collects contact and location details for analysis.
1fa6b1c1ea2444f4ad20cbcaab4caea7_transcript,automotive_inbound.zip,automotive,inbound,6515c7ab063ce3e3ffcdce2403b98bcd60cd0faef8e768d377a7c189258617c1,"OPENING, ANGRY_OUTBURST, DEFENSIVE_POSTURE, PRODUCT_PITCH",0.85,True,Greeting present; customer expresses anger over a stolen car; hold music contains a pitch for buying/leasing vehicles.
846baf5062054464b37509d8865243bd_transcript,medicare_inbound.zip,medicare,inbound,9a07736cd5418194c3a205a6b5cd6e1a43a9a95776ebc703bf76af9bf4bb23b1,"OPENING, NEEDS_ANALYSIS, SUCCESSFUL_SALE, ACTIVE_LISTENING",0.95,True,"Contains greeting, insurance and symptom verification, booking of an appointment, and active confirmation by the agent."
88fb07f8a2de43cfb4a47571a504bf6836723292_transcript,medicare_inbound.zip,medicare,inbound,3f6c4f0aabc078d82782b1d1f0e9ea27a4a86c3a3d8829dd8c14c0ab299e37f8,"OPENING, NEEDS_ANALYSIS, CURIOUS_EXPLORATION, WARM_LEAD",0.9,True,Greeting present; agent collects personal and transport details; customer expresses intent to change insurance if questions are answered.
0dc4eff0a30b40f9b3ab7aaec7b24c97_transcript,automotive_inbound.zip,automotive,inbound,ff785d5e3b60885db56bbda9f844b4e08b5eaa5b8f9a0b69b4ac5a2d99ba1a93,"OPENING, NEEDS_ANALYSIS, PASSIVE_AGREEMENT, ACTIVE_LISTENING",0.85,True,Greeting present; agent performs identity and vehicle verification; customer agrees to be put on hold.
2c20390072ca475eb9da967c9e5ef392_transcript,medicare_inbound.zip,medicare,inbound,a54ea79ebc9cba1083ccafdcf9ce69e912faed70d1c286027fdd53997eeee682,"OPENING, NEEDS_ANALYSIS, MISUNDERSTANDING, ACTIVE_LISTENING",0.8,True,Greeting present; discussion about dental records for insurance; conflict regarding whether the clinic treated a specific tooth.
0afdc32c59c64abca754eb6deb3782c136767830_transcript,medicare_inbound.zip,medicare,inbound,0b61ad3a90c2d1a2b55193246180bc060dfd69b8158a0d6f8be71457e224592a,"OPENING, NEEDS_ANALYSIS, SUCCESSFUL_SALE, ACTIVE_LISTENING",0.95,True,Greeting present; agent analyzes the patient's dental issue and location; appointment is successfully scheduled.
332305240022842long_transcript,automotive_inbound.zip,automotive,inbound,26f0dfbf0c01a1799c29417f5d8dd5831308c746ec4c821ee7d070806346f3cf,"OPENING, NEEDS_ANALYSIS, CURIOUS_EXPLORATION, SOFT_REJECTION",0.9,True,"Contains greeting, agent asks for customer details and vehicle specs, customer explores availability, and expresses disappointment when the specific color is unavailable."
DMEMED_rmbpo07_20211108-135416_2146633084_4701336-all_transcript,medical_equipment_outbound.zip,medical_equipment,outbound,ec026ea20902d07c660f4a587bc2c578adfb6b7c8a130e67aa00d83fd59081c7,"OPENING, PRODUCT_PITCH, NEEDS_ANALYSIS, WARM_LEAD",0.95,True,"Greeting present, agent pitches Medicare benefits, asks about medical conditions for eligibility, and customer explicitly expresses interest."
a5df8b8b051147d8aab7e5daf77afee3 (5)_transcript,home_service_inbound.zip,home_service_telecom,inbound,5a13f0466482b9fae533542e1a75a4c8556f1e07def0f2515671018e3287df7e,"OPENING, NEEDS_ANALYSIS, CURIOUS_EXPLORATION, PASSIVE_AGREEMENT",0.85,True,"Greeting present, agent analyzes the damage to the windows, customer is inquiring about service, and provides contact information as requested."
920da2705fa34e73a6988a29f810131f_transcript,automotive_inbound.zip,automotive,inbound,9b4f9db4972760b7f769471f0c34553076100004deae0e365b48b16f235261d2,"OPENING, NEEDS_ANALYSIS, CURIOUS_EXPLORATION, PASSIVE_AGREEMENT",0.85,True,"Greeting present, agent asks for VIN to identify the lease, customer is seeking information, and cooperates with the request."
0f9b31ac08f74bc4922f8f0eb72926a3_transcript,medicare_inbound.zip,medicare,inbound,03917b88938b7eaf7dbd29c0c28028be2f04cd0ff5acdb2cbcfbc3c3095360a0,"OPENING, NEEDS_ANALYSIS, WARM_LEAD, PASSIVE_AGREEMENT",0.8,True,"Greeting present, agent asks about appointment timing, customer is eager to come in immediately, and agrees to the process."
25005eb39bba43deb0bfed975c187be4_transcript,medicare_inbound.zip,medicare,inbound,7afa2a3a6471db677b3f3d0e3f9ef08737e7689731e146c3143796cfee18ff61,"OPENING, NEEDS_ANALYSIS",0.9,True,Contains a clear greeting and the agent asks about the patient's status and the reason for the appointment.
bc27cce215da4e0983819860f4edade7_transcript,home_ervice_inbound&telecom _outbound.zip,home_service_telecom,outbound,adbfa3e65a650511797921b023dca57aef7956c1fcb68ae8174a7076f3082e24,"OPENING, NEEDS_ANALYSIS, FEE_DISCUSSION, PRODUCT_PITCH",0.9,True,"Greeting is present; agent verifies an old estimate, discusses payment terms, and explains the service delivery process."
2020-09-17-20-31-01_a2e7d540-8784-4626-ab7d-4a17cb68a288_v2oNBeglH27PGV3erEHsRKDDliLsa6MwM2PLgh3SZlRBgDFKgpCMqu6g_transcript,auto_insurance_customer_service_inbound.zip,insurance,inbound,a64b9001f11f636d23724d417e3526e8aa892211f7206e554f5af25a8539b36b,"OPENING, NEEDS_ANALYSIS, FEE_DISCUSSION, PRODUCT_PITCH, SOFT_REJECTION",0.95,True,"Greeting present; agent analyzes current insurance, discusses rates, pitches a bundle, and the customer declines the bundle."
4ba7c34cdeb94801b5d5b61f728c1eff_transcript,automotive_and_healthcare_insurance_inbound.zip,insurance,inbound,e5883c13a00ac8710fd9f43377ad8ba74c0fe3cc78912859fea536ed54541f39,"OPENING, NEEDS_ANALYSIS, CURIOUS_EXPLORATION",0.85,True,"Greeting present; customer is calling back to explore sales mentioned in a voicemail, and agent analyzes their availability."
2020-10-06-20-22-58_4e70dff3-1b2c-4406-b92e-ab683ec98e32_v2b_3MFCV5HVRW4GTW9B4fTAoM6EMY0EwiS347cLCEQ8JqkEYEMBdC0Q_transcript,auto_insurance_customer_service_inbound.zip,insurance,inbound,f04c83f2852988e09a8e5e6cb03286cd723f3f80f2a6da97f38638c3f0b53cb3,"OPENING, NEEDS_ANALYSIS, FEE_DISCUSSION, PRODUCT_PITCH, SOFT_REJECTION",0.95,True,"Greeting present; agent gathers insurance and driving history, discusses costs, pitches a bundle, and customer declines."
8e75d3dcfa4c480fa3cf65bf9840110e_transcript,medicare_inbound.zip,medicare,inbound,f824447248dd2f73b024ceec6ade85542e06b5cc693b867c994c827f995c40b4,"OPENING, NEEDS_ANALYSIS, CURIOUS_EXPLORATION, ACTIVE_LISTENING",0.9,True,"Contains greeting, agent asking about patient age and history, customer inquiring about availability, and agent providing supportive feedback."
35a8225a30114d488632840cffd54d39_transcript,medicare_inbound.zip,medicare,inbound,3f7ea9b937c3e07cc089be8bfa81a77c4e90390f372cb595dbc6ee5e93ae927d,"OPENING, NEEDS_ANALYSIS, OVERWHELMED_CONFUSION, CURIOUS_EXPLORATION",0.9,True,"Includes greeting, agent asking about previous appointments, customer explicitly stating they are confused, and customer seeking an evaluation."
e19233156355462ba98ad4432b510bdc_transcript,home_service_inbound.zip,home_service_telecom,inbound,9e1a6c1336d11f862432d4295f1a6068b6634898ab97c067894af8b291bacd81,"OPENING, PRODUCT_PITCH, CURIOUS_EXPLORATION, ACTIVE_LISTENING",0.85,True,"Greeting present, customer inquiring about delivery, agent acknowledging, and a pitch for a windshield protection plan is delivered."
4bc5558aaf6447e7b254931898eafef7_transcript,automotive_inbound.zip,automotive,inbound,bc69d677bf478913709bfbdfb88518d51ab786a93e2ff36295af3cb36dc67aef,"OPENING, NEEDS_ANALYSIS, OBJECTION_HANDLING, PRODUCT_PITCH, CURIOUS_EXPLORATION",0.9,True,"Greeting, account verification, customer asking about loaners, agent handling the loaner objection by pitching Uber and VIP services."
9fa565a781a04ed4b19caede089f87cd_transcript,automotive_inbound.zip,automotive,inbound,f9517ce7966815009208ed6e1ca9b004b3b59f62785038d7cd741fa23ab78cfa,"OPENING, NEEDS_ANALYSIS, CURIOUS_EXPLORATION, MISUNDERSTANDING",0.9,True,"Greeting, customer asking about vehicle features, agent clarifying the vehicle model after initial difficulty understanding the customer."
recording-public_854_transcript,customer_service_general_inbound.zip,customer_service,inbound,2b7fc28c88375887c6764da6ad0b78570e5682bc6da8912eba73622034d8b9c8,"OPENING, NEEDS_ANALYSIS, PRODUCT_PITCH, PASSIVE_AGREEMENT",0.9,True,"Contains greeting, agent asks about current policies and health to determine eligibility, presents a final expense plan, and customer agrees passively."
0bb306213c4942db9dafc5ffc33f3ed6_transcript,home_service_inbound.zip,home_service_telecom,inbound,e8ac1d0f291b018195aebde5e20fd0f28999f927ced9a0d8ea83ce0265feaa8a,"OPENING, PASSIVE_AGREEMENT, ACTIVE_LISTENING",0.8,True,"Call starts with a greeting, involves scheduling a follow-up appointment with the customer agreeing to the process and agent confirming details."
c061e21d958146548bcc5d8e320e19fb_transcript,home_service_inbound.zip,home_service_telecom,inbound,fd2e873647e541f91cdda657eabc2d3442df1a1c67e15a60f800f002c8bb1925,"OPENING, NEEDS_ANALYSIS, SOFT_REJECTION",0.9,True,"Greeting is present, agent collects location and contact info to check serviceability, and then informs the customer they cannot service the area."
03f6b854de014ed280cfd4ebf3958ea0_transcript,automotive_and_healthcare_insurance_inbound.zip,insurance,inbound,804c4ed6360312ce99701d7d132c6e2b7d71d63b83e0ce9d5c205883c82dc0dc,"OPENING, NEEDS_ANALYSIS, CURIOUS_EXPLORATION, PASSIVE_AGREEMENT",0.85,True,"Greeting present, customer explores refinancing options, agent asks qualifying questions about the existing loan, and customer agrees to the process."
6d9c4f10bd244f6cbfcf7ed85577db86_transcript,home_ervice_inbound&telecom _outbound.zip,home_service_telecom,outbound,6de73abbd3e00be81635dbd1c09239b2baa32f36f3d0304deef089d5096f0cca,"OPENING, NEEDS_ANALYSIS, MISUNDERSTANDING, PASSIVE_AGREEMENT",0.85,True,"Greeting present, agent collects customer details for service check, a brief misunderstanding occurs regarding the 'postal code' request, and customer agrees."
5bf58e7047c84617bb4bac0bc99c9f13_transcript,medicare_inbound.zip,medicare,inbound,2dbc93af29e723a3e3a858183dcced7a8d447734329a32a46338c4d73baa4421,"OPENING, NEEDS_ANALYSIS, FEE_DISCUSSION, SUCCESSFUL_SALE, FOLLOW_UP_EMAIL_REQUESTED",0.95,False,"Contains greeting, patient intake, deposit payment discussion, successful payment processing, and a request for an email receipt."
98b7ab2f7c114f089e23b53c7a5f0c29_transcript,home_ervice_inbound&telecom _outbound.zip,home_service_telecom,outbound,ace98c7fadbda7f0b4ae43a4b1b2174a2bbb86132afc2afb6552703c7728336a,"OPENING, NEEDS_ANALYSIS, PRODUCT_PITCH",0.9,False,"Includes greeting, identifying the customer's location and glass needs, and a comprehensive pitch of available glass services."
8478037079_P2_transcript,insurance_outbound.zip,insurance,outbound,1b2d6130106c0bd871bda641f9fd50b78159bdedeabd9edca4063509e54747ba,"OPENING, PRODUCT_PITCH, FEE_DISCUSSION, NEEDS_ANALYSIS",0.85,False,"Greeting present, mentions of premiums and benefits, and checking for the Medicare card to verify eligibility."
7aadf875ffc34397a41fbf0cd648c36d_transcript,home_ervice_inbound&telecom _outbound.zip,home_service_telecom,outbound,ba6e419dbe94a7bae62e15ef8b83dc3d9722e500a8a54b8d714b8a3eb2413cfb,"OPENING, NEEDS_ANALYSIS, CURIOUS_EXPLORATION, SOFT_REJECTION",0.8,False,"Greeting, discussion of custom glass needs, inquiry about locations, and a soft rejection when the location is unsuitable."
bd89095e2e98486f81cc8c3b4666529f_transcript,medicare_inbound.zip,medicare,inbound,af3f9e00d044851db65dec3439bd0e218bf54bdf795048aebd8080f2095797e9,"OPENING, NEEDS_ANALYSIS, CLOSING_NEGOTIATION",0.9,False,"Greeting, detailed analysis of insurance and dental needs, and attempting to finalize an appointment time."
c9e485f0c87545839cf5e234cdedab8e36504798_transcript,medicare_inbound.zip,medicare,inbound,64f25bbb08563eed91db85844ef93497c354e554160d994a4c1364191c94ef27,"OPENING, CURIOUS_EXPLORATION, ACTIVE_LISTENING",0.9,True,"Call starts with a greeting; customer asks about extra lenses, and the agent actively listens and provides an explanation."
3f80c005535645c1b38190a9ddd13caa_transcript,automotive_and_healthcare_insurance_inbound.zip,insurance,inbound,f3cf44f3b2be3f9276a8805e6f64e50530d2ffe8210fd0b7801b6c193c49dcf6,"OPENING, FEE_DISCUSSION, MISUNDERSTANDING, DEFENSIVE_POSTURE",0.85,True,"Greeting present; discussion about car prices; conflict and misunderstanding regarding which model was available, leading to a defensive tone from the customer."
2fc07e8027bb455b97a2bacf723b0953_transcript,automotive_and_healthcare_insurance_inbound.zip,insurance,inbound,080d1a9d310bfa9bd203f64cb7f26b136a931d6b64f9a9dcdc0de18603dad199,"OPENING, CURIOUS_EXPLORATION, NEEDS_ANALYSIS, ACTIVE_LISTENING",0.9,True,Greeting present; customer explores availability of a specific car; agent analyzes the request by checking stock and location.
20210928-172706_4326840844-all_transcript,home_ervice_inbound&telecom _outbound.zip,home_service_telecom,outbound,31648151b5d9583ad9c1d592c3e64697a847cbd84b0f65e75e97ba57a24156aa,"OPENING, PRODUCT_PITCH, NEEDS_ANALYSIS, FEE_DISCUSSION",0.95,True,"Outbound greeting; agent pitches fiber internet, asks for business details and current speed, and confirms there is no charge."
3decfc34ad064b5aa0f34cde2eb71b6137043081_transcript,medicare_inbound.zip,medicare,inbound,9d1ead7ae0357138eabb77fc17fc892b88f281d257525171f14a3ded49b74efa,"OPENING, PRODUCT_PITCH, PASSIVE_AGREEMENT",0.8,True,Greeting present; customer agrees to hold; the hold music contains a promotional pitch for pet health services.
