dataset_name,split,external_id,text_hash,call_transcript,call_code,pseudo_label_confidence,should_use_for_training,rationale,source_zip,source_entry,source_domain,call_direction,audio_duration,confidence,word_count,char_count,pii_token_count,pii_types
callcenteren,train,0f996be534524b4a82f1cea09c40212d_transcript,0003fc042506f1b0575cedfbd8357ae8eaa6ed605c99c56dffccf652f50d9fe0,"Thank you for calling [ORGANIZATION] [ORGANIZATION] [ORGANIZATION] [ORGANIZATION] [ORGANIZATION] for sales. For service press [PHONE_NUMBER] [PHONE_NUMBER] part [DURATION] [DURATION] of operations. Wait while I transfer your call. Hello, this is [ORGANIZATION] [ORGANIZATION] [ORGANIZATION] [ORGANIZATION] [ORGANIZATION]. [PERSON_NAME]. How may I help you? Hey, we just got a call from one of the [OCCUPATION]. What was the name [PERSON_NAME]? Wait, I'm talking to my [MARITAL_STATUS]. Sorry, what was the name? O hey, someone called us because we submitted an inquiry on the website. Can you look up the age phone number? Yeah. What vehicle are you looking at? Sorry, can you say that again? What vehicle are you looking at? I'm looking at a [ORGANIZATION]. Yeah, it was probably me. I just called, she said I think maybe you were at work. It might be home within [DURATION] [DURATION]. Yes, yes. Yeah, my [MARITAL_STATUS]. My [MARITAL_STATUS] probably spoke to you. Yeah, I was just on another call which wrapped up already. Yeah, so I was just reaching out. It looks like you would put an in inquiry in about a [ORGANIZATION] that's going to be coming into our store and I just wanted to answer any questions and see what we can do to help you out. Yeah, so just to confirm, just to be sure that we're talking about the same vehicle. So it's the blue [ORGANIZATION] Sel. Blue Sel. And that's the one, right. That we inquired about yesterday? Correct. The [ORGANIZATION] Sel blue with black interior. Okay, sweet. And do you happen to [PERSON_NAME] when it's going to. Do you [PERSON_NAME] when is it going to be on site? It is actually scheduled to be here between the [DATE_INTERVAL] [DATE_INTERVAL] [DATE_INTERVAL] [DATE_INTERVAL] [DATE_INTERVAL] [DATE_INTERVAL] [DATE_INTERVAL]. Yes. Oay, okay, so I have two questions. One is how different is it if I just purchase it online or if I come in the store? Because the price that I'm getting on the web looks good to me. But I don't mind coming down to the store if you could beat that price or kind of sweeten the deal. So that would be my very first question because it looks like I can just do everything online, buy it and just come pick it up. So yeah, could you tell me if you have any more rebates you could offer if I come in the store or how does that work? What price are you getting online? Because there's no way to buy the vehicle online. It'just going to give you an estimated price. Actually, no, there was. I think it's a relatively new thing that [ORGANIZATION] [ORGANIZATION] wa fore us. That started like I was all the way through. They said hey, run the credit and finalize the deal. So yeah, yeah, it looks like it's a relatively new thing. Were you on Roadster. I'm sorry, can you say that again? [PERSON_NAME]? Yeah. Was it Roadster? No, I was. I was pretty much on the website. Like on your website. I don't [PERSON_NAME] if I used a different app. Yeah. Do you [PERSON_NAME]. Do you [PERSON_NAME] what the price was that they gave you? I'll tell you. Hey, [PERSON_NAME], what time you get done with workok? Are you around for the next [DURATION] [DURATION] [DURATION]? Yeahah. I'll be hereill about [TIME]. Can you just give me [DURATION] [DURATION]? I'm getting a call from my [OCCUPATION] that and I need to answer this. I'll call you right back in [DURATION] [DURATION], if that's okay. Absolutely, man. I'll talk to you then. Talk to you then. Calling in [PERSON_NAME]. Thank you.","OPENING, NEEDS_ANALYSIS, WARM_LEAD",0.85,True,Agent greets a customer who previously submitted a web inquiry and confirms the specific vehicle they are interested in.,automotive_and_healthcare_insurance_inbound.zip,automotive_and_healthcare_insurance_inbound/0f996be534524b4a82f1cea09c40212d_transcript.json,insurance,inbound,247.0,0.90590215,598,3461,52,DATE_INTERVAL|DURATION|MARITAL_STATUS|OCCUPATION|ORGANIZATION|PERSON_NAME|PHONE_NUMBER|TIME
callcenteren,train,6574574ee4f04b6dbd41da67d4773a37_transcript,001fe9104de2a11719cb3cda6d516aabaf59398cdcef5579253619d2a0b4afa4,"Thanks for calling [ORGANIZATION] [ORGANIZATION] [ORGANIZATION] [ORGANIZATION]. Have my [OCCUPATION] call. Hi, I was hoping to make an appointment. I think our car is still under warranty. Have a few things checked out. Okay. One moment. [ORGANIZATION] [ORGANIZATION] [ORGANIZATION]. This is [PERSON_NAME]. How can I help you? Hi [PERSON_NAME]. I was hoping you could help me make an appointment for my vehicle and also let me know if we're still under warranty. Oh yeah. Let's check this out. Let me pull up the correct screen here. What's your name? Exit out of that screen, get into this screen. Because it's never simple waiting on the computer to get to a point where it'll let me things. What's your phone number? I think it's under my husband's. [PERSON_NAME]. Yeah. And it's the Expedition. You only see one car? I see a bunch of vehicles. It looks like it's a [DATE_INTERVAL]. Yes. [ORGANIZATION] Exposition. There it is. It tells me what [DURATION] it is and that It's a platinum 4x4. But it doesn't tell me what model it is until I click into it. Kind of funny. Okay, still waiting. Looks like the warranty started [DATE] [DATE] [DATE] [DATE] [DATE]. And so it's out of the [DURATION] [DURATION], 36,000 mile bumper to bumper warranty. But you still have. If you're under 60,000 miles and you're definitely under [DURATION] [DURATION], things should be covered for the powertrain until 60,000 miles. Okay, great. For the end of [DURATION] [DURATION]. So great. And we are having a couple issues. I should tell you about them now or when we bring it in. Let's talk about them in a moment here. And I can get an appointment scheduled. We'll be honest. We are scheduling until like [DATE_INTERVAL]. At this point we are that busy. It's crazy. We've just got such a huge customer base and lots of appointments for. For everyone. So it looks like we have some stuff, some time open on the. On [DATE_INTERVAL] [DATE]. Does that work for you? It's a Tuesday. Yeah, we'll make that work. Just because that sounds like the option. Okay. I'm sorry. No, it's okay. Not your, not your fault. I appreciate you understanding though. And is there any way to get on like a call list or something if there's a cancellation or you guys do that. I'm looking at this. Were you trying to call the [LOCATION] location? I'm just looking at your city that you live in. Yeah. Yes. So I don't know if the address in there is incorrect. We live in [LOCATION] now. You called the [LOCATION] location. Oh, I did. Yeah. Oh, I thought I called the [LOCATION] one. Okay, are you able to transfer me over there? I don't think so. Okay, no problem. Thank you for noticing that I got it called Kindle. Yeah, they are scheduling a lot sooner than we are. Okay, I will. I thought that was a little unusual. Okay, I will try them. Yep. All righty. Okay, thank you. All right, talk to you later. Bye. Bye. Bye.","OPENING, NEEDS_ANALYSIS, PRODUCT_PITCH",0.85,True,"Agent greets the customer, verifies vehicle identity, and explains the specific terms of the powertrain warranty coverage.",automotive_inbound.zip,automotive_inbound/6574574ee4f04b6dbd41da67d4773a37_transcript.json,automotive,inbound,245.0,0.9468569,513,2882,32,DATE|DATE_INTERVAL|DURATION|LOCATION|OCCUPATION|ORGANIZATION|PERSON_NAME
callcenteren,train,7136760997_transcript,00353264c26af624d988b870bbd6d9853f5462c6003da95df076ccbb9a5dca51,"How are you doing today? Not too good. So sad to hear that, ma' am. So the reason I'm calling you today is to let you know that your medicare has been updated and you are qualified to receive some additional medicare benefits with no additional cost to you. Hope that sounds good to you. Okay. What kind of benefits? The benefits that you will receive today include your [PERSON_NAME]. [PERSON_NAME] payment. So once we provide the benefits, you have no longer to pay your [OCCUPATION] co pays your specialist scope is an your hospital bills. Hope that sounds good to you. Uhhuh. I have insurance, my insurance with the medicare and that's pay for some of my medicine and stuff. And also you will receive the dental, the vision and the hearing coverage. You will receive the transportation services in the case of emergency from the ambulance. Hope that sounds good to you. I can't get that dental. They're not gonna go in my mouth, you hear? So, so cannot [MEDICAL_PROCESS] [MEDICAL_PROCESS] me and I can have everything else. I [PERSON_NAME]. [PERSON_NAME] will call them. They cannot. They can't [MEDICAL_PROCESS] [MEDICAL_PROCESS] [MEDICAL_PROCESS] on account of my heart. Ma' am, you can receive the dental, the vision and the hearing coverage. Ma' am, you will receive the transportation. They can [MEDICAL_PROCESS] [MEDICAL_PROCESS] [MEDICAL_PROCESS], but they can't [MEDICAL_PROCESS] [MEDICAL_PROCESS]. They can't [MEDICAL_PROCESS] [MEDICAL_PROCESS]. So ma' am, for the upgradation, I do believe that your medicare part A and part B both are active right now. Yeah, Y have. I have my bus. They bring me to the [OCCUPATION], to the hospital, but I can't get [MEDICAL_PROCESS] [MEDICAL_PROCESS] because I [INJURY] [INJURY] [INJURY]. The [OCCUPATION] going to have to [MEDICAL_PROCESS] [MEDICAL_PROCESS] me to [MEDICAL_PROCESS] [MEDICAL_PROCESS] [MEDICAL_PROCESS] [MEDICAL_PROCESS] and they can't send me to no dental on account of my heart. So ma' am, I do believe you make your own decisions regarding Medicare. Yes, yes I do. A and B. So what I will do, I will quickly connect your call to my [OCCUPATION] [OCCUPATION] who will be pro your. You. You called me this time of evening and I was in the bed sleeping and everything. Now you always call me the recent [OCCUPATION] when I beat. After this, after this pro upgradation, no one will call you back for this process. Ma' am. They can call, but look what time they call it. They have been waiting for them to call today. The [OCCUPATION] [OCCUPATION] is there now. I will, I will put you in do not call list after this, after this progress. Ma' am, you don't receive any calls from our side. They can call and they can call, but they call any time. They didn't call this morning. They wait, wait late in the evening. You will not receive any Calls after this upgradation, ma' am. So I do believe that your medical part A and part B are currently active right now. But what, what are they gonna get? What all I'm getting from A and B, you, you are receiving the benefits like the dental, the vision and the hearing coverage. You will receive the benefits like you don't have to pay any copays to your [OCCUPATION], to your specialist and either to your hospital. Tell them they could send everything else, but tell them I can't get my man. So for the accreditation, I have some primary information about you. I got to have that transportation get to the [OCCUPATION], to the hospital. So I have information over here about you. So just correct me if I am wrong. Your primary residence is [LOCATION] [LOCATION] [LOCATION], [LOCATION] [LOCATION]. And you are from [LOCATION], [LOCATION]. [LOCATION]. If you got it wrong, [LOCATION] and your zip and you are from [LOCATION], [LOCATION] annual zip code is [LOCATION]. Is that [LOCATION], [LOCATION]? [LOCATION], [LOCATION] it is [LOCATION]. Taxi annual zip code is [LOCATION]. Because if you put [LOCATION], they're going to send it back at [LOCATION] it is [LOCATION] annual zip code is [LOCATION], is that correct? [LOCATION] and is [LOCATION] [LOCATION]. And your annual and your date of birth is [DATE_OF_BIRTH] [DATE_OF_BIRTH] [DATE_OF_BIRTH] [DATE_OF_BIRTH], is that correct? [DATE_OF_BIRTH] [DATE_OF_BIRTH], [DATE_OF_BIRTH]? It is [DATE_INTERVAL]. [DATE_OF_BIRTH]. [DATE_OF_BIRTH], [DATE_OF_BIRTH]. [LOCATION] minus [MONEY_AMOUNT]. And your last name is [PERSON_NAME]. Could you just spell out your first name? It is [PERSON_NAME]. Yes, ma' am. To be honest, ma' am, you don't sounds like [DATE_OF_BIRTH]. You sounds too young. God bless you. Thank you. So just be on the line. And your date of birth is [DATE_OF_BIRTH] [DATE_OF_BIRTH] [DATE_OF_BIRTH] [DATE_OF_BIRTH]. That's good to know. So how have you made any changes in your Medicare insurance in recent [DURATION] [DURATION]? Ma' am? If I had any head in the bottom of my insurance, have you made any changes in your recent [DURATION] [DURATION]? Ma' am? Your Medicare insurance? Yes. Yes. Have you made any changes in your Medicare insurance in recent [DURATION] [DURATION]? No, I have been showing but I have a private insurance from a fume and this other stuff and things like that. But Medicare, Medicare pays for my medicine and everything when they send it to the drugstore. So ma' am, I do believe you understood this call is all about your additional Medicare benefits, ma' am. Okay. Yeah. So just be on the line. I'm getting your call connected. Don't be too long. Just [DURATION] [DURATION] more. Thank you for holding. This is [PERSON_NAME] [PERSON_NAME], [OCCUPATION] [OCCUPATION]. Hey, [OCCUPATION] [OCCUPATION]. I have Ms. [PERSON_NAME] on the line. He's pro. She's from the state of [LOCATION], and a zip code is [LOCATION]. You take over this call, and I hope you both have a wonderful day ahead.","OPENING, PRODUCT_PITCH, FEE_DISCUSSION, NEEDS_ANALYSIS, OBJECTION_HANDLING",0.95,True,"Agent opens the call, pitches Medicare benefits at no cost, checks eligibility, and handles objections regarding dental care.",insurance_outbound.zip,insurance_outbound/7136760997_transcript.json,insurance,outbound,351.0,0.9430204,957,5782,99,DATE_INTERVAL|DATE_OF_BIRTH|DURATION|INJURY|LOCATION|MEDICAL_PROCESS|MONEY_AMOUNT|OCCUPATION|PERSON_NAME
callcenteren,train,332305140026828long_transcript,00572d7ff9a5cf35dc9b805ddbbd3d3955ba4be8513367a73c2cb0e14b9f87e6,"Hi, thank you for calling [ORGANIZATION]. [ORGANIZATION] [ORGANIZATION]. If you're a new patient, please press [PHONE_NUMBER]. If you're an existing patient, please press [PHONE_NUMBER]. We smiling at [ORGANIZATION]. [ORGANIZATION] [ORGANIZATION]. How can I help you? Yes, this is [PERSON_NAME] calling from [PERSON_NAME]. [PERSON_NAME] office. [PERSON_NAME] had called. She said she had a few questions about a patient of ours. Okay. Do you have that patient's name? [PERSON_NAME] [PERSON_NAME]. Okay, perfect. Give me just one moment and I will get her on the phone. Okay, thanks. You're welcome. Hi, [PERSON_NAME]. Hi, this is [PERSON_NAME]. Hi, [PERSON_NAME]? [PERSON_NAME]. It'sarah from [PERSON_NAME]. [PERSON_NAME]. Hello. How are you? I'm good. How are you? I am good as well. So I was just calling. We got a call from [PERSON_NAME] [PERSON_NAME] mom and she stated that when dad brought him in for his appointment, it looks like you guys wanted to have us wait on putting the braces on him and starting treatment. Didn't exactly say why, but apparently you guys wanted to have us hold off for a little bit. So I was just calling to confirm because we do have him coming in tomorrow for that appointment to get the full bond. Want to verify and make sure we're on the same page prior to doing so. Mom was worried that maybe dad was just saying things. No, we don't want them to wait. We called your office per [PERSON_NAME]. [PERSON_NAME] to see if we needed to [MEDICAL_PROCESS] [MEDICAL_PROCESS] [MEDICAL_PROCESS] [MEDICAL_PROCESS]. And I was told last Thursday that we do not need to wait or they do not need to be [MEDICAL_PROCESS]. That [ORGANIZATION]. [ORGANIZATION] was going to, I guess, recheck them at his first adjustment. So we did not [MEDICAL_PROCESS] [MEDICAL_PROCESS]. Okay. And that's kind of what I was calling to verify and just make sure we were on the same page. So that way we weren't placing them and you guys were like, wait. We didn't want to. So. Okay, well, thank you so much for getting back with our office. And I will go ahead and make sure I let mom know that we are still okay to proceed. Okay, sounds good. Thank you. Thank you. Have a great day. You too. Bye. Thanks. Bye. Hi, this is [PERSON_NAME]. Hi, [PERSON_NAME] [PERSON_NAME], [PERSON_NAME] from [PERSON_NAME]. [PERSON_NAME]. Hello. How are you? I'm good. How are you? I am good as well. So I was just calling. We got a call from [PERSON_NAME] [PERSON_NAME] mom and she stated that when dad brought him in for his appointment, it looks like you guys wanted to have us wait on putting the braces on him and starting treatment. Didn't exactly say why, but apparently you guys wanted to have us hold off for a little bit. So I was just calling to confirm because we do have him coming in tomorrow for that appointment to get the full bond. So I just want to verify and make sure we're on the same page prior to doing so. Mom was worried that maybe dad was just saying things. No, we don't want him to wait. We called your office, per [PERSON_NAME]. [PERSON_NAME], to see if we needed to [MEDICAL_PROCESS] [MEDICAL_PROCESS] [MEDICAL_PROCESS] [MEDICAL_PROCESS]. And I was told last Thursday that we do not need to wait or they do not need to be [MEDICAL_PROCESS]. That [ORGANIZATION]. [ORGANIZATION] was going to, I guess, recheck them at his first adjustment. So we did not [MEDICAL_PROCESS] [MEDICAL_PROCESS]. Okay. And that's kind of what I was calling to verify and just make sure we were on the same page. Just so that way we weren't placing them and you guys were like, wait. We didn't want to, so. Okay. Well, thank you so much for getting back with our office. And I will go ahead and make sure I let mom know that we are still okay to proceed. Okay, sounds good. Thank you. Thank you. Have a great day. You too. Bye. Thanks. Bye.","OPENING, CURIOUS_EXPLORATION, ACTIVE_LISTENING",0.8,True,"Greeting present, caller is exploring/confirming treatment details for a patient, and agent actively confirms the status.",medicare_inbound.zip,medicare_inbound/332305140026828long_transcript.json,medicare,inbound,294.0,0.93703616,665,3831,52,MEDICAL_PROCESS|ORGANIZATION|PERSON_NAME|PHONE_NUMBER
callcenteren,train,332305210034260long_transcript,005a74a314e7c99c09009066a9bfde931e28df575bd9dd7ec7fafff5f29872d7,"Please go to this bookstore for quality assurance. This call will be recorded. Thanks for calling [ORGANIZATION] [ORGANIZATION], home of the best guest experience. Press [PHONE_NUMBER] for [LANGUAGE] Oprimados par [LANGUAGE]. Don't kiss me. Thanks for calling [ORGANIZATION] [ORGANIZATION], home of the best guest experience. Press [PHONE_NUMBER] for [LANGUAGE] Oprimados par [LANGUAGE]. Stop. Oh, with that fake ass. Ow. Thanks for calling [ORGANIZATION] [ORGANIZATION], home of the best guest experience. Press [PHONE_NUMBER] for [LANGUAGE] oprimados par [LANGUAGE]. Press [PHONE_NUMBER] for [ORGANIZATION], [PHONE_NUMBER] for [ORGANIZATION], [PHONE_NUMBER] for [ORGANIZATION]. It's [DURATION] great day here at [ORGANIZATION] [ORGANIZATION]. This is [PERSON_NAME] speaking. Do you need [ORGANIZATION], [ORGANIZATION] or [ORGANIZATION]? [ORGANIZATION], please. Okay. And I do work in [ORGANIZATION]. Who do I have the pleasure of speaking with today? The pleasure of speaking with [PERSON_NAME]. All right. And are you looking at [DURATION] new vehicle or [DURATION] pre owned vehicle? It depends. So last year I purchased [DURATION] new vehicle. I bought finance. [DATE_INTERVAL] [ORGANIZATION] Forte currently has almost 30 miles on. Was maybe [DURATION] little over [DURATION] year ago last year, though. But the payments, I mean, I can afford them, but I, you know, I'm trying to find [DURATION] place to lay [DURATION] new place to stay at as far as housing. So I kind of wanted to kind of lower my budget [DURATION] little bit. So I'm trying to see what can possibly be done regarding that. Gotcha. So we would have to start by taking [DURATION] look at your vehicle, seeing how much you owe compared to what it's worth. Then from there we can go ahead and select another vehicle and see if we could possibly get to lower your payment. Do you know when you're available to bring in your vehicle for us to appraise it? Let me sit down and talk with my girlfriends to see what our day looks like and then we can go from there. Another thing is I have [DURATION]. What is that? Insurance. [ORGANIZATION] insurance. I don't know if you can possibly look it up on your end to see, like the amount of gap insurance that I pay [DURATION] [DURATION]. What's your phone number on file with us? Well, I got my car from out of. From out of [LOCATION] [LOCATION] from [DURATION] [ORGANIZATION]. Yeah. Okay. So, yeah, that's not possible for me to look up at the moment. That's something that maybe my [OCCUPATION] [OCCUPATION] could do or what have you, but you didn't purchase it from us. Okay. Okay. If I can speak to them, if they can assist me, I would appreciate it. Well, well, that's the thing. We don't have any information that's something that would be done here in stores. You didn't purchase your vehicle from here. Things like that. But what would you. What would you want to look up your [ORGANIZATION] insurance for? Like, to see what it was that. I'm paying because I was vulnerable when I purchased the vehicle. So, you know, I don't necessarily feel like I need it anymore. I don't know if I can take. Take that off. I don't. I'm not sure if you can. Yes, [ORGANIZATION] is something that you can cancel, but it's not that old. Usually it's like [MONEY_AMOUNT], $[MONEY_AMOUNT] that you pay, depending on where you purchased it from. What, I would have to pay that to remove it? No, that's usually how much you pay when you buy it, but it gets split up through your loan. So it's usually it's [DURATION] [MONEY_AMOUNT] [MONEY_AMOUNT] [MONEY_AMOUNT] per [DURATION] or what have you, but the total is usually like [MONEY_AMOUNT]. [MONEY_AMOUNT], $[MONEY_AMOUNT], depending on where. How you purchased it. Right, I understand. All right, well, I appreciate it. I hope to see you guys soon. Thank you. You're very welcome. My name is [PERSON_NAME], if you need anything else. Thank you. Have [DURATION] YouTube. Bye. Bye.","OPENING, NEEDS_ANALYSIS, FEE_DISCUSSION, CURIOUS_EXPLORATION",0.9,True,Agent greets caller who is exploring options to lower their monthly vehicle payments due to housing budget constraints.,automotive_inbound.zip,automotive_inbound/332305210034260long_transcript.json,automotive,inbound,236.0,0.95266485,651,3931,66,DATE_INTERVAL|DURATION|LANGUAGE|LOCATION|MONEY_AMOUNT|OCCUPATION|ORGANIZATION|PERSON_NAME|PHONE_NUMBER
callcenteren,train,9544542363_transcript,00656e14804ec6d13187ef8d441541a4f31f342515e87b0e7147cca52f10d4d4,"Hello. Hello, [PERSON_NAME] here, calling you from [ORGANIZATION] [ORGANIZATION]. How are doing today? Okay, you do have Medicare part A and part B, right? Yes. And you are the power of your own [OCCUPATION] and you can make your own decisions, correct? Right, Correct. Okay. And can you just confirm your first and the last name? What? Can you just confirm your first and the last name? My first and my second. My name, my first name is [PERSON_NAME]. And what's your last name? [PERSON_NAME]. Okay, can you spell the first name? This is the first name to [LANGUAGE]. Yes. [PERSON_NAME], [PERSON_NAME], [PERSON_NAME], [PERSON_NAME], [PERSON_NAME], [PERSON_NAME], [PERSON_NAME], [PERSON_NAME] [PERSON_NAME]. Can you spell the first name? First name? My first. My first name is [PERSON_NAME]. Can you spell that? [PERSON_NAME] [PERSON_NAME], [PERSON_NAME], [PERSON_NAME], [PERSON_NAME] [PERSON_NAME] [PERSON_NAME], [PERSON_NAME], [PERSON_NAME], [PERSON_NAME]. Okay, just a moment, let me pull out your information over here. Okay, and I got Your address is [LOCATION] [LOCATION] [LOCATION], [LOCATION], [LOCATION] [LOCATION], correct? Yes. Right, correct. And can you help me with your date of birth? What's your birth date? What's your birth date? Your date of birth? The date of my birth? Yes. [DATE_OF_BIRTH] [DATE_OF_BIRTH] [DATE_OF_BIRTH]. And what's the year? [DATE_OF_BIRTH]. [DATE_OF_BIRTH], right. [DATE_OF_BIRTH]. [DATE_OF_BIRTH]. Okay. You sounds like a young woman. Yes. Okay. Okay. So now what I'm going to do is that I'm going to transfer your call to one of my [OCCUPATION] [OCCUPATION] of Medicare, the [OCCUPATION] [OCCUPATION]. The [OCCUPATION] will just analyze your option and gonna explain you in much detail way what are the benefits you will be getting? Okay, so just stay online with me. I really do appreciate your time and patience. Let me go ahead and quickly transfer your call. Okay? Okay. Okay, so I'm connecting a call. Here we go. It's getting connected. Just a moment. Thank you for holding. Yes, I have [PERSON_NAME] online with me looking for some additional benefits. She is there with me. You can explain to her. All right, thank you. Yes, hello, my name is [PERSON_NAME]. You've got Medicare A and B. Riot, is that. Yes, Medicare A and B. Hello? Yes, do you have Medicare A and B? Yes or no? Yes. Yes, I have. All right. You are qualified to receive additional benefits on Medicare. You may get up to $[MONEY_AMOUNT] money back, saving money on copays, premiums, prescription and a lot more. So I am speaking with [PERSON_NAME] [PERSON_NAME] [PERSON_NAME]. Your date of birth is [DATE_OF_BIRTH] [DATE_OF_BIRTH], [DATE_OF_BIRTH], right? Yeah. And you are residing at [LOCATION] [LOCATION] [LOCATION], [LOCATION], [LOCATION].","OPENING, NEEDS_ANALYSIS, PASSIVE_AGREEMENT",0.85,True,Agent greets and performs a detailed needs analysis/verification of identity and Medicare eligibility; customer agrees to the questions.,insurance_outbound.zip,insurance_outbound/9544542363_transcript.json,insurance,outbound,303.0,0.9404464,430,2760,59,DATE_OF_BIRTH|LANGUAGE|LOCATION|MONEY_AMOUNT|OCCUPATION|ORGANIZATION|PERSON_NAME
callcenteren,train,71a6984e45c94b2686f60da02af992a7_transcript,008bfb23ad89170d714e172d5e52de8dc934821aeaa2af6f0bb7e087ed1f7e73,"Thank you for calling [ORGANIZATION] [ORGANIZATION] [ORGANIZATION] [ORGANIZATION] [ORGANIZATION]. Please hold for immediate live assistance. Your call may be recorded for training and quality assurance purposeslo [ORGANIZATION]. [ORGANIZATION] [ORGANIZATION]. This is [PERSON_NAME]. How may I help youon again? Oh, my God. People think people would say when you just sit in an office, make call and deal with people, it's nothing. But hiring it is. It iseah coordinating and this. Okay. I told them I'm gonna use you guys because I can get it done tomorrow and I need it fix o. And he said okay, so you can go ahead and order and. All right, you want to give me the [OCCUPATION] number or you're going to give him my number? I would like his number too. Okay, yeah, I can do that. Just one second because I need to know who's going. Yeah, because we won't be here. So if you need to get a hold of him. All right. Does he. Does he do tinting too? He does not. No, it's just Glass. And his name? [PERSON_NAME] [PERSON_NAME] [PERSON_NAME] [PERSON_NAME]. And he'll be giving you a call when he's on his way also. And yes, I go. I go to work for [TIME], but I'll look out for his call. Right. Okay, sounds good. I do need a 50% deposit to get it ordered. Oh, Jesus Christ. I'm not home. I wasn't even thinking about it. I've been trying to get to the bank from. From morning W. You have told me O. I'm so sorry. Yeah, we have to have 50% deposit to order the material. Oh, my God. I don't have a credit card, so I would have to borrow a credit card. But do you have checks? I don't use this O. I don't either. It was just a question. I don't either. No, my bank account is shut too, because they use my debit card. They. They p. Money from my debit card. They used the debit card also and they were able to use to get money out there. Everything is comproised. We call my daughter and see. Okay, she can give you. All right, let me call my daughter. Do you want me to tell you how much the deposit would be so that you know to ask her? Okay, just one second. Divide by two. So the deposit would be [MONEY_AMOUNT] [MONEY_AMOUNT] [MONEY_AMOUNT] [MONEY_AMOUNT]. All right, let me call her and then I get back to you. Okay. I'm so sorry. What a pain. Talk to you soon. Okay, good, thanks. Bye.","OPENING, FEE_DISCUSSION, SOFT_REJECTION, OBJECTION_HANDLING",0.85,True,"Greeting present; agent requests a 50% deposit, customer expresses difficulty paying, and agent explains the requirement.",home_ervice_inbound&telecom _outbound.zip,home_ervice_inbound&telecom _outbound/71a6984e45c94b2686f60da02af992a7_transcript.json,home_service_telecom,outbound,242.0,0.86797696,432,2284,19,MONEY_AMOUNT|OCCUPATION|ORGANIZATION|PERSON_NAME|TIME
callcenteren,train,ade9b07d97664c92a71da49f0bb61c77_transcript,00bb4505ab2b1c233fe56c253bc3d9dec5d5f84b82ef0ef51cc4143bec396217,"Thank you for calling [ORGANIZATION] [ORGANIZATION] [ORGANIZATION]. You have reached us outside of our normal business hours which are Monday through Thursday, [TIME] to [TIME], Friday, [TIME] to [TIME] and two Saturdays per [DURATION], [TIME] to [TIME]. Please press [PHONE_NUMBER] to leave a message and we will return your call during our normal business hours. If you are experiencing a denty [ORGANIZATION] that cannot wait till our next business day, please press [TIME] to be connected to our [OCCUPATION] [OCCUPATION] [OCCUPATION]. Thank you and have a great day. Hello? Yes, hi, my name is [PERSON_NAME] and do I have the right place? An emergencyal? Yeah, yeah, I thought you were. It said [LOCATION] for the number, so I thought it wase [LOCATION] [LOCATION]. No, not me. You're not from [LOCATION]? No, I'm actually from [LOCATION] [LOCATION] and it's weird that my number comes up as [LOCATION] sometimes. I don't understand it, but I'm in [LOCATION]. I'm a resident of [LOCATION]. I just haven't changed my number. Okay, okay, so I'll tell you kind of quickly. My [MARITAL_STATUS] has a [INJURY] [INJURY] [INJURY] [INJURY]. I'm sorry, my daughter was mopping. Your [MARITAL_STATUS] has a [INJURY] [INJURY]? A [INJURY] [INJURY] [MEDICAL_CONDITION] [MEDICAL_CONDITION]. It's really, really bad. Again, we just moved here so we've been trying to get established with someone and haven't had any l and have dental insurance. I don't know if there's any way to see him soon or this weekend, tomorrow, something because he's on the verge of [INJURY] [INJURY] [INJURY] himself and there's only so much I can do to stop him. Yeah, I'd probably have you call [ORGANIZATION], it's a dental office in [PERSON_NAME] that sees emergencies on the weekend. Okay, let me my pen here. Ye we're Monday through Friday and we're open Saturday [TIME] to [TIME]. Okay. I've been there [DURATION] [DURATION] already, so ye care. Okay, and what is their phone number we can see? I don't have that. You'd have to pick it up. It s an [PERSON_NAME]. Yeah, but they're not affiliated with us. I just know that they see emergencies on the weekend and stuff. You know, that's their they norm. I believekay, but yes, you could try them and otherwise we open at [TIME] on Monday. See if we can get established for ongoing here. Sure. All right, thank you so much. Yeah, thank you. Bye.","OPENING, NEEDS_ANALYSIS, CURIOUS_EXPLORATION",0.85,True,Greeting present; customer describes a medical emergency and asks about availability for an appointment.,medicare_inbound.zip,medicare_inbound/ade9b07d97664c92a71da49f0bb61c77_transcript.json,medicare,inbound,188.0,0.88374275,396,2367,49,DURATION|INJURY|LOCATION|MARITAL_STATUS|MEDICAL_CONDITION|OCCUPATION|ORGANIZATION|PERSON_NAME|PHONE_NUMBER|TIME
callcenteren,train,8505872149_transcript,00e8b202d9010d0548c388f6bba33bb74145f6ff1b56d287da3782fe4391d2d2,"Hello. Hello. Good afternoon, ma' am. My name is [PERSON_NAME] [PERSON_NAME]. How are you doing today? All right, but it ain't afternoon here, it's morning. Good morning, sir. My name is [PERSON_NAME] [PERSON_NAME]. How are you doing today? I'm doing fine. That's wonderful, sir. May God bless you. And, sir, the reason for my call is to let you know that your Medicare is getting updated for this year. You are receiving much more additional Medicare benefits at no additional cost to you. So, sir, I do believe you can make your own decisions regarding your Medicare, right? I think so. I'm [PERSON_AGE] years old. I think I can make that decision. I've been making them all my life. That's wonderful, sir. May God bless you. And, sir, I do believe your Medicare Part A and Part B both are active right now, correct? Yes, they are. That's wonderful, sir. And, sir, I do have your information over here, so just correct me if I'm wrong. Like, you reside in the state of [LOCATION], correct? I'm in [LOCATION], yeah. Okay. That's wonderful, sir. And, like, your first name is [PERSON_NAME] and your last name is [PERSON_NAME], correct? That's what my mother said it was. So is your first name [PERSON_NAME] [PERSON_NAME]? Yes. That's wonderful. And, sir, I do got your mailing address over here, so just correct me if I'm wrong. Like, it's [LOCATION] [LOCATION] [LOCATION]. It's [LOCATION], [LOCATION]. And the zip code is [LOCATION], right? Yes. Okay. And Mr. [PERSON_NAME], can you please help me with your date of birth, your happy birthday? [DATE_OF_BIRTH] [DATE_OF_BIRTH]. [DATE_OF_BIRTH]. O [DATE_OF_BIRTH]. [DATE_OF_BIRTH]. [DATE_OF_BIRTH]. Right. That's what I said. Okay. So first of all, very much Congratulations to you, Mr. [PERSON_NAME], because over here I can see you are totally eligible and qualified to get the updated benefits. Now, I will get your call connected to the [OCCUPATION] [OCCUPATION] who will be from your same zip code that is [LOCATION]. And he will be the right person to let you know what benefits and savings you are entitled for this year at. No additional calls to you. So, Mr. [PERSON_NAME], please stay on the line. I'm getting your call connected to the [OCCUPATION] [OCCUPATION]. Please give me that [DURATION] [DURATION]. I got other stuff to do now. Okay, I'll be real quick in getting your call connected. And here we go. Please stay on the line. I'm getting your call connected. Thank you for holding the line. I'm a [OCCUPATION] [OCCUPATION]. Yes, sir, I do have Mr. [PERSON_NAME] on the line and he is from [LOCATION] and his zip code is [LOCATION]. And he is Interested in additional Medicare benefits so you may take over the cost. Thank you. Thank you for holding the line, [PERSON_NAME]. My name is [PERSON_NAME], A [OCCUPATION] [OCCUPATION]. How are we doing today? I'm doing fine if I get off on this phone. Okay. Don't worry sir, we won't take much of your time. You stated you have a Medicare part A and B, is that correct? Everybody's got. Medicare has got that, yes. Perfect. Your name is [PERSON_NAME] [PERSON_NAME]. [PERSON_NAME]. Your date of. That's what my mother said it was. Your date of birth, it's [DATE_OF_BIRTH] [DATE_OF_BIRTH]. Your address? [LOCATION] [LOCATION] [LOCATION], [LOCATION], [LOCATION] [LOCATION]. Yeah, get through what you want to say, cause I got work to do. Okay. And one more thing, [PERSON_NAME], do you also receive a retirement or a Tricare benefit? I saved retirement from where I worked at. Okay, and is it a health insurance or just a pension? Sir, do what? What benefit do you receive from your retirement? Health insurance or just a pension? I receive retirement where I worked at for [DURATION] [DURATION]. Okay, apart from Medicare, do you have any other health insurance like [ORGANIZATION], [ORGANIZATION], [ORGANIZATION] [ORGANIZATION], [ORGANIZATION] [ORGANIZATION] and [ORGANIZATION] [ORGANIZATION] [ORGANIZATION]? No, I don't. Do you have any other. No, there won't no more. Okay, so Mr. [PERSON_NAME], that's all the information I need to verify today. You are qualified to receive some extra benefit on your Medicare where you can lower down your co payment and your prescription cost up to $[MONEY_AMOUNT]. You may get extra money for your groceries and over the counter you may also get up to $[MONEY_AMOUNT] added in your Social Security every month. So now I'm going to make an inbound call on your behalf to one of my best [OCCUPATION] [OCCUPATION] in the state of [LOCATION]. So he will help you with your extra benefit. All right, Mr. [PERSON_NAME]? Yes, perfect. And do you have your.","OPENING, PRODUCT_PITCH, NEEDS_ANALYSIS",0.95,True,"Contains a greeting, a pitch regarding Medicare benefits, and a detailed verification of the customer's personal information and eligibility.",insurance_outbound.zip,insurance_outbound/8505872149_transcript.json,insurance,outbound,342.0,0.9520477,768,4599,72,DATE_OF_BIRTH|DURATION|LOCATION|MONEY_AMOUNT|OCCUPATION|ORGANIZATION|PERSON_AGE|PERSON_NAME
callcenteren,train,2561e11eb04348cda94c9e0d0813c351_transcript,00fb25dc9388547cca5173eb8514c2f047662e4fc65ba20d04525cc18fdf3d2f,"#[ORGANIZATION] [ORGANIZATION]. This is [PERSON_NAME]. How can I help you? Hey, [PERSON_NAME], how are you doing? I just had a question. So I've been trying to upload the documents necessary for my dog's [MEDICAL_PROCESS] record. Okay. But it still hasn't updated. So I'm trying to just. Because I called before and then it was like, oh, iloaded the wrong one, blah, blah, blah. So I'm just trying to make sure that I'm like, everything's on there. Okay, what's the number? Phone number for the profile? [PHONE_NUMBER]. [PHONE_NUMBER] [PHONE_NUMBER]. I'm sorry, go ahead. No, no, I'm sorry. Didn'I didn't catch the beginning. Sorry. Oh, [PHONE_NUMBER]. Okay. For [OCCUPATION]. [OCCUPATION] [USERNAME]. All right, let's see. Yes. So I have. I have some PDFs that you uploaded on the [DATE], on the [DATE] and on the [DATE]. So I'm just trying to make sure that. Because I go. Still says he's missing info. Yeah, so it says one or more [MEDICAL_PROCESS]. Okay, let me just go ahead and take a look at. To see the ones that you did send in to look for the [MEDICAL_CONDITION]. Okay. That one's yearly given on the [DATE]. So [DATE_INTERVAL] O. Okay, so it says that that one just expired. Yeah, because I'm looking at his. The [MEDICAL_PROCESS] record I have here, it says that it was the kine yearly. He got it on the [DATE] [DATE] [DATE] [DATE]. Oh, yeah, I see 8. [DATE_INTERVAL]. So the due date is [DATE_INTERVAL]. Okay, perfect. Let me just go ahead and update that right now. Yeah, and even the bottom it has 1, 2, 3, 4. It has the yearly booster, the [MEDICAL_CONDITION] or the [MEDICAL_CONDITION]. The [MEDICAL_CONDITION], the [MEDICAL_CONDITION], the [MEDICAL_CONDITION]. Yes, I just updated it. The [MEDICAL_CONDITION]. And yeah, I see here now that he has all of them. Okay. Yeah, you're all set. Is that the only thing you wanted to check or is there anything else? I actually wanted to move back the Monday to [DATE] [DATE] [DATE]. Okay, so do it on the [DATE] instead. Yes, please. All right. Actually, give me one second. Actually, let me double check for [PERSON_NAME]. Right, Sorry. Give me one second. No, you're fin for [PERSON_NAME]. Okay, one second. Hey, can I get [PERSON_NAME] ready? She's checking out. [PERSON_NAME] checking out. I will put her in the lounge. Okay, thank you. Oay. Yeahah. It'the [DATE]. The [DATE]. Okay. All right, sounds good. Let me go ahead and [PERSON_NAME] right now and you should be all set. Okay. Thank you. I appreciate your help. Of course. No worries. You should be getting a confirmation email right now. Okay, thank you. Okay, sounds good. Have a good one. Thank you. You too. Bye.","OPENING, NEEDS_ANALYSIS, ACTIVE_LISTENING, PASSIVE_AGREEMENT",0.9,True,Greeting present; agent analyzes the customer's account and uploaded documents to identify missing information while confirming details with the customer.,medicare_inbound.zip,medicare_inbound/2561e11eb04348cda94c9e0d0813c351_transcript.json,medicare,inbound,222.0,0.8673855,453,2637,43,DATE|DATE_INTERVAL|MEDICAL_CONDITION|MEDICAL_PROCESS|OCCUPATION|ORGANIZATION|PERSON_NAME|PHONE_NUMBER|USERNAME
callcenteren,train,2020-09-14-19-05-35_58df1dd4-f4f6-4ec1-b720-eb977e1c74ea_v2ar9i24wIsfQ5u9NNiYKHA4gz6EiZlvOL7nj7a1NzwaR8-tGn9ySX2w_transcript,012740868c1a05badc5a980595d70d4cb45b3979975760e776821b86edcc75c5,"This call may be recorded for quality assurance. Thank you for calling [ORGANIZATION]. This is [PERSON_NAME]. Are you calling for a new auto insurance quote today? Yeah. Okay, well, in order for me to get to your rates, I just need to briefly verify some of your information. Can I have your first and last name, please? [PERSON_NAME] [PERSON_NAME]. I'm sorry? [PERSON_NAME]. What's the last name? [PERSON_NAME]. [PERSON_NAME], you said. [PERSON_NAME]. [PERSON_NAME]. My organ. Okay, can you spell that? Because I'm not quite getting it. [LOCATION] [LOCATION], [LOCATION] [LOCATION] [LOCATION] [LOCATION] [LOCATION]. Oh, [PERSON_NAME]. New zip code. [LOCATION]. All right, perfect. And who are you currently insured with? [ORGANIZATION] [ORGANIZATION]. How long have you had the [ORGANIZATION]? I just have changed all of them this past [DURATION]. About [DURATION] [DURATION] ago. [PERSON_NAME] first [DURATION] [DURATION] or so. Okay. That's in [LOCATION], right? Yeah. All right. Do you own a rent your home? No. And what is your date of birth? [DATE_OF_BIRTH] [DATE_OF_BIRTH], [DATE_OF_BIRTH]. [DATE_OF_BIRTH]. The past [DURATION] [DURATION]. Any DUIs, ADV accidents or SR22s? No. How about two or more tickets? No. Can you insure how many vehicles? Two. Two. And how much coverage you need to state minimum required or above that? No, I got 100. 300 on. I got a liability and I got a $[MONEY_AMOUNT] deductible. Collision. I mean a comprehensive. I don't have collision. Okay, and how would you rate your credit? Excellent. Good. Fair. Poor. It's better than 700. Okay, so that's everything I need is not required. But can I have your permission to send you automatic text messages to this number? Yeah. All right, perfect. And have you, your [MARITAL_STATUS] ever honorably served in [ORGANIZATION] [ORGANIZATION]. [ORGANIZATION]? Yeah. I'm [PERSON_NAME]. Have you received a quote from [ORGANIZATION] in the past [DURATION] [DURATION]? I was with [ORGANIZATION] for, I don't know, [DURATION], [DURATION] [DURATION], I guess. And the [ORGANIZATION] was a little bit cheaper. Well, lots. They said it a lot cheaper, but as it turns out, it wasn't. Okay, so should just take [DURATION], [DURATION] [DURATION] to discuss. I'm going to connect you with your [OCCUPATION] [OCCUPATION] now. Okay, it's been connected. Please wait. Please stay on the line while we connect you. Thank you so much for holding. [PERSON_NAME], I have your [OCCUPATION] [OCCUPATION] here on the line. I hope you have a wonderful day. Okay. Good afternoon. Are you calling to start a new auto policy today? Yeah, well, they called me. Yeah. Do you have car insurance in your name right now? Yes, I have. Which, with what company are you with? No, I just changed over to the [ORGANIZATION] about [DURATION], [DURATION] [DURATION] ago. I was with [ORGANIZATION] for a pretty good while. [ORGANIZATION] was cheaper. Well, I said it's a lot cheaper. But as it turned out, it wasn't. The other party has left the conference. Goodbye.","OPENING, NEEDS_ANALYSIS, FEE_DISCUSSION",0.9,True,"Agent greets the customer and conducts a thorough needs analysis regarding auto insurance, including a discussion on coverage amounts and deductibles.",auto_insurance_customer_service_inbound.zip,auto_insurance_customer_service_inbound/2020-09-14-19-05-35_58df1dd4-f4f6-4ec1-b720-eb977e1c74ea_v2ar9i24wIsfQ5u9NNiYKHA4gz6EiZlvOL7nj7a1NzwaR8-tGn9ySX2w_transcript.json,insurance,inbound,268.0,0.9406451,479,3005,62,DATE_OF_BIRTH|DURATION|LOCATION|MARITAL_STATUS|MONEY_AMOUNT|OCCUPATION|ORGANIZATION|PERSON_NAME
callcenteren,train,6b915c0dcbed48e0bd241f5834c88e83_transcript,01343323da53c04d72f8ee1dee1dcac137de001fc44f2702509381869ed2e266,"Thank you for calling [ORGANIZATION] [ORGANIZATION]. If you know your party's extension, please dial it now. For service for new and used car sales, dial [PHONE_NUMBER]. For finance, dial [PHONE_NUMBER]. For thank you for calling [ORGANIZATION] [ORGANIZATION] [ORGANIZATION]. My name is [PERSON_NAME]. How can I help you? Hi, I'm looking at a [DATE_INTERVAL] atlas on your website. Do you guys still have that? Let me check for you. It's a [DATE_INTERVAL] atlas. Do you know exactly a color? Hold on. It's white use, right? Yeah. Okay. The VIN is. Ends in [VEHICLE_ID] fifth. What was that? The last four of the VIN number is [VEHICLE_ID]. Okay. Shipping right now. All right. And you said the address is a crossboard or regular atlas? The cross Sport. Crossboard. Okay. And the last four of the bin. What was it again? Oh, wait. Is the cross for. Is that not the same size as a normal? They. They're both the same cars. It's just the crossport is most is a sporter. It's more sporty. It has a different, you know, like a Range Rover shape, kind of just like a Range Rover. This is [ORGANIZATION]. The regular atlas is just, you know, a little bigger. And it has a third row seat. That crossflow doesn't have a third row seat. Okay, I didn't realize that. Yeah, we need a third row. We need a third row. Okay. And the white is something that you guys are looking into. Well, that price range is a good price range for us. It doesn't have to be white. What's the price range right now for you? Right now? That one's right at [MONEY_AMOUNT], so. [MONEY_AMOUNT]. [MONEY_AMOUNT]. I just. I couldn't hear that last part. You said [MONEY_AMOUNT] or [MONEY_AMOUNT]. Oh, [MONEY_AMOUNT]. Yeah. [MONEY_AMOUNT]. No more than that. Huh? Okay. I'm checking right now for the atlas. They're. They're all the other ones we have, they're over. They're over [MONEY_AMOUNT] right now. Okay. I do have one, and we haven't. I do have one. We're giving out. I think there's on special right now. I think it's [MONEY_AMOUNT]. They're asking for it. And that comes with everything. It's premium. The inside is top of the line. Everything is top of line. I got the turbo seat. The leather seats are like brown. Like a light brown navigation. It comes with everything it's used. It has like 30,000 miles on it. But they've given that one out for so cheap. That car is supposed to be worth [MONEY_AMOUNT] brand new, and you're giving it [MONEY_AMOUNT] for [MONEY_AMOUNT], you said? Yeah, it's like a green. Like a. It's like a. Like a dark green when you get closer and when you get back, it's like, turns into black. Yeah, yeah, it sounds beautiful. I think that's. That's high for us, though. But, yeah, so I'll keep looking around on the website and call if I see anything else. If you want. What we can do if you want to come over. And, you know, we have specials going on right now that also could bring the price down for [EVENT] [EVENT]. Okay. All right. Yeah, it's a bit of a drive for us. Like I said, I'll look on the website some more. And what is your name exactly? I see here, it tells me your name. Your last name is [PERSON_NAME] [PERSON_NAME] [PERSON_NAME] [PERSON_NAME] [PERSON_NAME] [PERSON_NAME] [PERSON_NAME] Uhhuh. Yeah, my first name is [PERSON_NAME]. [PERSON_NAME]. Uhhuh. All right. All right. What I'm gonna do is I'm gonna let you, you know, keep on chopping on our website. And is it okay if I send you a text? Yeah, that's fine. I. I don't think we're gonna. I don't think we'll make the drive unless there is something in our price range. I mean, we're at a dealership right now looking at a [DATE_INTERVAL] atlas that's priced at [MONEY_AMOUNT], so. Yeah. And we just wanted to look around a little bit more before we pull the trigger on this one. Yeah, what I'm gonna do is, since I can text you, what I'm gonna do is I'm gonna. I'm gonna go talk to my [OCCUPATION] and see if he can let me know what the deals are and see what the lowest he can put on one of these atlas. If we can bring some down. Okay. And then from there, whatever he let me know, then I shoot you a text, and if it makes sense, you know, give me a back or give me a thumbs up or a thumbs down. Okay. Yeah. Yeah, that sounds good. All right, thank you. Thanks, [PERSON_NAME]. Bye. Bye. Bye.","OPENING, PRODUCT_PITCH, NEEDS_ANALYSIS, FEE_DISCUSSION, CURIOUS_EXPLORATION",0.9,True,"Greeting followed by customer inquiry, vehicle feature comparison, seating needs analysis, and price discussion.",automotive_inbound.zip,automotive_inbound/6b915c0dcbed48e0bd241f5834c88e83_transcript.json,automotive,inbound,380.0,0.9436112,779,4266,40,DATE_INTERVAL|EVENT|MONEY_AMOUNT|OCCUPATION|ORGANIZATION|PERSON_NAME|PHONE_NUMBER|VEHICLE_ID
callcenteren,train,a25ca27f86fb4cb8a8b35312c3d3f7c1_transcript,01531223d78ecca248296c85b3cbb7e8916560e56bd0b7af02cab15fff236fcc,"Thank you for calling [ORGANIZATION] [ORGANIZATION] [ORGANIZATION] [TIME] [TIME] [ORGANIZATION] [ORGANIZATION] for [LANGUAGE] for [LANGUAGE]. Thank you for calling [ORGANIZATION] [ORGANIZATION] [ORGANIZATION] [TIME] [TIME] [ORGANIZATION] [ORGANIZATION]. My name is [PERSON_NAME]. How may I make you smile? Hi, I'm calling for my daughter. She's at work. She. She sent me this number here in her insurance. She can have a real bad too think it's real senitive the cold suite and she says she barely can work. So we were trying to see if I give you her dental insurance number and stuff like that. She just want to make sure she's can afford it before she try to schedule appointment and come up there. Okay. Y on schedule. I can go ahead and put on the schedule and have your insurance verified. It takes up to [DURATION] [DURATION] and I can have them give her a call back. But we would have to put her on the schedule so they can get it verified. And if she doesn't want it, she can always call in to cancel. Okay. Okay. And then this will be her first time visiting [ORGANIZATION] [ORGANIZATION], correct? Yes. Okay. And then may I have her zip code and I can find a location near you? Her code let me or do you know if she gave you a specific location? Yeah, she gave me this o because her zip cod [LOCATION]. Okay. I think office. I work [TIME] [TIME] patient care so we have over [TIME] office. Yes, I'm not there y but it's okay, we can get her. Let see. So this [TIME] would be an OAU CL [LOCATION] [LOCATION] [LOCATION] [LOCATION]. Yes. Okay, so let me just see what we have available today. What time is it? [TIME]. Okay, so we do have an appointment today available at [TIME] and we also have a [TIME] and a [TIME]. I know she's at [ORGANIZATION]. Do you have any available for tomorrow? Let me double check for tomorrow. Yes, we do have [TIME] at [TIME] and then we also have a [TIME] at [TIME] and [TIME]. Yes, she just takext me so'trying to see what she says. I know she works today tomorrow but'way she's saying she's in time she's going to have to take out on [TIME] them days are leave early. Yes, I'mnn say tomorrow and I'mnna do that latest [TIME] at [TIME]. That way today she can let her boss know because her boss is real cool. Okay. I mean if she does need to come in today, you can always call to reschedule it for [TIME] later [TIME] [TIME] [TIME] today. Okay. Again, if she cannot make it in tomorrow either you can just call in. You can always call in to reschedule. May I have her first and last name? [PERSON_NAME]. [PERSON_NAME] [PERSON_NAME] [PERSON_NAME] [PERSON_NAME] [PERSON_NAME] [PERSON_NAME] [PERSON_NAME]. Okay, and then a good callback number for her would beay. And then her home address. If you don't have it, you can provide yours. It doesn't matter. Let me see if that's crazy thing. Okay. She just expect my ask her. Okay. Okay. She wants to see if you have Monday available. And I have her address. Okay, let me check Monday. One second. On Monday? Yes, we have [TIME] [TIME] [TIME] [TIME] and then we have afternoon available. Morning is's fine. Okay, so it'll be at [TIME] [TIME]. Okay. Okay, then let me read it. [PERSON_NAME]. Okay, [TIME] second. Okay, I'm ready for her address. [LOCATION] [LOCATION] [LOCATION] and it's [LOCATION] [LOCATION] and that's [LOCATION], [LOCATION] [LOCATION]. Thank you. And then what type of insurance does you have? This is [ORGANIZATION] [ORGANIZATION]. Ok, I just know I see a [ORGANIZATION] [ORGANIZATION] and then it said [ORGANIZATION] [ORGANIZATION] [ORGANIZATION] [ORGANIZATION] ppo. Okay, yes, we do take that insurance. And then you said she does have a [MEDICAL_CONDITION] [MEDICAL_CONDITION], correct? Yes, she said her'bad even when she's brushing her teeth. Okay, all right. And then may I have her date of birth please? Okay, and then do you have the member ID? I see ID number and group number. So the ID number. Yes. Okay, that [TIME] is [HEALTHCARE_NUMBER]. Okay. And then the group number. Okay, that's [NUMBER_SEQUENCE]. Okay. And then is there a phone number on the back of the insurance card? Oh, she didn't send me the back of it. No, she can send me back. Oh, she just sent you a picture of the front. Yeah, because I see a mobile 10 code but that's all on front. Let me see. Okay, it's fine. They should be able to get a phone number to get it verified. And then do you happen to have Social Security number? Do I have what? Her social. Oh yes. Crab I'm tell your mom. Okay, so yes, they can get the phone number to verify it. Just add her social. Okay, so we do have her scheduled for [DATE], [DATE]. And that is at [TIME] do you need that address again? Oh no, she ye. She has address already. Okay. All right. Was there anything else? Actually [TIME] more question. She is a subscriber, correct? For the insurance. She has what? She is a subscriber, the primary holder for the insurance. Yes. This is from her job, from her workplace. Okay, not a problem. So again we do have hercheduled [DATE], [DATE] [DATE] at [TIME] do you have any idea on what probably like for the what they call it when you come in, like the copay is just coming for the exams and stuff like that. I don't know the way her insurance is, but again, I can send out an email for them. To give her a call before her appointment. Yes, to get her information. Okay. Okay. So, yeah, I will go ahead and do that and then we will see her on Monday. And they should be giving her a call before her appointment. Okay. Thank you. You're welcome. Anything else I can assist you with today? No, that was all. All right. Thank you so much for calling. [ORGANIZATION] [ORGANIZATION]. Have a good day. You too.","OPENING, NEEDS_ANALYSIS, FEE_DISCUSSION",0.9,True,"Contains a greeting, agent asks for zip code and location, and customer mentions affordability/insurance.",medicare_inbound.zip,medicare_inbound/a25ca27f86fb4cb8a8b35312c3d3f7c1_transcript.json,medicare,inbound,692.0,0.8585449,1027,5676,94,DATE|DURATION|HEALTHCARE_NUMBER|LANGUAGE|LOCATION|MEDICAL_CONDITION|NUMBER_SEQUENCE|ORGANIZATION|PERSON_NAME|TIME
callcenteren,train,3283b9a848694a79a616a8368b0fd8cf_transcript,015cfca554b75e1d3f4bc39da860651094eb361eaa5491d39ecc5534b775cd2a,"Thank you for calling [ORGANIZATION] [ORGANIZATION] [ORGANIZATION] [ORGANIZATION]. For [ORGANIZATION], please press [PHONE_NUMBER] for all other inquiries. Thank you for calling [ORGANIZATION] [ORGANIZATION]. Please hold for the next available [OCCUPATION]. Thank you for callinglass [ORGANIZATION]. [ORGANIZATION] [ORGANIZATION]. This is [PERSON_NAME]. How can I help you? You? Yes, ma'I'm. [PERSON_NAME] with [ORGANIZATION] [ORGANIZATION] and we busted a side glass out of the car one of our properties and I was wanting to get set up for her to get replaced. Okay, all right, let me pull your account up. All right. Do you happen to know the address of the. You know, hang on a second me, let me pull this up. We may not need their address because it'll be brought to our shop anyway. Can y do it on site? No, we're not mobile right now. Once we hire more somebody else additional, we will be able to be mobile. Okay, do you know. Yes, ma'go. Ahead. Do you know their address? Know your billing address? Ye. Our billing is [LOCATION] [LOCATION] [LOCATION], [LOCATION] [LOCATION]. Is it in [LOCATION]? Yes, ma'am. Okay. All right. And what email would you like me to send the receipt and quote to? You can send it. Okay. What is the [LOCATION]? There it is. Okay, what is the year, make, model of that vehicle? It'a [DATE_INTERVAL] [ORGANIZATION] Accord. Is it a two door or four door? I'm not sure if it's two or four. It'the front. It's a faster window. Front passenger window. Okay, I'm definitely goingn to need to know if it's a two door fouror. Okay. The different size windows. Yeah, let me, let me see if my system will tell me any different. Hang on, let me see. I got here. So it's the passenger front, right? Yes, ma'am. Okay. All right. Yes, it's asking me if it's a two door Cooper four door Sedan. Okay, well, let me give her a call back and get that info for you. I'm sorry about that, okay? No, don't worry about that. Thank you, thank you.","OPENING, NEEDS_ANALYSIS, FEE_DISCUSSION",0.9,True,"Includes opening greeting, gathering vehicle and account details for a service, and mention of sending a quote.",home_service_inbound.zip,home_service_inbound/3283b9a848694a79a616a8368b0fd8cf_transcript.json,home_service_telecom,inbound,259.0,0.87643874,344,1958,25,DATE_INTERVAL|LOCATION|OCCUPATION|ORGANIZATION|PERSON_NAME|PHONE_NUMBER
callcenteren,train,9363216648_P2_transcript,016df22e77f42c8816aa7305a8723c546148cabb2aaeabb4346afe8c42ff2ea8,"Thank you for being on hold. My name is [PERSON_NAME] [PERSON_NAME]. I'm a [OCCUPATION] [OCCUPATION] here speaking to you on a recorded line. Hello? Hello? Yes, hi. Good afternoon, sir. How are we doing today? I'm just fine, how are you? I have Mr. [PERSON_NAME] online. He's from taxes and his zip code is [LOCATION]. Is interested in additional Medicare benefits. You may take over the call. Okay. I already did. No problem. All right, [OCCUPATION], thank you. All right. Sorry about that, Mr. [PERSON_NAME]. All right, so let me introduce myself, sir. My name is [PERSON_NAME] [PERSON_NAME]. I'm a [OCCUPATION] [OCCUPATION] speaking to you on a record live. So. So you stated to my [OCCUPATION] that you do get Medicare with part A and part B, right? Yes. All right. So since you got A and B active on your Medicare today, you may be eligible to receive information on your additional Medicare benefits. Okay? These benefits on your Medicare will help you a lot to save you money on your [OCCUPATION], your medicine cost, your dental, visioneering benefits, okay? You may be getting transportation rights to go to a [OCCUPATION], hospital visits and much more. Okay? So you can do a lot of savings with that. Okay. And yes, along with the healthcare today, even our groceries are also turning out to be expensive. So you also may be getting extra help on your groceries. Got your name out here. That is [PERSON_NAME] [PERSON_NAME]. How do you pronounce your last name, sir? [PERSON_NAME]. [PERSON_NAME]. Okay, address is [LOCATION] [LOCATION] [LOCATION] [LOCATION], [LOCATION], [LOCATION]. Zip code is [LOCATION]. Right? Right. And what's, what's your date of birth, man? [DATE_OF_BIRTH]. Okay. Okay. Right now you are [PERSON_AGE], correct? Yes. All right. Do you get any health insurance from your job, Anything from your previous employer under your retirement like [ORGANIZATION] [ORGANIZATION], [ORGANIZATION] [ORGANIZATION], [ORGANIZATION] [ORGANIZATION] [ORGANIZATION], no human. Alright, and have you ever tried to be in service like working in the army or military? Do you receive any military insurance such as tricare? No. Alright. There are also some special benefits designed for individuals who fall under [MEDICAL_CONDITION] [MEDICAL_CONDITION]. So do you fall under any [MEDICAL_CONDITION] [MEDICAL_CONDITION] such as [MEDICAL_CONDITION], [MEDICAL_CONDITION] [MEDICAL_CONDITION], [MEDICAL_CONDITION] [MEDICAL_CONDITION], [MEDICAL_CONDITION], [MEDICAL_CONDITION]? Yeah, I have [MEDICAL_CONDITION]. [MEDICAL_CONDITION]. Okay. All right. And since you are in your [PERSON_AGE], do you get Medicaid also? I think so. All right, so now sir [PERSON_NAME], what I will do here, I'll be quickly introduce you now to one of the [OCCUPATION] [OCCUPATION] now from your city, state in your zip code, okay? They will further let you know what benefits you are entitled to receive, how to use these benefits in saving your money and when these benefits are going to get started. Okay? Okay. And yes, they will just talk to you for the next [DURATION], [DURATION] [DURATION] about all your benefits on your Medicare. Okay. So make sure you get all the benefits. You speak for yourself, right? You make your own healthcare decisions. Right. On your Medicare. So, all right, so once you. Once we start discussing these benefits and options with you, if you come across any benefit that you find is missing on your Medicare card, so you can simply tell the [OCCUPATION] [OCCUPATION] about it. Okay? So they will put those missing benefits. I don't have my benefit card with me. It's in my truck and it's being driven by my son right now. Okay, you're talking about your Medicare card, right? A and B, all right, that. No, no worries. Our [OCCUPATION] [OCCUPATION] can still help you out with these benefits by your social number. You remember your social number, right? Yes, but I don't give my social over the telephone. Right. I understand your privacy. So being a legit company, you're not supposed to give your social number to anybody. Okay? Okay. You just have to share it with the [OCCUPATION] [OCCUPATION] because they are the only authorized person to help you out with these benefits. Okay. Right now I'm in a bunch of work for my [MARITAL_STATUS], and I've got to finish it before I get into anything else. Okay, well, I'm almost done, sir. It will just take [DURATION], [DURATION] [DURATION]. No, I don't have [DURATION], [DURATION] [DURATION]. I'm. I'm busy, really, so. All right, no problem. I will arrange a callback. Thank you.","OPENING, PRODUCT_PITCH, NEEDS_ANALYSIS, PASSIVE_AGREEMENT",0.9,True,"Contains greeting, pitch for Medicare benefits, eligibility questions (Part A/B), and customer agreement.",insurance_outbound.zip,insurance_outbound/9363216648_P2_transcript.json,insurance,outbound,329.0,0.95549494,735,4546,68,DATE_OF_BIRTH|DURATION|LOCATION|MARITAL_STATUS|MEDICAL_CONDITION|OCCUPATION|ORGANIZATION|PERSON_AGE|PERSON_NAME
callcenteren,train,8c86ddf870d74870a403f0c8a52af1e2_transcript,01708ceecf63c1fe642f3c43cb303efdfee71d2344dd92418336eb0b73b2c8f3,"Thank you for calling [ORGANIZATION] [ORGANIZATION]. [ORGANIZATION]. For Automotive Glass, please press [PHONE_NUMBER]. For all other glass products and services, this call may be recorded. Call the [ORGANIZATION] [ORGANIZATION] will make your pain. [ORGANIZATION] [ORGANIZATION] replaces all types of glass for your home Auto. Even at your business, there's never been a better time to beautify your home with glass. Exquisite decorative glass inserts for your entry door. A custom design shower enclosure, glass tabletops and mirrors. [ORGANIZATION] [ORGANIZATION] can do more than fix your pain. We can help beautify your home and bath with luxurious glass shower and topub enclosures designed to fit any style or size. Most can be installed in a single day. Or update your entry doors with elegant decorative glass. Visit [URL] and see an amazing selection of glass patterns and finishes. We can also change the look of any room with a mirrored wall. Or protect your wood furniture with custom made glass tops. With [ORGANIZATION] [ORGANIZATION], you'll always know the price up front. Before we start. Call the [ORGANIZATION] [ORGANIZATION]. Pick your [LOCATION] Calling [ORGANIZATION] [ORGANIZATION]. Please hold and we will be right with you. Thank you for waiting. [PERSON_NAME] speaking, how may I help you? Hi, how are you? I'm well, thank you. And yourself? O good. You? Is this [PERSON_NAME] the one in [LOCATION]? Yes. Are you looking for residential service? Actually not. This is kind of off topic, but I. I do a Storage wars and I came across the storage where it was a lot of pieces of glass and I was just wondering, would you guys be interested in looking to take them or anything like that? Dad, I'm not sure this is the answering service at the moment. I could take a message for the office. Sure. Okay. And your name is please? [PERSON_NAME]. [PERSON_NAME]. [PERSON_NAME] [PERSON_NAME]. [PERSON_NAME] [PERSON_NAME] [PERSON_NAME]. Yes, ma'am. And your last name? [PERSON_NAME] [PERSON_NAME] [PERSON_NAME] [PERSON_NAME]. [PERSON_NAME] [PERSON_NAME] [PERSON_NAME]. Thank you. And your phone number is, please? Thank you. Is there a secondary number for you? No't. So. And you said you were in [LOCATION]? I'm in [LOCATION], but I think'the be. Did you want to leave an address? I know. That's okay. All right. And you found a lot of glass in the story? Because we did storage. We do Storage wars and it was full of glass. So we have a lot of pieces of glass. It's in good shape. Okay. Okay. Thank you so much. Thank you. I'll have someone get back to you. Thank you. Have a good day too. Thanks, [PERSON_NAME]. Bye.","OPENING, PRODUCT_PITCH, NEEDS_ANALYSIS, SOFT_REJECTION",0.9,True,"Greeting present, IVR provides a detailed product pitch, agent asks about residential needs, and customer declines.",home_ervice_inbound&telecom _outbound.zip,home_ervice_inbound&telecom _outbound/8c86ddf870d74870a403f0c8a52af1e2_transcript.json,home_service_telecom,outbound,324.0,0.9006389,434,2634,38,LOCATION|ORGANIZATION|PERSON_NAME|PHONE_NUMBER|URL
callcenteren,train,6530abacc9bf47e282f0ac2fc05f8f95_transcript,01ab0024c638352507d7b5ac9f8f4249008596452aa0395b770c394082058376,"Thank you very much for calling the [ORGANIZATION] [ORGANIZATION] [ORGANIZATION] [ORGANIZATION] [ORGANIZATION]. How can I help you today? Hi, my name is [PERSON_NAME] and I have my girls [PERSON_NAME], [PERSON_NAME], and [PERSON_NAME] coming to hang out with you guys for the next [DURATION] starting on Monday. And this is the first time that I've ever dropped them off anywhere. So I just wanted to verify that you had everything that you needed. So come Monday, I can just drop them off without any worry. All right, so could I have your phone number, Ms. [PERSON_NAME]? Absolutely. It is [LOCATION] area. All right. And that's [PERSON_NAME], [PERSON_NAME], [PERSON_NAME] and [PERSON_NAME]. Those are your three? Yep. And you said the reservation starts Monday and ends when? Saturday. Saturday. All right. All right, so I see that you're boing them in a classic suite, starts Monday and Saturday. Yeah, yeah. And you're asking for [MEDICAL_PROCESS], correct? I'm just asking that you have everything that you need so that I don't get there Monday. And you guys feel like we can't take them. All right, so it looks like everything is fine aside from the fact that the employees did not update the [MEDICAL_PROCESS]. I'm looking at the forms you uploaded on the first right now. All right, so it looks like this is your first time boardring with us. So I see that for everything else you do have the [MEDICAL_PROCESS]. So I'll go and upd that on the system. But for [MEDICAL_CONDITION] [MEDICAL_CONDITION], you planning to use the waiver? What's that? [MEDICAL_CONDITION] [MEDICAL_CONDITION] [MEDICAL_CONDITION]? We're in the [LOCATION] [LOCATION] area and we have something of an epidemic for [MEDICAL_CONDITION] [MEDICAL_CONDITION] going around here. So for dog to board with us, people need to either have the [MEDICAL_PROCESS] [MEDICAL_PROCESS] or if it's their first time, sign a [DURATION] [DURATION] waiver if in that [DURATION] [DURATION], get the [MEDICAL_PROCESS] so they can continue to come to our location. Oh, yeah, okay. Yeah, I'll do the waiver thing. I didn't realize that that was a thing, but yeah, that's not a problem. All right, no problem. But otherwise I see everything is already set. You got it for classic suite, no services. And I'll just update that in the system and you're all ready to come. Okay. And I know that I put like a specific time like on the portal. Is it okay if I come a little bit before then? Because I didn't realize what time my flight was on Monday. No problem. That's completely fine. As long as you come on that [DURATION], it's all fine. Okay, we will definitely be doing that. All right, well, I look forward to seeing you guys here on Monday. All right. I look forward to it as well. Hope you have a fine [DURATION]. Thank you. You tooe. Bye.","OPENING, NEEDS_ANALYSIS",0.9,True,Contains a standard greeting and the agent verifying reservation details and medical forms with the customer.,medicare_inbound.zip,medicare_inbound/6530abacc9bf47e282f0ac2fc05f8f95_transcript.json,medicare,inbound,191.0,0.9080372,474,2798,37,DURATION|LOCATION|MEDICAL_CONDITION|MEDICAL_PROCESS|ORGANIZATION|PERSON_NAME
callcenteren,train,recording-public_1141_transcript,01b4cd8b859e6ba4592ef246f40535745849e9a1655cef5673cf0a708e6f82c0,"Hello? Yes, hello. I have [PERSON_NAME] [PERSON_NAME] here with me on the line. He is interested for a low cost plan for final expense and looking for coverage. Please take it from here. Thank you. Thank you. Hi, Mr. [PERSON_NAME]. Hi, how you doing? I'm doing great. Thank you so much for asking. So, Mr. [PERSON_NAME], my name is [PERSON_NAME]. I'm a [OCCUPATION] [OCCUPATION]. I'm just going to ask you a few questions and I'll be able to give you some rates here. Okay? Okay. And are you looking for coverage for you or for somebody else? For me. Okay. And how old are you? [PERSON_AGE]. What's your date of birth? [DATE_OF_BIRTH] [DATE_OF_BIRTH], [DATE_OF_BIRTH]. Okay. Do you currently have a life insurance policy now? No. Okay. Do you know how much coverage you're looking to take out? No. Okay. Are you looking just for burial insurance to cover your, like, burial expenses, or are you looking to leave money for your family and loved ones? No, I want to leave money, too. Okay. And are you a smoker or a non smoker? Non smoker. Okay. Are you dealing with any medical conditions at all? No. Okay, so I'll give you a rate for $[MONEY_AMOUNT] of coverage, and then, like, we'll start there. What state are you in? [LOCATION]. Okay. And then you let me know if you want more or less. Okay. But $[MONEY_AMOUNT] of coverage, that would be. One second. That would be about $[DATE_OF_BIRTH] [DURATION] [DURATION]. For [MONEY_AMOUNT]. Is that something that would be within your budget? Yeah. Okay. Did you want to start an application? Yeah. Right now? You can if you want to. You do have to set up a payment. Do you have a form of payment to set up the policy with? You don't have to make a payment today, but you just have to set up a payment. Is that okay? Yeah. Yeah. Okay. Okay. All right. Let me just take down your information one second here. Okay. And [PERSON_NAME], your last name is [PERSON_NAME], right? [PERSON_NAME], [PERSON_NAME], [PERSON_NAME], [PERSON_NAME], [PERSON_NAME], [PERSON_NAME], [PERSON_NAME]. Yeah. What's your address, where you want the policy to be mailed to? Sorry? You said my. My what? My address. What? Yeah. What's your address, where you want policy to be mailed to? We do. [LOCATION] [LOCATION]. [PERSON_NAME]. Can you call the street name? Yeah. [LOCATION] [LOCATION], [LOCATION], [LOCATION], [LOCATION], [LOCATION]. Okay. [LOCATION]. And what city is that in? Yeah, so what. What city is that in? [LOCATION]. And the zip code? [LOCATION]. Okay, thank you. And then you said your date of birth is [DATE_OF_BIRTH] [DATE_OF_BIRTH], [DATE_OF_BIRTH], correct? Yeah. Okay. And then what is your height and weight? Height. Like [PHYSICAL_ATTRIBUTE]. Weight? About [PHYSICAL_ATTRIBUTE] [PHYSICAL_ATTRIBUTE]. Okay. And then who do you want to put as your primary beneficiary on the policy my [MARITAL_STATUS]. And her first name? [PERSON_NAME]. [PERSON_NAME], you said? Yeah, [PERSON_NAME]. [PERSON_NAME]. And her last name? [PERSON_NAME] [PERSON_NAME]. Okay. Yeah. And her date of birth? Her date of birth. And what year was she born? She must have been born [DATE_OF_BIRTH]. No, she's [DATE_OF_BIRTH]. So [DATE_OF_BIRTH]. Yeah. So she's [DATE_OF_BIRTH] [DATE_OF_BIRTH], [DATE_OF_BIRTH]. Okay. And then what is your social? You ready? I'm ready. Are you there?","OPENING, NEEDS_ANALYSIS, PRODUCT_PITCH, FEE_DISCUSSION, SUCCESSFUL_SALE",0.98,True,"Includes greeting, health/coverage needs analysis, a specific rate quote (pitch/fee), and an explicit agreement to start an application.",customer_service_general_inbound.zip,customer_service_general_inbound/recording-public_1141_transcript.json,customer_service,inbound,332.0,0.96564883,540,3294,58,DATE_OF_BIRTH|DURATION|LOCATION|MARITAL_STATUS|MONEY_AMOUNT|OCCUPATION|PERSON_AGE|PERSON_NAME|PHYSICAL_ATTRIBUTE
callcenteren,train,4a20433339b6475e9de83cf5207fca86_transcript,01b82c25149c360e8261cd7ecd4721a53b05e46e2cf8add596d208fc20d565c3,"Thank you for calling [ORGANIZATION] [ORGANIZATION]. This is [PERSON_NAME], who do I have the pleasure of speaking with. Hey [PERSON_NAME], my name is [PERSON_NAME], how are you doing today? I'm doing pretty good [PERSON_NAME], thanks for asking. What can I do for you? My son is in the market for a cheap car. I say new right. So I was wondering if you guys have any [EVENT] [EVENT] sales or interest something like a Corolla. Corolla. Okay, I do believe. Let me double check for you real quick. So let me see. Corolla. So we have one Corolla here and two Corollas here and two incoming. So we do have some craws available. I mean and if you do decide to come in I'd be more than happy to give you a good deal. Well, I appreciate that but I kind of want to just talk over the phone. I got you. I don't, you know, I don't want to waste my morial [DURATION]. No, I got, I got some free [DURATION] off. Probably have customers walking in. So y'all have any sale going on right now? U interest or anything like that? We just have special rates which are like you know, [MONEY_AMOUNT] stuff like that but like I said people, I mean if you come in, like I said I know you don't want to come in obviously I got you there but if you come in and you express interest in the vehicle we're going to work with you. Okay, well here's the. He's looking between [ORGANIZATION], [ORGANIZATION] and so okay. I kind of wanted to see if you could maybe you know talk to the, to the boss guys what kind of deal they'd be willing to do. You know kind I got door you me right. If you can do that and you know it ends up being cheaper than the [ORGANIZATION], the [ORGANIZATION] then we would come in. I trying mean an ass. I just don't want to car. No, no, I got you, I got you. I don't want to do tomorrow either. I'm helping them because he's young. What's your phone number, [PERSON_NAME]? And I'll text you from my personal phone and we can talk some more there [PHONE_NUMBER]. Okay, I'm going to text you from a [PHONE_NUMBER] number that's my personal phone and like I said my name is [PERSON_NAME] and we'll talk some more over that. Yeah, yeah if you could send me maybe a picture of a Corolla or even one incoming. You didn't have to have it today. Okay. We won't even proably do it today but you know if there's something. Yeah, I got. Maybe it's wor't doing so but maybe kind of the best price you to do. Let me talk to him and then we can go back and forth. Okay. All right, sweet. I'll text you from our personal phone in a minute here. Okay. All right, thanks. Appreciate it. All right, [PERSON_NAME]. Take care, man. You too.","OPENING, PRODUCT_PITCH, FEE_DISCUSSION, COMPETITOR_COMPARISON, OBJECTION_HANDLING",0.95,True,"Greeting present; agent pitches available cars, discusses rates, handles reluctance to visit, and customer mentions other dealers.",automotive_and_healthcare_insurance_inbound.zip,automotive_and_healthcare_insurance_inbound/4a20433339b6475e9de83cf5207fca86_transcript.json,insurance,inbound,192.0,0.876329,504,2619,20,DURATION|EVENT|MONEY_AMOUNT|ORGANIZATION|PERSON_NAME|PHONE_NUMBER
callcenteren,train,2020-10-01-18-20-58_4d9de258-c69b-4476-944b-3ff5fbce3d77_v2dotlJa5xnS_l8RsldAwbWsptIbonIm93N75mS8enjWhCmX7QaOK1AA_transcript,01de9e8798ce6eb717e89582a131b2d2b89b777ef6f30bf22a0c26d02575b411,"This call may be recorded for quality assurance. Hi, this is [PERSON_NAME]. It looks like you're connected to me to compare rates on your auto insurance today. Is that correct? Yes. Okay, it's a little louder here. I'm hard of hearing. Okay, one moment. Can you hear me better? Can you hear me better? Much better, thank you. Okay, in order to connect you to the right [OCCUPATION], I need to quickly verify some of your information. May I have your name, please? [PERSON_NAME] [PERSON_NAME]. [PERSON_NAME], [PERSON_NAME], [PERSON_NAME], [PERSON_NAME], [PERSON_NAME], [PERSON_NAME]. Thank you. And can you Please confirm his zip code? [LOCATION]. Thank you. And you're in [LOCATION]? Yes. Okay, and who is your auto insurance provider currently? [ORGANIZATION]. And how long have you been with them? [DURATION], [DURATION] [DURATION]. Okay. And what do you currently pay per [DURATION] for your insurance? I'd rather not tell you. You. You tell me how much it is and I'll let you know, okay? Yeah. All right. And. And, [PERSON_NAME], do you own your home? Yes. No, we rented an apartment. I'm sorry. Oh, okay. All right. All right. And can you please confirm your date of birth? Pardon me? I'm sorry, I didn't hear your date of birth. [DATE_OF_BIRTH]. [DATE_OF_BIRTH]. [DATE_OF_BIRTH]. Okay. All right. And have you or your [MARITAL_STATUS] ever honorably served in [ORGANIZATION] [ORGANIZATION] [ORGANIZATION]? No, we've never had it. Did you say an accident? No, the military did you have. Your [MARITAL_STATUS] is a [OCCUPATION] [OCCUPATION], though. Okay. All right. All right, I've updated that. And [PERSON_NAME], thanks. That's all the information that I need. I'm searching now for your best match. Also, while your consent is not required to receive this quote, maybe have your permission to send you an automatic text message to this number to ensure you're safe. I would rather have a telephone call, if you don't mind. All right. And [PERSON_NAME], it should take about [DURATION] [DURATION] [DURATION] [DURATION] to go over the coverage options available. Take [DURATION] [DURATION] [DURATION] because I have to go pick my [MARITAL_STATUS] up. All right. All right. And one moment. While I get a [OCCUPATION] [OCCUPATION] online, they're going to give me a quote over the phone. Please stay on the line while we connect you. Please stay on the line while we connect you. [PERSON_NAME] Please stay on the line while we connect you. Please stay on the line while we connect you. Please stay on the line while we connect you. [PERSON_NAME]? Please stay on the line while we connect you. Please stay on the line while we connect you. Please stay on the line while we connect you. Can you hear me? Hello? If you can hear me, there might be a back connection. I'm disconnecting the call.","OPENING, NEEDS_ANALYSIS, FEE_DISCUSSION, OBJECTION_HANDLING",0.9,True,Greeting and needs analysis for auto insurance; includes a fee discussion where the agent handles the customer's refusal to disclose their rate.,auto_insurance_customer_service_inbound.zip,auto_insurance_customer_service_inbound/2020-10-01-18-20-58_4d9de258-c69b-4476-944b-3ff5fbce3d77_v2dotlJa5xnS_l8RsldAwbWsptIbonIm93N75mS8enjWhCmX7QaOK1AA_transcript.json,insurance,inbound,466.0,0.958231,463,2794,42,DATE_OF_BIRTH|DURATION|LOCATION|MARITAL_STATUS|OCCUPATION|ORGANIZATION|PERSON_NAME
callcenteren,train,d2bff9fb6f384123a11d317a4b472791 (1)_transcript,01f0b7242463a768b1189d36af16cc4176a9f21d239f59a7dcc716954d6818fc,"Thank you for calling [ORGANIZATION] [ORGANIZATION] [ORGANIZATION] [ORGANIZATION] [ORGANIZATION] [ORGANIZATION] [ORGANIZATION]. For [LANGUAGE] press [PHONE_NUMBER] for [LANGUAGE]. Thank you for calling [ORGANIZATION] [ORGANIZATION] [ORGANIZATION] [ORGANIZATION]. My name is [PERSON_NAME]. How can I make you smile? Do you guys take walk ins? We do. I just can't guarantee you'll be seen. Have you been with us before? Yeah, but I have a really bad toothache and the whole side of my face is completely swollen. Ok. My eyes, my eyes, my everything all the way down to my chin, my lips, everything. Okay, [PHONE_NUMBER] second. May I have your date of birth, ma'am? [DATE_OF_BIRTH] [DATE_OF_BIRTH]. First last name? [PERSON_NAME] [PERSON_NAME]. Thank you. Ms. [PERSON_NAME]. Did you want to come in today? At what location? [ORGANIZATION] [ORGANIZATION] [ORGANIZATION]. Let me see something else. Another'nothing I can do until the swelling goes down. Give me some [DRUG], okay? It's loadeing in. Okay, ma'am, they're all booked for today. Right. Maybe I should just go. No, give me [PHONE_NUMBER] second. I was just letting you know. Let me see how I can help. I was checking the [LOCATION] [LOCATION] and a [LOCATION] location. Are you interested in going to a different location or just holding'm just all and okay. I can't. I have to get somebody to drive so. That's fine. One second. The [DATE]. You can go today. What time are you trying to go? I can get you in and squeeze you for if I can do this for you. You're in pain. You just really need medication. [PERSON_NAME]. [PERSON_NAME] got you. Okay, perfect. When are you trying to go in? I got you in for [TIME] [TIME]. [TIME] appointment, but it's going to be now. But at least you are on the schedule for when you walk in. They go to lunch at [TIME] so may I ask when are you trying to walk in there? Am well, I'm go right now, okay? Please. I'NOT so they'll be expecting you now'mnnave less than [PHONE_NUMBER] [DURATION]. All right, well, I'm happy I was able to squeeze you in and get that medication for your face. Okay. And I ll left a detailed note so they're waiting on you. Okay. Thank you. You're welcome. Feel better. Bye bye. Thank you for calling [ORGANIZATION].","OPENING, NEEDS_ANALYSIS",0.85,True,Contains greeting and agent collecting patient identification and medical urgency to check appointment availability.,medicare_inbound.zip,medicare_inbound/d2bff9fb6f384123a11d317a4b472791 (1)_transcript.json,medicare,inbound,237.0,0.86338544,380,2232,39,DATE|DATE_OF_BIRTH|DRUG|DURATION|LANGUAGE|LOCATION|ORGANIZATION|PERSON_NAME|PHONE_NUMBER|TIME
callcenteren,train,89fddd87376a4b2984577727dedfe80036861932_transcript,020a617309c1f17ff0c2164f4ab5026e81bdd985cb21ff352e19c599df413a58,"Thank you for calling [ORGANIZATION] [ORGANIZATION] [ORGANIZATION] [ORGANIZATION]. This is [PERSON_NAME]. How can I help you? Yes, [PERSON_NAME], I think I put these up for some [MEDICAL_PROCESS] and stuff. I just wanted to see what it was going to cost you when we could get that done. Okay. What is the last name? [PERSON_NAME]. [PERSON_NAME] [PERSON_NAME] [PERSON_NAME] [PERSON_NAME] [PERSON_NAME] [PERSON_NAME] [PERSON_NAME] [PERSON_NAME] [PERSON_NAME] [PERSON_NAME]. The Paisias me. Okay, so it looks like. So she's current right now. Next [DURATION], though, she's going to be due for her [MEDICAL_CONDITION], her [MEDICAL_PROCESS] [MEDICAL_PROCESS] and her annual [MEDICAL_PROCESS] [MEDICAL_PROCESS]. Okay. All of her other [DRUG] are good until [DATE_INTERVAL]. Okay. And then I think the raise longer. Yes. So the [MEDICAL_CONDITION] is [DURATION] [DURATION], which is what she had back in [DATE_INTERVAL]. Yeah, she's on that for a bit. Okay, so then what's the cost for what we need to do for her by next [DURATION]? Okay, let me get together a treatment plan. Okay. And we might have to split it up a little bit and then go from so what I have. Because she does the. So she does the [MEDICAL_PROCESS] [MEDICAL_PROCESS] [MEDICAL_PROCESS] and [MEDICAL_PROCESS]. If we do all of that, you're looking to [MONEY_AMOUNT]. Okay. All right, sounds good. What I might to do is. And by when does. When would be a good time for an appointment like [DATE] [DATE]. So she s due [DATE] [DATE]. Does morning or afternoon work better? Afternoon, probably, because I'll be doing summer school by then. Oay. So let's. And what I may do is I can I pay like in advance, like [MONEY_AMOUNT] now and then. Well, I have to pay that, I have to say, because I paid every [DATE] for the next [DURATION], [DURATION] [DURATION]. And I don't know if I could stretch it out to the [DATE] [DATE] [DATE]. Would that be okay? We can now. The [DATE] is a Sunday. We're not open on Sunday. I can do the [DATE]. Okay, perfect. Let's do the [DATE] then. Okay. Is that okay? Go over [DURATION] [DURATION] [DURATION]? Yeah. Okay. Okay. And you said afternoon works better? Yes. So can I like on the [DATE] [DATE] [DATE], can I give y'all like, half of that and then pay the rest of it when I'm there? Just ye. So if you wanted to pay half. So you'd have to pay half before the visit and then you could do the other half when she chec comes in and has the services done. Okay. Pretty. We just have to have payment for all services at the time they're rendered. Okay, I can do that. That's probably what I'll do. It'll be easier for me to do it that way. Okay. U All right, let's see. We could probably do. Because I'll have to come all the way over here and get her. Which s the lad latest you'have I can do. I have [TIME]. [TIME] being the latest. Okay, that's fine'yeah that's fine. So that's the [DATE] on the Monday, right? The [DATE] on a Monday. Sorry'm y [DATE]. And do you have a [TIME]? Um, let's see. It's done. Is fine just with the [TIME], right? Yes, that's before [TIME]. That's fine. Okay, [PERSON_NAME] for [TIME]. All right. I've got her schedule. All right. I appreciate you. Thank you so much. Of course. You have a great rest of your day. Bye.","OPENING, FEE_DISCUSSION, NEEDS_ANALYSIS, CLOSING_NEGOTIATION",0.85,True,Greeting present; discussion of treatment costs; agent reviews medical records for needs; discussion of appointment scheduling.,medicare_inbound.zip,medicare_inbound/89fddd87376a4b2984577727dedfe80036861932_transcript.json,medicare,inbound,250.0,0.8623042,571,3235,67,DATE|DATE_INTERVAL|DRUG|DURATION|MEDICAL_CONDITION|MEDICAL_PROCESS|MONEY_AMOUNT|ORGANIZATION|PERSON_NAME|TIME
callcenteren,train,a7a48c477ab04ba8bdedc5b772d641ae_transcript,02105a28fa1a1adb22060b6b60b56960aaf42a33abad67753ce1ca736c0c36b5,"Hey, how are you doing? Good. So I was interested in seeing if you guys have availability for Monday. Tuesday, I believe. The [DATE] and [DATE]. [TIME] and [DATE]. Yeah, we do. And then I would be picking her up the. The day of the [DATE], probably. How. Your dog been here before? Yes. Just the phone number on the account. Monday, Tuesday, and then pick up Wednesday. Yes. All right. I got the reservation put in for you. Okay. Thank you. You're welcome. Actually, one thing is. Can I also do it for the [DATE]? I would have to drop her off the [DATE]. Because I have a flight on the [DATE]. Yeah, I can make it for the [DATE]. Okay. So that would be a [DATE], [DATE], [DATE] and then pick up on the [DATE]. How much is that? It's [MONEY_AMOUNT]. [MONEY_AMOUNT]. I'm trying to decide if it would be easier just to put it there. One of my friends wants to or can watch her. Sorry, I'm thinking. I think I'll just go with my. For watching her, just for those days. Sorry. Thank you, though. You're welcome. Bye.","OPENING, NEEDS_ANALYSIS, FEE_DISCUSSION, SOFT_REJECTION",0.95,True,"Includes greeting, scheduling needs, a specific price quote, and the customer ultimately declining the service to use a friend.",medicare_inbound.zip,medicare_inbound/a7a48c477ab04ba8bdedc5b772d641ae_transcript.json,medicare,inbound,225.0,0.8817554,192,1011,15,DATE|MONEY_AMOUNT|TIME
callcenteren,train,4e39993b4aba4a92b29d2b7e31a7f2fc_transcript,02131916b744700acf1415eb17c064335103292743b8d8c12fd6e8d5306d5954,"Thank you for calling [ORGANIZATION] [ORGANIZATION] [ORGANIZATION] and [ORGANIZATION] [ORGANIZATION] [ORGANIZATION]. If you know your party's extension you may dial it at any time. For service press [PHONE_NUMBER] for part. Thank you for calling [ORGANIZATION] [ORGANIZATION]. How can I help? Hi, doing I was curious to see if you guys had a vehicle film a lot. Sure. Which vehicle it was the [ORGANIZATION] trx. Give me one moment, let me double check for you. Okay, let me pull it up and who I pleasure speaking with? [PERSON_NAME] [PERSON_NAME]. Okay, give me One moment Mr. [PERSON_NAME]. Okay. All right, thanks so much for holding. This is [PERSON_NAME] over at [ORGANIZATION]. How can I help you today? Hey, I was curious to see if you all had that RAM tox still on a lot. Yeah, we do still have it. We have it listed [MONEY_AMOUNT]. Did you want to come in tomorrow and test drive the truck? Yes, I'm actually in [LOCATION] so I have to make a a drive down there now I know the one thing that I'm trying to do here is I'm actually a bronco raptor that I'd be looking to trade in but what obviously make sure that we're in the right ballpark. As far as my tradeing numbers go I got a couple offers already kind of worked up because I'm in the market for either a ran TRX or a raptor R so I'CAN send those your way but ideally just need the [OCCUPATION] [OCCUPATION] to take a look at my trade in. Okay, not a problem. Is it okay if I send you over a link to where you can put your trade information in there? Yeah, that's fine. I could also. Yes, I can also send pictures and all that stuff only because I've already have this in other [OCCUPATION] hands so whatever's cling for you all. Yeah, no problem. Let me send. I'm going to send you over the link and then once you get that and you fill it out send those pictures back to the same place I'm send you the link. I'm not sure what the phone number is. I can never remember but I'm going to send you over the link now and then you can text me those photos. That way once we get that tradal in I can also let my [OCCUPATION] see those photos and see what we can do. Okay so I'm just in this [PERSON_NAME] [ORGANIZATION] or whatnot and O should be good here. All right, go lock this up and then there's a way to send pictures to this. So yeah, so the number that I just texted you on. You can shoot me those photos there. Okay, I'll shoot him over that way. All right, I'll fill this out, and then I guess I'll look forward to hear from you. Okay, thank you so much. All right, bye.","OPENING, FEE_DISCUSSION, NEEDS_ANALYSIS, CURIOUS_EXPLORATION",0.9,True,"Contains opening, discussion of vehicle price, agent collecting customer info, and customer exploring trade-in options for a specific vehicle.",automotive_and_healthcare_insurance_inbound.zip,automotive_and_healthcare_insurance_inbound/4e39993b4aba4a92b29d2b7e31a7f2fc_transcript.json,insurance,inbound,202.0,0.8900338,487,2541,23,LOCATION|MONEY_AMOUNT|OCCUPATION|ORGANIZATION|PERSON_NAME|PHONE_NUMBER
callcenteren,train,798792fc8dc34cb38ec1da3b140be88d_transcript,022b9e27f8070dadf42187070c38b7a626999c7a8ef9cf0637c6e4e908386dfa,"Thanks for calling. Did you know you can now book an appointment online? Visit our website to book an appointment in less than [DURATION] [DURATION] or remain on the line to be connected to a team member. My [MARITAL_STATUS] is [PERSON_NAME]. I needed to see about getting my dog brought into but he's got like a spot on his foot that he's had for a while but it keeps getting worse and then the other day it started bleeding. Okay, what's the last name on your account? [PERSON_NAME]. And your first name? It's [PERSON_NAME]. Did you say [PERSON_NAME]? Yeah. Okay. And the pet'name [PERSON_NAME]. All right. Okay. I could get you in today at [TIME], would that work? I'm actually going to be go to bed soon. I work overnightkay Wednesday. Do you have anything open on Wednesday? Yeah, let me take a look. What time works best for you? Usually the earlier in the morning the better. So that ra to be in bed by [TIME]. Yeah, absolutely. He's real sensitive with his feet. He doesn't. He don't even allow us to likety touch it or anything. He gets ag aggressive. So. Okay. He may need to be like put under or given like some type of [DRUG] [DRUG] for the ve to even touch his foot. Okay, well let's see here. Is this the one that so on the left front paw? Yeah. Okay. It started like getting smaller so we figured it it was going away but he keeps looking at it, looking it and it's starting to get worse again. Okay, it looks like that was [PERSON_NAME]. [PERSON_NAME] that you saw. So hold on just a moment. Okay. Did you know you can now book an appointment online? Visit our website to book an appointment in less than [DURATION] [DURATION]. Okay, quick question for you. So if [PERSON_NAME]. [PERSON_NAME] needs to have this as a drop off, are you able to pick back up before going to work or is that not a possibility? It depends on what time. Okay, so what time frame would we be looking at? If he can, if I drop him off I can at least get him by [TIME]. That way I can at least get [DURATION] [DURATION] [DURATION] before I have to go to work. Okay. All right, very good. Hold on just a moment. Okay, thank you for holding. Please continue to stay on the line. Did you know you can now book an appointment online? Visit our website to book an appointment in less than [DURATION] [DURATION]. Okay. [PERSON_NAME]. [PERSON_NAME] took a look at his notes to see, you know, what he did last time and so definitely would have to be a drop off for se date to check that out. Ok. He said the only option we could do it this [DURATION] to do that would be either Tuesday or Friday. Tuesday or Friday, Yeah. So it would d be drop off between [TIME] and [TIME] We d do the procedure that morning and he said you could pick up by [TIME]. By [TIME]. Okay, that's fine. Because I started thinking, I was like, actually if it was done Wednesday, wouldn't even matter what time I picked him up because I don't want that anyway. So. Okay, that's fine. To Friday would probably be better. But my next question is, do you take payment plans? We don't. That would have to be paid for at the time of service. Okay. Do you know approximately what that cost would be? I don't. I can have him get a estimate together for you and give you a call back on that. Could you have him do that for me? And if I don't answer, he can go ahead and just leave a voicemail just in case I have already went to bed for the day for worknight. Absolutely. And what phone number to call you back on? [PHONE_NUMBER]. Okay, [PHONE_NUMBER]. Yes. All right, I will have him get an estimate together. And you want to go ahead and schedule for Friday? Yeah, go ahead and schedule it for Friday. And if it ends up being where it much until payday, I just have to reschedule it for the following [DURATION]. Okay. All right. And which paus is that again? It's the left front fall. You said is it bleeding all the time or kind of off and on bleeding? No, I think it's just an on and off thing. And I have since I've been home, I ain't notice it, but my [MARITAL_STATUS] told me I think it would have been Friday, Thursday maybe, but it was actually bleeding. So him and my daughter actually kind of just [MEDICAL_PROCESS] it and then put a sock over it and [MEDICAL_PROCESS] [MEDICAL_PROCESS] [MEDICAL_PROCESS] to where he. It wasn't getting blood everywhere and he couldn't lick it, but okay. He somehow managed to get it off. Okay. Yeah, they do. They'll sit and work at itill. No matter what you put on there, they get off same thing. When we [MEDICAL_PROCESS] [MEDICAL_PROCESS], it will happen_ay but I will get back with [PERSON_NAME]. [PERSON_NAME] as soon as he's available, have him get an estimate and then I'll give you a call back. All right, thank you so much. Okay, thank you. Bye.","OPENING, NEEDS_ANALYSIS, PASSIVE_AGREEMENT",0.9,True,"Greeting is present, agent collects account details and analyzes the pet's medical condition to schedule an appointment.",medicare_inbound.zip,medicare_inbound/798792fc8dc34cb38ec1da3b140be88d_transcript.json,medicare,inbound,519.0,0.9091399,891,4749,43,DRUG|DURATION|MARITAL_STATUS|MEDICAL_PROCESS|PERSON_NAME|PHONE_NUMBER|TIME
callcenteren,train,DMEMED_rmbpo17_20211117-152054_8473130782_4815066-all_transcript,024500bae30e125840dc01021b6561a71414c1dd089b73938c2dfb2721bca7d2,"Hello? Hello, [PERSON_NAME]? Hello, [PERSON_NAME]? Sorry for the disconnection. Okay, just stay in the line near the next. They're just going to explain to you how and when you get your additional benefits at no cost. Okay, who's gonna explain my [OCCUPATION] [OCCUPATION] from Medicare? Just stay in the line. I'm staying online. Your call is very important to us. Please stay on the line and you'll be transferred to the next available [OCCUPATION]. Just enjoy the music background. [PERSON_NAME], your call is very important to us. Please stay on the line and you'll be transferred to the next available [OCCUPATION]. Just ain't the line. [PERSON_NAME]. I'm here. I'm still here. It. Hello, [PERSON_NAME]? Yeah. Hello? Hello? Hello, [PERSON_NAME]. This is [PERSON_NAME]. Oh, sorry, [PERSON_NAME]. Okay, just stay in the line. Okay, I'm still connecting you. Just stay in the lane, please, [PERSON_NAME]. I'm trying to. Okay, just stay in the line. Hi, my name is [PERSON_NAME] [PERSON_NAME], and I'm with [ORGANIZATION] [ORGANIZATION] [ORGANIZATION] on a recorded line. It does say here that you're in the State of [LOCATION] zip code [LOCATION]. Is that correct? Yes. All right, it also says here that you're in a nursing home or assisted living. Is that correct? Nursing home. Yes. Okay. And I wouldn't recommend bothering your Medicare, only because if you did, it may affect your stay in the nursing home. So I would recommend you leave it how it is. Okay? I wasn't planning on using my Medicare. All right, well, then I would recommend hanging up on anyone that tries to transfer you to an [OCCUPATION] next time.","OPENING, NEEDS_ANALYSIS, CURIOUS_EXPLORATION",0.8,True,"Greeting present, agent verifies location and nursing home status, and customer asks about the process.",medical_equipment_outbound.zip,medical_equipment_outbound/DMEMED_rmbpo17_20211117-152054_8473130782_4815066-all_transcript.json,medical_equipment,outbound,263.0,0.94673157,268,1621,21,LOCATION|OCCUPATION|ORGANIZATION|PERSON_NAME
callcenteren,train,2020-10-05-23-21-08_52c9146b-b6dc-4ed3-9f91-30530fe1b5c1_v23MpVUfQ5lLtHizbgs9PNi5UNEtnjyERGeLnjSXUF0JtpsAhMuHYUIg_transcript,024d1bf025f32fa82ea16ed0f29449db7aa90f9d630a36892f2397e998305e94,"This call may be recorded for quality assurance. Hi, this is [PERSON_NAME] with [ORGANIZATION]. It looks like you were connected to me to compare rates on auto insurance today. Correct? Yep. In order to connect you to the right [OCCUPATION], I need to quickly verify some of your information. May I have your name, please? [PERSON_NAME]. Last name [PERSON_NAME]. Could you spell it for me, please? [PERSON_NAME] [PERSON_NAME] [PERSON_NAME] [PERSON_NAME] [ORGANIZATION] [ORGANIZATION] [PERSON_NAME] [PERSON_NAME] [PERSON_NAME] [PERSON_NAME] [PERSON_NAME]. And [PERSON_NAME], can you Please confirm your zip code? [LOCATION]. Who is your auto insurance provider? [ORGANIZATION] [ORGANIZATION]. You said [ORGANIZATION] [ORGANIZATION]? Yep. [ORGANIZATION] [ORGANIZATION] [ORGANIZATION] [ORGANIZATION] [ORGANIZATION] [ORGANIZATION] [ORGANIZATION] [ORGANIZATION] [ORGANIZATION]. How long have you been with them? Oh, over [DURATION] [DURATION]. And what do you currently pay per [DURATION] for your insurance? I think about $[MONEY_AMOUNT], I believe. Okay. Have you or your [MARITAL_STATUS] ever honorably served in [ORGANIZATION] [ORGANIZATION]. [ORGANIZATION]? No. Thanks, [PERSON_NAME]. That's all the information I need. I'm searching now for your best match. Also, while your consent is not required to receive a quote, may we have your permission to send you automated text messages to this number to ensure you are satisfied with the coverage options you receive and provide you with other quote options? I'm sorry, what did you say? I'm sorry, I didn't hear what you said. Go ahead. Oh, I'm sorry. I said, while your consent is not required to receive a quote, may we have your permission to send you automated text messages to this number to ensure you are satisfied with the coverage options you receive and provide you with other quote options? I don't care. [PERSON_NAME]. Unfortunately, it doesn't look like we have an [OCCUPATION] in your area at the moment, and I don't want to keep you on hold. While your consent is not required to receive a quote, may we have your permission to send you automated text messages with a link to request your rate online? Sure. Okay. Thank you so much, [PERSON_NAME]. You have a good day. Okay, you too. Bye. Bye.","OPENING, NEEDS_ANALYSIS, FEE_DISCUSSION, PRODUCT_PITCH",0.9,True,"Includes greeting, verification of customer details, current insurance cost discussion, and a pitch to compare rates.",auto_insurance_customer_service_inbound.zip,auto_insurance_customer_service_inbound/2020-10-05-23-21-08_52c9146b-b6dc-4ed3-9f91-30530fe1b5c1_v23MpVUfQ5lLtHizbgs9PNi5UNEtnjyERGeLnjSXUF0JtpsAhMuHYUIg_transcript.json,insurance,inbound,247.0,0.967966,346,2257,43,DURATION|LOCATION|MARITAL_STATUS|MONEY_AMOUNT|OCCUPATION|ORGANIZATION|PERSON_NAME
callcenteren,train,488b5f3e44b6447496fec902263d7274_transcript,024f4cf56987f04ea71104ccb48e1b6feb2aaa2d365f544f8fb6cb345dfd671f,"Thank you for calling the [ORGANIZATION] [ORGANIZATION] [ORGANIZATION]. Calls may be recorded for training and quality purposes. If this is a medical emergency, please hang up. Your call is now first in line and will be answered by the next available [OCCUPATION]. The estimated hold time is currently [DURATION] [DURATION]. Thank you for your patience. Thank you for calling the [ORGANIZATION] [ORGANIZATION] [ORGANIZATION]. This is [PERSON_NAME]. How may I help you? Since the email doesn't seem to be working, I would like a referral from Dr. Kaufman's. Sure, let me transfer you over. I'll write it down. Go ahead. Let me transfer to the [OCCUPATION]. Okay. Give me one second. Have a great rest of the day. Thanks. [PERSON_NAME] speaking. Can I help you? Yeah, I asked for a ref referral and the email doesn't seem to work. So why don't you just tell me who it is and I'll look it up? Okay, well, you're calling an office and you're not even telling me your name. And I have no idea who you are. My name? So what's your last name? [PERSON_NAME] [PERSON_NAME]. I call. This is my third [PERSON_NAME]. [PERSON_NAME]. Okay. I don't know who you spoke with, but you have [PERSON_NAME], and it wasn't me. So I'll see how I can help you. Okay, I'm over. So your name is [PERSON_NAME] [PERSON_NAME]. And what's your date of birth? [PERSON_AGE] over. Okay, I'm [PERSON_AGE] years old. So you can. He often won't do me. I'm so. Go ahead. So what's your question? I'm sorry, I'm looking for apparently'a referral [OCCUPATION]. I don't know anything about that. This is a [OCCUPATION] [OCCUPATION] office. We are a [OCCUPATION] that is referred to, not refers out. Yesterday they told me he only does work on people [PERSON_AGE] years old. Up to [PERSON_AGE] on the. I don't know what any of that means. Do you know who you spoke with? No, but I've talked to. This is my third Call me. I'm frustrated. O for your phrenic nerve. Okay, so let me just read this note. Hold on one second. Okay. Okay, so see, the note here? Said he wants you to see [PERSON_NAME]. [PERSON_NAME]. Okay. [PERSON_NAME] [PERSON_NAME], [PERSON_NAME], [PERSON_NAME], [PERSON_NAME], [PERSON_NAME]. Yes, and I can give you their. Okay, go ahead. All right. Give me one second. Okay, so [PERSON_NAME]. [PERSON_NAME] [PERSON_NAME]. His phone number is [PHONE_NUMBER]. Thank you. He's in where? He's located in [LOCATION], in [ORGANIZATION] [ORGANIZATION] [ORGANIZATION]. Okay, good. Thank you. All right, bye. You're welcome. Thank you.","OPENING, MISUNDERSTANDING, DEFENSIVE_POSTURE, CURIOUS_EXPLORATION",0.8,True,Greeting present; customer seeks referral but agent is confused about the request and reacts defensively regarding the customer's identity.,medicare_inbound.zip,medicare_inbound/488b5f3e44b6447496fec902263d7274_transcript.json,medicare,inbound,244.0,0.8904565,420,2499,43,DURATION|LOCATION|OCCUPATION|ORGANIZATION|PERSON_AGE|PERSON_NAME|PHONE_NUMBER
callcenteren,train,c672214cde3049d99df18d379aa416ff_transcript,027b0fa747feceb330d4ac7d476aac5b370e4a15ce6451ab9ef45bcb3631cb6b,"Thank you for calling for [ORGANIZATION] [ORGANIZATION] [ORGANIZATION]. This is [PERSON_NAME]. I can I place in a brief hold? Yes. All right. How may I help you? Hi, do you'all have any room for day boarding? For day boarding? I believe so. Let me check for you. All right. What's the phone number? It's [PERSON_NAME], the dog. Yeah, of course we have a lot of dogs in group right now, so if anything, he might be able to go to play in the afternoon, but I'm not quite sure the morning. Oh, girl, I don't care about all that. I just want to get some sleep. What's the phone number? And. And y'all know [PERSON_NAME] love y'all. We love him. Remember that in [DATE_INTERVAL] we're going to have the [LOCATION] theme. So there's going to be like splash pads for large groups. My personal one, I was like, I think it's going to be [PERSON_NAME]. Okay. Okay, I'm going to go ahead and do that. Whenever you want to bring them. Okay, I'll be there. I'm leaving work now, so it's like [DURATION] [DURATION] from my house. He should be there no later than [TIME]. Okay, perfect. All right, thank you. Thank you. By Bye.","OPENING, PRODUCT_PITCH, SUCCESSFUL_SALE",0.85,True,"Includes a greeting, a pitch about facility features (splash pads), and a clear commitment from the customer to visit.",medicare_inbound.zip,medicare_inbound/c672214cde3049d99df18d379aa416ff_transcript.json,medicare,inbound,190.0,0.8715674,205,1112,12,DATE_INTERVAL|DURATION|LOCATION|ORGANIZATION|PERSON_NAME|TIME
callcenteren,train,2020-10-05-21-50-31_af649419-e851-44f1-a26a-51ea9e58e16d_v2KxpzHsL3ihRm7L58ZmWhZDupoL4LV7gSgOuDRUA4gcXVBcV2RF7PuA_transcript,02d7b93708a07abaea85c50f91fb1b2452edb3f0b313a2d5c4ab6898d5da1942,"If you are calling From [LOCATION], press [PHONE_NUMBER]. Otherwise press [PHONE_NUMBER]. If you are currently covered by to serve you better, this call may be recorded for training and quality purposes. Thanks for calling [ORGANIZATION] where you're in good hands. Para [LANGUAGE] o prima elcho. This call may be monitored or recorded for quality assurance purposes. To save time and get you to the right person, I need to ask you a few quick questions. All right, what kind of coverage are you looking for? You can say things like auto insurance or a homeowner's policy. Auto insurance. And what's the zip code where you need that coverage? [LOCATION]. That was [LOCATION], right? Right. Great. Give me one second to see what I can find. Now stay on the line and I'll get someone to help you with that. Quot thank you for calling [ORGANIZATION] [ORGANIZATION] [ORGANIZATION]. My name is [PERSON_NAME]. How can I help today? Yes, I was talking about some auto insurance. I'm sorry, what? I said I was calling about some auto insurance. All right, do you need it for a business or for yourself? For my services available. All right, hold on just a moment here. I'll get you right on over to our [ORGANIZATION] [ORGANIZATION] [ORGANIZATION]. Thank you for calling all today. We are in good hands. My name is [PERSON_NAME]. So I have the pleasure of speaking with today. Is that right? Now? Sorry, can you hear me? Hello? I can hear you now. Yes, yes. Hello? Yes, hello, Can I get your name? [PERSON_NAME] [PERSON_NAME]. Okay, how can I help you? [PERSON_NAME]? Yeah, this is a little insurance quote. And you don't have a policy with us currently? No, ma' am. Perfect. Okay, let me get that process started for you. Can I get your name first off? [PERSON_NAME]. [PERSON_NAME]. So sorry, it's cutting in and out there. Can you say that one more time? All right, hold on one second. Hello? Can you hear me? Spell your first name for me. [PERSON_NAME] [PERSON_NAME], [PERSON_NAME], [PERSON_NAME], [PERSON_NAME], [PERSON_NAME]. [PERSON_NAME], [PERSON_NAME] [PERSON_NAME], [PERSON_NAME], [PERSON_NAME], [PERSON_NAME], [PERSON_NAME]. Yes. Okay, and then your last name. [PERSON_NAME] [PERSON_NAME], [PERSON_NAME] [PERSON_NAME] [PERSON_NAME] [PERSON_NAME]. [PHONE_NUMBER] [PERSON_NAME] [PERSON_NAME] [PERSON_NAME], [PERSON_NAME]. No, [PERSON_NAME] [PERSON_NAME], [PERSON_NAME], [PERSON_NAME] [PERSON_NAME], [PERSON_NAME] [PERSON_NAME]. Okay, perfect. And what is your birthday? [DATE_OF_BIRTH], [DATE_OF_BIRTH], [DATE_OF_BIRTH]. [DATE_OF_BIRTH] [DATE_OF_BIRTH], [DATE_OF_BIRTH]. Perfect. Thanks for that. [PERSON_NAME]. What is your address? [LOCATION] [LOCATION] [LOCATION]. Okay, so sorry, it's still cutting in and out. Can I get a good call back number for you and I'll try to call you back? You can reach me at this number. I'm going to live, right? Hold on. [PHONE_NUMBER]. Yeah. [PHONE_NUMBER]. Yeah, can you hear me now? I can hear you a little better. Hello? Okay. Yeah. Okay. And what was the street name? One more time. [LOCATION] [LOCATION]. [LOCATION] [LOCATION] [LOCATION] [LOCATION] [LOCATION] [LOCATION] [LOCATION]. [LOCATION] [LOCATION] [LOCATION]. [LOCATION] [LOCATION] [LOCATION]. Yes. [LOCATION] [LOCATION] [LOCATION] [LOCATION] [LOCATION] [LOCATION] [LOCATION]. Okay, and what is the city and state? [LOCATION]. And the zip code? [LOCATION]. Okay, perfect. Thanks, [PERSON_NAME]. Let me pull this up for you. All right. And that number you're calling in is the best contact number for you. Yes. Awesome. Okay, I know we're looking for like, an auto quote today. Property. Auto. Auto. I'll get that started. And what is the best email address for you? Say that one more time. [EMAIL_ADDRESS] [EMAIL_ADDRESS] [EMAIL_ADDRESS] [EMAIL_ADDRESS]. [EMAIL_ADDRESS] [EMAIL_ADDRESS] [EMAIL_ADDRESS] [EMAIL_ADDRESS]. so I got [EMAIL_ADDRESS] [EMAIL_ADDRESS] [EMAIL_ADDRESS] [EMAIL_ADDRESS] [EMAIL_ADDRESS] [EMAIL_ADDRESS] [EMAIL_ADDRESS]. that's [EMAIL_ADDRESS] [EMAIL_ADDRESS] [EMAIL_ADDRESS] [EMAIL_ADDRESS] [EMAIL_ADDRESS] [EMAIL_ADDRESS] [EMAIL_ADDRESS] [EMAIL_ADDRESS] [EMAIL_ADDRESS] [EMAIL_ADDRESS] [EMAIL_ADDRESS] [EMAIL_ADDRESS]. It's all one word you say. What now? Let me turn and call you back real quick. Is that okay? Yes. Okay. Give me one moment. I'll call you right back. Okay? Okay.","OPENING, NEEDS_ANALYSIS, CURIOUS_EXPLORATION",0.9,True,"The transcript includes multiple greetings, questions regarding the type of coverage and zip code, and the customer explicitly requesting an insurance quote.",auto_insurance_customer_service_inbound.zip,auto_insurance_customer_service_inbound/2020-10-05-21-50-31_af649419-e851-44f1-a26a-51ea9e58e16d_v2KxpzHsL3ihRm7L58ZmWhZDupoL4LV7gSgOuDRUA4gcXVBcV2RF7PuA_transcript.json,insurance,inbound,504.0,0.94273406,633,4301,115,DATE_OF_BIRTH|EMAIL_ADDRESS|LANGUAGE|LOCATION|ORGANIZATION|PERSON_NAME|PHONE_NUMBER
callcenteren,train,88fedd0505334deb89e84fab2dc0d2ae36998656_transcript,033d241886eba4c13fba6fd7eb2830730ae38f53204c886b42b15e008b5f9eea,"Thank you for calling [ORGANIZATION] [ORGANIZATION] [ORGANIZATION] speaking. May ask who's calling? Hi. What do you need to pull up? My record, my date of birth and my name. Yes. [DATE_OF_BIRTH] [DATE_OF_BIRTH]. [PERSON_NAME] [PERSON_NAME]. Okay, one second. [PERSON_NAME]. [DATE_OF_BIRTH] [DATE_OF_BIRTH]. [DATE_OF_BIRTH]. Okay, [PERSON_NAME], what do I need? What do you need? I have an appointment this Saturday with [PERSON_NAME]. [PERSON_NAME] at [TIME]. Correct. Okay. I'm want to change it because I got a new job. I'm working for a staffing agency and we deal with [ORGANIZATION] [ORGANIZATION]. So I just got the paperwork as far as filling out for the dental and all that goodness. I do have my other dental plan with [ORGANIZATION] with [PERSON_NAME]. I don't know if that would cover what he wants to do this weekend. I mean, you know what I mean? He's going to start the bridge work. I'm sorry. Go ahead. Yeah, I'm just pulling it up to see how much it looks like. Your portion would have been [MONEY_AMOUNT] out of $[MONEY_AMOUNT]. So that was. And you had 399 credits. So it would be about $[MONEY_AMOUNT]. Your portion. Right. Well, if I got this new insurance which I'm going to sign up for, that's where I'm And I believe there is a [DURATION] [DURATION] incubation because I just got the email from them to where the heck is this new hire welcome for? To sign up for the name of company is infinite. To go in and sign up to view what benefits that they have for me, you know what I mean? For dinner that I have sign. Sure. It's a ppo. I've never heard of that insurance. Well no it's not. That's the name of company. [ORGANIZATION] [ORGANIZATION] is the insurance. Oh Oay. Okay. You see what I mean? So I know you have experience so I don't know what incubation time met life shows. You see what I'm saying? So y. I just started my new job officiallyected so that's why I don't want know. So what I want to do is change the appointment. Okay. So when do you want to move it? Move it back to a Saturday. What do you have? [DATE_INTERVAL] [DATE_INTERVAL] [DATE_INTERVAL] [DATE_INTERVAL] maybe. Okay, hold on, let me take a Look. Like on [DATE] [DATE]. We're not here on [DATE] [DATE]. [DATE] we'd have to go to [DATE] [DATE]. Okayor joy'not here [DATE] [DATE]. So hold on. Okay. Because I don't want to cut it too close. Got I got you. It will be a Saturday because I work Monday through Friday. Okay. I could do [DATE]. That'be of perfection. So that'give time. [TIME], [TIME] or [TIME]. Okay. I'll move you to [DATE] [DATE] at [TIME] Right now. Here's the deal. When I sign up and I, you know, all that good stuff goes through, I contact you guys and then you can view my insurance information to see what I'm going to be eligible. Ma, we may not be able to view it until it's actually in effect. Sometimes they won't letite us what the [DURATION] [DURATION] grace period. So we might be able to view it, but I don't know for sure. Well, I'mnn call you after the [DURATION] [DURATION] whatever great period they have. It may be [DURATION] [DURATION] [DURATION] now job letting you go for [DURATION] [DURATION] [DURATION] orever whatever grace period has. Once that clears, then I'm going to contact you with the insurance and then I physically have the card in my hand, insurance ID number and all that stuff. You guys can go and can check to see what I'm good for and then apply that application with what you know, with the benefits and so forth and so on. Correct? O. Okay, sounds good. Thank you. [PERSON_NAME]. I need [DATE] [DATE]. Yeah. Yes. At [TIME] and you know what? I'm still debating on trying to keep the, you know, with the other job. I told you they offer Cobra. And The Cobra is [MONEY_AMOUNT], $[MONEY_AMOUNT] [DURATION] [DURATION]. But that's with [ORGANIZATION] [ORGANIZATION]. But remember I think you guys said how had already used up the [ORGANIZATION] Devil, so I don't know it. Yes. So if I go for cobra, I got to call these people. I wonder if I have. I can do a new start or I have the same benefits saying no sense of me continuing with that. You know what I mean? Paying that premium. It. It's a [MONEY_AMOUNT]. Okay, well, I'm on it. I moved you for Monday. That's okay, [PERSON_NAME]. We moved you for Monday and we got you down for [DATE]. You let us know when you're ready and we'll look into your insurance. I shall do. I look forward to seeing you. Okay, bye. Thank you, [PERSON_NAME]. Bye.","OPENING, FEE_DISCUSSION, NEEDS_ANALYSIS, CURIOUS_EXPLORATION",0.85,True,"Includes greeting, discussion of patient costs/credits, verification of insurance details, and customer inquiring about new coverage.",medicare_inbound.zip,medicare_inbound/88fedd0505334deb89e84fab2dc0d2ae36998656_transcript.json,medicare,inbound,366.0,0.8779589,800,4444,71,DATE|DATE_INTERVAL|DATE_OF_BIRTH|DURATION|MONEY_AMOUNT|ORGANIZATION|PERSON_NAME|TIME
callcenteren,train,44d802f7ca054680ad071cd415b786e7_transcript,037540606a519afe753dd2ea26c51a5d01889a434fd3f4dc882536f6f77c5e56,"Thank you for calling [ORGANIZATION] [ORGANIZATION] [ORGANIZATION], [ORGANIZATION]. To schedule an appointment, speak with a [OCCUPATION]. For food sales or general information, please press [PHONE_NUMBER]. To ref filill a prescription, please press [PHONE_NUMBER]. Please wait a moment. Well that. This is [PERSON_NAME]. Can you please hold? Yes, thank you. Thanks for holding. How can I help you? Hi, my name is [PERSON_NAME] [PERSON_NAME] and I was told the call that you guys keep some appointments open if I called it in the morning. I have a dog, her name is [PERSON_NAME]. She's maybe [PERSON_AGE] or [PERSON_AGE]. She's a rescue. So I'm not sure exactly how old but she's had this lump on kind of like on her mammary glands underneath. That looks a little weird. I just noticed recently. And my neighbor is [PERSON_NAME] [PERSON_NAME] who's also a [OCCUPATION]. I'm not sure if he's working anymore, but he told me that I should go and get it checked out and that it probably [MEDICAL_PROCESS] [MEDICAL_PROCESS] [MEDICAL_PROCESS] [MEDICAL_PROCESS]. Okay. Yeah, unfortunately we book out at [TIME] for those slots so everything's already been booked for today. OK, we right at [TIME] tomorrow. We closed on Sundays. Okay. Your other option on Saturdays would be [ORGANIZATION] [ORGANIZATION] [ORGANIZATION] [ORGANIZATION] there in [LOCATION]. I don'think I think it's like the type of emergency that can wait until Monday but should probably be done this [DURATION]. Should I call back on Monday? So Monday we do have [DURATION] of emergency slots. Otherwise I can look for a regular appointment for you next [DURATION]. Yeah, I'm going [MEDICAL_PROCESS] [MEDICAL_PROCESS] in town until Thursday. I'm actually in [OCCUPATION] school and I'm going [MEDICAL_PROCESS] [MEDICAL_PROCESS] going back to [LOCATION]. So I was just. I don't know if you have anything of like a real appointment that I could do this [DURATION] or if I should try to get. Are you a [LOCATION] or [LOCATION] [LOCATION]? [LOCATION] [LOCATION]. I can drive to eat anywhere though. So what town are you in right now? I'm in [LOCATION]. In [LOCATION]. See on Monday I mean I can look in our [LOCATION] office. There's probably more chance of having an opening next [DURATION] because we're pretty booked already here. You don't mind going to [LOCATION]. So we do have some points available on Monday. In ourlandwood office we have a [TIME], a [TIME], [TIME] or [TIME]. I'll do it [TIME]. Okay, let me just get some info from you. What is your first name? My first name is [PERSON_NAME]. And last name? [PERSON_NAME]. [PERSON_NAME] [PERSON_NAME] [PERSON_NAME] [PERSON_NAME] [PERSON_NAME]. And a good phone number for you. Okay. And what is your dog's name? [PERSON_NAME]. [PERSON_NAME]. Okay. And what breed. Is she a Chihuahua? Next. Okay. She speed. She is okay. And said she's [TIME]. No, she's maybe like, [TIME] or [TIME]. [PERSON_AGE]. Let's call her [PERSON_AGE]. Okay, perfect. So you guys are all set then. Made the appointment for [TIME] in our [LOCATION] office for Monday with [PERSON_NAME]. [PERSON_NAME]. Do you know what target is? Yeah, [LOCATION] [LOCATION]. So that's where our [LOCATION] location is, across from [ORGANIZATION] [ORGANIZATION], and it's called [ORGANIZATION] [ORGANIZATION] as well. Okay, awesome. Okay. All right, we'll see you then. Okay. Thank you so much. Oh, just a question. When we book this appointment so that it is, like, a [MEDICAL_PROCESS] [MEDICAL_PROCESS] [MEDICAL_PROCESS] [MEDICAL_PROCESS] [MEDICAL_PROCESS] [MEDICAL_PROCESS] [MEDICAL_PROCESS], can he do it during that appointment? So he might ask you to drop her off to leave her with us? Because it will require, obviously, [MEDICAL_PROCESS]. Want more [MEDICAL_PROCESS]. But so it's something. And [PERSON_NAME] [MEDICAL_PROCESS] [DURATION] is also the following [DURATION] in [LOCATION]. So he may feel that, you know, if it. If it [MEDICAL_PROCESS] [MEDICAL_PROCESS] [MEDICAL_PROCESS] a [MEDICAL_PROCESS] [MEDICAL_PROCESS], then to drop off the next [DURATION] so he can remove that. Okay, sounds good. I'll see you guys at [TIME]. Sounds good. Thank you. Bye.","OPENING, NEEDS_ANALYSIS, PRODUCT_PITCH",0.9,True,"Includes opening greeting, agent analyzes the urgency of the pet's medical condition, and offers available appointment slots.",medicare_inbound.zip,medicare_inbound/44d802f7ca054680ad071cd415b786e7_transcript.json,medicare,inbound,323.0,0.8882548,648,4140,98,DURATION|LOCATION|MEDICAL_PROCESS|OCCUPATION|ORGANIZATION|PERSON_AGE|PERSON_NAME|PHONE_NUMBER|TIME
callcenteren,train,93be1bcbdc7543c1a2233780344fd3d9_transcript,03c67ae6cf66ffd2beead7c7360034b9567dbf3439a11961321ff0542df1dcc7,"Hello or Ylo. Hi. Hello. Yes, I'm looking for this. My. I have a window and then the double glass pane and then inside glass is broke and then outside it'okay. So I'm not sure. Can you help us to kind of replace the glass? Yes, we can definitely do that for you. However, you can replace a single pane on the double pane. If it's a double pane on only one glass is broken, we have to take it out and just put a brand new one in. Brand new Both glass or oneass? Yes, yes, it's a vacu conc seal unit with argon gas in between. Okay, so you. You replace the double glass with the pane exc. Right? Yes, with a double paint. Okay. And then how much it cost? It depends on the size. Do you have the size or do you have a picture? Yeah, I have a picture. I can send you on this number. What number? Can I call this? No, I'll give you a number where you can text it and you can send me measurements as well. And I can send you a quote. [PHONE_NUMBER] [PHONE_NUMBER]. Yeah, [PHONE_NUMBER] [PHONE_NUMBER]. And your name, ma'am? [PERSON_NAME]. [PERSON_NAME]. Yes, [PERSON_NAME]. Okay, all right. So I will will give you a call on this number. Okayice. Okay. And then I will send you the text. Okay. Okay, sounds good. Thank you. By a. Bye.","OPENING, NEEDS_ANALYSIS, FEE_DISCUSSION, WARM_LEAD",0.9,True,"Agent greets the customer, analyzes the window damage, and discusses the cost/quoting process via text.",home_service_inbound.zip,home_service_inbound/93be1bcbdc7543c1a2233780344fd3d9_transcript.json,home_service_telecom,inbound,123.0,0.8601803,239,1228,7,PERSON_NAME|PHONE_NUMBER
callcenteren,train,03eb8197efda4715bce4bd2750c0dd9b_transcript,03d21c9924e3f9dac6689a676f415c24d919928d9b6b312fc207ddcc3a48b89a,"Thank you for calling [ORGANIZATION] [ORGANIZATION]. How may I direct your call? Hi, yeah, my name is [PERSON_NAME]. I'm interested in the [ORGANIZATION] Ridge Line and like to talk to a [OCCUPATION]. Okay, let me transfer you to one. Were you already working with someone or did you need anyone available? Just anyone available? Okay, one moment, please. Thanks for choosing [ORGANIZATION] [ORGANIZATION]. We appreciate your patience as we locate an available team member. Thanks for choosing [ORGANIZATION] [ORGANIZATION]. We appreciate your patience as we locate an available team member. Meanwhile, thanks for choosing. Thank you for holding. This is [PERSON_NAME] here at [ORGANIZATION] [ORGANIZATION]. How are you doing today? Hey. Very good, [PERSON_NAME]. Hey, my name is [PERSON_NAME]. I interested. I'm interested in a [ORGANIZATION] Ridgeline RT E. Oh, awesome. Yeah, I got plenty of those. Did you have a color in particular that you were looking for or. Yeah, I don't know if it's possible. A lunar silver. And you said RT L E. Right. Rtle. So I've got the meteorite gray. I got red, white, blue. We got this color. It's like pewter. And then I've got black. It looks like the one silver or all the silvers I have are rtl. But I do have eight on the rtle. But if you had a secondary color, where would you go with that? It would be blue. It will be blue, yeah. Okay. Yeah, so I do have a blue one available that's in stock available. Is that something that you'd like to take a look at today? Yeah. Well, instead of today, just to save time, I was hoping to see the final value, the final dot, because I'm not. I'm not planning to use any finance, any loan company. It's just going to be me and, and you or the dealership to close up the deal. Take that. It would be a tax Iing cash. Yeah. I'm going to write a check and just check it out. Okay, let me. Let me see what I can come up with. A lot of the times, dealerships that we have kind of like a policy, a lot of the times they don't like us to get the final dot price without the customer here, without like the full information. But what I can do is I can get you a. It won't be spot on, but it' going to be very close to it. Let me see if I can. Because I've. Let me see what I can find for you. Let me see if I can do the math. Yeah, just. Yeah, just to spare. Just like an estimated Yeah, I know, I know. It's just. It's just that what's. What's said over the phone. Unfortunately, if it's not on paper, it doesn't count. Even. Even with your. Your good intentions, it just doesn't count. So two dealerships send me quotes. They sen me through my email their PDF file of the final with the title, sales chec, everything at the end. They did that. Okay. So. Because in fact one of them said that they just sold one of the rtle to a customer for early [EVENT] [EVENT] [EVENT] special and it's the exact same model, same color, same everything. And he basically just took that and just. Just put it on. On attached file and just send it to my email. Okay. Yeah, let. Let me see if I can talk to my management and see what I can come up with real quick. Sure. And I'll see. Let me. Is it okay if I got your number real quick just so if anything I could send you a text message. I'm going to put you on hold. I'm going to ask him real fast. No, go ahead, go ahead. Just go. Just go ask him. If there's no. If we can't get anything on paper, there's plenty of places I can go to and it doesn't matter. I can go somewhere else. Soe. Yeah, yeah. No no, no. I want to make sure that we can get you what you're looking for. That's. That's my. That's my main goal. So let me go. Let me talk to my management. Real I. That yeah, we're doing. I just want to. Just real quick. We're doing. The price of the vehicle is gonna be MSRP. So it's at $[MONEY_AMOUNT]. And then it would be just +TT&L. You're also getting our tent all season, weather mats, wheel locks, a cargo trunk tray. And you get our [DURATION] [DURATION] blue steel which is a paint and fabric. It's our paint and fabric protection warranty. So it's [DURATION] [DURATION] unlimited. Miles. I just wanted you to know what's included in the price of our vehicleay and then let me go see if I can get a price quote for you. Okayeah. Okay. Just hold them for one second. All right. You there? I grabbed my cell phone. Not the death phone. Sorry. As you could tell it's been a long day. But anyway, so I got a price quote from you. So it's going to be at [MONEY_AMOUNT], [MONEY_AMOUNT], [MONEY_AMOUNT] [MONEY_AMOUNT] [MONEY_AMOUNT] [MONEY_AMOUNT]. Okay. With the tax paddle licensing feee. I'll see if I can get you a paper one and I can send you like a picture of it. Sure. But yeah, as Far as that. Did you write that down? I'll rather just go ahead and just take it down on a file or on writing. I'll just go ahead and just take that. Okay. Yeah. All right. So the only thing is, I just need your number real quick. I could send you over basically an estimated price for you. Sure. Number [PHONE_NUMBER]. Go ahead. Go ahead. Sorry. All right, cool. [PERSON_NAME], you said [PHONE_NUMBER], [PHONE_NUMBER], [PHONE_NUMBER], right? Area code? Yeah. Okay. All right. Yeah, I'll send over. I'll see if I can get it on paper, but I don't know. Have you done business with [ORGANIZATION] before? No. No. So here at [ORGANIZATION], we just do a one simple price. So whenever we give a price and it doesn't change, so we don't change our prices, we just do one simple price. And it just negates all of the hassling and haggling that the negotiating brings. And it just makes it a lot simpler process. It makes it a lot quicker here at the dealership, too, because we just put the price out in front. So, yeah, let me see if I can get you a paper one. But as far as. As far as our price and everything, it's not going to change. So we don't change it. It doesn't matter if it's in writing or not. We don't change our prices. But, yeah, I'll see what I can do. I'll talk to my [OCCUPATION] and get a paper for you, and I'll just send it over you in a file. Okay. Okay. Good deal. All right. Thank you, sir. Awesome. Thank you so muche.","OPENING, NEEDS_ANALYSIS, PRODUCT_PITCH, FEE_DISCUSSION",0.95,True,"Contains greeting, agent analyzes vehicle preferences, pitches available stock, and customer asks for final value.",automotive_and_healthcare_insurance_inbound.zip,automotive_and_healthcare_insurance_inbound/03eb8197efda4715bce4bd2750c0dd9b_transcript.json,insurance,inbound,525.0,0.9011784,1172,6144,37,DURATION|EVENT|MONEY_AMOUNT|OCCUPATION|ORGANIZATION|PERSON_NAME|PHONE_NUMBER
callcenteren,train,3d75afb9ef5d4f50b7f7e76291024002_transcript,0479319c167da4fe5f1bc5e36cf0c1e48e1181e8fbbef1577c2f432a277a1010,"Thank you for calling [ORGANIZATION] [ORGANIZATION] [ORGANIZATION]. This is [PERSON_NAME]. How can I help you? Hey, is [PERSON_NAME] in [ORGANIZATION] available? Yeah, he's here. I can check see if he's with a customer, but I can get you right over to him. Yes, sir. I appreciate it. Absolutely. Give me one. Mom, come back. Hai [ORGANIZATION] and gonn help you. Hey, [PERSON_NAME]. How's it going, man'andre? I'm good. So me and my [MARITAL_STATUS] talked it over and so can you go over the price with me again? I believe it was like [MONEY_AMOUNT]. It was initialosed to [MONEY_AMOUNT] at the 10% APR. Now I can get that 23% APR and it's at. I believe you said it was [MONEY_AMOUNT] [MONEY_AMOUNT] [DURATION] [DURATION]. Yeah, Let me pull up the contract. Give me a second. And then the last one, if we did the trade in, that would be [MONEY_AMOUNT] [MONEY_AMOUNT] [DURATION] [DURATION]. Yeah. So the one we have structured up right now is at [MONEY_AMOUNT]. That's with the trading at a 25% interest rate. If we took the trade out, if I can remember, I believe it was [MONEY_AMOUNT] do [DURATION] [DURATION] at a 21.9% interest rate, I believe. And you are financing $[MONEY_AMOUNT] less than the original contract. All right, so I think we'll go with that option one without the trade or which one without the trade. Yeah. Okay, perfect. Let me structure it up. Can you guys make it in right now to sign the new contract? Sure. We can be it like a good [DURATION] [DURATION] plus traffic. So I'll get [DURATION] [DURATION], [DURATION] [DURATION]. [DURATION] [DURATION] at most me. So then let me do. Because I could probably e sign everything to you guys. I just double check if I can. If I can, then I'll just email everything to both of you guys and I'll have you on the phone while you guys sign. Is that okay? All right, that's fine. Okay, so let me structure everything up and then I'll give you a ring when I send everything over. Okay. Okay. Can you verify the emails that you're sending them tof One of them I have is for [PERSON_NAME]. The phone number is there are the email. So we just. Yep. And the email. And then for [PERSON_NAME] I have [EMAIL_ADDRESS]. All right. And the first number nine. Right. Because it's going toa send you a pin. Correct. Okay, perfect. Sounds last thing we I called twice to see if I could post to [PERSON_NAME] in service to check on our car. Would send a message to see if you can get back with us. Yeah, yeah, I'll try to go find them personally. It's because he's closing out the mon too. So he's running around everywhere like a chicken without a head. Like we are back here. But I'll shoot him. Over. I'll shoot him. Attack. Coming. That you're trying to get a hold of them, [PERSON_NAME], I appreciate it. Thank you, [PERSON_NAME]. Yeah.","OPENING, FEE_DISCUSSION, CLOSING_NEGOTIATION, SUCCESSFUL_SALE",0.95,True,Greeting present; detailed discussion of APR and trade-in costs; customer selects a specific option and agrees to come in and sign the contract.,automotive_and_healthcare_insurance_inbound.zip,automotive_and_healthcare_insurance_inbound/3d75afb9ef5d4f50b7f7e76291024002_transcript.json,insurance,inbound,267.0,0.8726993,501,2789,38,DURATION|EMAIL_ADDRESS|MARITAL_STATUS|MONEY_AMOUNT|ORGANIZATION|PERSON_NAME
callcenteren,train,550db4ef457d4bf9b03bea16af9724cb_transcript,04a1bb944d9372892f4148b6ceaa26efd07de4a9241f117d371fe9543cb96c09,"Thank you for choosing [ORGANIZATION] [ORGANIZATION]. If you need glass for your car or Truck, please press [PHONE_NUMBER] to speak with our [ORGANIZATION] [ORGANIZATION] [ORGANIZATION]. For all other services, please press [PHONE_NUMBER]. And we will. Good afternoon, [ORGANIZATION] [ORGANIZATION]. [PERSON_NAME], this is [PERSON_NAME]. How can I help you? Hi, [PERSON_NAME]. I was calling to get a quote on how much it would be to replace the back window in my car. Sure. And whose name do I put on the quote? [PERSON_NAME] [PERSON_NAME]. [PERSON_NAME] [PERSON_NAME], [PERSON_NAME], [PERSON_NAME] [PERSON_NAME] [PERSON_NAME]. Okay. I just got to put a little information in. Yeah, it's a 2014Chevyoll [DATE_INTERVAL] [ORGANIZATION] Impala. Yep. And it''just rear. The rear window is completely shadowed. Okay, so the whole back glass? Yeah, the entire back glass. Okay. Installed here at the shop 0606. The back glass is more expensive than your front windshield. Okay, cool. I'm just calling a few places. We get some quotes. Yeah, no worries at all. I'll save it under your name. Cool. Thank you so much. Thank you. Bye now. All right, talk to you. Bye.","OPENING, NEEDS_ANALYSIS, FEE_DISCUSSION, CURIOUS_EXPLORATION",0.9,True,"Includes greeting, gathering vehicle details for a quote, mentioning relative costs, and customer stating they are calling multiple places.",home_service_inbound.zip,home_service_inbound/550db4ef457d4bf9b03bea16af9724cb_transcript.json,home_service_telecom,inbound,124.0,0.8898804,182,1157,22,DATE_INTERVAL|ORGANIZATION|PERSON_NAME|PHONE_NUMBER
callcenteren,train,2020-03-31-17-27-19_e0a4ed04-7374-11ea-a34a-0625ef3bb6b9_df7bb49e-7374-11ea-b58b-55f65262a4d1_transcript,04bed677e2147e31f88deec161827c712e934537f857acddda99353363f9a0cd,"Then I will give you a nearest posture. Okay. This call may be recorded for quality assurance. Thank you for calling [ORGANIZATION] [ORGANIZATION] [ORGANIZATION]. My name is [PERSON_NAME]. Are you calling in today seeking coverage for a new auto insurance policy? Hello? Yes. Alrighty. In order to connect you to the right [OCCUPATION], I just need to quickly verify some of your information. May I have your name please? [PERSON_NAME] [PERSON_NAME]. Thank you. [PERSON_NAME]. Can you Please confirm your zip code? [LOCATION]. Thank you. Ma' am. Who is your current auto insurance provider? [ORGANIZATION]. Okay. And about how long have you been insured by [ORGANIZATION]? [DURATION] [DURATION] [DURATION]. I can't remember. It's like. Okay, and what do you currently pay per [DURATION] for your insurance? Okay. Do you currently own your home? Yes. Would you be interested in saving money by bundling a home and auto insurance policy today? Yes. Okay. Can you please confirm your date of birth? [DATE_OF_BIRTH]. [DATE_OF_BIRTH] [DATE_OF_BIRTH] [DATE_OF_BIRTH]. Thank you. Ma' am. In the past [DURATION] [DURATION], have you had any DUIs, SR22s or at fault accidents? No. Okay, great. Have you had two or more tickets within the past [DURATION] [DURATION]? No. Okay, great. How many vehicles are you looking to insure? One. Okay. Are you seeking coverage above the state minimum requirement? No. Would you say that your credit is excellent? Good, fair or poor? There. Okay. Have you or your [MARITAL_STATUS] ever honorably served in [ORGANIZATION] [ORGANIZATION] [ORGANIZATION]? Are you there, ma' am? Yes. Okay. Have you or your [MARITAL_STATUS] ever honorably served in [ORGANIZATION] [ORGANIZATION] [ORGANIZATION]? No. Okay, thank you. That's all the information I need. I'm searching now for your best match. Also, to ensure that you are satisfied with the coverage options that you receive. Can we follow up with automatic text messages to this number? Your consent is not required to receive a quote though. Okay. Okay. Alrighty. One moment while I find that match for you. Alrighty. It should take about [DURATION] [DURATION] [DURATION] [DURATION] to go over the coverage options available. I'm showing that [ORGANIZATION] [ORGANIZATION] is your best available option. Please hold one moment while I connect you. Please stay on the line while we connect you. Hola. Thank you for holding. I have your license staging on the line from [ORGANIZATION] [ORGANIZATION]. You have a great day. Thank you. Hello. Thank you so much. Ms. [PERSON_NAME] [PERSON_NAME]. How you doing today? Ms. [PERSON_NAME]? Ms. [PERSON_NAME], you there? Ms. [PERSON_NAME]? The [ORGANIZATION] stay. Hello? Ms. [PERSON_NAME]?","OPENING, NEEDS_ANALYSIS, FEE_DISCUSSION",0.9,True,"Greeting present, extensive data gathering for insurance eligibility, and inquiry about current insurance payments.",auto_insurance_customer_service_inbound.zip,auto_insurance_customer_service_inbound/2020-03-31-17-27-19_e0a4ed04-7374-11ea-a34a-0625ef3bb6b9_df7bb49e-7374-11ea-b58b-55f65262a4d1_transcript.json,insurance,inbound,355.0,0.96345747,421,2702,46,DATE_OF_BIRTH|DURATION|LOCATION|MARITAL_STATUS|OCCUPATION|ORGANIZATION|PERSON_NAME
callcenteren,train,b1ec436b20ff41318aaccbc51ac156ad_transcript,04c6095c25e47c56bae83709713070ae83768d312e2baa4bc74cd407808f592c,"Thank you for calling [ORGANIZATION] [ORGANIZATION] [ORGANIZATION]. Please choose from one of the following options if your pet is hel experiencing a life threatening emergency. If you are currently here for an appointment or. Here we go. Thanks for calling [ORGANIZATION] [ORGANIZATION] [ORGANIZATION] [ORGANIZATION] [ORGANIZATION]. How can I help you? Hello? Hello, can you hear me? Yes, yes, yeses. Yes, I'm calling. Okay. I'm calling because my puppy, she's a sical pool. She has been [MEDICAL_CONDITION] for I want to say approximately [DURATION] [DURATION]. Okay. Her, her, her area, her butt area is every time she, she, when she tried to use the bathroom she's screaming at [PERSON_NAME], running erratically and stuff like that everywhere. She's eating but she's not using the bathroom and her stomach is swelling enough and all types of crazy stuff. So her, her butt and her rear in her when she used the bathroom, man, it's all like look like it's red and it looks crazy. She can't use the bathroom at all. Okay. So it's all irritated down in that area as well? Yes, it looks real bad. Okay. Okay. Are you a client here already? No, I am not. I'm trying to bring her answ for something in emergency because I know if she stayed like that, you know, I'm saying it's going to mess up her insides. Yeah, yeah. Give me one second here. Let me just see when I would be able to get you guys in. Okay. Okay. Thank you. Look you like so, so now let me ask you this. Okay. Sir, I'm so sorry. One last question. How old is your puppy? I probably is only [PERSON_AGE] [PERSON_AGE]. She about [PERSON_AGE] [PERSON_AGE] old. [PERSON_AGE] [PERSON_AGE]. Okay, perfect. All right, I'm going to go present this to the [OCCUPATION] as well if you be able to get you in and I'll be your back on the line. Thank you. O. Okay, I hope. Thank you. We appreciate your patience. Please continue to hold for the next available [OCCUPATION]. Okay, thanks so much for holding. So I did discuss it with the [OCCUPATION] and he said that she definitely does need to get seen today. What we could do is we could do [TIME]. We could do a [TIME] appointment. Oay that would be the soonest that we could get you guys in. I will let you know that for new clients we have to take the exam fee up front which is like a reservation fee and it's [MONEY_AMOUNT] [MONEY_AMOUNT] [MONEY_AMOUNT]. And that covers the exam that your puppy would get. It just wouldn't cover any medications, treatments, anything like that. But I would have to take that to schedule the appointment over the phone just so you know, so let me ask you this. Do you all have any type of estimation of what it would totally end up costing? Because all she is is [MEDICAL_CONDITION]. I mean, I think that's all. I don't know You'right Why am I that? Yeah, so I'm not sure. The only estimate I could give you would be like, you know, the exam. Because obviously we are not sure. We are not rich what treatment is going to be. Yeah, Ye. We wouldnt be sure what the treatment is going to be, medications that we would send home, anything like that. But what we could do is before performing any services, we can give you an estimate before moving forward. Once the [OCCUPATION] does the exam and sees what they can do, then we can provide that estimate. Right. So basically pay the $[MONEY_AMOUNT] beforehand and then sign out. Yep. Once you're for the exam. Yep. Once you're here for the exam, they would be able to tell you what treatment they would want to perform. And we could give you an estimate for that treatment. Okay. All right. Would you, would you like to move forward with it? I have to wait until she justs off the phone. City. Yeah, it's the exam fee, reservation fee, and her appointment is at [TIME]. And then once you get there, you fine. Right. That's why I was asking her. Okay. Okay. All right. All right. She said never mind. Okay. All right. Well, I wish you guys luck. Okay. I hope your puppy feels better soon. Yeah. Okay. All right. You have a great day, sir. You too.","OPENING, NEEDS_ANALYSIS, ACTIVE_LISTENING",0.9,True,Call begins with a greeting; agent asks qualifying questions about the pet's age and client status to assess the situation.,medicare_inbound.zip,medicare_inbound/b1ec436b20ff41318aaccbc51ac156ad_transcript.json,medicare,inbound,432.0,0.8833971,735,4034,30,DURATION|MEDICAL_CONDITION|MONEY_AMOUNT|OCCUPATION|ORGANIZATION|PERSON_AGE|PERSON_NAME|TIME
callcenteren,train,a265c1c9797f4aec8ffb6966332328d4_transcript,04d04f2899f3f5e0d1a8cb6d2db9a01c17446dc087f20091321ee4bdd257c22d,"Great. [ORGANIZATION]. [ORGANIZATION]. This is [PERSON_NAME]. How may I help you? Hi, good morning, [PERSON_NAME]. I was wondering if you guys see walk in. Yes, we do. What's going on? It's from my brother. He's having a lot of pain in the left upper area. Did you say it was like swollen though? It's just really red and painful. He's laying in bed. Okay. I do have availability for [TIME] or even [TIME] today. Or let me see. Or [TIME] today. [TIME] or [TIME] [TIME]. Ye. So we do have those two availabilities. If those would work. Which one would work best for you? Yeah, the [TIME]. And then what is the cost? It's a no out of pocket cost consultation today. So we'll get them in. We'll take [MEDICAL_PROCESS] [MEDICAL_PROCESS] and everything. The [OCCUPATION] will take a look and we'll see what's going on. Okay? Yeah. So no out of pocket costs for you. That's for sure. Then can I get his last name? [PERSON_NAME]. [PERSON_NAME] [PERSON_NAME] [PERSON_NAME] [PERSON_NAME] [PERSON_NAME] [PERSON_NAME]. Perfect. And first name? [PERSON_NAME]. [PERSON_NAME] [PERSON_NAME] [PERSON_NAME] [PERSON_NAME] [PERSON_NAME] [PERSON_NAME]. [PERSON_NAME] [PERSON_NAME] [PERSON_NAME] [PERSON_NAME] [PERSON_NAME] [PERSON_NAME]. Perfect. And the best mobile phone number to reach [PERSON_NAME] at. Give me one second, I'll pull it up here. See it? [PHONE_NUMBER] [PHONE_NUMBER] [PHONE_NUMBER]. And how did you guys hear about the office today? Sorry, give me one second. No problem. Sorry. My dog knocked me over. No problem. Just found you online. Online. Perfect. Oay. Left side pane. Okay. I just want to make sure I'm getting this right. Okay. So I have him set up for the appointment today at [TIME] okay. Okay, great. Thank you so much. Of course. Thank you. We hope to see you soon. If anything changes, please give us a call. Okay? Okay. Thanks. Of course. Thank you. OK by. Bye.","OPENING, NEEDS_ANALYSIS, FEE_DISCUSSION, SUCCESSFUL_SALE",0.9,True,"Agent opens the call, assesses the patient's symptoms, confirms no out-of-pocket cost, and successfully schedules an appointment.",medicare_inbound.zip,medicare_inbound/a265c1c9797f4aec8ffb6966332328d4_transcript.json,medicare,inbound,190.0,0.8948226,308,1876,39,MEDICAL_PROCESS|OCCUPATION|ORGANIZATION|PERSON_NAME|PHONE_NUMBER|TIME
callcenteren,train,bf5024cc30ce4a4fa7806ef2f42fba5c_transcript,04e30e36d8368780d815c0f465d4f3282f5901fdee12c527a3f68b9517666d81,"Thank you for calling [ORGANIZATION] [ORGANIZATION] [ORGANIZATION] [ORGANIZATION] [ORGANIZATION] [ORGANIZATION] [ORGANIZATION] located at [LOCATION] [LOCATION] [LOCATION] in [LOCATION] [LOCATION]. If you're calling for the [ORGANIZATION] [ORGANIZATION], one for the appointment desk. If you'd like to search our directory by [ORGANIZATION] [ORGANIZATION], this is [PERSON_NAME]. How can I help you? Yes, [PERSON_NAME], I like to buy a set. I mean, I buy the lug nuts for the [ORGANIZATION] LS460. And what year is it? It's a [DATE_INTERVAL]. [DATE_INTERVAL]. And you just need new lug nuts, you said. And then. Sorry, you said [DATE_INTERVAL]. What type of car again? LS 460. 460. Okay. And you said you needed the lug nuts or was it the wheel lock, you said? Yeah, and what happened is lock is. So I just want to replace the. All four. Just regular nuts. Just a regular lug nut. Yeah. Okay. Yeah, let me check. Yeah, it looks like I do have it shown. I have about five of these in stock. Yeah. So it looks like I have a few. I'm sorry, your phone's breaking out. If I can't hear you, how much would that be? Oh, looks like. Looks like I do have five. Exactly. I can go double check and make sure that's how many I have. Looks like they're $[MONEY_AMOUNT] each. So with tax comes at [MONEY_AMOUNT]. Okay, yeah, let me go check. If you need five, that's what it's showing that I have. Exactly. So let me go check my stock and make sure that's accurate. Just to make sure. I'm not going to need to get any more. Okay. Okay. Okay. All right, let me put you on hold one second. Okay, thank you. [ORGANIZATION] [LOCATION] [ORGANIZATION] [ORGANIZATION] is the largest luxury car dealership in [LOCATION] [LOCATION] with two convenient locations to serve you. Our [ORGANIZATION] showroom is located near [LOCATION] [LOCATION] at [LOCATION] [ORGANIZATION] [ORGANIZATION] [LOCATION]. In [LOCATION] [LOCATION]. Our state of the art [ORGANIZATION] [ORGANIZATION] [ORGANIZATION] facility is conveniently located across from the [LOCATION] [LOCATION] [LOCATION] [LOCATION] near [LOCATION] [LOCATION] and the [LOCATION] [LOCATION] at [LOCATION] [LOCATION] [LOCATION] in [LOCATION] [LOCATION]. Visit our website at [URL] for new and pre owned inventory, sales, [ORGANIZATION] [ORGANIZATION] [ORGANIZATION] specials. To schedule a service appointment and to learn how to save 10% on your service bill by participating in our monthly charity partnership. You may also subscribe to our Kaizen blog from our website with helpful vehicle tips, [ORGANIZATION] event announcements and local community information. We appreciate your patience and we'll be with you shortly. Thank you. Yeah, it looks like my stock was accurate. I do have five of these here. Okay. So I come by, somebody put it on for me. Right. Can you do that? Yeah, I can put them on hold for you. What's the name you'd like them under? [PERSON_NAME] and last name? Oh, ho, ho. Okay. Yeah, I can put them on hold here at the front desk for you. No. Also, can somebody install it for me when I bring it back? We don't have at the front desk yet. We don't have any kind of tools or anything to do these. Yeah. Without, like, a service appointment. Yeah, unfortunately, we wouldn't be able to because I don't think the side drive keeps any kind of tools to install lug nuts or anything over there. Just hold me. Okay, sounds good. Thank you.","OPENING, NEEDS_ANALYSIS, FEE_DISCUSSION",0.9,True,"Contains a greeting, agent asks for vehicle details to identify the part, and discusses the price of the lug nuts.",automotive_inbound.zip,automotive_inbound/bf5024cc30ce4a4fa7806ef2f42fba5c_transcript.json,automotive,inbound,290.0,0.95112693,567,3384,61,DATE_INTERVAL|LOCATION|MONEY_AMOUNT|ORGANIZATION|PERSON_NAME|URL
callcenteren,train,95bf2822b92a4a89a61f35b4a486ed1a (1)_transcript,04fb2f588285ef965cae0d6b1021f9401214c600ad7dfbd01be7371b2def4fa0,"Thank you for choosing [ORGANIZATION] [ORGANIZATION] [ORGANIZATION]. Please listen carefully to the following prompts and choose the best option. If you are calling to request your pets medical records or information in regards to our weekend mobile [MEDICAL_PROCESS] clinics. If you are calling to schedule an appointment or to speak to a [ORGANIZATION] [ORGANIZATION] [ORGANIZATION] member, please press [PHONE_NUMBER] or. To repeat this information, please press. Thank you for choosing [ORGANIZATION] [ORGANIZATION] [ORGANIZATION]. Please listen carefully to the following prompts and choose the best option. If you are calling to request your pet'medical records or information in regards to our weekend mobile [MEDICAL_PROCESS] clinic, it is. If you are calling to schedule an appointment or to speak to a [ORGANIZATION] [ORGANIZATION] [ORGANIZATION] member, please press [PHONE_NUMBER] or to repeat this information. Can you pause in [LOCATION] [LOCATION], this is [PERSON_NAME]. How can I help you? Hey, how can I schedule like an emergency appointment for my pet? Let me see what's going on with your baby? He's not really eating. He's throwing up like everything. No? Okay, let me see if we have anything available today. Give me just one second. Thank you for calling [ORGANIZATION] [ORGANIZATION] [ORGANIZATION] where we focus on helping people, helping pets. We have four convenient full service animal clinics. You can find us in [LOCATION] [LOCATION] serving the [LOCATION] [LOCATION] [LOCATION] and [LOCATION] communities and in [LOCATION] [LOCATION]. We also have clinics in [LOCATION] serving the [LOCATION] and [LOCATION] communities. And in [ORGANIZATION] [ORGANIZATION]. We are open Monday through Friday from [TIME] to [TIME] with drop offs starting at [TIME] and Saturday from [TIME] to [TIME] Our [LOCATION] [LOCATION] Clinic and [LOCATION] Clinic are open an additional day for your convenience on Sunday from [TIME] to [TIME] if you'd like to learn more about our clinics, visit us on the web at [URL]. check us out on. Okay, I have an appointment available at [TIME] if you're interested in that. No, ma'am. You have tomorrow morning. Tomorrow morning? We don't have anything tomorrow morning. No, we're doing [MEDICAL_PROCESS] tomorrow morning. I have a [TIME] tomorrow and a [TIME] tomorrow. Yeah, [TIME] to [TIME]? Yeah, [TIME] today and [TIME] tomorrow. [TIME] today, [TIME] tomorrow. Do you have any morning appointments coming up this [DURATION]? Let me see if I have anything on. I have Friday at [TIME] that's the earliest one you have in the morning? Yeah, you know, you might. If you want, you can check with [ORGANIZATION] [ORGANIZATION] in [LOCATION] and see if they have anything available. They may be able to have something earlier, maybe tomorrow. Morning. That can get you in quicker. All right. Thank you. Yes, sorry about that. Thank you.","OPENING, NEEDS_ANALYSIS, ACTIVE_LISTENING",0.9,True,Agent opens the call and asks about the pet's symptoms to determine the urgency of the appointment.,medicare_inbound.zip,medicare_inbound/95bf2822b92a4a89a61f35b4a486ed1a (1)_transcript.json,medicare,inbound,231.0,0.9176001,450,2884,61,DURATION|LOCATION|MEDICAL_PROCESS|ORGANIZATION|PERSON_NAME|PHONE_NUMBER|TIME|URL
callcenteren,train,1f4bccee511f4e4da97edfe437fee467_transcript,0510d49f19b45e4a2d58210d7b2eed2e270cad1efb0979ac4910e392db3120be,"This call may be recorded. Thank you for choosing [ORGANIZATION] [ORGANIZATION] [ORGANIZATION] [ORGANIZATION]. This is [PERSON_NAME], how may I direct your call? Hi, [PERSON_NAME]. Could I speak to somebody in accessories please? Yeah, let me see if they are available. I'm going to place you on a brief hold. Okay. If you're thinking about a pre owned car, truck or suv, you want a vehicle meticulously tested for quality and you'll find it here at [ORGANIZATION]. Every certified pre owned car, truck or SUV is carefully inspected by the manufacturer. And only if it passes does that vehicle gain the specific title of certified which gives you manufacturer perks and warranty. At [ORGANIZATION], our certified pre owned program offers extensive limited warranty coverage, roadside assistance and more. Ask us for all the details and let us help you find your perfect certified pre owned vehicle. When our call continues with a multi point inspection from the [ORGANIZATION] [ORGANIZATION] at [ORGANIZATION], you get a thorough assessment of your vehicle by our [OCCUPATION] [OCCUPATION] [OCCUPATION]. With simple color coded keys. You'll see what on your vehicle needs immediate attention, what should be addressed sometime in the near future and what's working perfectly. It's not just an inspection, it's peace of mind. We can tell you more and schedule your service when our call continues. Your vehicle is an investment. You want to keep running strong. At [ORGANIZATION], we invest in our [OCCUPATION] [OCCUPATION] who are [OCCUPATION] [OCCUPATION] and maintain current training to ensure your car, truck or SUV gets the best possible care. We also invest in state of the art facilities with the latest diagnostic equipment and information systems so we can understand what's going on and service your vehicle completely and economically. Schedule your service appointment with us here on the phone or online. When you're maintaining and repairing your vehicle, you want the correct high quality parts. The [ORGANIZATION] [ORGANIZATION] at [ORGANIZATION] can help. Simply request the parts you want online and we'll call you when they come in. Wonder which part. Thank you for holding. I do apologize. My sister's [ORGANIZATION] [ORGANIZATION] is currently unavailable. Do you want me to leave them a message to call you back? Yes. Okay. Can I get your name? Yeah. Do you want to know what my question was or. They'll just call me back, right? Yeah, they'll call. I can get your question and everything. I was just going to grab your name and number first. Sure. My name is [PERSON_NAME]. [PERSON_NAME] [PERSON_NAME] [PERSON_NAME] [PERSON_NAME] [PERSON_NAME] [PERSON_NAME]. Okay. And my phone number? Okay. And I wanted to talk through [ORGANIZATION] cover options for my pickup. [ORGANIZATION]. All righty, dear. I'm going to get this over and we'll have. Thank you. You're welcome, hon. Have a great day. Okay. Bye. Bye. Bye.","OPENING, PRODUCT_PITCH, CURIOUS_EXPLORATION",0.85,True,"Includes opening greeting, customer inquiring about accessories, and a detailed promotional pitch for certified pre-owned vehicles during the hold.",automotive_inbound.zip,automotive_inbound/1f4bccee511f4e4da97edfe437fee467_transcript.json,automotive,inbound,217.0,0.9636072,470,2935,33,OCCUPATION|ORGANIZATION|PERSON_NAME
callcenteren,train,recording-public_858_transcript,054245fbf483684e8ddb415775c62c38a35bbad91bd08047e863b7e53e208883,"Introduce yourself. Hello, sir. This is [PERSON_NAME]. I have a beautiful customer, [PERSON_NAME], on the line with me. She's [PERSON_AGE] years of age, and she's interested in getting quotations about the low rate final expense insurance plan. Please assist her further. Okay, thank you very much. Hello, [PERSON_NAME]. Hi. How are you? My name is [PERSON_NAME] [PERSON_NAME]. I'm a [OCCUPATION] [OCCUPATION]. How are you doing today? I'm doing good. Good, good. I see you're in [LOCATION], is that correct? Yes. Okay, excellent. First question is, do you have a final expense policy now or something in place to pay for funeral and burial expenses? Not really, no. Okay, I can definitely help you out with that. Say I see a few health questions, and we'll get to get an accurate rate for you. Okay. And I'll search across the top top rated financial or final expense carriers, and we'll find the three best options for you and your family. That sounds fair. Yeah, it does. Okay, good, good. It's somewhere between $[MONEY_AMOUNT] and $[MONEY_AMOUNT] per [DURATION]. Something that affordable for you each [DURATION]. Yeah. Not $[MONEY_AMOUNT], though. Okay. All right, [PERSON_NAME]. Yeah, absolutely. We can definitely, you know, work a little bit lower there. It's something that you're comfortable with. All right. Now, we don't require a [MEDICAL_PROCESS] [MEDICAL_PROCESS] or [MEDICAL_PROCESS] [MEDICAL_PROCESS] like most companies do to get coverage. There's a few things that we do need for all, you know, that all final expense carriers need to see. We need to verify that you're a [LOCATION]. citizen. You know your Social Security number. Do you have a social available if we were to find you something? Yes, I do. Okay. And then you also just have to have the authority to make your own financial decisions out of a power of [OCCUPATION]. Can you make your own financial decisions? Okay, excellent. And then the last. The last question is the final expense carriers prefer bank draft. Do you have access to banking if you were to find something that fits your budget? Mm. Okay. Excellent, Excellent. Now, what were you thinking about? Are you thinking about, like, cremation or full burial? What were your thoughts on that for your cremation? Cremation. Okay. Cremation. Cremation. Gotcha. All right, we can look at that. I think the average cremation costs about [MONEY_AMOUNT], maybe a little bit lower, depending, you know, depending on your area. Now, who would you want that money to go to that's responsible for paying you your funeral and burial expenses? Have a children, [PERSON_NAME]. Okay. I don't have a [MARITAL_STATUS]. I go to my granddaughter and she'll divide it. Okay. [PERSON_NAME] is your granddaughter. Okay. All right, great. Okay. Right. Bear with me one second here and see what we have here. [MONEY_AMOUNT] coverage or [LOCATION]. What's your birth date? [DATE_OF_BIRTH]. [DATE_OF_BIRTH]. Okay, [DATE_OF_BIRTH]. And what's your approximate height and weight? Just a rough estimate. [PHYSICAL_ATTRIBUTE]. [PHYSICAL_ATTRIBUTE]. [PHYSICAL_ATTRIBUTE] [PHYSICAL_ATTRIBUTE]. [PHYSICAL_ATTRIBUTE]. [PHYSICAL_ATTRIBUTE] [PHYSICAL_ATTRIBUTE]. Okay, [PHYSICAL_ATTRIBUTE], [PHYSICAL_ATTRIBUTE]. Gotcha. Okay. Sorry about that. And are you a smoker or a non smoker? Not a smoker. Okay, excellent. Do you have anything going on, any major health conditions? Anything at all? Anything with the heart, lungs? No. No. Okay. Are you on any medications currently? Yeah. Okay, do you have those in front of you or. Huh. You have the names of those medications? Yeah, I take medication for [MEDICAL_CONDITION] [MEDICAL_CONDITION] [MEDICAL_CONDITION]. Okay. What do you take for that? Okay, I got that. I take that as well. Okay. All right. I think [MEDICAL_CONDITION]. As though I don't have to take that anymore because it's been about [DURATION] [DURATION]. Okay. All right. I won't put that on there. It's been [DURATION] [DURATION]. Yeah, yeah. You know, so I don't have to take. Take that no more. Okay, good, good. Anything else that you currently have, that you currently take? I take [DRUG]. Let's talk about. Take [DRUG] [DRUG] because I don't have the [DRUG] anymore. Okay. Okay. Okay. What do you take for that level? [DRUG]. Okay, I got that. And that's. All right, let's see. I think I have that here. Okay. All right. Lever. [DRUG]. Okay, I got it. Trying to figure. Okay, okay. Okay, I got that. Anything else that you take? No, that's it. That's it. Okay. All right, let's see. Okay. All right, for [MONEY_AMOUNT] in coverage, we have. See, the payment would be $[MONEY_AMOUNT]. Oh, that's a lot. That's for five. Yeah, yeah, for [MONEY_AMOUNT]. Day one coverage too. So start right away. That's five. Lower. Yeah. [MONEY_AMOUNT] in coverage would be $[MONEY_AMOUNT]. [MONEY_AMOUNT]? Yep. For [MONEY_AMOUNT]. Yeah, that would be. That would be enough to cut, you know, to cover a cremation. It would. Yeah. [MONEY_AMOUNT] would be about what we would need for. For a cremation. Yeah, I wouldn't go any longer than that. That would be $[MONEY_AMOUNT] [DURATION] [DURATION]. Per [DURATION]. Right. And how long do I have to be in the program before it pays off? This is. It doesn't expire. This is, you know, full. You know, you would keep paying on it, but it's day one coverage, so. Yeah, day one means if you were to get the policy, you make your first payment today. So you pass away, you know, later tonight or tomorrow. It would cover you for the full [MONEY_AMOUNT]. There's no waiting period, and there's some companies have a waiting period. Yeah. Okay. Okay, I can send you. Let me see what I can send you here. Do you have an email address? No. No. Okay, I'm just trying to think here. Yeah, I don't really have anything to send. I gotta pick up the call. Okay. Okay. Oh, I think he hung up. Okay. Do you want me to leave my phone number? I can. I can leave that. My name and number, and I can just save this. You can call me. Okay. My name is [PERSON_NAME] [PERSON_NAME]. Are you still there? Hello? Hello? Hello?","OPENING, PRODUCT_PITCH, NEEDS_ANALYSIS, FEE_DISCUSSION, OBJECTION_HANDLING",1.0,True,"Complete sales flow: greeting, insurance pitch, eligibility questions, price quoting, and responding to the customer's price concern.",customer_service_general_inbound.zip,customer_service_general_inbound/recording-public_858_transcript.json,customer_service,inbound,512.0,0.945177,1002,6057,68,DATE_OF_BIRTH|DRUG|DURATION|LOCATION|MARITAL_STATUS|MEDICAL_CONDITION|MEDICAL_PROCESS|MONEY_AMOUNT|OCCUPATION|PERSON_AGE|PERSON_NAME|PHYSICAL_ATTRIBUTE
callcenteren,train,2020-09-17-19-19-42_12f58bd9-c80c-4c09-b6a5-c34af10e8694_v2HWVsvPd3OtSEVrVMxK_I_bUzzKFzFv4cW6XMfHzZSVnEL9dChAwB4g_transcript,0579bcd39f4914e528b3bd17eaf32760f5274db35e07f1f82932a073651e77b4,"This call may be recorded for quality assurance. Hi there. Good afternoon, this is [PERSON_NAME] with [ORGANIZATION] [ORGANIZATION]. It looks like you're connected to Medicare [LOCATION] on auto insurance today, correct? Yes. Okay, great. So let me just go ahead and quickly verify some of your information here so I can connect you to the right [OCCUPATION]. Can I please get your first and last name? [PERSON_NAME] [PERSON_NAME]. You said the first name is [PERSON_NAME]? [PERSON_NAME]. [PERSON_NAME], [PERSON_NAME]. Okay. [PERSON_NAME] [PERSON_NAME], [PERSON_NAME], [PERSON_NAME], [PERSON_NAME]. [PERSON_NAME]. Thank you. And your zip code, please? [LOCATION]. With what company do you currently have auto insurance with? I don't. Okay, and then are you a current homeowner? Yes. Would you be interested in doing a bundle with home and auto insurance to help you save money? Depending on how much the home insurance is right now? I paid $[MONEY_AMOUNT]. Okay, and then how much you're currently paying per [DURATION]? Oh, I apologize. Can you please confirm your birthday? Can you please confirm your birthday? What? My birthday? Can you. Huh. [DATE_OF_BIRTH]. [DATE_OF_BIRTH]. And then in the past [DURATION] [DURATION]. Okay, hang on just a minute. All right. Okay, go ahead. Okay. And then in the past [DURATION] [DURATION], have you had any DUIs, SR22s or AD fault accidents? Nope. Beautiful. And what about two or more tickets in the past [DURATION] [DURATION]? Nope. All right, and what about two or more tickets in THE past [DURATION] [DURATION]? I haven't had any tickets for. My granddaughter's going to be [PERSON_AGE]. I got them when she was. So the only tickets I've ever received. Yes. All right, and then how many vehicles are you looking and how many vehicles are you looking to insure? This one? All right, and are you seeking coverage above the state minimum requirement? I don't think so. Nope. All right. Pardon. Oh, no, I was gonna ask. What do you say your credit is? Excellent. Good. Fair or poor? Good. Good. It made my book excellent. Next [DURATION] I'm trying to get up there myself. And have you or your [MARITAL_STATUS] ever honored have an [MARITAL_STATUS] [MARITAL_STATUS] that you've been [MARITAL_STATUS] to for [DURATION] [DURATION] and they will give you survivor benefits? Okay. Oh, he is [MARITAL_STATUS] for [DURATION] [DURATION]. Oh, really? I didn't know that. I see it. I didn't either. I didn't either. I got this letter. I go, why am I. What? You people are totally insane. I got one from [ORGANIZATION], which is where I get food stamps, which I don't get anymore. But you know, [MONEY_AMOUNT] [MONEY_AMOUNT] is [MONEY_AMOUNT] [MONEY_AMOUNT]. What the hell? I can. Oh, yeah, board that now. Oh, no, I'm. I'm not kidding. I've been making 789amonth for? Well, this year, because last year I was getting [MONEY_AMOUNT] something. Now I'm getting [MONEY_AMOUNT] as of [DATE] [DATE]. All right, well, [PERSON_NAME], that was actually all the information I may so had to quickly verify. Thank you. And I am searching out for your best match. But also, while your consent is not required to receive a quote, may we have your permission to send you an automated text message to this number to ensure you are satisfied with the coverage options you received and provide you with other quote options? Yes. All right. Awesome. So it should take about [DURATION] [DURATION] [DURATION] [DURATION] to go over the coverage options available. And give me one moment while I connect you. Okay. Okay. Please stay on the line while we connect you. Please stay on the line while we connect you. Please stay on the line while we connect you. [PERSON_NAME].","OPENING, NEEDS_ANALYSIS, PRODUCT_PITCH, FEE_DISCUSSION",0.85,True,"Greeting present, extensive data collection for insurance, a bundle offer, and discussion of current payment amounts.",auto_insurance_customer_service_inbound.zip,auto_insurance_customer_service_inbound/2020-09-17-19-19-42_12f58bd9-c80c-4c09-b6a5-c34af10e8694_v2HWVsvPd3OtSEVrVMxK_I_bUzzKFzFv4cW6XMfHzZSVnEL9dChAwB4g_transcript.json,insurance,inbound,417.0,0.9520802,606,3683,56,DATE|DATE_OF_BIRTH|DURATION|LOCATION|MARITAL_STATUS|MONEY_AMOUNT|OCCUPATION|ORGANIZATION|PERSON_AGE|PERSON_NAME
callcenteren,train,332305260008818long_transcript,05940ff76d1299497a5c4254807dc0ba7695699bc25191c934fe0338202dcb45,"Thank you for calling [ORGANIZATION] [ORGANIZATION] [ORGANIZATION] [ORGANIZATION] [ORGANIZATION]. This call may be recorded for quality assurance. For [ORGANIZATION], press [PHONE_NUMBER]. For licensing and titles, press [PHONE_NUMBER]. Thanks for calling [ORGANIZATION] [ORGANIZATION] [ORGANIZATION] [ORGANIZATION]. This is [PERSON_NAME]. How can I help you? Yes, I was calling to ask about a car to see if you guys still have it or not. Okay. Yeah. Which car is it? It's a [DATE_INTERVAL] [ORGANIZATION] Charger RT. Okay, give me just a second. Let me pull those up. You said it's a [DATE_INTERVAL]? Yeah. Black on black, black on white. The [DATE_INTERVAL]. How many miles is on it? How many miles is the [DURATION] on it? I'm not sure. Wait a minute. Let me see if I can pull it back up real quick. Or if you have a stock [DATE_INTERVAL] [ORGANIZATION] Charger RT is [MONEY_AMOUNT]. Let me check Real. I don't think we have it anymore. Let me check all of our inventory. Hold on. You said the models were at [MONEY_AMOUNT]. What was it? [MONEY_AMOUNT]. I'm not showing it. That we have. I guess we sold it. We do have a bunch of other RTs, though. I don't know if that's just one you were stuck on or. I mean, we can get you in another one for sure. No, just actually looking at just a certain one. So you guys don't have any more? I'm looking. I'm looking at all of our inventory just to make sure. I don't believe so. Let me check though. Don't. How much was that one for? It was for [MONEY_AMOUNT]. Sorry, give me a second to look through all of our inventory. Must have went quick because I think this just got posted. No, we do have it. I'm sorry. We do have it. Okay. We do have it. Yep, it's right here. Do. Is it Any accidents on the car? Let me pull it up. Well, do you know what we specialize in here at [ORGANIZATION] [ORGANIZATION]? No. So we specialize in branded title vehicles. And what that means is that insurance said take temporary ownership to this vehicle. Sometimes it is for collision or theft or vandalism. If it is collision, nine times out of 10, we're not going to take it if it's above cosmetic damage. We don't do anything with any [INJURY] [INJURY] [INJURY] or [INJURY] [INJURY]. So I do have a partial place list if it was, but I'm looking it up right now to see where we're at with this vehicle. It's not a salvage title, is it? It's a blue. It's still a blue. Title. So it's still. It's a rebuilt title is what it is. Oh, it's a rebuilt title. Okay. Can you get those? You can get those? Yeah, full coverage insurance on them. We finance on them. There's, there's. They're really rebuilt back into a blue title, which means you can still get full coverage insurance. You still finance on them. We still offer the extended warranty on top of the [DURATION] [DURATION], 100,000 mile powertrain warranty that's coming on it. So. And that's [DURATION] [DURATION], 100,000 miles from the day you buy the vehicle, not the day it was manufactured. And you can take it to any certified [OCCUPATION]. Okay. Yeah. And then we do offer the extended warranty that will cover it bumper to bumper. So what's the part list? Real quick? So this one is. Okay, let me see what's going on with this car. Give me just a second to put it in my computer. Not showing any accidents on it. Okay, so looks like it was a collision. Now your. The parts replace list is actually not too bad on this one because even on the. The auto check, which is what we use as a dealership, it's the one you have to pay for just like [ORGANIZATION]. So it's just gonna be your front bumper cover and assembly, your passenger side headlight and fog light, your. Your driver side headlight and fog light, and your front grille and your passenger side fender is all that was replaced on the vehicle or worked on. Okay. Okay. So I'm actually in [LOCATION]. [LOCATION], so I don't know how it works with you guys. I think it's like [MONEY_AMOUNT] or something to hold it or something. How many? Yeah, so let me, let me actually ask how much it is to hold the vehicle. Do you, do you want to get to our store or you want to like. Let me see what our closest one to you is. You live in [LOCATION]. [LOCATION], [LOCATION]? Yes. Yes. Okay, so let me see where the closest one to that would be. We've got one in. We may have one pretty close to you. Can I, can I get a good name and funnel for you? And I'll call you right back with all the details on it on what you need to do to hold the vehicle. And we can either get it to you or you can come get it. Yep. It's [PHONE_NUMBER] and my name is [PERSON_NAME] [PERSON_NAME]. How much. What was your name? I'm sorry? [PERSON_NAME] [PERSON_NAME]. [PERSON_NAME] [PERSON_NAME] [PERSON_NAME] [PERSON_NAME]. Last name [PERSON_NAME] [PERSON_NAME] [PERSON_NAME]. All right. And are you planning on financing this vehicle, or are you just paying cash for it? I'd be financing. Financing. Okay, no problem. So let me see how much it would be to hold it for you, and then see what we can do. What's closest to [LOCATION]. [LOCATION], and I will call you right back. Okay, thank you.","OPENING, NEEDS_ANALYSIS, FEE_DISCUSSION, SOFT_REJECTION",0.9,True,"Includes greeting, inquiry about a specific car, price discussion, and customer rejecting alternative vehicle options.",automotive_inbound.zip,automotive_inbound/332305260008818long_transcript.json,automotive,inbound,371.0,0.9547138,937,5106,57,DATE_INTERVAL|DURATION|INJURY|LOCATION|MONEY_AMOUNT|OCCUPATION|ORGANIZATION|PERSON_NAME|PHONE_NUMBER
callcenteren,train,bbde9d0585524fa88ee5f48fd374ac03_transcript,05dc97d8e1e393f36b34bcb31af4a6f81a079495b15d861e403ae7d5a9bbeb8a,"It's a great date. [ORGANIZATION] [ORGANIZATION]. My name is [PERSON_NAME]. Are you calling for service? Yes, I just have a question. Could you help me out? Give me a price or. We don't have pricing in the office, but depending on what your question is, I might be able to. I might be able to help you find a solution. Okay. I just received a card here and concerning getting a water heater flushed out. Okay. Is it that $[MONEY_AMOUNT] rebate card? Yeah. So what that is is it would be a free water heater flush as long as you have the tank style water heater. So it'just a reminder for that annual maintenance on your water heater. So it's just a reminder to get you on the schedule. So we can take care of that for you. Okay. Yeah. We have a rim. Okay. And is a tank style? Not the tank. Is it the tank style? So a big tank or is it a tankless? Good question. Water. I don't know. I don't know. Okay. Have we been to your location before? I'm sorry what? Have we serviced your location before? Yes, you have. Uh huh. You've done like furnace and so forth. Air and air conditioner. Okay. Can I get Your address please? YE [LOCATION] [LOCATION] [LOCATION], [LOCATION] [LOCATION] [LOCATION]. Is this [PERSON_NAME]? Yes. Uh huh. Is this [PERSON_NAME]? Let's see what we got here. I'GOING to see. We can kind of tell what that looks like. We can still come out and do. If it is a tankless, we can still come out and we can do a safety inspection on that for free with those tankless style water heaters though to do a flush, it's actually a chemical flush which does cost a little bit more because we do use those chemicals. But either way, depending on kind of what your water heater and I've seen a picture of it, it does look like you do have a tink style. As long as you haven't got a new one since [DATE_INTERVAL], we could come over and take care of that flush for you. Okay. What is the price? I'm sure my [MARITAL_STATUS] will back it's free. Free? Yep. As long as you keep that rebate card and present that to the [OCCUPATION] when they're over. Okay. Oh, if it's free, that's better yet. I know, why not, right? Yeah. Right. You want me to get that scheduled for you? Yeah, please. Okay, so we got if it's free, there has to be a catch. No, I think it's just coming in there and making sure that everything's looking good just as safety, you know, to Let us know, you know that we like to help out our neighbors. Okay. Do you happen to know the age of your water heater? Oh boy. I would say maybe [DURATION] years old. Okay, sounds good. One would be a good [DURATION] for us to come out and take a look at that. Take care of that flush for you. Well, are you looking at this [DURATION]? We could. Yeah, we could get you in. We could get you in Thursday. Friday. Friday would. Friday would work for us, I do believe. Let me check with my [MARITAL_STATUS] just a second. Friday would work well. Okay, perfect. All right, so I have you on the schedule for [DATE] [DATE] [DATE]. We do schedule for the [DURATION]. So we'll give you that heads up call when we are over headed over to your location. I just want to confirm and make sure we have the right phone number. So. So I have [PERSON_NAME] phone, [PHONE_NUMBER] [PHONE_NUMBER]. And then I have a phone number also for [PERSON_NAME], which is [PHONE_NUMBER], correct. All right, perfect. We'll give you that heads up call when we're headed over on Friday. Okay, Appreciate it. Thank you. You are very welcome. Have a great [DURATION]. Bye bye now. Same to you. Bye.","OPENING, PRODUCT_PITCH, NEEDS_ANALYSIS, FEE_DISCUSSION",0.95,True,"Contains greeting, pitch for a free water heater flush, questions about tank type/address, and mention of costs for chemical flushes.",home_service_inbound.zip,home_service_inbound/bbde9d0585524fa88ee5f48fd374ac03_transcript.json,home_service_telecom,inbound,318.0,0.9148295,666,3524,29,DATE|DATE_INTERVAL|DURATION|LOCATION|MARITAL_STATUS|MONEY_AMOUNT|OCCUPATION|ORGANIZATION|PERSON_NAME|PHONE_NUMBER
callcenteren,train,ed5e959913dd4f84871492bfd84aa3b0_transcript,05df28373ff6e4c446de330ed20e2f55ea1210790d864b851ef08fbed3735965,"Thank you for calling [ORGANIZATION] [ORGANIZATION]. Please press [PHONE_NUMBER] for [ORGANIZATION] [ORGANIZATION] [ORGANIZATION] [ORGANIZATION] [ORGANIZATION] [PHONE_NUMBER] for open roads, complete RV3 for [ORGANIZATION] [ORGANIZATION] or please press. Thank you for choosing [ORGANIZATION] [ORGANIZATION] [ORGANIZATION] [ORGANIZATION] [ORGANIZATION] [ORGANIZATION] [ORGANIZATION] [ORGANIZATION]. We truly appreciate the opportunity to serve you. If you know the extension of the party you're trying to reach, press [PHONE_NUMBER] and the four digit extension now press [PHONE_NUMBER]. For service, press [PHONE_NUMBER]. For parts, press [PHONE_NUMBER]. For automotive sales [PHONE_NUMBER]. For RV sales service, may I help you? Yes, ma' am, I am. This is Ms. [PERSON_NAME]. I'm calling to check up on my van. Okay. Do you know who your [OCCUPATION] is? [PERSON_NAME]. But I've also been dealing with another young lady. Okay, hold on one second. [PERSON_NAME]. Should I know he's in today? Hold on one second. Sa, this is [PERSON_NAME] with [ORGANIZATION] [ORGANIZATION]. Hey, [PERSON_NAME], this is Ms. [PERSON_NAME]. How are you doing today? I'm doing pretty good. How about yourself? I'm doing pretty good. Let's see, I was calling to see if. This is Ms. [PERSON_NAME] calling to see if my. If my van was almost ready. Oh, oh, yes. No, that is not almost ready. The [OCCUPATION] came out yesterday. How are you doing today? I'm so sorry, I was. I'm still playing catch up for my time out. I'm sorry. I'm sorry to hear about your father. Well, thank you. I'm sorry. I'm still trying to play catch up with everything from me being out. The [OCCUPATION] came out yesterday to look through everything. He was sent everything in and they're supposed to get back with me. They were supposed to be back with me today, but it looks like we are actually running out of time for that. So it's probably going to be Tuesday. Okay, that's fine. But at this point, that's all we're waiting on right now is we're just waiting on an answer from the warranty company because they did send an [OCCUPATION] out. Okay. All right. Well, I was just calling to get a checkup. Yes, ma' am. Absolutely. I was going to be giving you a call this afternoon. I'm just. I'm trying to reach out to everyone. I'd give them updates and everything else. Yes, sir, I understand that. Thank you so much. Thank you. Hope you have a good afternoon. All right, you too. Have a great week. Bye. Bye.","OPENING, NEEDS_ANALYSIS, ACTIVE_LISTENING",0.9,True,Agent opens the call and asks for the advisor's name to check the status of a vehicle.,automotive_inbound.zip,automotive_inbound/ed5e959913dd4f84871492bfd84aa3b0_transcript.json,automotive,inbound,199.0,0.9600331,405,2465,37,OCCUPATION|ORGANIZATION|PERSON_NAME|PHONE_NUMBER
callcenteren,train,2020-10-14-15-47-01_16ee6816-4260-41d9-a3df-7de06d1d70bc_v2pFChBt1sdRNJojH3ogsUs_pwjuMAMAo1gDe8JAc0QkglazxNAnZLQw_transcript,05f35409d9f19db0db62ed7d87e1cfcbb502b2814b7727f0736c5a7c2988b51a,"Thank you for calling [ORGANIZATION]. Your call may be monitored or recorded for verification and quality assurance. Just a moment. I'll connect you to the first available [OCCUPATION]. We'd like feedback about your experience with [ORGANIZATION] today by asking a few questions after this call. Would you like to participate? Yes. Good morning and thank you for calling [ORGANIZATION]. My name is [PERSON_NAME], who had the pleasure of speaking with today [PERSON_NAME] [PERSON_NAME]. Hey, [PERSON_NAME], looks like you got connected by [PERSON_NAME] quote there [PERSON_NAME] [PERSON_NAME] calls to discern if the individual would be eligible for [ORGANIZATION] and also could be most competitive for that individual. [PERSON_NAME], have you served in the military? You [OCCUPATION], sir. Is that what I heard? Yes, sir. Yes, sir. Okay. What branch did you [OCCUPATION] from? Amen. Okay, [PERSON_NAME], what is you asking? [PERSON_NAME] [PERSON_NAME]. Yes, sir. And my apologies, sir. I'm going to restate that. Your last name is [PERSON_NAME] [PERSON_NAME]. Yes, sir. Okay. [PERSON_NAME], [PERSON_NAME], [PERSON_NAME], [PERSON_NAME], [PERSON_NAME], [PERSON_NAME], [PERSON_NAME], [PERSON_NAME], [PERSON_NAME]. [PERSON_NAME], [PERSON_NAME], [PERSON_NAME], [PERSON_NAME], [PERSON_NAME], [PERSON_NAME], [PERSON_NAME], [PERSON_NAME], [PERSON_NAME]. [PERSON_NAME]. Okay. Okay. And your first name is [PERSON_NAME]. So your full name is [PERSON_NAME] [PERSON_NAME] [PERSON_NAME]. [PERSON_NAME] that. Okay, gotcha. I thought you were saying your last name is [PERSON_NAME] [PERSON_NAME]. All right, so first name. That's okay, I'm in. DO you're. Okay. I appreciate your patience. What is your Social Security number, sir? [US_SOCIAL_SECURITY_NUMBER]. Okay, give me just a moment, sir. Now, sir, I do find a profile that's matching a lot of your information here. Let me see if I can get you authenticated. There's a couple questions I'm going to ask you to confirm your identity. If you had created a PIN number, what would you have made that PIN number? I don't know. You want to take a stab at it, sir? [PASSWORD]. Would you be kind enough to repeat that number, sir? Was [PASSWORD]. [PASSWORD]. What is that first number that you're saying there, sir? I'm having a little bit of difficulty understanding. [PASSWORD]. Thank you, sir. [PASSWORD]. Give me just a moment. How about your phone password? What word, phrase, number or verbal password would you have provided? Oh, yes, sir. Well, you see that there's a. There's a password set up to your account that's verbal. What would be your verbal password, sir? I don't know what it is. Okay, let me try something else. How about this? Could you tell me any child's name and date of birth that would be on record? [PERSON_NAME]. Okay. What is [PERSON_NAME] last name and what is [PERSON_NAME]? State of birth, darling? [PERSON_NAME], [DATE_OF_BIRTH] [DATE_OF_BIRTH], [DATE_OF_BIRTH]. I heard [DATE_OF_BIRTH] [DATE_OF_BIRTH] [DATE_OF_BIRTH] [DATE_OF_BIRTH], [DURATION] [DURATION] ago, but Thursday. Okay, give me just a moment here. What year did you [OCCUPATION] from the Army? Because you told me you're in the army. Yeah. [DATE_INTERVAL] [DATE_INTERVAL]. [DATE_INTERVAL] is the year you [OCCUPATION]. Thank you. And thank you for your service, by the way. Well, [PERSON_NAME], I'm not able to access the profile that's here. Based off of the information that you provided to unlock your account, you can go through [URL] verify at which point it'll ask you to provide your social meaning, I can't identify your book because I can't access your profile, sir. I cannot access the profile, the individual that's populating here. So to unlock your account for us, to give you a quote, you go through [URL] upload a proof of identity.","OPENING, NEEDS_ANALYSIS",0.9,True,The call begins with a standard greeting and consists primarily of the agent gathering personal information and military status to verify identity and eligibility.,auto_insurance_customer_service_inbound.zip,auto_insurance_customer_service_inbound/2020-10-14-15-47-01_16ee6816-4260-41d9-a3df-7de06d1d70bc_v2pFChBt1sdRNJojH3ogsUs_pwjuMAMAo1gDe8JAc0QkglazxNAnZLQw_transcript.json,insurance,inbound,344.0,0.9418384,577,3778,73,DATE_INTERVAL|DATE_OF_BIRTH|DURATION|OCCUPATION|ORGANIZATION|PASSWORD|PERSON_NAME|URL|US_SOCIAL_SECURITY_NUMBER
callcenteren,train,2021-08-25-18-52-48_284c7b54-0f3c-4387-88bd-6f99bbe769d1_v2WHmAOiSJAMvO-eZebxniQ_sQRLbwPKOJY284ox9OkkYDz7HMWwRZ6g_-_Copy_transcript,0604f070fa664de37daca6a4627bc6f9e380e829e9606a106891cff0c2257517,"This call may be recorded. Hello, this is [PERSON_NAME] with [ORGANIZATION] [ORGANIZATION] [ORGANIZATION] [ORGANIZATION]. Yes, hello, I have Ms. [PERSON_NAME] on the line. She is interested in learning more about Medicare Part B and additional benefits. Her zip code is [LOCATION]. Can you assist her please? Yeah, absolutely. Thank you so much. Misss [PERSON_NAME], you're in great hand. You both have a wonderful day. Thank you. Thank you. Thank you as well. Hi [PERSON_NAME], are you still on the line? Yes. Okay, wonderful. What's a pleasure to meet you again. My name is [PERSON_NAME], I'm a [OCCUPATION] [OCCUPATION] here at [ORGANIZATION] [ORGANIZATION] [ORGANIZATION] [ORGANIZATION] and we are on a recorded line. How are you doing today? Fine. Wonderful. That's good to hear. So what we do here is we help individuals who are on Medicare understand the different Medicare programs, answer any questions that you may have and make sure that you are on a plan that gets you all the benefits that are available to you. So first I just want to verify a few things so we can pull up those available options. So just to confirm, you are currently enrolled in Medicare A and B? Yes, Wonderful. And I have a zip code here for you as [LOCATION] in [LOCATION] [LOCATION]. Yes, perfect, thank you. And Ms. [PERSON_NAME], let me also go ahead and get your zip code, please. I'm sorry, your date of birth. I apologize, I was going to say I just gave it to you. My date, I apologize is [DATE_OF_BIRTH] [DATE_OF_BIRTH]. [DATE_OF_BIRTH] [DATE_OF_BIRTH]. Yes. And what was the year again? [DATE_OF_BIRTH]. Okay, wonderful. Allgh, thank you so much for that, Ms. [PERSON_NAME]. Now, besides Medicare A and B, do you have a secondary insurance that takes care of what Medicare does' I don'remember. If I do. Okay, so when it comes to your medical decisions, do you do that or do you get help from a family member or a friend? I do that. Okay. Algh. So when you go to the [OCCUPATION], what card do you give them? The Medicare A and B. Okay, so you don'have another card like you don't have another secondary insurance like [ORGANIZATION] [ORGANIZATION]? Okay, not a problem. We can go ahead and look into that for you. All right now, Ms. [PERSON_NAME]. So again I am appointed with a lot of different carriers like [ORGANIZATION] [ORGANIZATION], [ORGANIZATION], [ORGANIZATION] and others to help folks like yourself find a help plan that works best for you. So I hope you can appreciate the fact that I don't want to promise you any extra benefits until we can see what we can get you qualified for today. So do me a favor, go ahead and grab your red, white and blue Medicare card, please. I don't have it. Okay. Did somebody else hold on to that card for you? No, I lost it. Okay, not a problem. So there is another way that we can look up that information. So let me get the full spelling of your first and last name, please. My first name is [PERSON_NAME] [PERSON_NAME] [PERSON_NAME] [PERSON_NAME] [PERSON_NAME]. My last name is [PERSON_NAME] [PERSON_NAME] [PERSON_NAME] [PERSON_NAME] [PERSON_NAME] [PERSON_NAME]. Okay, so you said [PERSON_NAME] [PERSON_NAME] [PERSON_NAME] [PERSON_NAME] [PERSON_NAME] [PERSON_NAME]. Correct. Oh perfect. Okay. And then you said your date of birth was [DATE_OF_BIRTH] [DATE_OF_BIRTH], [DATE_OF_BIRTH]. Correct. Wonderful. And let me get your full nine digits. Social Security number [US_SOCIAL_SECURITY_NUMBER]. Okay, perfect. Give me one second. Why I go ahead and look that up for you. Okay. Right now Ms. [PERSON_NAME], why go ahead and look that up? I just want to know with your secondary insurance, I know you said you dont remember who it with, but do you know if you got it on your own or if it came from a past employer or [ORGANIZATION]? I got it on my own. Okay, perfect. Algh and now are you also enrolled into your state's Medicaid assistance program? No. So I just want to verify a few things here. Ms. [PERSON_NAME] so you said your first name is spelled [PERSON_NAME] [PERSON_NAME] [PERSON_NAME] [PERSON_NAME] [PERSON_NAME]. Correct. Last name [PERSON_NAME] [PERSON_NAME] [PERSON_NAME] [PERSON_NAME] [PERSON_NAME] [PERSON_NAME] as in [PERSON_NAME]. Correct. Okay. Date of birth is [DATE_OF_BIRTH] [DATE_OF_BIRTH], [DATE_OF_BIRTH]. Correct. And then you said your Social Security number was [US_SOCIAL_SECURITY_NUMBER]. Correct. Okay. All alrigh so I'm having a little bit of trouble pulling everything here. So I'HAVING a little bit of trouble pulling everything up. So Ms. [PERSON_NAME], what I need you to do is reach out to [PHONE_NUMBER] [PHONE_NUMBER] and they will be able to fix any issues that are happening. Because when I pull up your information it's saying no match. So that usually means that there is a problem with Medicare. Okay? Okay. Okay. Okay. All right. Wonderful. Will you have a wonderful rest of your day? Thank you. Bye. Bye. You're welcome. Bye.","OPENING, NEEDS_ANALYSIS",0.9,True,Includes a greeting and the agent verifying Medicare enrollment and personal details to determine options.,automotive_and_healthcare_insurance_inbound.zip,automotive_and_healthcare_insurance_inbound/2021-08-25-18-52-48_284c7b54-0f3c-4387-88bd-6f99bbe769d1_v2WHmAOiSJAMvO-eZebxniQ_sQRLbwPKOJY284ox9OkkYDz7HMWwRZ6g_-_Copy_transcript.json,insurance,inbound,537.0,0.90936667,817,4913,77,DATE_OF_BIRTH|LOCATION|OCCUPATION|ORGANIZATION|PERSON_NAME|PHONE_NUMBER|US_SOCIAL_SECURITY_NUMBER
callcenteren,train,3a6aae153d84473e92cae0428fdc826b_transcript,06294101f8d3cdf3a4e121e6a5a0fb9758f2d9395f2a6f0f6c350ac8f85b0b10,"Thank you for calling [ORGANIZATION]. [ORGANIZATION] [ORGANIZATION], [ORGANIZATION] [ORGANIZATION] [ORGANIZATION] [ORGANIZATION], for our [ORGANIZATION] [ORGANIZATION], please. For our [ORGANIZATION] [ORGANIZATION]. For our [ORGANIZATION] [ORGANIZATION]. We're dealing at [ORGANIZATION] likely in service. Hey, [PERSON_NAME]. This is [PERSON_NAME] [PERSON_NAME]. I was calling to see if [PERSON_NAME] had ever gotten any kind of reply about my Wagoneer. Let me ask him. Give me just [DURATION] second, okay? Okay, thanks, hon. Life's like [DURATION] road that you travel on there's one day here and the next day gone Sometimes you bend Sometimes you stand Sometimes you turn your back to the wind There's [DURATION] world outside every dark indoor where blues won't haunt you anymore With [DURATION] brave opry and lover sword Combined with me to the distant shore we won't ever pay to break down the garden gate there's not much. Hold on just [DURATION] second. He's gonna talk to you, okay? Okay. Thank you. Going my way I wanna drive it [DURATION] [DURATION] long hi. Dramatic. Why is it green lightning? Hey, is this Ms. [PERSON_NAME]? Hey. It is. Hey, it's [PERSON_NAME] over here. Sorry about that. It took me [DURATION] second to get to the phone. I was finally able to talk to [PERSON_NAME], our [OCCUPATION] [OCCUPATION]. And unfortunately, there's nothing we can do in house about warrantying tires. We would have to. You would have to start [DURATION] case with [ORGANIZATION] and see what they would want to do at this point, since we can't get them, you know, to quit vibrating, even though they're balanced out correctly. You would just have to call them and voice your concerns. And then they would get in touch with us to start the process. Okay. How much is [DURATION] set of tires for the vehicle? Let me see here. And something not that brand. Gotcha. All right, give me, like, [DURATION] [DURATION] and I will call you right back, okay? Because I have to run to the [ORGANIZATION] [ORGANIZATION]. Okay, thank you.","OPENING, SOFT_REJECTION, STALLING_FOR_TIME, CURIOUS_EXPLORATION",0.85,True,"Opening greeting present, customer inquires about a status update, agent uses hold time, and informs customer they cannot handle the warranty in-house.",automotive_inbound.zip,automotive_inbound/3a6aae153d84473e92cae0428fdc826b_transcript.json,automotive,inbound,210.0,0.95266,330,2033,38,DURATION|OCCUPATION|ORGANIZATION|PERSON_NAME
callcenteren,train,DMEMED_rmbpo21_20211110-162824_7656897062_4707388-all_transcript,0650ea29ac5e3b7017d659a86a29b53f762306cdb4127c1be63170b9b0df9f0b,"Hello? Yes, hello, good afternoon. This is [PERSON_NAME] from [ORGANIZATION] [ORGANIZATION]. How are you? I'm not very good right now. Oh, it's. I'm so sorry to hear that. But I'm going to try my best just to make you feel better here. Okay. Just for me to start with this map. Am I talking to. Ma' am [PERSON_NAME] [PERSON_NAME]? Yes. Okay. And when is your birthday named? [PERSON_NAME]? What's my. What birthday? [DATE_OF_BIRTH] [DATE_OF_BIRTH]. Well, it's [DATE_OF_BIRTH]. The [DATE_OF_BIRTH]. [DATE_OF_BIRTH] [DATE_OF_BIRTH]. Okay. So, ma' am, the benefits I'm actually talking about here, it's the getting dental, vision, hearing coverage. They're reducing premiums and copays up to $[MONEY_AMOUNT]. They're reducing prescription cost. And lastly, is the extra benefit, like money back on your part D Premium up to $[MONEY_AMOUNT]. Sounds so good. Correct? Yes. But I just want to get in touch with my home right now. Yes. Okay. And just. Ma' am, for me to confirm, are you still located here in [LOCATION] [LOCATION] [LOCATION] in [LOCATION] [LOCATION], [LOCATION]? No, I'm in [LOCATION] right now. Oh, okay. Hold it. I'm going to recheck it here in our system. Okay. Okay. Okay. How about here in [LOCATION] [LOCATION] [LOCATION] [LOCATION] [LOCATION] [LOCATION] in [LOCATION]. That's it right there. That's where I'm. That's where I'm at right now. Okay. I'm in that home and. Okay. I don't know where everybody else is at, but that's where I'm at. Thank you so much for confirming then. So we're now actually down to our last process, ma' am, so that I could put your phone number into our. Do not call this. You can. You don't need to. I. I can stay here. This is my home and I can stay here. I'll stay here tonight. Okay. So nothing to worry about me. I'm just finish this process and promise me to finish this process so that I could put your phone number into our do not call list. Okay? Okay. Okay. So what I'm going to do now is just to transfer you over to one of my [OCCUPATION] [OCCUPATION] in [LOCATION] for them to able to provide your Medicare benefits at no cost to you. Okay? Okay. Okay. Then you may hear some brief music, however, there's a [OCCUPATION] that's going to be taking care of you. Okay? Okay. Okay. Here we go. I'll be with you here. Here we go. Okay, great. Just bear with me here. Okay. Okay. I'm gonna be checking your information here. Just buried me here. All right. Have you seen your [OCCUPATION] for the last [DURATION] [DURATION]? No. No, I doubt it. I don't think. I think it's been longer than that. Maybe. I don't know. I. I go every so often, but I'm not sure how long it's been. Okay. It's fine. How then? I'm going to check your benefits. Here. Okay. Again, your Phone number is [PHONE_NUMBER]. Is that correct? That's correct. Okay, I'm going to transfer you now. Again. Here we go. All right.","OPENING, PRODUCT_PITCH, NEEDS_ANALYSIS, FEE_DISCUSSION",0.95,True,"Agent opens the call, pitches dental/vision benefits, discusses premium reductions, and verifies the customer's identity and location.",medical_equipment_outbound.zip,medical_equipment_outbound/DMEMED_rmbpo21_20211110-162824_7656897062_4707388-all_transcript.json,medical_equipment,outbound,269.0,0.94917023,501,2847,36,DATE_OF_BIRTH|DURATION|LOCATION|MONEY_AMOUNT|OCCUPATION|ORGANIZATION|PERSON_NAME|PHONE_NUMBER
callcenteren,train,287ec96f662844d984ffef7ddeac3640_transcript,06719f02b7d093263ecd98c873accf7c03a838c3abf9c25ebd564923b29d8a16,"Thank you for calling [ORGANIZATION] [ORGANIZATION] [ORGANIZATION] [ORGANIZATION]. [ORGANIZATION] [ORGANIZATION]. How may I help you? Hi, I was trying to see if I can make an appointment for myself. I think I'm due for [MEDICAL_PROCESS] and I think there's a [INJURY] or something in my [MEDICAL_PROCESS]. I just got that long ago. Okay, see what? To do both appointments at the same time or. Yeah, unless he can just look at the [MEDICAL_PROCESS] because I'm not sure if I'm getting an [MEDICAL_CONDITION] or something but I feel like all my teeth are hurting right now. Okay, give me one second please. I'm sorry to hear that I. Let me get you in here. We can here one second for me. And your name, ma'am? I'm so sorry. [PERSON_NAME] [PERSON_NAME]. Second. I apologize. I don't know why it's. Ha a minute. Just give me one second. I'm so sorry. I see. Okay, well let me just. I can't get this chart to open for I don't know what's going on. Let me see. Let me just go ahead and try and get you an appointment right away. One second for me. O so we can bring you in to do a What they call a limited exam which is an [MEDICAL_PROCESS] [MEDICAL_PROCESS] of that one tooth. But you said it's an [MEDICAL_PROCESS] that we did here, correct? Yes. Okay. And could your last name be a different. I don't know why it's not opening under [PERSON_NAME] [PERSON_NAME]. Give me one second. I'm trying to say it might be [PERSON_NAME]. I'm not sure if it was ever changed in chart. Okay, hold on one second. Me. That could be problem. I do have you with some with your children but I don't have. Yeah. Yes, that what the. Okay, so we did an [MEDICAL_PROCESS] [MEDICAL_PROCESS] [MEDICAL_PROCESS] [MEDICAL_PROCESS] [MEDICAL_PROCESS] [MEDICAL_PROCESS] top right side should me top left side. Yes. And that was. You feel a [INJURY] it so feels like it. Or a [INJURY]. I tried to take a picture of it. It kind of looks like a [INJURY]. Okay, so what we could do is bring you in for an [MEDICAL_PROCESS] [MEDICAL_PROCESS] of that tooth to see what can be done and that would be the first step there we would go and see what the [OCCUPATION] would be wanting to do for it. Let me seeuse me. Would tomorrow at [TIME] [TIME] be okay? I believe so. I'll try and find a [OCCUPATION] but let me just get that appointment just in case. If not I'll call later if I can't get anybody. Okay. Mrs. [PERSON_NAME]. So we're going. Sorry, it's Ms. [PERSON_NAME] now, right? Yes, I believe once again I can find out how we could change that for. I'm sorry. So we're to do a limited exam on that, too, that we did [MEDICAL_PROCESS] for. And then he could tell you what, if anything, would need to be done. And if possible, we could do it tomorrow. If not, we will set up an appointment for the next available date. Is that okay? Okay. Do you mind if I ask? Oh, sorry. Sorry. No, go ahead. O I was going to ask if you kind of know what [MEDICAL_PROCESS] [MEDICAL_PROCESS] is made out of and what the [MEDICAL_PROCESS] is made out of and the screw that is used. I know that's a weird question, but let me give you one second. Okay. It would be a stainless steel screw, and then [MEDICAL_PROCESS] [MEDICAL_PROCESS] is made of porcelain. Porcelain. Okay. All right. Say said tomorrow at [TIME] yes, ma'am. I'm going to put you in and so we could take an [MEDICAL_PROCESS] [MEDICAL_PROCESS] of that tooth and see what's going on. And again, we'll see if we can do treatment that exact same moment. OK._ay okay, great. Thank you so much. All right, mes [PERSON_NAME], we'll see you tomorrow. Thank you so much. Have a Great. Okay, great. Bye. Thank you too.","OPENING, NEEDS_ANALYSIS, PRODUCT_PITCH, ACTIVE_LISTENING",0.8,True,"Agent opens call, analyzes customer's dental pain, suggests a limited exam (pitch), and shows empathy/listening.",medicare_inbound.zip,medicare_inbound/287ec96f662844d984ffef7ddeac3640_transcript.json,medicare,inbound,434.0,0.8656271,662,3617,46,INJURY|MEDICAL_CONDITION|MEDICAL_PROCESS|OCCUPATION|ORGANIZATION|PERSON_NAME|TIME
callcenteren,train,28d650a400d84fad86215d63bebf1d5c_transcript,067931faa61e8b8b00b1de5a845b4d74b960188d37b659288adfa0e0e8e9c8ef,"Thank you for calling [ORGANIZATION] [ORGANIZATION]. This is [PERSON_NAME]. How can I help you? Hi, [PERSON_NAME]. Do you guys have any 350 dualies? Yeah, we actually have a couple of them. Two of them that just came on the lot today. When's a good time to go to the dealership so we can see them? No. I mean. Okay, hang on, baby. It's a little hectic for me just to come in, so I would prefer to know more about them before I come in. Can you tell me anything about them or send me links to them so I can see? We have them on our website, but I can go ahead and add you into our CRM. I can go call you once we have more in stock. What's your phone number? Is that the one that we're calling? Yes. And then I'll tell you yes or no. Okay. Okay, I'll leave it open. Right. So do you want to get down [TIME] and then. Are you guys. I'm sorry, do what? Oh, my gosh. Say that one more time. Can you hear me? Yes. Sorry, I just. My kids are. They decided to go crazy all at once. I totally understand. Hey. Okay, stop for a minute. All right? Let's be done in here. You have to wash your hands. Okay, sorry. I completely understand. Don't worry. Take your time. It's okay. Okay, let's get out of here so they can stop getting in the south. Baby. All right, Go in your room. [PERSON_NAME], come here. Okay. Okay. So you have the. And they're both. You said on your website. I have a couple on my website and I have two more that just came in today. They go pretty quick. Okay. Yeah. Can you tell me about them? Only because there's. If. If it's not going to work out with you guys, then there's another dealership that has one that I don't want to miss out on. It's not my ideal color choice combination, so that's why I'm just curious. So if you could send me anything about them, like very quickly, that would be fabulous. And then I could always come down today and buy it from you guys, but otherwise I'll probably buy the other one. I got you. Let me finish this right here. So I just need a first and last name and email so I can send you links to them and pictures of them. Yep. So it's [PERSON_NAME]. [PERSON_NAME] [PERSON_NAME] [PERSON_NAME] [PERSON_NAME] [PERSON_NAME] [PERSON_NAME] [PERSON_NAME] [PERSON_NAME]. [PERSON_NAME] [PERSON_NAME] [PERSON_NAME] [PERSON_NAME] [PERSON_NAME] [PERSON_NAME] [PERSON_NAME]. My email is [PERSON_NAME] [PERSON_NAME] [PERSON_NAME] [EMAIL_ADDRESS] [EMAIL_ADDRESS]. Oh, yes. Sorry. Yep. And email for you. Nope. Alrighty. I'll go ahead and get these links up, and I'll send you pictures of the ones that just came on my lot today, and I will see if you're interested in maybe I see you. It. Okay. So were you going to do that somewhat quickly? Because like I said, I'll probably be going like within the next hours by this other one if. I mean, I would prefer not. I'll go ahead. I'll get on my. I'll get on my golf cart right now and I'll send you pictures right away. Thank you. Thank you. Okay. Yeah. Don't worry. All right. I'll get that in for you. All right. Thank you so much. All right. Bye.","OPENING, CURIOUS_EXPLORATION, PRODUCT_PITCH, NEEDS_ANALYSIS",0.9,True,Agent opens call; customer explores truck availability; agent confirms stock and collects contact information for the CRM.,automotive_inbound.zip,automotive_inbound/28d650a400d84fad86215d63bebf1d5c_transcript.json,automotive,inbound,244.0,0.950646,568,3034,27,EMAIL_ADDRESS|ORGANIZATION|PERSON_NAME|TIME
callcenteren,train,332305110047374long_transcript,06fb6cad8f46c8abe8ed6100e3931c713a7d1b15a7c1c08f6e70f0448b72bbb9,"[PERSON_NAME] [PERSON_NAME], [ORGANIZATION] [ORGANIZATION]. This is [PERSON_NAME]. [PERSON_NAME], this is [PERSON_NAME]. I think you just called me. Yeah, [PERSON_NAME], how are you? Did you get my. My voicemail? Yeah. Real quick question. Yeah. What Is that corner? The [MONEY_AMOUNT] starting price for an all wheel drive. 1. Say that one more time, please. [LOCATION] price on an oath. [DATE_INTERVAL] Corolla Kona. Yeah. What's the price? Let's see here. Are you. Are you particular on color or anything like that? Well, we get closer, yes, but right now I don't see if it can work because I'm just curious. I'm in [LOCATION] and I'm watching. I have to drive down and look at it. Okay, so the. We actually do not get hardly any of the base models in. Okay. We'll mainly get in the sels. It's one trim higher. It's about [MONEY_AMOUNT] [MONEY_AMOUNT] more expensive or a little less than that. But it's absolutely worth it. Just for the remote start alone. MSRP on those are going to be [MONEY_AMOUNT] and some change. That's before tax, title and license and before any applicable discounts for you. Is that all wheel drive? No, but I can. How much is all wheel drive? One all wheel drive adds about a [MONEY_AMOUNT] [MONEY_AMOUNT]. [MONEY_AMOUNT]. Yeah, about [MONEY_AMOUNT] [MONEY_AMOUNT]. So we're a non commission [OCCUPATION]. Highest volume [OCCUPATION] in [LOCATION]. So I, you know, I can get you special financing on. You got it for [EVENT] [EVENT]. Yeah. So right now let me just double check on the Kona. They just two smaller SUV's. That's all they are. Yeah, they, you know, is it just. Just you and another passenger? It's my daughter, her [MARITAL_STATUS] and sometimes passengers. Okay. And she's still down for luggage and crap, I take it. All right, I'll give you the honest. My honest opinion. The Kona is not a good car for backseat passengers. That's nice to know. Yeah, but the size is too expensive. And you don't even have hybrid SUVs here, do you? Oh, yeah. We can't. We can't hold on to them. Yeah. You got nothing stock? I might. Let's see, I got about 400 vehicles here right now. Yeah. All right, so about [MONEY_AMOUNT] [MONEY_AMOUNT]. Yeah. She wants to pay no more than [MONEY_AMOUNT], [MONEY_AMOUNT]. That's a big problem. Yeah, [MONEY_AMOUNT] [MONEY_AMOUNT]. Really? The Kona is going to be the only car you can come across. Or an Elantra. Elantra is a sedan. They don't make them in all wheel drive. But you have more drive for [LOCATION]. Okay. I think I Have a certified pre owned all wheel drive Kona. What [DURATION]? See right here I got a ton of them and they're all, they're all front wheels. Let me see here. Yeah, all of the. Yeah, it looks like all the certified ones I have are front wheel drive, but I have new all wheel drives in stock right now. I believe I have 0% on the Kona. Just a second. Yeah, so we're discounting to invoice and I can do 0.9% for [DURATION] [DURATION]. Zero interest rate. What's that? You just said zero interest rate. I like that. Get better. Yeah. Right. So 0.9 is as low as it goes, but if you, you know, at a [DURATION] [DURATION] term, it's going to be a high payment. If she doesn't want the high payment, you can go all the way up to [DURATION] [DURATION] with a 5.5% interest. Now she'll put down about 20, 25,000. So she'll be fine. Oh, she's gonna. Yeah. Really small amount. So the question is, I gotta see that car. I see him driving down the road and they get about [MONEY_AMOUNT] and 31 the highway. Some crazy stupid number. I had [MONEY_AMOUNT], 35 actually. But that's on the front wheel drive. So it's a couple less on the all wheel. I forgot that's what she needs. So. Yeah, I mean it comes down to when. When you want to come take a look at them. Are you gonna give me one second? Yep, Real quick. Yeah, no problem. All right, let's go back to you. The 20, it was [MONEY_AMOUNT] for an all wheel drive, you're saying? Yes, sir. And out the door tax is about [MONEY_AMOUNT]. Yeah, that's pretty much right where you're at. She's got a [ORGANIZATION] Matrix. [DATE_INTERVAL], [DATE_INTERVAL] with 200,000 miles on. What's the value of trading? Estimated an.07 with 1200-0220-0000-2200,000. I get you. So honestly, I wouldn't even have to book it out. I mean it's probably worth [MONEY_AMOUNT] [MONEY_AMOUNT]. That would help a little. A [MONEY_AMOUNT] [MONEY_AMOUNT]? Yeah. I mean. Okay, what I'm gonna have to do. Can you text me a picture of that Corona you offered for [MONEY_AMOUNT]? Yeah, I'll. So what I'll have to do is in stock, I have front wheel drives. I'll have to find an all wheel drive because the all wheel, the all wheel drives that we have are higher packages. Okay. And you're looking at like [MONEY_AMOUNT]. So I'd have to find one that's all wheel. Okay, do that and call me back or text me that. Okay? Yeah, I will, definitely. Oh, thank you so much. I've got multitasking going on at this moment. Yeah, yeah, no problem. Okay, bye. Bye.","OPENING, PRODUCT_PITCH, FEE_DISCUSSION, CURIOUS_EXPLORATION",0.95,True,"Agent greets customer; customer asks about pricing for a specific car model, and agent pitches higher trims and AWD options.",automotive_inbound.zip,automotive_inbound/332305110047374long_transcript.json,automotive,inbound,499.0,0.94906634,881,4956,53,DATE_INTERVAL|DURATION|EVENT|LOCATION|MARITAL_STATUS|MONEY_AMOUNT|OCCUPATION|ORGANIZATION|PERSON_NAME
callcenteren,train,41a4b539c1e14999a3d08a3bf189eb43_transcript,071cbe7d0c8c38118eb9f7a4d512fef120c2a60806394fbb71fd5aa9df1197fb,"Thank you for calling [ORGANIZATION] [ORGANIZATION] [ORGANIZATION] [ORGANIZATION] to best assist you. Please choose from one of the following options if your pet is experiencing a life threatening emergency. If you are currently here for an appointment or pick up to make or change an appointment, press [PHONE_NUMBER]. For food or medication refills, press [PHONE_NUMBER]. For [ORGANIZATION] [ORGANIZATION] [ORGANIZATION] [ORGANIZATION], this is [PERSON_NAME], how may I help you? We don't, but I can give you numbers for some of the emergency clinics having number? Yeah. What one did you do? La. Yes, [DURATION] [DURATION]. Okaye. That's one of the emergency clinics. So did you go there? Okay. Okay. I'm sorry. Today? [ORGANIZATION]. Ok. Okay, I'm sorry. I'm glad you got her in there. Uh huh. Okay, hold on a moment. Okay, hold on just a minute. Okay, thanks. Okay, we are refunding that and it should show up in your account like in [DURATION] [DURATION] [DURATION] [DURATION]. Okay. Yeah. I'm so sorry. There's another one down the hall. Yes, I could give you the name that we use, the company that we use and they could come out and get her if you'd like. Yeah, that's probably like. They probably use the same place we do. No we don't. Yes. No we don't do it. And I don't know. [ORGANIZATION] [ORGANIZATION] [ORGANIZATION] [ORGANIZATION] used to, but you know, they don't anymore. Who? No. [ORGANIZATION] [ORGANIZATION] and [ORGANIZATION] [ORGANIZATION] [ORGANIZATION] merged and that's how we became [ORGANIZATION] [ORGANIZATION]. Yeah. Do you want the number for? It's called [ORGANIZATION] [ORGANIZATION]. They do cretion, pet cremation and then if you want to get the ashes back, they'll bring them back to you. Usually in a [DURATION] [DURATION]. Let me get that for you. Hold on please. Okay, their number is [PHONE_NUMBER]. Sure, sure. Besides [ORGANIZATION], you went to the one in [LOCATION], did you say? Okay. Yep. There's [ORGANIZATION] [ORGANIZATION]. Phone number is [PHONE_NUMBER]. Yes. And then there's one in [LOCATION] [LOCATION]. Their number. Huh, that's odd. Yeah. Yes, it's called [ORGANIZATION] [ORGANIZATION] [ORGANIZATION]. Okay. All right. I'm so sorry. Yeah, I feel bad. Well, I'm glad. Yeah. All right, well you take care of yourself. You're welcome. Bye bye. Thank you and Happy [EVENT] [EVENT]. Thank you. All right, bye.","OPENING, NEEDS_ANALYSIS, FEE_DISCUSSION",0.8,True,"Contains a greeting, agent asks about the customer's situation with emergency clinics, and discusses a refund.",medicare_inbound.zip,medicare_inbound/41a4b539c1e14999a3d08a3bf189eb43_transcript.json,medicare,inbound,712.0,0.8834821,378,2360,46,DURATION|EVENT|LOCATION|ORGANIZATION|PERSON_NAME|PHONE_NUMBER
callcenteren,train,8f833a1221654d6199d668ab0bf14619_transcript,0724cf8f88866647b7a2f323a3bab3ce5e272cd5fd6e2b4550741856af013e52,"It's a great day at [ORGANIZATION]. [ORGANIZATION] [ORGANIZATION] [ORGANIZATION] [ORGANIZATION]. This is [PERSON_NAME]. How can I help you? Oh, yes, I'm going to see if I can get a [OCCUPATION] [OCCUPATION] come look at my [OCCUPATION] [OCCUPATION]. All right, not a problem. I can certainly assist you. May I please have your first and last name? [PERSON_NAME] [PERSON_NAME]. [PERSON_NAME] [PERSON_NAME] [PERSON_NAME], [PERSON_NAME] [PERSON_NAME]. Perfect. Thank you very much, [PERSON_NAME]. And I show here. You're calling from the [PHONE_NUMBER] [PHONE_NUMBER] [PHONE_NUMBER]. Is this the best number to reach you? No, that's my cell number and it won't accept calls that aren't in my contact. Let me give you my [MARITAL_STATUS] cell number to call back if you have to call back. Okay? His name is [PERSON_NAME]. [PERSON_NAME] [PERSON_NAME] [PERSON_NAME] [PERSON_NAME] [PERSON_NAME]. Same last name. Perfect. Thank you so much. I appreciate it. And is this a mobile phone? Pardon? Is this a mobile phone? Yes. Great. Thank you very much. And your zip code is [LOCATION], correct? Correct. Perfect. Thank you very much. We do have service in your area. Have you used our service before? No. Right. No problem. Could you please provide me Your street address? [LOCATION] [LOCATION] [LOCATION], [LOCATION], [LOCATION]. Okay. What did you tell [ORGANIZATION] [ORGANIZATION] [ORGANIZATION]. And may I also have your email for confirmation of your appointment? Thank you. Just making sure. This is for a residential property, right? Correct. Great. May I ask you how you heard about us? I just looked up on the Internet to find a [OCCUPATION] [OCCUPATION] [OCCUPATION] [OCCUPATION] because I don't think [ORGANIZATION] does it anymore. And it's a machine that we bought from [ORGANIZATION]. Understood. Not a problem. And do you know what is the brand of the [OCCUPATION] [OCCUPATION]? It's a [ORGANIZATION] Elite. Thank you. What is the main problem you're having with it right now? It keeps going off balance, even if we put a little bitty load in it. So I don't know if it's. Something's worn out in. It's only six years old. Okay, perfect. Thank you. Six years old, you said, right? Yes. Thank you very much, [PERSON_NAME]. Now, we will send one of our [OCCUPATION] [OCCUPATION] to your home. They will diagnose the problem and give you an exact quote. Now, if you choose not to have the repair done, you pay only a diagnostic fee for $[MONEY_AMOUNT]. But if you choose to have the repair done, you pay only the amount that the [OCCUPATION] [OCCUPATION] will quote, meaning just for the repair. Okay, perfect. Do you have a preferred date and time for the appointment or just as soon as possible? Kind of as soon as possible. All right. Now let's see. By taking the calendar here, I Show how that we have availability for tomorrow during the morning. Will that work for you? That will not work. I'm having [MEDICAL_PROCESS] tomorrow morning. So do you have anything on Thursday? Thursday? Yes. Either during the morning or afternoon. Let's make it [TIME] [TIME]. Neither my [MARITAL_STATUS] or I are early morning people. No problem. Got it. Now I will go ahead and schedule you for Thursday to [TIME] [TIME] [TIME] [TIME]. The exact time will be confirmed by the local office. You should receive a [DURATION] [DURATION] window and a confirmation email with all of the appointments details. Okay? Okay. Perfect. Before I let you go, I will also like to remind you that all work performed by [ORGANIZATION] [ORGANIZATION]. It's backed by our [ORGANIZATION] [ORGANIZATION] promise. You can visit [URL] for more information. Do you have any questions or something else that I can help you with? No, I think that'take care of it. Awesome. Thank you very much. In that case, for calling [ORGANIZATION]. [ORGANIZATION]. At the end of the call, you will be directed to a quick survey. Thank you for your feedback. Can I help you? Enjoy the rest of your day. Thank you. My pleasure. Bye. Bye. Your feedback is important to us.","OPENING, NEEDS_ANALYSIS, WARM_LEAD",0.9,True,Agent greets the customer and collects detailed personal and property information to facilitate a service appointment.,home_service_inbound.zip,home_service_inbound/8f833a1221654d6199d668ab0bf14619_transcript.json,home_service_telecom,inbound,337.0,0.9316201,667,4021,69,DURATION|LOCATION|MARITAL_STATUS|MEDICAL_PROCESS|MONEY_AMOUNT|OCCUPATION|ORGANIZATION|PERSON_NAME|PHONE_NUMBER|TIME|URL
callcenteren,train,1f320d80c54e497aa8431e1900c85d8d_transcript,078bbd56d09076bf09846205a7e22cc3be158ce6a347631dd84c60a46ddacd68,"###en [ORGANIZATION] [ORGANIZATION]. This call may be recorded for quality assurance, first service or parts for sales. Press [PHONE_NUMBER] to speak with an [OCCUPATION]. Wait while I transfer your a call. Thank you for calling [ORGANIZATION] [ORGANIZATION]. [PERSON_NAME], this is [PERSON_NAME]. How can I direct c call? All right. To [PERSON_NAME]? Absolutely. Can I access calling so I can let him know? [PERSON_NAME] [PERSON_NAME]. Perfect. You know what the call is in reference to? Pardon? He know what the call is in reference to? He left me a message about a car that's absolutely. Who Moment. Hello? Yes, this [PERSON_NAME]? Yes, sir, this is [PERSON_NAME] [PERSON_NAME]. You left me a message about a. I think it was a [DATE_INTERVAL] white [ORGANIZATION]. Yep. I got a [DATE_INTERVAL] white RX here that I think may fit your criteria. How many miles? 47,000. That doesn't fit my criteria. What are you looking to be under? Under 30? For sure. Under 30. Okay. Preferably under 20. Okay. I'll make a note of that right now. So under. I mean, I've only got. I've got 70 on the one I've got. Okay. And yours is a [DATE_INTERVAL], right? 15. 15. Okay. Okay. Under 30 to 20 y. I mean if I could find one with 6,000, that'd be great. Sure, sure. Absolutely. Okay. And as far as far as budget, where. Where were you again on the budget? Because this one with 47,000 miles two and 20 is at 45 and a half. So I'm not sure where you were budget wise. It's based on the car. What I'm willing to spends based on the car and the condition. O. Okay, yeah, no problem. I understand. So if I find something a little bit newer. I know you wanted to stay. You didn't want the new model, so [DATE_INTERVAL] reason I didn't want the new model was the drivetrain. I don't want to gas and a blower if there was a new car that ran on regular gas. Ye. Unfortunately it's not that way now. Yeah, yeah. And that was the whole criteria. Gotcha. Okay. Yeah. So let me see again, now that I have this other information, I'll put that in here and I'll just keep searching for you and once I find something. I know you wanted to be in a white vehicle. Did you care about the interior color? Yeah, I prefer lighter colors. I don't really like black. White interior. Okay. Yeah, the one I had here was black. Anyway, so you know, you get a white one with one of those bamboo interiors and stuff, that'd be nice. Okay. But the, you know, it. It's all a matter because right now you're better off buying a new car than you are a used car because the used car prices are way too high. Right? They are. Ye. I bought this car when it was [DURATION] [DURATION] [DURATION] [DURATION] old and I think I paid [MONEY_AMOUNT] for it or maybe [MONEY_AMOUNT], but that was all right. Right. And you know, yeah, I can see spending close to list price for a new car, but I can't see spending $[MONEY_AMOUNT] less on a used car that's got 15,000 miles on it than I would haveew. Right, right. The only difference is that it's going to come with that L certified warranty there. So you're going to get an additional [DURATION] [DURATION] unlimited mileage as well as four complimentary services when you get a pre owned. So there are some advantages, there is some decent value into all of that. But yeah, I mean totally up to you. But yeah, all the new ones they are four cylinder turbo, which take premium. Yeah. And [ORGANIZATION] just cut me out of their market when they did that. I got you. I understand. Okay, thanks. All right, [PERSON_NAME], I'll be in touch. Siray. Bye bye. Ye.","OPENING, PRODUCT_PITCH, NEEDS_ANALYSIS, FEE_DISCUSSION, SOFT_REJECTION",0.9,True,"Agent opens the call, pitches a specific car, analyzes mileage/budget needs, discusses the price, and the customer rejects the specific vehicle based on mileage.",automotive_and_healthcare_insurance_inbound.zip,automotive_and_healthcare_insurance_inbound/1f320d80c54e497aa8431e1900c85d8d_transcript.json,insurance,inbound,364.0,0.89912266,651,3549,30,DATE_INTERVAL|DURATION|MONEY_AMOUNT|OCCUPATION|ORGANIZATION|PERSON_NAME|PHONE_NUMBER
callcenteren,train,DMEMED_rmbpo17_20211014-105419_8702067243_3923584-all_transcript,078da4f449ae18a5ed6609ad4748928bd188ad9e16359d287b40116ca5134dff,"Hello? Yeah, hello, good morning, this is [PERSON_NAME] [PERSON_NAME] from [ORGANIZATION] [ORGANIZATION]. I'm speaking with [PERSON_NAME]. Yes, I am [PERSON_NAME]. Who are you again? I am [PERSON_NAME] [PERSON_NAME] and I hope, [PERSON_NAME]. Yeah, and I hope you still remember me, [PERSON_NAME]. I am the one who called you last time regarding of your additional benefits that no cost to you. This will remember me. I am [PERSON_NAME] [PERSON_NAME] from [ORGANIZATION] [ORGANIZATION]. Okay. Okay, great. So [PERSON_NAME], last time you provided to me some information from you and please correct me if I'm wrong. Okay? Okay. So [PERSON_NAME], you're born on [DATE_OF_BIRTH], [DATE_OF_BIRTH], right? Correct. Okay, great. And you said to me that you are diagnosed with a [MEDICAL_CONDITION] [MEDICAL_CONDITION] [MEDICAL_CONDITION], is that correct? That is correct. Okay, great. I mean, I'm so sorry to hear that. And are you still located at [LOCATION] [LOCATION] [LOCATION] [LOCATION], [LOCATION] [LOCATION] [LOCATION], [LOCATION] with zip code [LOCATION]? Is that correct? That is correct. Okay, great. So [PERSON_NAME], as I find here that you are diagnosed with [MEDICAL_CONDITION] [MEDICAL_CONDITION] [MEDICAL_CONDITION] and you are a Medicare card holder, you're very much qualified to receive your cardio kit at new cost at all. Okay, wait a minute. What kind of kit? With. No. Your cardio kit. Cardio kit. Cardio. For my heart. For your [MEDICAL_CONDITION] [MEDICAL_CONDITION] [MEDICAL_CONDITION]. Okay. Okay. So [PERSON_NAME], can I ask, aside from [MEDICAL_CONDITION] [MEDICAL_CONDITION] [MEDICAL_CONDITION], do you have, I mean, are you experiencing a body pain like back pain, knee pain or symptoms on your shoulder? Come again? Yeah. I am a [OCCUPATION] [OCCUPATION] and I [INJURY] [INJURY] [INJURY] [INJURY] [INJURY] [INJURY] [INJURY]. Then my loving [MARITAL_STATUS] bounced me [INJURY] [INJURY] trampoline and [INJURY] [INJURY] [INJURY] [INJURY] [INJURY] [INJURY] same side. Then I had to have another [MEDICAL_PROCESS]. Oh, I'm so sorry to hear that, [PERSON_NAME]. So [PERSON_NAME], since you are diagnosed with. I mean, since you're experiencing a body pain and you are a Medicare card holder, you're very much qualified to receive your [MEDICAL_PROCESS] unit also. Okay. Okay. Okay. So aside from that, you're going to receive also your cardio kit. Okay. Okay. Okay. So [PERSON_NAME], I'm going to explain to you how this kit work. Okay. So again, this is [PERSON_NAME] [PERSON_NAME] from [ORGANIZATION] [ORGANIZATION] [ORGANIZATION] on our carded line. This is a follow up call regarding your benefits through your insurance at no cost to you. And some new benefits recently became available that you may qualify for. You said to me earlier that you are diagnosed with a [MEDICAL_CONDITION] [MEDICAL_CONDITION] [MEDICAL_CONDITION], is that correct? Okay. So I'm so sorry to hear that. So there is a [MEDICAL_PROCESS] [MEDICAL_PROCESS] that you qualify for to determine if you get your [MEDICAL_CONDITION] [MEDICAL_CONDITION] [MEDICAL_CONDITION] through your genes or you get them outside conditions. And if you have [MEDICAL_CONDITION] [MEDICAL_CONDITION] [MEDICAL_CONDITION] through your genes. You can warn your family members that this is something that runs in your family. And also take steps towards preventative care with your [OCCUPATION]. Okay? Okay. Okay. So this test is an easy [MEDICAL_PROCESS] [MEDICAL_PROCESS] that will check for many types of [MEDICAL_CONDITION] [MEDICAL_CONDITION] you may be genetically predisposed to getting. And this saliva collection kit is mailed out to your home. All you have to do is rub the inside of your mouth for saliva and it back in the prepaid envelope that's provided. And again, this is at no cost to you. Okay. It's great. Okay, great. So have you ever done a [MEDICAL_PROCESS] [MEDICAL_PROCESS] [MEDICAL_PROCESS] before? No. Right? No. Okay, great. So [PERSON_NAME], do you have a family member or family history that also diagnosed with [MEDICAL_CONDITION] [MEDICAL_CONDITION] [MEDICAL_CONDITION] like your mom or your dad? Not to my knowledge. How about your auntie or your uncle? Just a family history element. I don't think so. You don't? So if it's possible that I am going to put here that your grandparents is diagnosed with [MEDICAL_CONDITION] [MEDICAL_CONDITION] [MEDICAL_CONDITION] in the past to make you quality. Any of my grandparents, but my mother's mother. She's the only grandparent I met. Okay. So I'm [PERSON_NAME]. All right, so what is the name of your [OCCUPATION] [OCCUPATION]? [PERSON_NAME] [PERSON_NAME]. [PERSON_NAME] [PERSON_NAME] [PERSON_NAME] [PERSON_NAME] [PERSON_NAME] [PERSON_NAME] [PERSON_NAME]. Right, Right. [PERSON_NAME] [PERSON_NAME] [PERSON_NAME] [PERSON_NAME] [PERSON_NAME] [PERSON_NAME]. [PERSON_NAME] [PERSON_NAME] [PERSON_NAME] [PERSON_NAME] [PERSON_NAME]. [PERSON_NAME] [PERSON_NAME]. Okay. And this [OCCUPATION] is also from [LOCATION], right? [LOCATION]. Not [LOCATION]. I mean [LOCATION]. Sorry. Okay. Okay. Okay. So just hold it. Okay. So Your [OCCUPATION] is [PERSON_NAME]. [PERSON_NAME], right? [PERSON_NAME] [PERSON_NAME]. Yes. Is that spelled [PERSON_NAME] [PERSON_NAME] [PERSON_NAME] [PERSON_NAME] [PERSON_NAME] [PERSON_NAME] [PERSON_NAME]? Right. [PERSON_NAME] [PERSON_NAME] [PERSON_NAME] [PERSON_NAME] [PERSON_NAME] [PERSON_NAME] [PERSON_NAME]. [PERSON_NAME] [PERSON_NAME] [PERSON_NAME]. [PERSON_NAME]. Okay, I got it here. It's [PERSON_NAME] [PERSON_NAME]. This is a [OCCUPATION] [OCCUPATION] from [LOCATION], [LOCATION]. Is that correct? Our [MEDICAL_CONDITION]. Okay, [PERSON_NAME] here. So, all right. It appears that we have all of the information we need to process request. So now upon submission of this information, you agree to do a [MEDICAL_PROCESS] [MEDICAL_PROCESS] [MEDICAL_PROCESS] as a benefit to your insurance. Is that correct? Yes. And mail it back to you, correct? Yeah, exactly. Okay, great. And I have the addresses and everything for me to know to mail it back to you, correct? Yeah. [PERSON_NAME], the next step is to have our [ORGANIZATION] [ORGANIZATION] call you. And they will call you at the number I just called you on. So I want to confirm with you that you're officially opting in to receive information in a follow up phone call regarding [MEDICAL_PROCESS] [MEDICAL_PROCESS] [MEDICAL_PROCESS]. So by saying yes now you do agree to a follow up call about this item, Is that correct? Yes. Okay, great. So for your security and obtained verification. May I ask what is your favorite color is? Red. Red. Red. I'm [PASSWORD] [PASSWORD]. Okay, great. So again, I am submitting your information and the [ORGANIZATION] [ORGANIZATION] that will be calling you because they will know your favorite color, which is red. Right. Okay. Okay, great. So again, I am submitting information and the [ORGANIZATION] [ORGANIZATION] will call you shortly to process order. Is that okay? That's. Yes. Okay, great. Yeah, great. So do you have any questions for me before I put in a request for you? Are they gonna call me back today or another day? Today. And in exactly [TIME]. [TIME] [TIME] [TIME]? Today? Yeah, [TIME] [TIME] [TIME]. Okay, that will be fine. Okay, great. So, [PERSON_NAME], thank you for your time and I'm glad I could help you out today. Okay. You are? Yeah. Stay your line open and where are you? Stay healthy. Where were you born? I love your accent. I'm from. I. I was born and raised in [LOCATION]. [LOCATION]. Yes. Okay. I had a [OCCUPATION] in [LOCATION] from [LOCATION]. Okay, thank you. Yeah, thank you. Have a nice day. You too. Bye. Bye.","OPENING, NEEDS_ANALYSIS, PRODUCT_PITCH, CURIOUS_EXPLORATION",0.9,True,"Contains greeting, verification of medical condition, a pitch for a cardio kit, and customer inquiry about the kit.",medical_equipment_outbound.zip,medical_equipment_outbound/DMEMED_rmbpo17_20211014-105419_8702067243_3923584-all_transcript.json,medical_equipment,outbound,504.0,0.94706404,1137,7608,184,DATE_OF_BIRTH|INJURY|LOCATION|MARITAL_STATUS|MEDICAL_CONDITION|MEDICAL_PROCESS|OCCUPATION|ORGANIZATION|PASSWORD|PERSON_NAME|TIME
callcenteren,train,6549b1f85e474a759b5be54237a1565c_transcript,07a069b5e0c532dbef10df8e73f023d483c6bf03ab87565fd9554830a67f91f4,"Thank you for calling [ORGANIZATION]. [ORGANIZATION] [ORGANIZATION] [ORGANIZATION] [ORGANIZATION] [ORGANIZATION] [ORGANIZATION] located at [LOCATION] [LOCATION] [LOCATION] [LOCATION] in [LOCATION], [LOCATION]. to reach [ORGANIZATION]. To reach part. To reach [ORGANIZATION], press [PHONE_NUMBER]. Please hold while I try that extension. Vehicle under the hood. Choose between the 3.0 liter 304, 40 horsepower supercharged V6 engine and the 3.0 liter 254 horsepower diesel engine. The [ORGANIZATION] [ORGANIZATION] Discovery. Lineup. [ORGANIZATION] [ORGANIZATION] [ORGANIZATION], [ORGANIZATION]. This is [PERSON_NAME]. Yes, I was calling because I have a [DATE_INTERVAL] [ORGANIZATION] [ORGANIZATION] HSE V6 supercharged. And I was looking for the [ORGANIZATION] [ORGANIZATION] plug on that. All right, let's take a look here. Our web based catalog was down [DURATION] [DURATION] ago, so got to refresh this thing. Let me see. Okay, cool. No problem. The 13v6 charged? Yep. All right. All right, it looks like I've got the drain plug here. It's [MONEY_AMOUNT]. Okay. Could you set it to the side for [PERSON_NAME] [PERSON_NAME]? [PERSON_NAME]. [PERSON_NAME]. I got a [PERSON_NAME] [PERSON_NAME] at [LOCATION] [LOCATION]. Yeah, it's the same address. It's the same person, but it's a different address now. And you can update that dress too. Gotcha. There's another one. It's showing [LOCATION] [LOCATION] [LOCATION]. No, no, this one was my. My old address. [LOCATION] [LOCATION] [LOCATION] [LOCATION] is actually updated now to [LOCATION] [LOCATION] [LOCATION], [LOCATION]. If you want to do that now, you can. That's fine. Yeah, I'll go ahead and Change that now. [LOCATION]. What was it? Yeah. [LOCATION]. [LOCATION] [LOCATION] [LOCATION] [LOCATION] [LOCATION] [LOCATION] [LOCATION] [LOCATION], [LOCATION]. Zip, zip code [LOCATION]. Right around the corner. [LOCATION]. Yeah. You actually moved closer to us, huh? Yeah. Right around the corner. Yeah. Did you need anything else? Just one drain plug. That was it. Cool. I'll go ahead and have it up front. All right. Thank you, sir. Yes, sir.","OPENING, NEEDS_ANALYSIS, FEE_DISCUSSION, SUCCESSFUL_SALE",0.9,True,"Greeting, identifying the specific car part needed, providing the price, and customer requesting to set the item aside for pickup.",automotive_inbound.zip,automotive_inbound/6549b1f85e474a759b5be54237a1565c_transcript.json,automotive,inbound,211.0,0.94557726,305,2093,63,DATE_INTERVAL|DURATION|LOCATION|MONEY_AMOUNT|ORGANIZATION|PERSON_NAME|PHONE_NUMBER
callcenteren,train,332304300027236long_transcript,080383d3f911571790a9115589b7eea947615039d8b491197f7dfab4bf297353,"Hello. Thank you for calling [ORGANIZATION] [ORGANIZATION]. If you are experiencing a medical emergency, please hang up and dial [PHONE_NUMBER] or go to your nearest [ORGANIZATION] [ORGANIZATION]. To schedule, cancel or reschedule an appointment, please press [PHONE_NUMBER]. You can also book medical appointments using our new online. Thank you. A [OCCUPATION] [OCCUPATION] will assist you shortly. Good afternoon. Thank you for calling [ORGANIZATION] [ORGANIZATION]. This is [PERSON_NAME]. May I help you? Yes, I was calling. I have been going to a [OCCUPATION] for [DURATION], [DURATION] [DURATION] for hair loss. And I'm not sure if you have anybody there that. I'm not saying that they have to only do hair, but you know somebody that I could see in your office? Sure. [PERSON_NAME] you're a new patient to us? Yes, I would be. All right. May I have your name? [PERSON_NAME]. [PERSON_NAME] [PERSON_NAME] [PERSON_NAME] [PERSON_NAME] [PERSON_NAME] Last name [PERSON_NAME] [PERSON_NAME] [PERSON_NAME] [PERSON_NAME] [PERSON_NAME] [PERSON_NAME] [PERSON_NAME] [PERSON_NAME]. I guess I should have asked first because I haven't looked into my insurance and if you take my insurance, what insurance do you have? I have a [ORGANIZATION] hmo Silver Proactive. Yes, we do. Okay. Do you know what tier you are? I believe we're at tier one in most. That's perfect. Yeah, I just don't wa want to. Sure. You know your d bir? Anybody that's [DRIVERS_LICENSE] [DRIVERS_LICENSE] [DRIVERS_LICENSE] [DRIVERS_LICENSE] [DRIVERS_LICENSE]. Okay, let me get you registered. And did you want to come to [LOCATION] or were you going to [LOCATION]? Yes. Okay. Can you hold on one minute for me? Sure, sure. Sor about that. Your address, please? [LOCATION] [LOCATION] [LOCATION]. And that's spelled [LOCATION] [LOCATION] [LOCATION] [LOCATION] [LOCATION] [LOCATION] [LOCATION] [LOCATION] [LOCATION] [LOCATION] [LOCATION]. And that's in [LOCATION]. Okay. Your phone number, please. [PHONE_NUMBER]. It's my name. [PERSON_NAME] [PERSON_NAME]. I'm sorry? Not.underore [PERSON_NAME] [PERSON_NAME]. [PERSON_NAME] my name and last name. [EMAIL_ADDRESS] and how did you hear about. I just saw it. Like I drive by it and I like my [OCCUPATION]. I just need a change right now. I it. And then insurance. You said you had [ORGANIZATION]? Yep. If you want the number, I have it. Yes, please. [HEALTHCARE_NUMBER]. And do you need referrals with that flex? Yeah, I'll have to get one once I have an appointment and I would need your NPI number. Okay. Are you the subscriber to the insurance? Yes, I am. All right, let's get you an appointment now. Do you have any, like, later in the [DURATION] or. I'm not sure, not really. Okay, what time are you looking for? Yeah, well I guess the latest that I could get it. Honestly my I don't have a [TIME] [TIME] [TIME] job like I freelance so I'm usually, you know, it's hard for me to go at lunchtime let's say because I travel a lot. [PERSON_NAME] I was hoping closer to the end of the [DURATION]. Okay, let me let the computer run the schedule here and see what we can come up with. Hold on a second for me. Sure, sure. Let me just finish this. On [DATE], [DATE] [DATE], I have at [TIME]. That's really the latest coming up with O. Yeah. Any later dates? Because that [DURATION]. I know'm I'm not going to get home by [TIME]. Let me, let me see what my. I have a [TIME] on the [TIME] on the [DATE]. Let's see. Yeah, that's about it. [DATE] is a Friday. Okay. Yeah, I could do the [DATE] at [TIME] you said yes? Yeah, [PERSON_NAME] [PERSON_NAME] [DATE] [DATE]. [PERSON_NAME] when you come in you'll need to bring your photo id, your insurance card and we do have to have a credit card on file. Okay. Okay, sure, not a problem. And I'll get a referral closer to that date. That's fine because yeah, they only last for like [DURATION] [DURATION] and whatnot. All right. And any particular [OCCUPATION] I'm seeing? Oh, you're seeing a [OCCUPATION], [PERSON_NAME]. Okay, and what's the NPI number? [NUMBER_SEQUENCE]. I'm sorry. [NUMBER_SEQUENCE]. [PERSON_NAME] that's [NUMBER_SEQUENCE]. Correct. Okay. And I'm going to see [PERSON_NAME]. All right, thank you very much. You're welcome. Bye.","OPENING, NEEDS_ANALYSIS, CURIOUS_EXPLORATION, ACTIVE_LISTENING",0.9,True,Call begins with a greeting; agent analyzes patient needs regarding hair loss and verifies insurance eligibility.,medicare_inbound.zip,medicare_inbound/332304300027236long_transcript.json,medicare,inbound,531.0,0.8950072,687,4192,96,DATE|DRIVERS_LICENSE|DURATION|EMAIL_ADDRESS|HEALTHCARE_NUMBER|LOCATION|NUMBER_SEQUENCE|OCCUPATION|ORGANIZATION|PERSON_NAME|PHONE_NUMBER|TIME
callcenteren,train,2fc07e8027bb455b97a2bacf723b0953_transcript,080d1a9d310bfa9bd203f64cb7f26b136a931d6b64f9a9dcdc0de18603dad199,"Thank you for calling [ORGANIZATION] [ORGANIZATION] [ORGANIZATION] [ORGANIZATION] [ORGANIZATION] [ORGANIZATION] to reach [ORGANIZATION] to reach parts please press to to reach [ORGANIZATION] to reach the business office. [ORGANIZATION] [ORGANIZATION] [ORGANIZATION] [ORGANIZATION] [ORGANIZATION] on [ORGANIZATION]. Hey [PERSON_NAME], this is [PERSON_NAME]. I just got disconnected. Hey. Yeah, I heard a loud screeching noise from the phone and I. Yeah, how can I help you? So I was looking at a car that you guys have on the website. It's a Dango RT Plus. It's a [DATE_INTERVAL] for like [MONEY_AMOUNT] or something. Yeah, I believe I tried to shoot you a text earlier and maybe. Yeah, yeah, that was my house. S I live in the woods so I don't get sell o. Okay, cool. You left a message though, I think. Or someone did. Yeah, I had one of my. We got a little bit swamped with leads this morning so I had one of the other [ORGANIZATION] [OCCUPATION] just reach out to one or two of them and you were one of them. But I answer the phone so I'm happy to help you out. What can I do for you? Have you guys gotten that yet? Is it in stock or is it still in transit? You said it's a GT Premium RT plus. RT plus. Sorry. And I have the. Let me look at the number here. I got it. Yeah, it ends in. That one is in transit it looks like. Let me tell you where it's at. We have a bunch of cars up in [LOCATION] right now. We're about to get just swamped with new cars here soon and this one might be one of them. Let me just check. Yeah, that one's one of the ones in [LOCATION]. Okay. Yeah. So release that facility ready for the [OCCUPATION]. We have an eta Dayate of the [DATE] [DATE] [DATE] month to today. So that thing will probably be here tomorrow. I'm not 100% sure, but yeah, that should be in [MONEY_AMOUNT] [MONEY_AMOUNT]. Let's see hereeah it looks like MSRP is [MONEY_AMOUNT] do we're discounting that thing? About $[MONEY_AMOUNT]. And then there's $[MONEY_AMOUNT] from the manufacturer rebate all. What color is that? That one is white exterior, black interior and it's RT plus. So it has like the sunroof, the second row, [OCCUPATION] chairs. Let's see here. Enterior picture. Let's see here. Leather trimmed bucket seats, advanced brake assist, ventilated seats, power sunroofeah full speed collision warning. It's got the trailer tow group. Second row. Yeah, second row fold and tumble. [OCCUPATION] s chairs, heated front seats Heated second seats. Yeah, this thing's pretty much got everything. All right. I would really like to do that. So I have Thursday and Friday off this week. I live down in. I live east of the casino down here in [LOCATION] [LOCATION], down by [LOCATION]. Yeah. But I work at the hospital down in [LOCATION] [LOCATION]. Okay. But I got this. Thursday in, Friday off. Yeah. I mean, hopefully that thing is here. Like I said, the ETA date, literally the end of it is today in it'memorial Day. So my guess is that it'll be here tomorrow. Like I said, we're about to be swamped with new cars. It's. So, I mean, depending on how I. Do you want to buy this thing? Sounds like. Yeah, I think so. So, I mean, I could essentially work a deal with it. Looks like maybe. Do you still have that. That [DATE_INTERVAL] that you bought from [PERSON_NAME] [PERSON_NAME] a long time ago? Y. Yeah. Are you trading that thing in? Yeah. Okay, so essentially we could work a deal over the phone and I get you, like, trade stuff and essentially we can knock everything out. I could sign you up on it and then knock on wood, this thing's here tomorrow or the next [DURATION]. We're already agreed on numbers. Nobody comes and buys it out from under you, and it's just a done deal and it's just waiting to get picked up on Thursday, Friday, whatever [DURATION] you want to come in. Yeah, I got Thursday, Friday, Saturday, Sunday, and then I think Monday off possibly too. I'd have to check. So I don't know if that's an option for you if you want to just work a deal on this thing and it's going to be here real soon. Yeah, I would be pretty interested in that. Okay. Yeah. Are you financing it at all or what? Financing on top of the trad. Okay, cool. Do you own that thing outright or is there still money outwed on it? We own it outright. Nice. Cool. Yeah, that makes things easier. Any money down at all or are you just using the trade? I'm not sure yet. I was going to kind of play with that, seeing what to do. Yeah, for sure. The putting like [MONEY_AMOUNT] down with it or. Yeah. And on how that would affect the payments. How many miles are on the one that you got now? It's got 130 now. Okay, sweet. Okay. I mean, I could get that booked out and get you a number on that. That way you can kind of play with it a little bit more and decide what kind of money down you want to do. And then from there that gives you a little bit of time to think on. If you want to, I guess, work. If you want to work a deal before. Are you there? Hello?","OPENING, CURIOUS_EXPLORATION, NEEDS_ANALYSIS, ACTIVE_LISTENING",0.9,True,Greeting present; customer explores availability of a specific car; agent analyzes the request by checking stock and location.,automotive_and_healthcare_insurance_inbound.zip,automotive_and_healthcare_insurance_inbound/2fc07e8027bb455b97a2bacf723b0953_transcript.json,insurance,inbound,429.0,0.88826954,923,4954,44,DATE|DATE_INTERVAL|DURATION|LOCATION|MONEY_AMOUNT|OCCUPATION|ORGANIZATION|PERSON_NAME
callcenteren,train,8ef631d7d2bd40aaa61d5781172ad62c_transcript,084a93d79b7b40a03846b1c41214b374a459e4d3cd8e8d03cc253200b88acd1e,"Thank you for calling [ORGANIZATION] [ORGANIZATION] [ORGANIZATION] [ORGANIZATION] leaders in eycare. If you know your party's extension, please dial it now. If you are a referring position, please press [PHONE_NUMBER]. For appointments, please. For [MEDICAL_PROCESS] [MEDICAL_PROCESS], please press [PHONE_NUMBER] if you have questions about your bill. For the [ORGANIZATION] [ORGANIZATION], please. For all other calls, please. Thank you for calling [ORGANIZATION] [ORGANIZATION] [ORGANIZATION] [ORGANIZATION] leaders in eyc Care. If you know your party's extension, please dial it now. If you are a referring [OCCUPATION], please press [PHONE_NUMBER]. For appointments. For [MEDICAL_PROCESS] [MEDICAL_PROCESS], please. If you have questions about your bill, please press [PHONE_NUMBER]. For the [ORGANIZATION] [ORGANIZATION], please press [PHONE_NUMBER] for all other calls. Your call may be recorded for quality assurance and training purposes. Thank you for calling. Name how can I help? Oh, yes, thank you. Isturlo a customer and I need to someone review my prescriptions because there is a problem with the pharmacy. I need to double check this. Okay, let me check that. So let me see if you are in the system. Can I have your data approved? [HEALTHCARE_NUMBER] 6. Okay. What is your last name? [PERSON_NAME] [PERSON_NAME]. Okay, got it right here. Okay. Yeah, I'm seeing that you have an appointment on [DATE]. Right. Okayop. Okay, I think the call is is coming up. Okay, can you hear me? Are you able to hear me? Yes, yes, go aheadkay. Okay, so you're calling about a prescription? Yes. Okay, can you tell me the situation again? Okay, I have a recipion called lat an approached but theor the [PERSON_NAME]. [PERSON_NAME] last week she ordered a new prescription with additional drugops for my but the [ORGANIZATION] information there is some mistake from the [OCCUPATION] or someone that don't get the prestision to CBs then I cannot pick up Then I need to someone double check with the [OCCUPATION] or with the system what's going on with my new prescription. Okay, so [ORGANIZATION] the pharmacy [ORGANIZATION] doesn't have the new prescription? Yes. Okay. For [DRUG] copy she supp she was going to send to [ORGANIZATION] but nobody knows what is the brand. Nobody knows what is the prescription. Then someone makes it to Talk with the [OCCUPATION] with [PERSON_NAME]. [PERSON_NAME] for my years. Okay, all right. So just to make sure presption never send the prescription. Okay, so someone made a mistake and they and that person didn't send the prescription to [ORGANIZATION]. Right, right, right. Let me check with the [ORGANIZATION] [ORGANIZATION]. Yes, I check with the [OCCUPATION] in [DURATION] [DURATION]. What's happening? Okay, all right, let me see what's going on. Okay, I'mnna place you in a really brief hold. I'm going to talk with the [ORGANIZATION] [ORGANIZATION]. Okay, perfect. Thank you. This is [PERSON_NAME], how can I help you? Oh, thank you. I'm [PERSON_NAME] I'm one of the customers and there is a problem with my new prescription. I don't know I had. I had an appointment with the [PERSON_NAME]. [PERSON_NAME] in for [ORGANIZATION] and she ordered a new prescription a new drops for my [MEDICAL_CONDITION] but something happened but yeah, you're supposed to get. Yeah, you're supposed to get [DRUG]. You're already taking the [DRUG] sir, you're already taking the [DRUG] [DRUG] every night in both eyes, correct? Yes, yes, yes but now. Okay. Ye ye so now the new one is called [DRUG] and I don't see unfortunately that they sent it so I'm going to go ahead and send it for you. You want it sent to What? What location? [ORGANIZATION]. [ORGANIZATION] in [LOCATION] [LOCATION]. [ORGANIZATION] in [LOCATION] [LOCATION] [PERSON_NAME]? Yeah, what your, what's your zip code there where you live? [LOCATION] Let me look. Hang on a second. Okay, [LOCATION] [ORGANIZATION] [LOCATION] [LOCATION]. Is there a street name or something that you can give me just to make sure that I send it to the correct one? It's very near to [LOCATION] [LOCATION]. Okay, [LOCATION] [LOCATION]. Okay, perfect. I'm going to go ahead and send that right now. I apologize for you not getting that but I'll take care of that for you. Okay? Okay. Okay Perect maybe someone for to send to them? Ye yeah, I think they probably got real busy there and didn't get to it but I'll go ahead and take care of it for you. Okay okay, cool. Thank you very much. Okay, you're welcome. All right, bye bye Than.","OPENING, NEEDS_ANALYSIS",0.9,True,Contains the initial greeting and the agent gathering customer identification and the reason for the call.,medicare_inbound.zip,medicare_inbound/8ef631d7d2bd40aaa61d5781172ad62c_transcript.json,medicare,inbound,552.0,0.8540244,736,4503,74,DATE|DRUG|DURATION|HEALTHCARE_NUMBER|LOCATION|MEDICAL_CONDITION|MEDICAL_PROCESS|OCCUPATION|ORGANIZATION|PERSON_NAME|PHONE_NUMBER
callcenteren,train,8036356528_transcript,085370209979a23c43bddf53cb6802246f7ba6c4f36f8d4a0a9c931ca983cae5,"Hello. Hi, this is [PERSON_NAME]. How are you doing today? Okay, so, Miss, the reason of my call is to let you know that your Medicare has been upgraded and you are receiving some additional Medicare benefits at no additional cost to you. I hope that sounds good to you. Yes. So, Miss, for this upgradation, I do believe you have Medicare with part A and part B active, right? Yes. And I also do believe you make your own decisions regarding Medicare. My daughter and I, we make them together. Okay, fine. And your last name spelled says [PERSON_NAME] [PERSON_NAME], [PERSON_NAME], [PERSON_NAME], [PERSON_NAME], right? My last name is [PERSON_NAME]. [PERSON_NAME], [PERSON_NAME], [PERSON_NAME], [PERSON_NAME], [PERSON_NAME]. I beg your pardon? How do you spell it? [PERSON_NAME] [PERSON_NAME], [PERSON_NAME], [PERSON_NAME], [PERSON_NAME], [PERSON_NAME]. Okay, fine, I got it. And how do you spell your first name, miss? [PERSON_NAME], [PERSON_NAME], [PERSON_NAME], [PERSON_NAME], [PERSON_NAME], [PERSON_NAME], [PERSON_NAME]. Okay, fine. [PERSON_NAME], [PERSON_NAME]. That sounds good. And what's your zip code, miss? [LOCATION]. And like, have you made any kind of changes in your Medicare plan in past [DURATION] [DURATION]? No, I haven't. Okay, and just a second. And in which state do you recite? Miss? Excuse me? What's your state? [LOCATION] [LOCATION]. [LOCATION], [LOCATION] [LOCATION]. Okay. And can you please help me out? What's your date of birth? Is. What's your birthday? [DATE_OF_BIRTH]. [DATE_OF_BIRTH]. It's [DATE_OF_BIRTH]. [DATE_OF_BIRTH]. [DATE_OF_BIRTH]. [DATE_OF_BIRTH]. Wait a minute. [DATE_OF_BIRTH] [DATE_OF_BIRTH], [DATE_OF_BIRTH]. Okay. Okay, fine. And what's your street address, miss? [LOCATION], [LOCATION] [LOCATION]. Your full street address. Excuse me? Your street address, miss. Your street address. [LOCATION] [LOCATION] [LOCATION] in line. Okay, just a second. I'm getting your mailing address. And like, do you have Medicaid as well, or only Medicare? A long time, ma' am. I don't know how long. Okay, fine. No problem. When I was in the state of [LOCATION]. Okay, the last thing I would like to ask you is, do you have that red, blue and white Medicare card with you? Do I have what? The red, blue and white Medicare card. No, my daughter has that, ma' am. Okay, sorry. No problem. And Miss, like by turn says, do you remember your [ORGANIZATION] [ORGANIZATION]? No, I don't. I don't know the number. Someone called me, ma' am. Bye. Okay, fine. No problem. Hello? Hello?","OPENING, PRODUCT_PITCH, NEEDS_ANALYSIS, FEE_DISCUSSION",0.9,True,"Agent opens the call, pitches Medicare upgrades, mentions no additional cost, and collects eligibility and personal details.",insurance_outbound.zip,insurance_outbound/8036356528_transcript.json,insurance,outbound,168.0,0.9414499,387,2507,53,DATE_OF_BIRTH|DURATION|LOCATION|ORGANIZATION|PERSON_NAME
callcenteren,train,332305180004817long_transcript,086e937d5bac707a64987bd87dce74b52db48f5ca8850d682c6af24eaf2a8059,"Hello. Thank you for calling [ORGANIZATION] [ORGANIZATION]. If you are experiencing a medical emergency, please hang up and dial [PHONE_NUMBER] or go to your nearest [ORGANIZATION] [ORGANIZATION]. To schedule, cancel or reschedule an appointment, please press [PHONE_NUMBER]. You can also book medical appointments using our new. Thank you. A [OCCUPATION] [OCCUPATION] will assist you shortly. You are currently caller number three, waiting to speak with a [OCCUPATION]. The estimated hold time is currently [DURATION] [DURATION]. Thank you for your patience. Thank you for calling [ORGANIZATION] [ORGANIZATION]. This is [PERSON_NAME]. May I help you? Yeah, good morning, [PERSON_NAME]. I have to change myointment. I just got a notice about my appointment and unfortunately I have another appointment that [DURATION]. And you know, when I originally made the appointment, they had called a couple times afterwards to change it and I guess I didn't realize it wasn't a good thing for me. Okay, what is your name, please? Is [PERSON_NAME] [PERSON_NAME]. Okay, so you have an appointment scheduled on next Tuesday at [TIME]? Yes. And that's the one they want you to change? Well, no, that's. I mean, no, that's the one I want to change. I mean, when I was in last, I. Yeah. All right. [PERSON_NAME]. [PERSON_NAME], I think is pretty far out for [MEDICAL_PROCESS] [MEDICAL_PROCESS], but let me see. Yes, the next thing that's available is [DATE] [DATE]. That's fine. [TIME], [TIME] [TIME] [TIME] [TIME]. Is that what [DURATION] or the [DURATION] is that? Wednesday. Yeah, that's fine. That'll be fine. I'll make a. Okay. All right, you are in. So that's [DATE], [DATE] [DATE] [DATE] [DATE]. H. Okay, awesome. Thanks so much. You're welcome. Have a good [DURATION]. You too. Bye. Thank you. By thank you for calling [ORGANIZATION] [ORGANIZATION]. This is [PERSON_NAME]. May I help you? Ye. Good morning, [PERSON_NAME]. I have to change myointment. Just got a notice about my appointment and unfortunately I have another appointment that [DURATION]. And you know, when I originally made the appointment, they had called a couple times afterwards to change it and I guess I didn't realize it wasn't a good date for me. Okay, what is your name, please? Is [PERSON_NAME] [PERSON_NAME]. Okay, so you have an appointment scheduled on next Tuesday at [TIME]? Yes. And that's the one they want you to change? Well, no, that's. I mean, no, that's the one I want to change. I mean, when I was in last. Yeah. All right. [PERSON_NAME]. [PERSON_NAME], I think is pretty far out for [MEDICAL_PROCESS] [MEDICAL_PROCESS], but let me see. Yes, the next thing that's available is [DATE] [DATE]. That's fine. [TIME], [TIME] [TIME] [TIME] [TIME]. Is that what [DURATION] or the [DURATION]? Is that Wednesday? Yeah, that's fine. That'll be fine. I'll make a. Okay. All right. You are in. So That's [DATE] [DATE] [DATE], [TIME] 3rd assist. Okay, awesome. Thanks so much. You're welcome. Have a good [DURATION]. You too. Bye. Thank you by. Bye.","OPENING, NEEDS_ANALYSIS, PASSIVE_AGREEMENT",0.9,True,"Contains greeting, agent verifying appointment details and customer identity, and customer agreeing to a new appointment time.",medicare_inbound.zip,medicare_inbound/332305180004817long_transcript.json,medicare,inbound,308.0,0.9126463,491,3017,64,DATE|DURATION|MEDICAL_PROCESS|OCCUPATION|ORGANIZATION|PERSON_NAME|PHONE_NUMBER|TIME
callcenteren,train,20dec974fc6d4b3789fa4572e3da377034954155_transcript,08858ee9c2f57083542309c8df61e6823a2cc0e0c1be1e1597837c9d8dd7a6ab,"Thank you for calling [ORGANIZATION] [ORGANIZATION]. Thank you for choosing [ORGANIZATION] [ORGANIZATION]. My name is [PERSON_NAME]. How can I help you today? Yes, I [INJURY] a Tuesday this weekend and I'm having [MEDICAL_PROCESS] on the [DATE] [DATE] [DATE] and I have to have it fixed this [DURATION] or I don't have my [MEDICAL_PROCESS]. I'm so sorry to hear that, miss. Let me see what I can dig up. Just to confirm, are you a [MEDICAL_CONDITION] patient or an existing patient with it? I was a patient [DURATION] [DURATION] ago. Okay, quite a while back. Like the least [DURATION] [DURATION], unfortunately. Will you be using insurance for your visit, miss? No, I'll do it on credit card. Okay. So just to let you know, miss, Just so we're on the same page, normally the first visit for our patients would be a [MEDICAL_PROCESS] [MEDICAL_PROCESS]. We can't guarantee any treatment that first visit. Well, I can't get into my [OCCUPATION] and I have to have it done this [DURATION]. Oh, that being said, we don't have any openings this [DURATION] either. The least I could schedule you would be the [DATE]. That would be next Tuesday. No, it has to be done by this [DURATION]. End of this [DURATION]. I have to have a school requireance before my [MEDICAL_PROCESS]. I could check one of our assist locations to see if maybe they have any earlier opening. Do you still have the one out here in [LOCATION] [LOCATION] [LOCATION] [LOCATION]? We have [LOCATION]. There was one out on [LOCATION] and [LOCATION], [LOCATION] and [LOCATION] in [LOCATION] parking lot. That was the last one I went to. I was out there. I don't see that direction here. I. I have. I don't know, close. Okay, the closest. All right, five miles away. No, I'm not going to [LOCATION] [LOCATION]. No way. Okay'been [LOCATION], which is seven miles away. Where is it at? In his though it's on the [LOCATION] [LOCATION] next to Domino'across from the [ORGANIZATION] and [PERSON_NAME] [PERSON_NAME]. Okay, let me try one another Denntal place and I'll get back to you. Okay, man, sorry I can'work. Anything out for you. All right, bye. Have a good day. Bye.","OPENING, NEEDS_ANALYSIS, FEE_DISCUSSION, OBJECTION_HANDLING",0.9,True,"Includes opening, analysis of patient status, discussion of payment method, and agent attempting to handle the customer's urgency/scheduling objections.",medicare_inbound.zip,medicare_inbound/20dec974fc6d4b3789fa4572e3da377034954155_transcript.json,medicare,inbound,205.0,0.8896797,366,2126,44,DATE|DURATION|INJURY|LOCATION|MEDICAL_CONDITION|MEDICAL_PROCESS|OCCUPATION|ORGANIZATION|PERSON_NAME
callcenteren,train,3523475714_P2_transcript,088eb2a9b73ad70cb97ec567a2af3cce928e335f30594b38ce24da1af4f4e426,"Hi, thank you for holding. This is [PERSON_NAME] [PERSON_NAME]. I'm a [OCCUPATION] [OCCUPATION] here at the [ORGANIZATION] [ORGANIZATION]. I'm speaking with [PERSON_NAME] [PERSON_NAME]. Yes, I have. I have. I have Ms. [PERSON_NAME] [PERSON_NAME] with me. She don't have her medical card, but she do remember her socials. You. You can take over the call. Okay, thank you. Well, yes, as I was saying, you should have been transferred to take a look at the Medicare plan option you have and see if there are any more additional savings or benefits available to you in the area. Normally, we would use, obviously, the Medicare ID number to pull up the Medicare coverage and benefits, but you do not have it available. You are okay with using your social to look up your coverage? Yes. Let me see what I have here. Oh, boy, so much. I have a Medicare health insurance. That's it. Not that. Okay. Yep, that. Yeah, that's it. Okay. A blue and white card. Yes. Okay. Yep. And underneath your name there should be your Medicare ID number. Yes. [HEALTHCARE_NUMBER] [HEALTHCARE_NUMBER]. And when did your coverage for part A start? There should be [DURATION] [DURATION], [DURATION] [DURATION], and [DURATION] [DURATION]. It's just. It's not too very long, you know, my brain. I can't remember. Well, it shows it on that. There's a hospital part A start date on the bottom of the card. [DATE], [DATE] [DATE], [DATE] [DATE]. That's it. Yes. Coverage starts so [DATE] [DATE], [DATE]. Yeah. And date of birth is [DATE_OF_BIRTH] [DATE_OF_BIRTH]. Yes. And I do have to ask everyone that I speak with, do you make your own health care decisions? Yes. And besides Medicare, do you get any help from Medicaid or the state? No, I think that's it. No, I'm not sure. Oh, boy. How. How do I know where I get it from? I'm not sure because you're gonna have troubles with my brain here. And date of birth, [DATE_OF_BIRTH], [DATE_OF_BIRTH]. [DATE_OF_BIRTH]. That's right. Okay. And did you say that you have trouble with your brain? Yes. Very forgetful. What kind of trouble with your brain? When I don't. I can't remember things. And I go to. Up to this morning, I was at the [OCCUPATION] office there. My memory. Memory problems. Okay. And are you capable of, you know, making your own healthcare decisions or do you require someone to help you out? No. Well, my granddaughter is a. I was a [OCCUPATION] and my granddaughter is a [OCCUPATION], and we do it together, but I have the last say. Okay. All right. Are you still with me? Yes, ma' am. And that is [LOCATION] [LOCATION], right? Yes, [LOCATION] [LOCATION]. So let's take a look here. So I do see the [ORGANIZATION] [ORGANIZATION] drug plan. That looks like you have a UMR supplement plan, so you are good to go. You have a supplement plan with your UMR and a [ORGANIZATION] [ORGANIZATION] drug plan, so you have everything that you need. You are good to go. You don't need to take any more of these phone calls, okay? Okay. Thank you, sir. Thank you.","OPENING, NEEDS_ANALYSIS, PRODUCT_PITCH, PASSIVE_AGREEMENT",0.9,True,"Greeting included, agent collects personal/insurance data for analysis, mentions potential savings, and customer agrees to the process.",insurance_outbound.zip,insurance_outbound/3523475714_P2_transcript.json,insurance,outbound,342.0,0.95744514,524,2983,42,DATE|DATE_OF_BIRTH|DURATION|HEALTHCARE_NUMBER|LOCATION|OCCUPATION|ORGANIZATION|PERSON_NAME
callcenteren,train,2693083045_P1_transcript,0898f89a777eff86d4544ad3aae19afbdb5b0ea1476c8c9e40f3a66137f3f905,"Hello? Hello? Hi Miss, this is [PERSON_NAME] here from [ORGANIZATION] [ORGANIZATION]. How you doing? Fine. That sounds great, ma' am. God bless you. So Miss, the reason I'm calling you today is because your Medicare insurance is getting upgraded for this year. And also Miss, you are receiving some additional Medicare benefits and this will be at no additional cost to you. So I hope it sounds good to you, Miss [PERSON_NAME]. You hope? I hope it sounds good to you, ma' am. Oh, yes, it does. Okay. Yeah. Okay. So Ms. [PERSON_NAME], like after this upgradation, all your expenses will be taken care by Medicare Part A and Part B. And also miss, after this upgradation, you will be receiving up to $[MONEY_AMOUNT] money back in your Social Security as well. And miss, the best part is you are not going to pay anything for this because this will be at [MONEY_AMOUNT] [MONEY_AMOUNT] premium to you for the upgradation. I do believe, ma' am, you have both Medicare Part A and Part B active, right? I think so. Okay. And Ms. [PERSON_NAME], I do believe regarding Medicare, you make your own decisions, right, ma' am? Yes. Okay. And Ms. [PERSON_NAME], just for the confirmation, I can see here you are residing in [LOCATION] [LOCATION] [LOCATION] [LOCATION]. It's [LOCATION] [LOCATION], [LOCATION], [LOCATION]. And your zip code is [LOCATION], correct, ma' am? Yes. Okay. And Ms. [PERSON_NAME], I'm having your date of birth with me. Correct me if I'm wrong, it's [DATE_OF_BIRTH] [DATE_OF_BIRTH]. Is that correct, ma' am? Yes. Okay. And missile. And the last thing I need to know is, ma' am, do you receive any employer or retirement benefits? No. Oh, that's great. So [PERSON_NAME], like first of all, a very big congratulations to you, ma' am, because as I can see here, you are already qualified to get this benefit at $[MONEY_AMOUNT] premium to you. So Ms. [PERSON_NAME], what I'm gonna do is I'll get you connected to my [OCCUPATION] [OCCUPATION] [OCCUPATION] and he will be from your same area with the same zip code, that is [LOCATION]. So Mr. [PERSON_NAME], like he will be taking your precious [DURATION] [DURATION] [DURATION] [DURATION] and, and he will just explain you what exactly the free benefits you are getting for this year from Medicare Part A and Part B and when and how you will be receiving the paperwork so that you can read about the benefits as well. Okay, ma' am. Okay. Okay. So Ms. [PERSON_NAME], I really appreciate your time and patience here, ma' am. So I'm getting your call connected and I will introduce you to my [OCCUPATION]. Here we go, ma' am. It's getting connected. Okay. Yeah, thanks for holding. This is [PERSON_NAME] [PERSON_NAME]. I am a [OCCUPATION] [OCCUPATION] speaking on a record line. Hi, [OCCUPATION]. I have Ms. [PERSON_NAME] [PERSON_NAME] on the line. Her zip code is [LOCATION] and she's from [LOCATION]. She's on the line with us, [OCCUPATION]. All right. Hello. Thank you for holding. This is [PERSON_NAME] [PERSON_NAME]. Verification of the [ORGANIZATION] recorded line. I assume you got connected because you two understood this call is about your additional benefits, yes?","OPENING, PRODUCT_PITCH, NEEDS_ANALYSIS, FEE_DISCUSSION",0.95,True,"Includes greeting, pitch for Medicare upgrades/benefits, verification of eligibility (Part A/B), and discussion of premiums and money back.",insurance_outbound.zip,insurance_outbound/2693083045_P1_transcript.json,insurance,outbound,223.0,0.94572157,528,3126,49,DATE_OF_BIRTH|DURATION|LOCATION|MONEY_AMOUNT|OCCUPATION|ORGANIZATION|PERSON_NAME
callcenteren,train,2020-03-27-19-11-13_bac7bd14-705e-11ea-8533-1651a37139f5_b9960d38-705e-11ea-b7d6-e388004b5001_transcript,08ab3b9c5bfd11b5846ed5418b026fc0afcd81c8785fbb16bd146887e8f141af,"Please enter the zip code for your coverage area. Ma' Am, I'm just putting that for you. Okay. I'm just putting that for you. Just be online [LOCATION]. Right. Please enter the zip code for your coverage area. Thank you. Your call is being transferred to one of our trusted insurance partners. This call will be recorded for quality assurance purposes. Good afternoon. You're in good hands with [ORGANIZATION]. This is [PERSON_NAME]. I'll be glad to complete your quote. Who do I have the pleasure of speaking with, you say, [PERSON_NAME]. I'm sorry, ma' am. I couldn't make it out. It sounds like your phone is muffled. Oh, sorry. It's [PERSON_NAME]. Okay, [PERSON_NAME]. And what's your last name? [PERSON_NAME]. [PERSON_NAME] [PERSON_NAME]. Okay. And, [PERSON_NAME], are you the only person that should be included on your policy, or are there others? There's my [MARITAL_STATUS] right now, but I don't even know what the makes or models of these cars are, so I'm going to have to have you talk to him. So right now, I'm going to have to have you call me back some other time because I'm. I'm not sure about that. Okay, so, [PERSON_NAME], here's what happens. How long have you guys lived at your Current address? Since [DATE_INTERVAL]. [DATE_INTERVAL]. Okay, so your automobiles that are on file with the [ORGANIZATION] [ORGANIZATION] [ORGANIZATION] [ORGANIZATION] [ORGANIZATION] [ORGANIZATION] [ORGANIZATION], they will pull back. Okay, so we don't need your social to do that. I just need stuff like your address, your date of birth. It'll pull back your driver's license number as well as those vehicles. And that should be sufficient information for us to provide you with the quote. So it won't take any more than [DURATION] [DURATION] [DURATION] [DURATION]. Okay, so. All right. Okay, so who's. Who. Whose name appears first on your current auto policy? I don't even know what the auto policy is. It's probably his, but I don't really know. Even if we have insurance, I don't think they do. Okay. And, [PERSON_NAME], what's your [MARITAL_STATUS] first name? [PERSON_NAME]. [PERSON_NAME]. Okay. Actually, don't start that. Okay, I'm gonna have you. So, [PERSON_NAME] [PERSON_NAME]. And what's Frank's. What's [PERSON_NAME] date of birth? [DATE_OF_BIRTH] [DATE_OF_BIRTH]. Come here. Don't start doing that. And Your address is [LOCATION] [LOCATION] [LOCATION]. Okay. [LOCATION]. And what was that road again, ma' am? [LOCATION] [LOCATION]. [LOCATION], [LOCATION], [LOCATION], [LOCATION] [LOCATION] [ORGANIZATION]. And then orphanage is [LOCATION], [LOCATION] [LOCATION], [LOCATION], [LOCATION], [LOCATION], [LOCATION], [LOCATION]. Okay. [ORGANIZATION]. Orphanage. Okay. [LOCATION]. [LOCATION], you say? [LOCATION]. How do you? How are you spelling [LOCATION]? [LOCATION], [LOCATION], [LOCATION], [LOCATION], [LOCATION], [LOCATION], [LOCATION], [LOCATION], [LOCATION], [LOCATION], [LOCATION]. Okay. [LOCATION]. Got you. And what's your zip code there in [LOCATION], [LOCATION], ma' am? [LOCATION]. Okay. Come here. All right. And do you guys own or rent your home? We own it. And then [PERSON_NAME]. Okay. All right. Looks like you guys might have been former customers at one time with [ORGANIZATION]. You still there with me? You have been kicked from this conference.","OPENING, NEEDS_ANALYSIS, SOFT_REJECTION, OBJECTION_HANDLING",0.85,True,Agent gathers policy info; customer tries to end the call due to lack of info; agent attempts to keep them engaged.,auto_insurance_customer_service_inbound.zip,auto_insurance_customer_service_inbound/2020-03-27-19-11-13_bac7bd14-705e-11ea-8533-1651a37139f5_b9960d38-705e-11ea-b7d6-e388004b5001_transcript.json,insurance,inbound,411.0,0.9536528,504,3277,76,DATE_INTERVAL|DATE_OF_BIRTH|DURATION|LOCATION|MARITAL_STATUS|ORGANIZATION|PERSON_NAME
callcenteren,train,ac9115296954415d975f89412e160f8f_transcript,08c3e162e9cf10b1ab8f5db66995f01982e04c88843df5337a7620176965ed45,"Thank you for calling [ORGANIZATION] a community of [OCCUPATION] [OCCUPATION] [OCCUPATION]. We make finding trusted [OCCUPATION] [OCCUPATION]. Thank you for calling [ORGANIZATION] Your se for local [OCCUPATION] [OCCUPATION] [OCCUPATION]. This is [PERSON_NAME]. How can I help you today? Hi [PERSON_NAME]. We're having problem with water leaking out of our refrigerator freezer. Truly sorry to listen not inc Convenience. So in this case you're having issues with water are looking out of the refrigerator freezer, right? Yeah, it freezes up inside. We think the drainage tube is clogged or not functioning properly. Just one moment please. I'm just writing those [MEDICAL_PROCESS] [MEDICAL_PROCESS]. Well, I truly sory to listen that inconvenience here. However, you have qu the right place so I can certainly assist you. May I have your first and last name please? [PERSON_NAME] [PERSON_NAME]. [PERSON_NAME] [PERSON_NAME] [PERSON_NAME] [PERSON_NAME] [PERSON_NAME]. Thank you. I showed the number you'calling [PHONE_NUMBER] is this the best number to reach you? Yep, it's the only one. Thank you. And is this a cell phone or a home phone? A cell phone. Thank you. I guess that I have found your profile. Is Your address the [LOCATION] [LOCATION]. [LOCATION] [LOCATION], [LOCATION] [LOCATION]? Yes, onill. Thank you. Just one moment. Okay, so in this case the problem is with the drain and not as fit with the refrigerator freezer, right? Correct, we think. Okay, so you would like a [OCCUPATION] in this situation, right? No, we want to [OCCUPATION] [OCCUPATION] [OCCUPATION]. Okay, got it. Just want to make sure I call the local number. No. Okay. Let me ask you, have you used [ORGANIZATION]. [ORGANIZATION] before? No. No. Great. May I ask how you heard about us? I just did a Google search. Okay, thank you. We are happy to hear that you are trusting us with your home. May I have your email for the confirmation that you will going to get once I have made your appointment? Well, I want to talk to somebody before I schedule an appointment. Okay. Which details would you like to discuss here or. Well, just allow me one moment. I want to get some kind of a ballpark cost because if it's going to be too much, we're just going to buy a new refrigerator and I don't want to pay to have somebody come out without having an idea of what's involved. I didn't think. I called what I thought was a local number. I didn't know that it was going to go through to you. I'd rather be able to talk to somebody in person. I think I'm just going to call somebody else. Thank you.","OPENING, NEEDS_ANALYSIS, ACTIVE_LISTENING, CURIOUS_EXPLORATION",0.8,True,"Greeting, agent gathers customer information and analyzes the refrigerator issue, using active listening to confirm the problem.",home_ervice_inbound&telecom _outbound.zip,home_ervice_inbound&telecom _outbound/ac9115296954415d975f89412e160f8f_transcript.json,home_service_telecom,outbound,257.0,0.9023664,438,2570,34,LOCATION|MEDICAL_PROCESS|OCCUPATION|ORGANIZATION|PERSON_NAME|PHONE_NUMBER
callcenteren,train,d999d573505c4ecc88406c422885373e_transcript,0911650c0295537d005af50c15745c7349dbc453bc98442177992d30bc19a02e,"Thank you for calling [ORGANIZATION] [ORGANIZATION] [ORGANIZATION] [ORGANIZATION]. We fix your pains. If you know your party's extension, dial it now. For existing customers inquiring about an order status or scheduled appointment, press [PHONE_NUMBER] to receive an estimate or place a new order for your class. [OCCUPATION], this is [PERSON_NAME]. May help you? Hi, this is [PERSON_NAME] [PERSON_NAME]. I dropped off a window yesterday for repair. Just call in to follow up to see if it's ready to be picked up. Okay. And I was under the name of [PERSON_NAME] [PERSON_NAME]? That's correct. One second. See if we can get that pulled up. So it looks like in the shop that'still working on it right now, but it is being worked on with our [OCCUPATION] here. So does someone just let me know when it's ready or should I count on it tomorrow? Right. So when we do have it ready or as soon as it has been made, we'll actually give you a call so you can come by and pick that up. Okay, sounds good. Thank you. No problem, Ma. Bye.","OPENING, CURIOUS_EXPLORATION, PASSIVE_AGREEMENT",0.85,True,Inbound service call starting with a greeting where the customer inquires about the status of a repair.,home_service_inbound.zip,home_service_inbound/d999d573505c4ecc88406c422885373e_transcript.json,home_service_telecom,inbound,145.0,0.87958926,183,1026,12,OCCUPATION|ORGANIZATION|PERSON_NAME|PHONE_NUMBER
callcenteren,train,8035932550_P1_transcript,09261814b769ddb1d69b9ade54a42a7606cc5f72a26bd919690690cd461d2938,"Hello? Hello. Hi, this is [PERSON_NAME]. How are you doing today? So the purpose of my call is to let you know that your Medicare is getting updated today. And you were also qualified to receive some additional benefits with no additional cost. Hope that sound good. So for the upgradation, I do believe you have a Medicare with part A and part B active. That's great. And do you make your own healthcare decisions, ma' am? Yes, that's great, ma' am. And I'm speaking to Ms. [PERSON_NAME] [PERSON_NAME]. Okay. And Ms. [PERSON_NAME], like your primary residence with me it's [LOCATION] [LOCATION] [LOCATION] [LOCATION], [LOCATION] [LOCATION] [LOCATION], correct? Yeah. [LOCATION]. Okay. [LOCATION]. [LOCATION]. [LOCATION] [LOCATION] [LOCATION]. Yeah. Okay. And Ms. [PERSON_NAME], for the confirmation, can you please help me with your date of birth? Your birth date? [DATE_OF_BIRTH]. [DATE_OF_BIRTH] [DATE_OF_BIRTH], [DATE_OF_BIRTH], correct? Yeah. And Ms. [PERSON_NAME], like, do you have any insurance from your previous job, sir? Do I have insurance from my previous job? Yeah. Yeah. Like [ORGANIZATION]. [ORGANIZATION]. Do you have [ORGANIZATION]? Like what? Do you have [ORGANIZATION] for life. Life insurance? [ORGANIZATION]. Do you have [ORGANIZATION], ma' am? No, I don't have. I don't want to call [ORGANIZATION] and all that. Oh, okay. Okay. And Ms. [PERSON_NAME], like, do you have the red, white and blue color card, the Medicare insurance card, ma' am? Yeah, I got it. Okay, that's great, ma' am. So Ms. [PERSON_NAME], like, you are totally eligible to receive benefits like [PERSON_NAME]. [PERSON_NAME], [PERSON_NAME] [PERSON_NAME], and hospital fees. So whenever you visit any [OCCUPATION] or specialist, you don't need to no co payments to them. And also you are getting the dental, the vision and the hearing. And apart from this, you are also qualified to receive the medication co payments benefit. So whenever you visit to your drugstore, you don't need to pay for your prescriptions. And also we are providing you $[MONEY_AMOUNT] money back on your Social Security check. These benefits will be directly added to your existing Medicare Plan [DATE_INTERVAL]. And this benefits will be a $[MONEY_AMOUNT] premium to you. Hope that sound good? Yeah. But I don't understand all that. Okay, I will give you a call back now. Don't be worried of that, okay?","OPENING, PRODUCT_PITCH, FEE_DISCUSSION, NEEDS_ANALYSIS",0.9,True,"Greeting, pitch for Medicare benefits at no cost, and detailed verification of the customer's current insurance and personal info.",insurance_outbound.zip,insurance_outbound/8035932550_P1_transcript.json,insurance,outbound,182.0,0.94631475,376,2369,40,DATE_INTERVAL|DATE_OF_BIRTH|LOCATION|MONEY_AMOUNT|OCCUPATION|ORGANIZATION|PERSON_NAME
callcenteren,train,2020-06-25-20-48-32_6fb336a6-92bf-432d-ac87-82ec520d8285_v2--s00wecdhD9Sikf5Amx30WrInJvzlm8akOmKo8tzxgM6rP3sPNVQw_transcript,09b23a2652691f9ab86d795d7dc5577b965eb703516896b03f7e1425e8d83bc7,"Thanks for calling [ORGANIZATION], where you're in good hands. Para [LANGUAGE] o prima el ocho. This call may be monitored or recorded for quality assurance purposes. To save time and get you to the right person, I need to ask you a few quick questions. Alright. What kind of coverage are you looking for? You can say things like auto insurance or a homeowner's policy. Auto insurance? I'm not really looking for anything. I just got a call. And what's the zip code where you need that coverage? [LOCATION]. That was [LOCATION], right? Oh, what's the right zip code? That was [LOCATION]. Okay, but to get you to the right place, please tell me if that's the zip code you'll need coverage in. [LOCATION]. All right, I'll connect you with someone who can help. Due to the [EVENT] [EVENT] [EVENT], [ORGANIZATION] has taken measures to protect our employees and our shared work environment. These changes may result in fewer team members being available at times to answer calls. Hold times may increase. Please visit [URL] and the [ORGANIZATION] mobile app for self service options. We apologize for any inconvenience. Hello, [PERSON_NAME]. Call at [ORGANIZATION] if you're in good hands. This is [PERSON_NAME]. The pleasure of speaking with Ms. [PERSON_NAME]. Hey, Ms. [PERSON_NAME]. How can I help today? Well, they're calling me about some insurance, but I have insurance. Okay. Somebody called you for a quote? Yes. Okay, so would you like a quote from [ORGANIZATION] [ORGANIZATION]? Well, I see what you don't have, but I have insurance. Okay. Yeah. Well, that's good. Let me. Well, thank you for. Thank you for, you know, considering us. Are you still in the state of [LOCATION]? Are you still. What state do you live in? City of [LOCATION], [LOCATION]. [LOCATION] [LOCATION]. Right. [LOCATION]. I gotcha. Okay, well, let me just put you on a brief hold and get you right to a [LOCATION] [OCCUPATION] and they'll take about [DURATION] [DURATION] or so and give you that quote. Okay, well, I'm just gonna put you on a brief hold and you'll hear a recording. One moment. Okay. If you for insurance today, please know that we may need to gather information from other sources, such as driving records or credit reports for you or other members of your household. By requesting these quotes, we authorize the sharing of information among affiliates of [ORGANIZATION] [ORGANIZATION] [ORGANIZATION] so we can offer you additional insurance policy options to consider that will help meet the protection needs of your entire household. Please know that [ORGANIZATION] takes your privacy seriously and we have a detailed policy on how we treat your personal information. As permitted by law, this and any subsequently collected information may be shared with outside parties who perform services on [ORGANIZATION] behalf without your authorization. You have the right to access or correct this information. If you want to see our privacy statement, let us know or visit [URL]. thank you for calling [ORGANIZATION] [ORGANIZATION] where you're in good hands. This is [PERSON_NAME]. And how you doing today? Pretty good. And you? I'm doing good. Thank you for asking. And how may I help you? Well, he was telling me something about he might load my insurance, but I told him I had [ORGANIZATION] [ORGANIZATION]. Okay, so you're looking to get a quote today to lower your insurance? Yeah, that's what he's trying to do. Okay. All right. One moment. And your name? [PERSON_NAME] [PERSON_NAME]. [PERSON_NAME]. Okay, thank you. Ms. [PERSON_NAME]. One moment. Yes, ma' am. And what state are you in? [LOCATION] [LOCATION], [LOCATION]. I mean, [LOCATION]. The rule of [LOCATION] [LOCATION]. Okay. Okay. And how do you spell Your first name, Mr. [PERSON_NAME]? [PERSON_NAME], [PERSON_NAME], [PERSON_NAME], [PERSON_NAME], [PERSON_NAME]. [PERSON_NAME]. I'm sorry, [PERSON_NAME]. [PERSON_NAME], [PERSON_NAME], [PERSON_NAME], [PERSON_NAME], [PERSON_NAME]. [PERSON_NAME]. [PERSON_NAME]. Okay. Okay. Thank you. All right. And your date of birth? Parish? [LOCATION], First [LOCATION]. Okay, so [DATE_OF_BIRTH] [DATE_OF_BIRTH], [DATE_OF_BIRTH]. Okay. And your address? [LOCATION] [LOCATION], [LOCATION]. [LOCATION] [LOCATION] [LOCATION], [LOCATION] [LOCATION], [LOCATION] [LOCATION], [LOCATION]. And the zip code? [LOCATION]. And are you [MARITAL_STATUS], [MARITAL_STATUS]? [MARITAL_STATUS]? [MARITAL_STATUS]. Do you have an email address? No. Band. Okay, what's a good contact phone number for you? Ma' am? What's a good contact phone number for you? [PHONE_NUMBER]. [PHONE_NUMBER]. [PHONE_NUMBER]. [LOCATION]. The hardest part for me, and this is waking up and seeing how many people die from [EVENT] [EVENT]. Because it's like, why did I live? Everybody else died. [LOCATION], one of the first states to push an aggressive reopening, is now seeing new cases and hostile. Right. And how much do you pay current in your home? Do you rent or do you own your own home? I own my own home. I paid [MONEY_AMOUNT] from the [LOCATION]. I think it's [MONEY_AMOUNT]. My home and my car all together. Yes, ma' am. Let me just see what your auto would be in your home. Is it. It's a one story, two story, one story. Do you have your driver's license number? [DRIVERS_LICENSE]. [DRIVERS_LICENSE]. I think it's the same. Would it be the same as your Social Security or your birthday? I'm not sure. For [LOCATION]. What do they do? Give it Your driver's license, your Social Security number. I don't know what I do or not. I have to go in. That's. That's fine. And then. Do you have a [DATE_INTERVAL] [ORGANIZATION] Altima? Yes, ma' am. Okay. And do you know how many miles [DURATION] [DURATION] you drive average? Not that many. You take your dog for walking your cousins? I'm sorry, how many miles [DURATION] [DURATION] did you say? About [MONEY_AMOUNT] cases, I guess. 2,000, I guess. How many miles a [DURATION]? I don't know because I don't drive it that much. Sometime I don't even drive [MEDICAL_CONDITION]. And have you had continuous liability insurance for the last [DURATION] [DURATION]? No, ma' am. When was the last time you had insurance? Well, I haven't been gone [DURATION] [DURATION], so I have to. It's been about the last [DURATION] [DURATION] [DURATION] [DURATION], as you said. He calls our most powerful weapon. But of course, we are seeing numbers now Nationwide. We have seen this, the darkness, five of the past [DURATION] [DURATION]. We see more than 30,000 new cases a [DURATION]. That is not safe. It's as bad as it has ever been. Okay, so are you doing full coverage? Ma' am. $[MONEY_AMOUNT]. Deductibles use, ma' am. Okay. Roadside assistance up to $[MONEY_AMOUNT] now without running your license, because I haven't put it in there. Let's see here. So monthly. If you were to do it monthly, your first payment down would be [MONEY_AMOUNT]. And then your monthly payment would be [MONEY_AMOUNT]. Because you have not had prior insurance, you would have to put down 33%. Yeah, well, I'll wait and think about it. Okay. Okay. Was there anything else today? No. I'll think about it and then I get back with y' all. Okay. All right. Thank you. You're welcome. You have a great [DURATION]. And thank you for calling [ORGANIZATION] [ORGANIZATION]. You have been kicked from this conference.","OPENING, NEEDS_ANALYSIS, SOFT_REJECTION, OBJECTION_HANDLING",0.85,True,Greeting and initial needs questions; customer states they already have insurance (soft rejection); agent attempts to offer a quote anyway.,auto_insurance_customer_service_inbound.zip,auto_insurance_customer_service_inbound/2020-06-25-20-48-32_6fb336a6-92bf-432d-ac87-82ec520d8285_v2--s00wecdhD9Sikf5Amx30WrInJvzlm8akOmKo8tzxgM6rP3sPNVQw_transcript.json,insurance,inbound,895.0,0.94693327,1184,7277,126,DATE_INTERVAL|DATE_OF_BIRTH|DRIVERS_LICENSE|DURATION|EVENT|LANGUAGE|LOCATION|MARITAL_STATUS|MEDICAL_CONDITION|MONEY_AMOUNT|OCCUPATION|ORGANIZATION|PERSON_NAME|PHONE_NUMBER|URL
callcenteren,train,4164d2255b52494dba963cd589848010_transcript,09cdc64e669f1fd1615a3c807c325ba65bbecbee9f581d4d3006193e86f23304,"Thank you for calling [ORGANIZATION] [ORGANIZATION] [ORGANIZATION], Technology leaders in Eycare. If you know your party's extension, please dial it now. If you are a referring position for appointments, please press [PHONE_NUMBER]. For clinical care, please press through. Your call may be recorded for quality assurance and training purposes. Your call is very important to us. Please remain on the line for the next available [OCCUPATION]. Is it becoming more difficult to drive at night? Has your eyesight become foggy like looking through a cloudy window? Do colors seem faded? As we age, many of us develop [MEDICAL_CONDITION], a condition that affects [STATISTICS] of adults each year. Thank you for calling [ORGANIZATION] [ORGANIZATION] [ORGANIZATION]. How may I help you? Yes, like to make an appointment as a new patient. Okay, and which location? [LOCATION] [LOCATION] [LOCATION]. [LOCATION]. Where do you live? [LOCATION]. Okay, we have an office that's on [LOCATION] and then we also have one on [LOCATION]. Near [LOCATION]. Call here. Near [LOCATION], which I'm trying to think is that near [LOCATION] or is that. It's call your anim moi near the [ORGANIZATION] [ORGANIZATION] [ORGANIZATION] [ORGANIZATION]. There's a sincey tomatoes in that area. Okay, and [LOCATION] [LOCATION], you said was the other the address of [LOCATION] [LOCATION]. Okay, let's do the [LOCATION]. I'll let you know how far they're booking then you may decide differently. One moment. What type of insurance do you carry? Medicare and supplemental. Do you wear contact lenses? No. Are you a [MEDICAL_CONDITION]? No. All right, so the first thing that's popping up is [DATE]. I have a [TIME] and then it jumps to [DATE] [DATE], [TIME] on [DATE] is there first available. That's with an [OCCUPATION]. It is. Okay, let's go for that then. [TIME] on [DATE] [DATE]. I need to build your account so if you'll take out your insurance cards pleaseng we have the spelling of your last name. Okay, may I have this spelling of your last name? [PERSON_NAME] is [PERSON_NAME] [PERSON_NAME] [PERSON_NAME] [PERSON_NAME] [PERSON_NAME] [PERSON_NAME] [PERSON_NAME] first name? [PERSON_NAME]. And what is your address? Mr. [PERSON_NAME]? [LOCATION] [LOCATION]. [LOCATION] [LOCATION] [LOCATION] [LOCATION]. I'm sorry, sir, I got [PHONE_NUMBER] letters. [LOCATION] [LOCATION] [LOCATION] [LOCATION] [LOCATION] [LOCATION] [LOCATION] [LOCATION]. [LOCATION] [LOCATION]. [LOCATION], [LOCATION] [LOCATION]. Was that [LOCATION]? That's correct. Is your phone number [PHONE_NUMBER]? Would you like to provide an email address for appointment reminders? Some [EMAIL_ADDRESS] [EMAIL_ADDRESS] [EMAIL_ADDRESS] [EMAIL_ADDRESS] [EMAIL_ADDRESS] [EMAIL_ADDRESS] [EMAIL_ADDRESS]? Ye got it. What's your date of birth? [DATE_OF_BIRTH]. How did you hear about Quickly to give us a call today. Advertisements on television. Ok. All right. I going to work on the insurance. Would you provide me the Medicare letters and numbers? Yes. [HEALTHCARE_NUMBER] [HEALTHCARE_NUMBER]. Was that [HEALTHCARE_NUMBER] [HEALTHCARE_NUMBER] [HEALTHCARE_NUMBER] [HEALTHCARE_NUMBER] [HEALTHCARE_NUMBER]. [HEALTHCARE_NUMBER] [HEALTHCARE_NUMBER] [HEALTHCARE_NUMBER] [HEALTHCARE_NUMBER]. [HEALTHCARE_NUMBER] [HEALTHCARE_NUMBER]. You what is your secondary called? AARP Medicare Supplement, [ORGANIZATION] [ORGANIZATION]. And if I may have the ID or policy number from that cardes [HEALTHCARE_NUMBER] [HEALTHCARE_NUMBER]. Thank. Just getting that appointment ready. One moment. Almost done. No [MEDICAL_CONDITION], no contact lenses. If you could arrived just [DURATION] [DURATION] [DURATION] early. I want to give you the address. In a minute. ARR. Just [DURATION] [DURATION] [DURATION] early. Bringing your id, your ID as well as your insurance cards. You take medications? A list of those medications. All right. Nothing going on with you as far as the address is concerned. Right. We went ahead and booked Jo on [LOCATION]. [LOCATION] [LOCATION]. Okay. Is that Avenue or it is [LOCATION]. [LOCATION] [LOCATION] [LOCATION]. All right, Mr. [PERSON_NAME], so you are all set to see the [OCCUPATION] on the [DATE] at [TIME]? At [TIME]. Yes, sir. Thanks for your help. I appreciate it. You're welcome. You have re a good rest of your day. Bye.","OPENING, NEEDS_ANALYSIS, ACTIVE_LISTENING",0.85,True,"Greeting present, agent gathers patient location and insurance information to schedule an eye care appointment.",medicare_inbound.zip,medicare_inbound/4164d2255b52494dba963cd589848010_transcript.json,medicare,inbound,556.0,0.87262785,622,4266,116,DATE|DATE_OF_BIRTH|DURATION|EMAIL_ADDRESS|HEALTHCARE_NUMBER|LOCATION|MEDICAL_CONDITION|OCCUPATION|ORGANIZATION|PERSON_NAME|PHONE_NUMBER|STATISTICS|TIME
callcenteren,train,DMEMED_rmbpo05_20211213-091541_8509294952_2048229-all_transcript,0a057d09b43ae469f79cca2353e7bdb01990b9e1926a2a8447ac5a410443eec4,"Hello? Hello, good morning. My name is [PERSON_NAME] and I'm calling from [ORGANIZATION] [ORGANIZATION]. How are you doing? Okay. That's great. Am I speaking with [PERSON_NAME] [PERSON_NAME]? Okay, well, [PERSON_NAME], the reason of my call is to provide to your additional benefits at no cost. Okay? And if you don't mind me asking, do you have [MEDICAL_CONDITION] [MEDICAL_CONDITION] [MEDICAL_CONDITION], [MEDICAL_CONDITION] [MEDICAL_CONDITION], or any [MEDICAL_CONDITION] [MEDICAL_CONDITION]? Oh, how about [MEDICAL_CONDITION]? [PERSON_NAME], are you also. I'm sorry. Oh, I'm so sorry to hear that. Okay, well, since you are a [MEDICAL_CONDITION], ma' am, you're actually eligible to receive a glucose monitor and [MEDICAL_CONDITION] supplies. And this won't cost anything to you. Are you interested in receiving this? Okay. Okay. So is it Your birthday was [DATE_OF_BIRTH] [DATE_OF_BIRTH], [DATE_OF_BIRTH]. Okay, just give me a minute here. And [PERSON_NAME], by the way, did already someone call you about this benefit? This benefit from your insurance, man? Did already someone call about this? Not yet. Okay, okay, so just give me a minute here. So you mentioned also that you have a [MEDICAL_CONDITION] [MEDICAL_CONDITION]. Okay, okay, so just give a minute. So do you take [MEDICAL_PROCESS] [MEDICAL_PROCESS], ma' am, or [DRUG]? Oh, okay, okay, Just give me a minute here. Okay, so. Amen. Can I have your physical address, please? [LOCATION], [LOCATION]. Okay, okay. Okay, give me a minute. Again, your physical address is [LOCATION] [LOCATION] [LOCATION] [LOCATION], [LOCATION], [LOCATION]. Okay, that's great. Okay. Okay. Okay. So, [PERSON_NAME], I will be. Fill out the forms here on my end. Okay. For your additional benefits of. From your [MEDICAL_CONDITION]. And again, this is a glucose monitor and other [MEDICAL_CONDITION] supplies. Okay? Okay. Yeah, exactly. Ma' am, can I have the name of your [OCCUPATION] then? Okay, just give me a minute. Okay? Okay. Okay. Just give me a minute. Do you have its phone number? Number [PHONE_NUMBER]. [PHONE_NUMBER]. There you go. [PERSON_NAME] [PERSON_NAME], right? [PERSON_NAME] [PERSON_NAME]. Okay, thank you so much. So, I'm sorry. Okay. Okay, so I just want to verify everything here because I don't want to commit any mistakes. Okay, Give me a minute. Okay. There you go. Okay, so, [PERSON_NAME], I will be calling you after [DURATION] [DURATION] to process this one. And please keep your lines open, okay? Because I wanted to be sure that you will be receiving this glucose monitor and other [MEDICAL_CONDITION] supplies. Okay. To plane. Okay? Okay. I will be making sure of it. Okay, ma' am, please keep your lines open for me. And don't forget my name. My name is [PERSON_NAME] [PERSON_NAME]. I will be the one who. Yes, [PERSON_NAME] [PERSON_NAME]. [PERSON_NAME]. It's actually [PERSON_NAME] [PERSON_NAME]. I'm actually the one who will be providing your additional benefits at no cost. Okay. Okay. Thank you so much for your patience with me, [PERSON_NAME], and I'm very happy that I could help you out. Okay. Again, I will be calling you after [DURATION] [DURATION]. Okay? Okay. Just give me a minute. Thank you so much, ma' am. I'm very happy that I can help you out. Have a great day. Bye. Bye.","OPENING, PRODUCT_PITCH, NEEDS_ANALYSIS, FEE_DISCUSSION",0.95,True,"Includes greeting, pitch for glucose monitors, screening for medical conditions, and mentions that benefits are at no cost.",medical_equipment_outbound.zip,medical_equipment_outbound/DMEMED_rmbpo05_20211213-091541_8509294952_2048229-all_transcript.json,medical_equipment,outbound,397.0,0.9580018,515,3263,58,DATE_OF_BIRTH|DRUG|DURATION|LOCATION|MEDICAL_CONDITION|MEDICAL_PROCESS|OCCUPATION|ORGANIZATION|PERSON_NAME|PHONE_NUMBER
callcenteren,train,a558bc9d3afa493f84b75c2b18d2652a_transcript,0a34121983969f62de7887d7292575538cb14e6fd91873da5afed9e758912c38,"Thanks for commenting. I haven't assist you. Yes, hello, is [PERSON_NAME] there? [PERSON_NAME], give me just one second. Thank you for calling [ORGANIZATION] [ORGANIZATION]. How may I address your call? Is [PERSON_NAME] there? Yes, just one moment. Were you the. The guy texting me on that one? That must have been the company's number. Yes. Is it about. Are you [PERSON_NAME]? No. Or who is this actually, who am I talking to? This is [PERSON_NAME]. Yeah, we were talking about trucks, weren't we? Yeah. Okay, gotcha. Nothing. I remember. Yes, sir, I know you said we needed to get the car appraised, right? Yes. You got to see the condition of the vehicle to determine the trading value. Okay. And. Okay, so if I fill out a credit, A credit report, right. And you just, you know, go based off of, you know, an appraisal. Like if I give you a number, would you be able to tell me like, what to expect there? Hello? Hello? Yes? Are you still there? Yeah, I mean, we can give you a rough idea, but it won't be 100% accurate unless you're in the dealership. Right. Okay. So I mean, it would all basically be based off of the price of the trade in of the new vehicle, right? Yes. I'm sorry, go ahead. I'll cut you off. Go ahead. Of course, it depends also on which vehicle or which truck that you are interested in, whether it's a Ford or a Tundra. And then based upon that price and whatever we're giving you based upon your vehicle. And then the credit application is only determined based upon interest rate. Okay, so like, so, like, okay, so like, for example, this vehicle, I got it appraised not too long ago. I know they might have to get a praise by y' all, but I got it appraised and it was like, you know, almost [MONEY_AMOUNT]. Right. And out of the [MONEY_AMOUNT], you know, we only, we got the car last year. So we still owe, you know, the interest part of that, which would be, you know, I think that the total would be like [MONEY_AMOUNT], [MONEY_AMOUNT]. Right. So we have bad, bad equity right there. Negative equity. So that debt gets transferred over to the new loan. Yes. Is there? Yes. So however much you owe, minus the amount that we're going to give you, whichever is left over, transferred to the new vehicle. Okay. Now I would like to, you know, to get in a new vehicle. I would like to do the trade in, but I would like to do it without putting any money down. Is that guaranteed or no? We could look at options. So for zero down, it'll be a little Bit higher per [DURATION] if you're not putting anything down. But it is an option because it all depends on what the bank wants to do. Right. Exactly. And I mean, the route that I want to take is, you know, no money down. But I mean, if I get there, you know, you're telling me no, the bank wants at least [MONEY_AMOUNT] and, you know, I would have wasted my time and yours, you know. Right. So that's a little tough on my part because it's really up to the bank and it just really all depends. We, we can't just give them a nice, Give the banks an idea and they'll admit we would have to fill up a credit application and then they'll give us the actual answer. Okay. Did you want to send over any, any of those trucks? I mean, over, you know, to this number I can maybe go look at. And then once I go up there, I'll just, you know, we'll cut it short, you know, go straight to it, you know, which truck I would, I would be interested in getting into, test drive in. And yeah, man, I could send you a few vehicles that we do have right now in the lot and be a little bit more prepared if you do decide to come over here. Yeah, that way I can look at and see what, what, you know, what I'm interested in and, and just kind of cut it short for me and you, you know, go straight to it. Well, you know, see if we can get in, you know, whichever vehicle I decide on. And, you know, if I can't get into that, then we just can't do it. But if I can, you know, we'll just keep going from there. Gotcha. Do you have a price range on the, on the truck that you're trying to look for? I would like to stay under [MONEY_AMOUNT]. I know trucks, you know, are within the, you know, [MONEY_AMOUNT] [MONEY_AMOUNT] [MONEY_AMOUNT], [MONEY_AMOUNT], [MONEY_AMOUNT] [MONEY_AMOUNT] [MONEY_AMOUNT] range, you know, honestly, I want to say, you know, he cut out. Hello. Hello. Yeah. So around [MONEY_AMOUNT] [MONEY_AMOUNT] [MONEY_AMOUNT]. Yeah. And I wouldn't, I wouldn't mind, you know, I don't need to have anything new. I just want something, you know, under, you know, [MONEY_AMOUNT] miles, you know, it doesn't have to be a [DATE_INTERVAL], you know, it could be a [DATE_INTERVAL], you know. Gotcha. All right, so I think [DATE_INTERVAL] is [MONEY_AMOUNT]. Yeah, anything under [MONEY_AMOUNT], you know, price range, you know, and mild. [MONEY_AMOUNT]. 4x4, right? Yeah, and a 4x4. And it could be anywhere in between a [DATE_INTERVAL] and up, you know. Okay. I mean, whatever is the most economical. You know, honestly, I'm trying to make sure I can get approved for something that. That isn't going to break the bank. Okay, let me go and explore my options real fast. Let me get in my computer and see what type of trust we have that fits your criteria. [PERSON_NAME]. That's fine. Just send me over that. That list of vehicles, and we'll go from there. Sounds good. All right, talk to you soon. All right, thanks.","OPENING, NEEDS_ANALYSIS, FEE_DISCUSSION, CURIOUS_EXPLORATION",0.85,True,"Greeting present; agent and customer discuss vehicle condition, trade-in values, and interest rates.",automotive_inbound.zip,automotive_inbound/a558bc9d3afa493f84b75c2b18d2652a_transcript.json,automotive,inbound,571.0,0.9471271,1005,5371,33,DATE_INTERVAL|DURATION|MONEY_AMOUNT|ORGANIZATION|PERSON_NAME
callcenteren,train,55df965846eb414db10a56bd7b0a27d5_transcript,0ab25b868af8b78704f670215e7e8763a9bf9e9d94d1e4ee8f5604121f99dd63,"Gl [OCCUPATION], we fix your pains. Hello. Yes, hi'd like to make an appointment to have some glass repair work done. Okay. Is it on a home or a vehicle? Home. Okay, let'see okay, so we won't be able to get out into measure until [DATE] [DATE] [DATE]. And then typically after they measure, how long does it take? It can take or [DURATION] [DURATION] [DURATION] [DURATION] [DURATION] for us to get a confirmation back from the glass manufacturer. And then we'll be able to contact you with a set date and price. Okay, and when they come out, do they clean up the [INJURY] glass typically? Let me see if I'm not mistaken. Yes, but I just want to double check to be sure. Okay, let me check on that for you. Okay. Thank you. You're welcome. Yes. So we do clean up the mess. Perfect. So could I make an appointment then, please? Yes. Just [TIME] moment. Let's see. May I have your phone number? Yep. I'll give you my cell phone. [PHONE_NUMBER] [PHONE_NUMBER]. Perfect. And your first name? [PERSON_NAME]. [PERSON_NAME] [PERSON_NAME] [PERSON_NAME] [PERSON_NAME]. Okay. Is there anyone with the name [PERSON_NAME] in your last name? That's my daughter. Oh, that's her daughter. Okay. Yeah. So you have. You've been here before? I think so. It says for the address. [LOCATION] [LOCATION] [LOCATION]. No. O. That is my. That is my daughter's house. Okay, so we're going to clear all this out and put just. You have been to her house, but you've also been to my house. Okay, let's see. We're going to get. I'm in. In [ORGANIZATION] [ORGANIZATION]. Okay, and your first name was? [PERSON_NAME]. [PERSON_NAME] [PERSON_NAME] [PERSON_NAME]. Yah. Okay. Perfect. In fact, it was back in [DATE_INTERVAL]. Oh, wow. It's been a long time since you've been to my house. Yes. Okay, and what is the home address to your house? [LOCATION] [LOCATION]. One word. [LOCATION] [LOCATION] [LOCATION] [LOCATION] [LOCATION] [LOCATION] [LOCATION] [PERSON_NAME] [PERSON_NAME] [LOCATION] [LOCATION]. And that's an [PERSON_NAME] [PERSON_NAME]. And what is your zip code? [LOCATION]. Perfect. And is it a single pain or double pain? Double pain. Double pain. Only the outside pain is [INJURY]. Okay. That hitip by golf ball. Oh, no. Yeah. L in a golf course. That's why you were here in [DATE_INTERVAL]. So I feel pretty lucky. [DURATION] [DURATION], only two [INJURY] windows. Yeah. O let see. Okay. And would the afternoon work best for you? Anywhere between [TIME] and [TIME]. That's fine. Okay, perfect. It doesn't matter whether it's morning or afternoon, so take whatever you got. Okay. So I am going to put you on for the afternoon, anywhere between [TIME] and [TIME]. Yeah, that''s and now. Perfect. And our [OCCUPATION], we'll give you a call once he set it out your way, okay? Yes, ma'am. All rightty. And we'll see you on Thursday, anywhere between [TIME] and [TIME]. And I'll give you [TIME] more piece of information. The community is gated, so he'll need a gate code. Okay, did you want to go ahead and give the gate code right now so I can print it with his notes or did you want him to call? No, no, that's fine. I'll give it to you. It's the pound signed [NUMBER_SEQUENCE] [NUMBER_SEQUENCE]. So pound [NUMBER_SEQUENCE] [NUMBER_SEQUENCE] [NUMBER_SEQUENCE]. Okay, perfect. I got that down for you and we'll see on Thursday. Thank you very much. You're welcome. Have a great day. You too. Thank you. By bye. By bye.","OPENING, NEEDS_ANALYSIS, CURIOUS_EXPLORATION, SUCCESSFUL_SALE",0.9,True,"Contains greeting, agent asks about the repair location, customer asks about cleanup, and an appointment is explicitly scheduled.",home_ervice_inbound&telecom _outbound.zip,home_ervice_inbound&telecom _outbound/55df965846eb414db10a56bd7b0a27d5_transcript.json,home_service_telecom,outbound,400.0,0.8873296,582,3395,63,DATE|DATE_INTERVAL|DURATION|INJURY|LOCATION|NUMBER_SEQUENCE|OCCUPATION|ORGANIZATION|PERSON_NAME|PHONE_NUMBER|TIME
callcenteren,train,86af367410454cd094485b1bf5aa8cf5_transcript,0aecfcedfe0f8d9bef884e5acf3484fd8ebfe2f7c44eb8fd754ca43d079e5669,"[OCCUPATION], we fix your pains. Please note we are not currently offering any autog Glass services. To reach the office, press [PHONE_NUMBER]. For dial by name [OCCUPATION] [OCCUPATION] [OCCUPATION] replaces all types of glass for your home auto. Well, I talk, do we? Your pain. This is [PERSON_NAME]. I can barely hear you. I'm sorry. [OCCUPATION] [OCCUPATION]. We fe. Your pain. How can I help? Okay, a little bit better, but it still sounds like you're about a mile away. So I had spoken with someone named [PERSON_NAME] last week, and then I sent information about Glass replacement services that we need some measurements and photographs to [OCCUPATION] [OCCUPATION] at your [URL] [URL] [URL]. [URL] last week, and I've not heard back from anyone. That was sent last Wednesday. All right, what is your. Do you have an order number or last name? There'no order number because no one has ever responded to me about even getting a quote. The last name is [PERSON_NAME] [PERSON_NAME] [PERSON_NAME] [PERSON_NAME] [PERSON_NAME] [PERSON_NAME] [PERSON_NAME] [PERSON_NAME] [PERSON_NAME]. And I sent the note, the email to the [ORGANIZATION] [OCCUPATION] [OCCUPATION] last [DATE] [DATE] [DATE]. And I had spoken with someone, I think, the previous day named [PERSON_NAME]. And, you know, I just referenced that in my email. But I had a, you know, photograph and some dimensions, you know, describing generally. You know, I mean, I know before anything to be finalized, it, you know, someone had to come out to do an exact measurement it. But I was hoping to be able to get a ballpark estimate with the information that I provided. Okay, are you finding that looks like my computer just crashed? I don't know'yeah. I can still barely hear you. I don't know if you maybe don't have your microphone close enough or what, but I can just barely hear you. And I've got my volume turned all the way up. I have the receiver to my mouth. I don't know what's going. I don't know what it is. But anyway, so the email address it would be from is [EMAIL_ADDRESS]. I don't know, because it looks like my computer is just. Okay, hold on. So you said your last name is spelled one again, [PERSON_NAME] [PERSON_NAME] [PERSON_NAME] [PERSON_NAME], [PERSON_NAME] [PERSON_NAME] [PERSON_NAME], [PERSON_NAME] [PERSON_NAME] [PERSON_NAME] [PERSON_NAME], [PERSON_NAME] [PERSON_NAME], [PERSON_NAME], [PERSON_NAME] [PERSON_NAME], [PERSON_NAME]. And the email address would have been. Okay, so order number [NUMBER_SEQUENCE]. And it looks like a rough quote was sent to you on Friday. Received. I've received nothing. I'm just wondering if they got the email wrong. But I have. I have received no response. I'm looking at my email. All right, I have them to resend it to you. Okay. Okay, that would be great. Okay. Know it came up to [MONEY_AMOUNT] taxes and everything. Yeah. Wow. Okay. All right. Yeah. So yeah, if they would. If I could get that and writing in. Just wanted to make sure I'm want to talk to someone because had. I've contacted a couple of other companies too and you know, the other times we've had this glass replaced, they were. Did everything from the outside and one company and Iice saying, oh no, we have to come in and set scaffolding up on the inside. And I'm just like, you know, I just want to. I would really like to talk with whoever did the quote and talk about, you know, the. What method they would use to do the replacement. You know, they could do everything from the outside like it's been done in the past. The person'yeah. If that person's available. If I could leave a voicemail because I. I do want. And then also there was, you know, we were wanting to rent the lift because we wanted to use it over the weekend after the installation was done so we could do some work on the, you know, repairing. Doing some repairing repairs and painting to the siding on those gable ends that are hard to reach like that. So yeah, is that. If I could speak to that person or leave a voicemail for them, that would be great. Okay, let me see if he's available to speak to you. Give me just a second. Okay. Okay. [OCCUPATION] [OCCUPATION] replaces all types of glass for your home auto. Even at your business, there's never been a better time to beautify your home with glass. Exquisite decorative glass inserts for your entry door. A custom design shower enclosure, tops and mirror. [OCCUPATION] [OCCUPATION] can do more than 15. We can help beautify your home and bath with luxurious glass shower and tub enclosures designed to fit any style or size. Most can be installed in a single day. Or update your entry doors with elegant decorative BL visit [URL] [URL] and see an amazing collection of glass patterns and finishes. We can also change the look of any room with a mirrored wall. Or protect your wood furniture with custom made glass tops. With [ORGANIZATION] [ORGANIZATION]. You'll always know the price up front. Not the one. Straighten this this insurance never yours. [ORGANIZATION] [ORGANIZATION] [ORGANIZATION] [ORGANIZATION]. [ORGANIZATION] [ORGANIZATION]. Call the glass Doctor'll pick your pain. Call the [OCCUPATION] [OCCUPATION] will fit your pain. Oh yeah. The choice is clear in windshield replacement. [OCCUPATION] [OCCUPATION] believes your safety is more important than price. We only recommend original equipment quality, crash tested windshields and use the same adhesives the car makers do. Only [OCCUPATION] [OCCUPATION] guarantees your new win showed for [DURATION] [DURATION] [DURATION] against Breakage plus a lifetime against leaks and defects. Don't put your safety at risk. Get the best guarantees in the business. [ORGANIZATION] understands your business can't close if a window breaks. That's why we offer [DURATION] [DURATION] emergency board up service for your business. We'll measure the window or door opening and expedite the replacement glass order with priority service. Or we can help you prepare for potential emergencies through our advanced pre measurement plan so your business is ready before glass breaks. [OCCUPATION] [OCCUPATION] provides a wide range of specialty glass, fire rated bullet resistance, reflective, energy efficient or even two way mirror. Visit [URL] Whether it's storefronts, dividing walls, tabletops, display cases, [OCCUPATION] [OCCUPATION] can meet your business. I would the one above and then maybe the lower two over here. [OCCUPATION] replaces all types of glass for your home, auto, even business. There's never been a better time to beautify your home with glass. Exquisite decorative glass insert for your entry door, a custom designed shlosion glass tableop mirror. There's never a good time for gler, but you can plan in advance for savings and service which ask [OCCUPATION]. Advantage Plan Advantage plan members SA 15% on all of prepars for the home and receive priority service response and emergencies. Plus any glass replaced in the home of an Advantage Plan member is guaranteed against breakage for the term of the membership excluding natural disasters if you sell your home and they got even transfers to the new homeing jingle. Or ask your [OCCUPATION] [OCCUPATION] [OCCUPATION] about our Advantage Plan today. Like all this little music endurever break glct do class doct doct call the [LOCATION] [OCCUPATION] will f your te oh your windshield does more than keep out wind and rain during an accident. The windshield helps keep you in the car, supports the roof over your head and even.","OPENING, NEEDS_ANALYSIS, FEE_DISCUSSION",0.85,True,"Agent greets the customer, who is seeking a ballpark estimate (fee discussion) and provides identifying information (needs analysis).",home_service_inbound.zip,home_service_inbound/86af367410454cd094485b1bf5aa8cf5_transcript.json,home_service_telecom,inbound,619.0,0.89151984,1241,7474,89,DATE|DURATION|EMAIL_ADDRESS|LOCATION|MONEY_AMOUNT|NUMBER_SEQUENCE|OCCUPATION|ORGANIZATION|PERSON_NAME|PHONE_NUMBER|URL
callcenteren,train,recording-public_981_transcript,0b044eac7b527189111547908bfeb0b97d12dcc22e9d51598a0d0173d70fb2dc,"Are you smoking cigarettes? No. No cigarettes. Wonderful. Yeah. Hi, ma' am. Hi. Yeah, Hi ma' am, my name is [PERSON_NAME] this time. I have a Ms. [PERSON_NAME] [PERSON_NAME] in the line with me. She is [PERSON_AGE] years young. It's residing in a beautiful state of [LOCATION] zip code of [LOCATION]. And she's looking check some code about whole life insurance. Insurance policy beneficiaries, two daughter. And she's mostly smoking cigarettes. She don't have many major health issue. I think she only have a [MEDICAL_CONDITION]. So please take over the call. Thank you. Hello? Hello. Hi, ma' am. How are you? Okay, I guess. And yourself? I'm doing well. Thank you so much for asking. So again, my name is [PERSON_NAME]. I'm a [OCCUPATION] [OCCUPATION] and. I'm sorry, I didn't catch your name. My name is [PERSON_NAME] [PERSON_NAME]. Okay. That's a pretty name. So, [PERSON_NAME], do you. You're welcome. Do you currently have a policy in place right now or. No. No, I don't. Okay, perfect. So our rates, they range anywhere between $[MONEY_AMOUNT] [DURATION] [DURATION] to $[MONEY_AMOUNT] [DURATION] [DURATION], depending on how much coverage you select. Is that something that would be within your budget? Maybe [MONEY_AMOUNT]? Maybe, if I choose to take a chance. Okay, well, we can definitely try to stay within that price range. And then we do ask that you have an active checking or savings account in place just in case you did want to move forward with the application process. Because we do require that information. Do you have that as well? Yes. Perfect. And what is your date of birth? [DATE_OF_BIRTH]. [DATE_OF_BIRTH]. All right. And you're not a smoker, correct? No, I am not. Okay, perfect. And then I understand that you're just taking medications for [MEDICAL_CONDITION]. Is that right? Yes. Ok. [DRUG]. Okay. So no [DRUG], just pills? No. What? No [DRUG], then. Yeah, [DRUG]. Excuse me, what did you ask me, ma' am? I'm sorry. No, that's okay. So you're not on [DRUG], Correct? You're just taking the [DRUG]? No, no [DRUG]. Yeah, I'm just talking. Yes. Gotcha, gotcha. Okay, so $5,000 of coverage would be $[MONEY_AMOUNT] [DURATION] [DURATION]. Are you comfortable with that rate? Or did you want me to give you a rate for a different amount? Let me just hear what might be 10. I might not afford it, but I would. I would just like to hear what it would be for 10,000. Sure. So 10,000 is $[MONEY_AMOUNT] [DURATION] [DURATION]. And I'm sorry, [PERSON_AGE]. I misquoted [PERSON_AGE]. And then I'll give you the rate for 7,000. So that way you can just kind of have something in the middle there. Yeah, that makes sense. Yeah. $[MONEY_AMOUNT] for the 7,000. Yeah, that sounds much better. Okay, perfect. So what we can do, [PERSON_NAME], is we can get an application started for you just to see if we can get you approved for the coverage. It's an instant decision, so we would have an answer within [DURATION] [DURATION] [DURATION] [DURATION]. If you do get approved, it is day one coverage. So there wouldn't be a [DURATION] [DURATION] waiting period. And then you don't need to make a payment today, but we do need to schedule a future payment date. Do you know when you would want to set up your first draft? I don't know when. Probably next [DURATION] or something. That's fine. So we can set it up for like [DATE] [DATE]. Is that good for you? Yeah, I guess so. Okay, so we'll set it up for [DATE] [DATE] and then the [DATE] of every [DURATION] or after that is like I said, if you do get approved and then is going to be out of a checking account or a savings account. I'm not sure if it's checking or savings. I don't know, something. It's for my [ORGANIZATION] [ORGANIZATION] income, I guess, right? I don't know. Okay. Does it, [PERSON_NAME], does it get directly deposited like on a card for you, like a [ORGANIZATION] [ORGANIZATION] card, or does it go into a bank? Oh, what's going in the bank? I don't know about. If it's going in now with the bank, I'm not sure. Looking for another bank. Okay, so that's fine. So I would need. Just so we can get all this set up for you. If you do get approved, we would need the routing number and the checking account number to the bank. Okay. If you want to like try to gather that, try to gather that for me while I do. While I take the rest of your application. I'm not going to need it right at this moment, but I'm going to need it towards the end of the application process. Okay, [PERSON_NAME]? I guess I don't know what the end of the process means. Okay. Oh, no, I'm just quickly. I'm going to find to get another bank right now, but I'm working on it. Oh, okay. So you don't have a checking or a savings account open already? Is that what you're saying? Yeah, that's exactly what I'm saying. The one that I did have closed on about [DURATION] [DURATION] ago. Oh, I gotcha. Okay, so what about like a debit card? Or a credit card, because you can use. You don't have that either? No, I do not. I did with the bank that closed down, but I don't have it anymore. No. Okay. Okay, what about. Because you had mentioned that you like your [ORGANIZATION] [ORGANIZATION] checks. Where are the [ORGANIZATION] [ORGANIZATION] deposits or that money, where does it go? Does it go into, like a [ORGANIZATION] [ORGANIZATION] card? No, it doesn't. It. It's. I have a payee that goes to her, my aunt, and then she goes to her account. Oh, okay. And she gives me the money to have a payee. Gotcha. Okay, so then once you know how you want to set up the payment, [PERSON_NAME], we can. We can process your application. I just can't put your application through without any of that information because the carrier sense. I wouldn't expect you to do it. Yeah, because you don't know anything about the information about my aunt. Okay. Being a payee or whatever, I have to get that information for you. But when I get that information, maybe you could call me back later, another [DURATION] or something. Okay, I will do that, [PERSON_NAME]. No problem. You have a great one. Okay, see you too. Bye. Bye. Thank you. Bye. Bye.","OPENING, NEEDS_ANALYSIS, FEE_DISCUSSION, PRODUCT_PITCH",0.9,True,"Agent greets the customer, checks for existing policies, discusses budget/rates, and pitches whole life insurance.",customer_service_general_inbound.zip,customer_service_general_inbound/recording-public_981_transcript.json,customer_service,inbound,431.0,0.9693471,1089,6082,70,DATE|DATE_OF_BIRTH|DRUG|DURATION|LOCATION|MEDICAL_CONDITION|MONEY_AMOUNT|OCCUPATION|ORGANIZATION|PERSON_AGE|PERSON_NAME
callcenteren,train,DMEMED_rmbpo19_20211108-160513_8472559858_4603003-all_transcript,0b18287442ff9417dd210d09f4a64c52383b320f708fa4a8e93ee1f0aa0ced3d,"Yes, Hello? Yes. Why did you hang up? [PERSON_NAME], I'm going to connect you now. I didn't hang up. I didn't hang up. Somebody interrupted the line. Oh, I'm sorry for the disconnection of the call, ma' am. So I'm going to transfer you now over to the [OCCUPATION] [OCCUPATION] in your area, okay? Yes. Here we go. What is this all about? For additional coverage. Pardon me, [OCCUPATION], please blind transfer and send back over the call again. Thank you. Hello? Okay, so, [PERSON_NAME], I am going to transfer you over again to the [OCCUPATION] [OCCUPATION] in the other line, okay? Yes. Okay, so here we go. We're connecting now. I'll be with you here. Okay? All right. This is for your additional coverage. Here we go. [PERSON_NAME], we're connecting now. Hello, this is [PERSON_NAME] from [ORGANIZATION] [ORGANIZATION] [ORGANIZATION] following up on your recent inquiry on how to save on your Medicare. How are you? I'm all right. There has been recent changes with plans and rates in your area. During this open enrollment, you may be able to get lower rates and additional coverage, and you can save up to $[MONEY_AMOUNT] to $[MONEY_AMOUNT] on your plan. What I do is get a [OCCUPATION] [OCCUPATION] on the line to go over possible low rates and additional coverage with you and check if you qualify for plans that will help you with co pays and deductibles that are not covered by Medicare. Do you have an advantage or a supplement? I have. I think it said it's a supplement. Yeah, I have supplement. I have Medicare and supplement with [ORGANIZATION]. Whatever Medicare doesn't cover that is being covered by [ORGANIZATION]. All right then, mom. Have a great day.","OPENING, PRODUCT_PITCH, NEEDS_ANALYSIS, FEE_DISCUSSION, MISUNDERSTANDING",0.9,True,"Greeting present, pitch for Medicare savings, needs analysis on current plans, and initial confusion over a disconnection.",medical_equipment_outbound.zip,medical_equipment_outbound/DMEMED_rmbpo19_20211108-160513_8472559858_4603003-all_transcript.json,medical_equipment,outbound,158.0,0.9544361,288,1672,18,MONEY_AMOUNT|OCCUPATION|ORGANIZATION|PERSON_NAME
callcenteren,train,0afdc32c59c64abca754eb6deb3782c136767830_transcript,0b61ad3a90c2d1a2b55193246180bc060dfd69b8158a0d6f8be71457e224592a,"Thank you for calling [ORGANIZATION] [ORGANIZATION] dental'david Gentrel and I'JUST noticed something's come loose in my mouth and I got a [INJURY] [INJURY] [INJURY] [INJURY] [INJURY] [INJURY] [INJURY] [INJURY] [INJURY]. Now I know I need a crown. Okay, and ye where is the hole that you're talking about? Is it upper, lower, left, Right. Excellent. Lower. The last two on the left side on the bottom. Okay. Is that the one that needed the crown? I hope it is not. No. Yeah, let me see here. No, because the tooth that you're referring to is actually the tooth in front of it. And that one currently has a crown already, but we need to replace that crown because you have an open margin with decay. But the very back tooth that does not have a crown on it currently it does. Or it did have a large filling, but it didn't have it. It's not treatment plans for anything currently. ### so let me see here. Well, when would you like to come in so we can take a look? Well, let me sen you. Well, when can I get in, I guess is the question. That is a good question. I mean we can see tomorrow morning or afternoon. I mean is [TIME] or we can see you in the afternoon at [TIME]. The first thing in the morning works about [TIME], you said. M okay. Yeah, we'll see you bright and early. [TIME] and we'll take a look and. Yeah, see what's going on and see what we need to do. And when did you notice it? Was it just today? Just today. Okay. And is it causing you any discomfort at all? Do I need what? I'm sorry, Is it causing you any discomfort at all? Well, not yet, but I don't think I'REALLY trying to eat anything. Right. I mean I had to lose it after breakfast. That. Okay. So I I was eating something and there was something hard in it and I. That's what it was. I thought it was in energy bar. Yeah. Okay. All right, well, no problem. We'll see you in the morning at [TIME] and take a look and see what's going on. Okay. Okay, thank you very much. All right, thanks, bye.","OPENING, NEEDS_ANALYSIS, SUCCESSFUL_SALE, ACTIVE_LISTENING",0.95,True,Greeting present; agent analyzes the patient's dental issue and location; appointment is successfully scheduled.,medicare_inbound.zip,medicare_inbound/0afdc32c59c64abca754eb6deb3782c136767830_transcript.json,medicare,inbound,200.0,0.8956405,383,1970,16,INJURY|ORGANIZATION|TIME
callcenteren,train,5f43b4b14d3a412d81badf6df7152d9b_transcript,0bbebc0cacac2e26c9a0c723e3df715ecd1869cad3b6bea62221c90d00ead8ab,"Hello? Is [PERSON_NAME] there? Yes, this is [PERSON_NAME]. This is [PERSON_NAME]. Who's this? Oh, this is [PERSON_NAME] [PERSON_NAME]. You called me a little while ago. Yes, sir. How are you doing? Good. Great. I did comm in V. Yeah, I couldn't quite understand it completely, like, you know, stuff, but anyway, it might be easier I just come down there and sign that paper down there. You know, if you want to do that, that's totally fine with us, man. I know. I think thereanes have been here about [TIME]. [TIME]. So, yeah, if you'd rather just come, then that's totally fine because I got doctoror [TIME], and after that I just stopped in. If she's there, she's there. She's that. Will that work? That'll work. Yeah. No, that will absolutely work. So let me throw this at you, though, so I think she might actually get here a little bit before you then. And we're gonna be very busy today, so I don't want you guys to sit around and wait [DURATION] [DURATION]. So if there's any way. All I really need from you at this point, because she got me everything else by now. If you're able to send me a picture of your driver's license, that's pretty much the only thing I need from you. Oh, boy. I can walk. You can def. Yeah. CU I. I'm very [MEDICAL_CONDITION] [MEDICAL_CONDITION]. I kind of assume that my parents are the exact same way. So you're fine. [PERSON_NAME]. I can definitely help you out with it. Okay. As soon as you get your driver's license, let me know. Okay. I'TELL you what. I got it. All right. So do you have an iPhone? Do you know. Yep. All right. Do you know how to get to your camera? Ye. I think so, but just. I don't hang up on you. Just scroll up. Right? Yes. You can do that. That is. Yeah, actually, that's even. Okay. That much. Oh, okay. Camera. Yeah. You got the camera? Yep. I'll just take a picture of your license, and then it's gonna have the picture saved on your phone, and then I'll tell you what to do from there. Okay. Now on the picture, do you see at the very bottom, there's going to be all the way to the left, I believe there's a little box with an arrow pointing up. No, I got a picture of the license in the lower left. And something will pop up. Okaye. Yeah, Square with the arrow. Okay. Do you see other things pop up that say. Do you see a box that says messages? It should be green Ye. Go ahead and hit that. Ye. So once you're there, it's going to put your picture in the message. And now you got to do is type in my phone number where your cursor is. So once you see the cursor and then you'll see the blinking cursor. So I'll give you my phone number. Okay. [PHONE_NUMBER]. [PHONE_NUMBER]. Yep. [PHONE_NUMBER]. [PHONE_NUMBER]. [PHONE_NUMBER]. And. And then that. Yep. It should pop up on there to where you can hit the green arrow kind of by the picture to the right. Yeah. Arrow. It's got green, but. Okay. Yeahen on long as you hit that arrow, it's gonna send it right to my messages. Okay. And then I'll be able to get a look at it. It should be there. Here, let me check here. Funny, [PERSON_NAME] just sent me a picture of hers just like [DURATION] [DURATION] ago. Did it say sent on your end? O. I don't know. Let me do this too. I can send you a message from my phone to the phone you're talking on. And that little bit easier if I hit it again. Messages. There's a blue arrow by the picture. Yep. Hit that. Ye. No, don't do anything. Not doing anything. No. Here. I'm going to do this right now. I'm going to send you a message. Okay. You can just reply right in that message while we're on the phone. Your number. I appreciate your patience with this. I know these things are a little bit annoying. All right, go ahead and read me your number real quick. Read. Number. No, no, no. Your phone number. [PHONE_NUMBER], [PHONE_NUMBER]. [PHONE_NUMBER]. All right, I'm going to send you a message that says [PERSON_NAME]. Let me know when you get that. Ye. I got that. All right, so I send you that. That's our text message thread. So click on that and let me know when you're in it. Okay. Who. Okay, that. All right, so now that you're in there, do you see above all the letters at the bottom? Do you see that little camera signal? Yeah. Hit that. And that should bring you to your photos to where then you can click on that picture of the druter's license you just took. Oh, boy. Okay. What happened when you hit the camera? I got screwed up. I don't know. Oh, boy. I'll go back to messages again. Okay. The but in arrow and hit the camera. Don just gets the camera or what's going on the camera. Not a picture, is it? Does it. So it might do one or two things. Does it have where you can take a picture right now? Now. Ye. So just do it again. Then put it right over your driver's license and then it might be a smaller screen that you're looking at, but it works just the same. So just put it over your license, take the picture and then that will send it right to me. You hit one more button but I'll show you how to do that when you take a picture o you got brother okay. All right. Very good job, man. I appreciate that. So we are Yep, I got it. So we're good to go, [PERSON_NAME] So I will plan on seeing you a little bit later after your [OCCUPATION] appointment. Do you know where we're located? Yeah your're ey in [LOCATION] there work it's lot fain no right used be tell the old [PERSON_NAME] for yes, sir okay I'ASK for [PERSON_NAME] yes, sir and then I'll be ready for you and we'll have your portion signed real quick. Okay, I'll be in than okay, bye Yep.","OPENING, SUCCESSFUL_SALE",0.85,True,"Greeting is present and the customer agrees to come in and sign papers, indicating a commitment to the process.",automotive_and_healthcare_insurance_inbound.zip,automotive_and_healthcare_insurance_inbound/5f43b4b14d3a412d81badf6df7152d9b_transcript.json,insurance,inbound,530.0,0.86026037,1064,5527,30,DURATION|LOCATION|MEDICAL_CONDITION|OCCUPATION|PERSON_NAME|PHONE_NUMBER|TIME
callcenteren,train,2020-07-07-16-26-00_32355332-b711-4370-8428-a802c57209ef_v2Z53WTk422-s8P3-SAEndqUUFeVPytzKTtsxfsHQobq6OgvMRslXSyQ_transcript,0bc3c36ffff46a5f284df75b11f1dc36440d0fa8fe133fe624fd2042666d1ec7,"Good afternoon, [ORGANIZATION] [ORGANIZATION] [ORGANIZATION]. This is [PERSON_NAME]. How may I help you? Hi, [PERSON_NAME]. Hi. How can I help you? I'm sorry, [PERSON_NAME] was transferred with you. I thought the guy was going to stay in the line. No. Hold on, please. Okay. Are you looking for a quote? Yeah. Do you have insurance now? Yes. Okay, let me just take some information here. Okay. What is your name? [PERSON_NAME] [PERSON_NAME]. Okay, [PERSON_NAME]. Spell your last name. [PERSON_NAME] [PERSON_NAME] [PERSON_NAME] [PERSON_NAME] [PERSON_NAME] [PERSON_NAME] [PERSON_NAME]. Okay. Date of birth. [DATE_OF_BIRTH], [DATE_OF_BIRTH]. Okay, and your address? [LOCATION] [LOCATION] [LOCATION], [LOCATION], [LOCATION] [LOCATION] [LOCATION]. Yep. [LOCATION] [LOCATION]. I'm sorry, what town was that in? [LOCATION]. [LOCATION]. [LOCATION] [LOCATION] [LOCATION] [LOCATION]. Yep. And [LOCATION] [LOCATION], [LOCATION] [LOCATION] [LOCATION] [LOCATION] [LOCATION] [LOCATION] [LOCATION] [LOCATION] [LOCATION] [LOCATION]. And what is your other zip there? [LOCATION]. Okay, and your phone number? [PHONE_NUMBER]. Wait. I'm so sorry. [PHONE_NUMBER]. Okay. And is there anyone. Are you the only driver on the policy? Yeah. Okay, we have any cars? Do you have. I have a [DATE_INTERVAL] [ORGANIZATION] Ram. [ORGANIZATION] Ram. Okay. I have a [DATE_INTERVAL] [ORGANIZATION] [ORGANIZATION]. Fat Boy. That's a back. That's a bike. Yeah. All right, so that's a motorcycle. That's the motorcycle policy. What else you got? I have a [DATE_INTERVAL] Polaris. What is that? That's another bike, Sort of. Okay. Yeah, these are all. The motorcycle and the ATV are on different. [MONEY_AMOUNT]. ATV and motorcycle are two different policies. Okay, so you only have the one [ORGANIZATION] Ram and a classic car. Okay, that would probably. What [DURATION] is that? [DATE_INTERVAL]. What is it? [ORGANIZATION] Nova. I remember them. Do you have that with [ORGANIZATION]? I do, yeah. Okay, that will probably leave that with [ORGANIZATION]. But on the auto. Do you own your own home? Yeah. Oh, that's good too. So you own your home. How many square feet is your home? It's a two family and it's maybe 2600 square feet for the two families. Yeah. Okay. All right, let me. I'm just going to give you a quote right now on the. The [ORGANIZATION]. How much are you paying just for the [ORGANIZATION] right now? I have no idea. Because everything is all in one policy. One payment, I mean. Oh, really? So the company, [ORGANIZATION] [ORGANIZATION]. Oh, yeah. Okay. Stay from. And what are you paying? Oh, you don't know how much you're paying for the [ORGANIZATION] Ram? I'm sorry, I don't. Okay. I have to pull up the policy and see. Yeah. All right, Let me Let me do my homework here and see what I can come up with, and I'll give you a buzz back. Okay? All right. Thank you. You're welcome. Bye. Bye. Bye. Bye. Life's busy enough. That's why [ORGANIZATION] offers a variety of easy ways to manage your.","OPENING, NEEDS_ANALYSIS",0.95,True,Greeting is present and the agent performs extensive data collection to provide an insurance quote.,auto_insurance_customer_service_inbound.zip,auto_insurance_customer_service_inbound/2020-07-07-16-26-00_32355332-b711-4370-8428-a802c57209ef_v2Z53WTk422-s8P3-SAEndqUUFeVPytzKTtsxfsHQobq6OgvMRslXSyQ_transcript.json,insurance,inbound,267.0,0.9355243,474,2976,68,DATE_INTERVAL|DATE_OF_BIRTH|DURATION|LOCATION|MONEY_AMOUNT|ORGANIZATION|PERSON_NAME|PHONE_NUMBER
callcenteren,train,All_American_Deli_s-Subs-Such_(2)_transcript,0c1a6f7075a06c671558111d80bc2ada3e2cc11aa470b7304d283ec61c299c78,"Steps and such. Hi ma'am, this is [PERSON_NAME] [PERSON_NAME] here calling back from [ORGANIZATION] and he's [ORGANIZATION] [ORGANIZATION]. Is Ms.s [PERSON_NAME] available? I called about [DURATION] [DURATION] ago for her. Hold on just a second. Sure, just go first. Hello, [PERSON_NAME] here with [ORGANIZATION] [ORGANIZATION] [ORGANIZATION]. Is this Ms. [PERSON_NAME]? Yes. Awesome. So sorry for bothering you back so soon. Ms. [PERSON_NAME] actually had a small update for you about the order. I was just checking the account. So your account number pulled up. You guys currently have 1000 megabits first of all but you are on the old promotion. Secondly, your equipment is old as well so we would need to send somebody over and there is s a small change in the plan we would be offering to you as well. So you guys currently have 1,000 up and down but with the old pricing which are quite high. So now we are going to get you guys on the [DATE_INTERVAL] MEA Python upload in [DATE_INTERVAL] download. So that's twice as fastaster than what you currently have. And you're going to enjoy the cheapest pricings on your account. At $[MONEY_AMOUNT] it would be $[MONEY_AMOUNT] for your e and T. This is just silly. Like I just got a new router like maybe [DURATION] [DURATION] ago when we don't have to upgrade your system or the routers and stuff like that. But to get the changes done we would need to send a [OCCUPATION] to do a manual upgrade. What are we paying right now? [DURATION] [DURATION], Ma'am. I pulled up a bill. Your last bill for the services was about [MONEY_AMOUNT] [MONEY_AMOUNT] [MONEY_AMOUNT]. You paid down in the [DATE_INTERVAL] [DATE_INTERVAL] [DATE_INTERVAL] which is quite a high amount for both of your. Okay, so it's going to come down now. What did you say to [DATE]? I'm offering $[MONEY_AMOUNT] 2 to 5 for your services of Internet. Your telephone lines are costing you $[MONEY_AMOUNT] [MONEY_AMOUNT] a piece. So that will remain the same for you. So there are two lines that you have at your business. Those will cost you two $[MONEY_AMOUNT] per line and [MONEY_AMOUNT] [MONEY_AMOUNT] for the infet with the [DURATION] [DURATION] price locin. So what's the total going to be? The total would be with the service charges and everything included ma'am. The service rate would be 273the current plan that you have for the thousand thats s old. So even if you don't change anything with the same plan you are expecting an increase in the bill because the price you pay for it we no longer offer it. So it would be with the promotions Back on with the two numbers and Internet would be $[MONEY_AMOUNT] [DURATION] [DURATION] with the two times better Internet speed and locked in price for [DURATION] [DURATION]. And after [DURATION] [DURATION] it could be renewed once again at the same rate to 70% for all your services. Okay. Okay, awesome. So I could send a [OCCUPATION] over to get that taken care of at your business address on the [DATE] off [DATE_INTERVAL] next [DURATION], Tuesday, if that's a good [DURATION] for you, ma'am. Okay, that's fine. What time would you prefer? Morning time would be [TIME] to [TIME]. Second afternoon time would be between [TIME] to [TIME]. Let's do it from [TIME] to [TIME]. Awesome. So as in might be changing the order of it with a new price and the new promotion. I just need to get your permission again to proceed on for this order for you guys. Which allows me to set this order up for the new pricing t discussed. So could I have your yes for that? Yes. Awesome. Any questions before I go? No. As far as the changes and the installations concerned ma'am, as you ey have been a loyal customer. So for the [OCCUPATION] coming over, there is no additional cost for the [OCCUPATION] as installations for the new equipment and the new modem. And the changes would be all technically free as you will be getting a [MONEY_AMOUNT] of [ORGANIZATION] gift card which will compensate and offset the one time installation cost of $[MONEY_AMOUNT] making the whole installation technically free and covered by us. So there would be no charges for equipment install free. The only thing you pay is your bill. [MONEY_AMOUNT] Do. Okay, okay, awesome. Could you also help me out here with a wireless or a cell phone number you could be reached on before our [OCCUPATION] would come. He will call you ahead of arrival and send you a text and mess as well. So what number could I use for that now? Area code [PHONE_NUMBER]. AWES that's all good on my end, ma'am. Any kind of questions on the changes on the accounts before I go? No, that's great. Awesome. Thank you so much for being the best part of [ORGANIZATION] [ORGANIZATION] [ORGANIZATION] yourselves. Have an awesome [DURATION]. Okay, bye bye. All right, thank you. Bye.","OPENING, PRODUCT_PITCH, FEE_DISCUSSION, OBJECTION_HANDLING, SOFT_REJECTION",0.9,True,"Greeting present, agent pitches a plan upgrade and discusses costs; customer resists the need for a technician visit.",home_ervice_inbound&telecom _outbound.zip,home_ervice_inbound&telecom _outbound/All_American_Deli_s-Subs-Such_(2)_transcript.json,home_service_telecom,outbound,339.0,0.8885271,831,4779,68,DATE|DATE_INTERVAL|DURATION|MONEY_AMOUNT|OCCUPATION|ORGANIZATION|PERSON_NAME|PHONE_NUMBER|TIME
callcenteren,train,recording-public_856_transcript,0c215436da0f2e279166a919c36fcfd0d21e57766c72322dee51a0a902fe29c5,"Hello, [PERSON_NAME]. Yes, ma' am. It's an [ORGANIZATION] call meaning [ORGANIZATION] [ORGANIZATION] [ORGANIZATION]. I have prospect, Ms. [PERSON_NAME] [PERSON_NAME]. Date of birth is [DATE_OF_BIRTH] [DATE_OF_BIRTH], [DATE_OF_BIRTH]. Zip code is [LOCATION]. She's in [LOCATION] right now. She's looking for [ORGANIZATION] [ORGANIZATION] codes. Assist her and you both have a beautiful day. Thank you. Thank you. Okay. Hello again. My name is [PERSON_NAME], and I'm a [OCCUPATION] [OCCUPATION] here in the [ORGANIZATION] [ORGANIZATION] [ORGANIZATION]. How are you doing today? Hi. Well, he's got the zip code wrong. It's [LOCATION]. Yes, ma' am. Okay. Thank you for updating that. Do you currently have a policy. You're welcome. Yes, ma' am. Do you currently have a policy in place right now, or. No, I'm working on it, but I can't do this when my kids are all scattered around. I have four kids, and they're scattered around [LOCATION], you know, various states. And so I. I'm working at getting them together so that, you know, we at least can decide remotely, but we can still decide that we. What we want. So that's how we've left. That's how I've left it. And then, you know, they're eight. Get them scattered everywhere, right, for games, you know, tenant games and whatever you got. You know, I'm gonna say, yes, ma' am. Yes, ma' am. I've been doing it. Yes, ma' am. Do you make your final decisions financial decision, or your children make your decision for you? Well, right now, I'm the leader of the pack, but who knows how long that's gonna be? Yes, ma' am. Yeah, they get their own idea. Yeah, but they get their own ideas. No, don't do that. Do this, do that. You know, I'm lucky if I can get them to all agree. So if I can find you something with the price being right, are you able to make your decision today for yourself? Oh, no, I can't do. No, that's impossible. They're scattered. I can't make it for them. You know, some of them are [PERSON_AGE] and [PERSON_AGE] years old, so I can't. I can't do that. No. No. Okay, so. All right. Well, I. Thank you for your time, ma' am. Okay. You're more than welcome. Are we. Are we done? Yeah, but you said it. You. They have to help you make your decisions. Right? You can't make your decision on your own. Yeah, you can't. I can do it on my own. That's not a problem. The problem is that they're not going to Agree with me that I'm doing it this way. They want their own say so with everything. So I'm not gonna force them to. You do what I say. I'm not going to do that kind of, you know, stuff. They, they don't want to hear that They're. They're getting up in age. They're going to tell me what I'm going to. Or they get mad and they walk off. Okay, so our race, they range anywhere between $[MONEY_AMOUNT] to $[MONEY_AMOUNT] [DURATION] [DURATION], and that all depends on how much coverage you select. Is that something that will be within your budget, between [MONEY_AMOUNT] and $[MONEY_AMOUNT]? No, no, not at all. Not at all. Yes, ma' am. What about between [MONEY_AMOUNT] and $[PERSON_AGE] [DURATION] [DURATION]? That might work, but it's not going to work for long because they fill that in real quick. You know what I mean? They. They're not gonna. They're not gonna stay with something like that. They're gonna want to know what's in it. What can you not have? What can you have? It's just gonna go on and on for a while because they, you know, they. They're not kids anymore. They're not babies, you know, or they gotta have their diaper changed or anything. They're just. They're going to take their own time and tell you when the time is up. So I don't try. Yes, ma' am. So you're telling me if you take out a policy that they will come back and change what you do? They may. Oh, yeah. Amen. Yeah. Okay. Yeah. Okay, so we do ask that you. I have to have time with them. You know, I. I have to have the time with them, and if I don't have the time with them, they. They're up and gone. So I'm, you know, I, I really don't want to force them to do. To sit in a chair. I don't, you know, I don't want them to have to feel that they have to do what I say, because they don't. They can walk off. A couple of them have. Two out of the four have walked home. They. They don't tell me anything. So. Do you have anything, heaven forbid, if you pass suddenly, do you have anything in place for your [ORGANIZATION] [ORGANIZATION], your burial to be taken care of? I'm working on it, but I don't have anything, you know. Okay. For real right now. But I. I know because I have to work on it. I have to decide what I want, what I don't want. You know, you have a list on one side, a cross out list on the other. And then they. They want to sit down and want to hear what you. What you wrote, you know, and so they. It's just very difficult. You think that this is some kind of game? It's not. Well, it's not, because, you know, it's not a game. Life and death is not a. Not a game. So, you know, no one knows when they're gonna leave. No one knows that. But we have to. That's true. You know, we got to get this narrowed down because time really is not on anybody's side. And the longer you wait. No. And it's not looking different now. Time. Time isn't just working for itself. Right? It's working every second of the day. Yes, ma' am. Yes, ma' am. So I. Now, I can help you. I can help you if you want me to help you. So this. So that if. If you happen to, you know, go to sleep, heaven for being you don't wake up your children be covered so they don't have to come out their pocket and pay for a funeral all at one time. So do you want me to help you find. Do you want me to help you find a policy that can cover all your insurance needs? Not sign it? No. Talk about it, yes, but not sign it because I don't know what I want. So why am I going to tell you what I want? I don't know what. I'm here to help you. That's why I'm here to help you. I have to. Yeah. I have to. Yeah. I have to decide and take my time, and I. I can't do it all at once. I can't do it all at once for sure. So maybe we ought to let it go for. For a while. Let it go because I'm not ready. I'm just not ready. You're not ready to get a policy in place? No, not yet. And then you. And you're [PERSON_AGE], you know what? [PERSON_AGE]. I'm [PERSON_AGE]. I just turned [PERSON_AGE]. Yes, ma' am. But you know what? Most insurance companies stop at [PERSON_AGE]. I'm at [TIME]. But you know, you can't wait too long because [PERSON_AGE] is long enough, don't you? Wouldn't you agree? Well, I do, but I'm not ready. So however they want to work it. Let me go. Go on. Okay. Thank you. Okay. Okay. Thank you.","OPENING, NEEDS_ANALYSIS, STALLING_FOR_TIME",0.9,True,"Contains greeting, agent asks about current policy and decision-making, and customer explains they cannot decide now due to family situation.",customer_service_general_inbound.zip,customer_service_general_inbound/recording-public_856_transcript.json,customer_service,inbound,518.0,0.9565183,1273,6641,43,DATE_OF_BIRTH|DURATION|LOCATION|MONEY_AMOUNT|OCCUPATION|ORGANIZATION|PERSON_AGE|PERSON_NAME|TIME
callcenteren,train,44bf2355c8304e3a887cb6896ffbbb6c37052861_transcript,0d070dc19426bb817b95e2da101e5464f7fbc1a4c846c00cea37c9a3d66752c4,"Thank you for calling [ORGANIZATION] [ORGANIZATION] [ORGANIZATION] [ORGANIZATION]. This is [PERSON_NAME] speaking. How can I help you? Hi, I just called and said I was running a little bit behind. Yeah, for [PERSON_NAME]. Yeah. My ETA, it's saying. Let me look at it again. Yeah, SA won't be thereill like [TIME]. Yeah. I hate to be like this just because it's not fair to the patient. After you. That'kind of set behind almost [DURATION] [DURATION] [DURATION] [DURATION]. Do you want to reschedule now while I got you on the phone, Are you available? I have an opening. I just had a cancellation on Saturday. If you're available Saturday, which is. I work Saturday. Okay. I figured I thr out there. Anything tomorrow morning early o. Let me see if cancele. Hold on one second. Not early. I have a [TIME] [TIME] again tomorrow. I work tomorrow Tuesday. I'm just at an appointment or another appointment and they you a little bit longer. You too long? Yeah. So I have the Saturday and then my next one after that. Let's see. It has to be a Wednesday again. It has to be a Wednesday. Would have to be on Wednesdays. Yeah. Unless it's like Thursday, Thursday or Monday early morning. Okay. And then anytime on Wednesday. Yeah. Okay. Let me look through the schedule, see what I can do here. Thursday, Monday, early endime. Wednesday. Sorry, bear with me one second. I'm just trying to see if anyone's canceled here because we're booked pretty far inums. So I. My next one is until [DATE], [DATE] [DATE]. That did have a [TIME], so if you. I can do that and then I can put you a cancellation list if we get something that comes sooner. That works. You want to try that? Okay. Yeah. Okay, so we got you. Yeah, let me. I'll put to Monday mornings, Thursday mornings, anytime on Wednesday. Right. Was what worked good for you. Okay, so I'll make a note. If we get something that opens up, I'll call you. But at least for now we got to rescheduled for [DATE], [DATE] [DATE] at [TIME]. [PERSON_NAME]. Okay. Oay that work morning between like [TIME] or [TIME] [TIME] [TIME] [TIME] Work it'too any day if it's [TIME] or. I'm sorry, those Mondays and Thursdays is like [TIME] or [TIME] yes, that's what I'm going to look for first thing on those [DURATION]. Or anytime on a Wednesday. Okay. Okay. Thank you. All right. You're welcome. You have a good one. You too. Bye.","OPENING, NEEDS_ANALYSIS, OBJECTION_HANDLING",0.8,True,"Greeting is present, agent analyzes customer's schedule, and attempts to handle scheduling conflicts to find a date.",medicare_inbound.zip,medicare_inbound/44bf2355c8304e3a887cb6896ffbbb6c37052861_transcript.json,medicare,inbound,207.0,0.8566214,425,2357,31,DATE|DURATION|ORGANIZATION|PERSON_NAME|TIME
callcenteren,train,DMEMED_rmbpo07_20211116-160114_3523966960_4798623-all_transcript,0d2395b28069c3ab27ad34b7ea787ba330763711d1dba5b290e88f70ab986b69,"Hello? Hello, this is [PERSON_NAME] from [ORGANIZATION] [ORGANIZATION]. How are you? I'm fine. Oh, that's great. So, by the way, the reason for [PERSON_NAME] is about your benefits. And I believe you're a Medicare card holder with part A and B. Right? Right. So if we see here that you're qualified to get upgraded [DATE_INTERVAL] Medicare benefits. So are you interested it now? Hello? Hello? Hello? Are you interested to get your upgraded [DATE_INTERVAL] Medicare benefits? Yes. Okay, That's a yes. So now I'm gonna fill up some of your information here. So if I'm asked, what's your first and last name? My first name is [PERSON_NAME]. [PERSON_NAME], [PERSON_NAME], [PERSON_NAME], [PERSON_NAME]. Last name? [PERSON_NAME]. [PERSON_NAME], [PERSON_NAME], [PERSON_NAME], [PERSON_NAME], [PERSON_NAME], [PERSON_NAME], [PERSON_NAME]. Is it [PERSON_NAME], [PERSON_NAME], [PERSON_NAME], [PERSON_NAME], [PERSON_NAME] or a single [PERSON_NAME]? Only [PERSON_NAME]. Okay, [PERSON_NAME]. So when's your date of birth, [PERSON_NAME]? [DATE_OF_BIRTH] [DATE_OF_BIRTH], [DATE_OF_BIRTH]. Okay. And just hold on. This is your physical address. This is your per. I'm sorry, your number. [PHONE_NUMBER]. Right. My zip code? No, your phone number. It's [PHONE_NUMBER], right? Yes. Okay, so what's your physical address? [LOCATION] [LOCATION] [LOCATION] [LOCATION]. [LOCATION] [LOCATION]. Yes. Is it [LOCATION], [LOCATION], [LOCATION], [LOCATION], [LOCATION]? Yes. Okay, and what's your zip code? [LOCATION] [LOCATION] [LOCATION]. Your zip code? [LOCATION]. Okay, I'm gonna look it here. We got here. And you're from [LOCATION], [LOCATION], right? Well, actually, it's [LOCATION], [LOCATION]. Okay, so just hold on. And you have your Medicare card with you, right? Yes. Okay, that's great. So now I'm gonna transfer the call to a licensed [OCCUPATION]. So. So I'm gonna transfer now. Okay. To tell. To tell you. They will tell you about your additional benefits. Okay. Okay, thank you. So just hold on. Okay. Okay. Okay, here it is. You're the next. Hello, this is [PERSON_NAME] from the [ORGANIZATION] [ORGANIZATION] [ORGANIZATION] following up on your recent inquiry on how you can save on your Medicare. How are you? I'm doing fine. There have been recent changes.","OPENING, PRODUCT_PITCH, NEEDS_ANALYSIS, WARM_LEAD",0.9,True,"Greeting present, Medicare benefits pitched, eligibility verified, and customer shows high interest by providing personal details.",medical_equipment_outbound.zip,medical_equipment_outbound/DMEMED_rmbpo07_20211116-160114_3523966960_4798623-all_transcript.json,medical_equipment,outbound,221.0,0.9407276,331,2247,57,DATE_INTERVAL|DATE_OF_BIRTH|LOCATION|OCCUPATION|ORGANIZATION|PERSON_NAME|PHONE_NUMBER
callcenteren,train,Tom_Cherry_Mufflers_8123231456-all_(2)_transcript,0d5f160c2003a5de504f0d7f128b48f327c9930ebd8a9b7a139cbca83f7501c2,"[PERSON_NAME] [PERSON_NAME] [PERSON_NAME]. Hi Mr. [PERSON_NAME], this is [PERSON_NAME], [OCCUPATION] with [ORGANIZATION] again. Actually the call got dropped on to. Hold on please. Would you hold for a second? I am on the other line. One second. Sure. Definitely. She is calling again. She says the calling from [ORGANIZATION] and then they are going to pull down the monthly payment to $[MONEY_AMOUNT] and they raised up the Internet put to [TIME] megabyte. They said you think do I need to talk to them or not? Okay. All right. All right. Thank you. It's okay. Thank you. By. Hello? Hello. Yes. Yes. Yes, sir, go ahead. Yeah, I was talking with the other person on another line but I just called my [OCCUPATION] who is in town here. My price is already [MONEY_AMOUNT] for Internet. I am already there. Yes, I two lines. Awesome. So I'm keeping the same promotion, sir. The same promotion for [MONEY_AMOUNT] [MONEY_AMOUNT] for the [TIME] up and down and your two telephone lines at the same price as well for $[MONEY_AMOUNT] for each business phone line. So your monthly bills including your both telephone lines and these services for the Internet now upgraded to frer would only be $[MONEY_AMOUNT]. That's going to be your new promotional price. That's going to be there on your account for the next [DURATION] [DURATION], [DURATION] [DURATION]. And that's the only change we are doing. And it's also slightly upgrading your Internet speed from [TIME] by 75 to [TIME] by [TIME]. So that's going to be [MONEY_AMOUNT] including both the phones and the Internet. Plus tax, right? Plus tax. That is correct. Yeah. It's going to be [MONEY_AMOUNT]. I hear [MONEY_AMOUNT], something like that. I paid that money, that much money right now I don't think we have to do anything for it. But the thing is, sir, the current promotions that you guys have with on the account, they are about to be expired, Right? They're a bit outdated. So we. There'no expression on it. [OCCUPATION] said there is no expression. There is the current service you have, it is on a yearly basis. You do not have a contract. You have. Okay, go ahead and do that. Go ahead and do that. Okay, great. So just before I go ahead for the changes, your name is [PERSON_NAME] [PERSON_NAME], right? Correct. Okay. This is the business [ORGANIZATION] [ORGANIZATION] [ORGANIZATION] [ORGANIZATION] [ORGANIZATION]. [ORGANIZATION] [ORGANIZATION] [ORGANIZATION] and more [ORGANIZATION] [ORGANIZATION] [ORGANIZATION]. Right, Right. Okay. And your business address is [LOCATION] [LOCATION]. [LOCATION] [LOCATION]. [LOCATION], [LOCATION] [LOCATION]. Right, right. Awesome, sir. So I'm all good to go. The Only thing that I have on my side left to get this change done. I just need to get your permission and consent to place this order on your behalf. Which basically would include me signing a letter of authoredation which allows me to go ahead for these promotions to be placed onto your accounts and upgrading your Internet to [TIME] by [TIME] and with your two phone lines getting your bills fixed locked in at $[MONEY_AMOUNT] plus texes for a fixed price. So can I have a yes for that sir? Okay. Awesome. And also just for your confirmation of fees I would like to put all of this change in the form of an email Provide you a confirmation about the changes in the written form. So could you please help me out with the best active email so I can put everything to you in a written confirmation right after this call. It's in the file. Okay, great. I'll use the same on my site Sir. And also Mr. [PERSON_NAME], like on your at and t your account with us for the business there is a four digit security passcode set up by you as a customer used to authenticate or validate your account. Could you please help me with that so I can validate the account and provide the promotions on it? What kind of help do you needor there is a full beits the passcode set up by you as a customer. Oh yeah. [PASSWORD] correct. Awesome. So I'm pretty much good to go. About the order for the upgrade, do you have any questions for me about the upgrade we are offering the changes we are going to be doing? We are good right now. Thank you. Awesome. Great. So if you need any of my help sir, I believe you have my number right? Yeah. Awesome. Wait. So thank you so much for being the best part of [ORGANIZATION]. I'll place your order, go for the promotions and upgrade your account to the [TIME] by [TIME]. Thanks a lot sir. Take care and have an awesome day. Okay, Bye Bye. Thank you. Bye.","OPENING, PRODUCT_PITCH, FEE_DISCUSSION",0.9,True,"Contains a greeting, a pitch for an internet speed upgrade, and a detailed discussion of monthly promotional pricing.",home_ervice_inbound&telecom _outbound.zip,home_ervice_inbound&telecom _outbound/Tom_Cherry_Mufflers_8123231456-all_(2)_transcript.json,home_service_telecom,outbound,311.0,0.8849012,795,4529,56,DURATION|LOCATION|MONEY_AMOUNT|OCCUPATION|ORGANIZATION|PASSWORD|PERSON_NAME|TIME
callcenteren,train,683b0980f3a445e9928ac7a1cd15aebc_transcript,0da0f2f66ca0836c82bc78aceb01988cd784af14b17167a391df8e73414391f9,"[PERSON_NAME] [PERSON_NAME] Sc this is [PERSON_NAME] speaking. How can I help you? Hi [PERSON_NAME], this is [PERSON_NAME] and I was calling to see when y'all soonest available is for a consultation. Okay, sure. Let's see. Kiss. See we have some room tomorrow afternoon if you're interested. Oh goodness. Let me ask my mom and get back with you. What we would be. Well, I have a few questions for you. So we would be driving from [LOCATION] and we have an [PERSON_AGE] [PERSON_AGE] [PERSON_AGE] [PERSON_AGE] year old dog. Is. Is it okay if she like if she holds him? Is that okay or. I don't think it should be a big problem. No, he's a. A small. He's small dog. Yeah, he's a small cockapoo and he'eight he. Well, he's almost [PERSON_AGE] and we're afraid if we ever leave him alone that we will lose him. So. Okay. Oay. Yeah. So that's just taken everywhere. Okay. I wanted bring into the consult. Okay. And let. I'm going to ask my mom and call you back. But what time tomorrow do you all have? Tomorrow we have a [TIME] available. Okay. And would that actually be with [PERSON_NAME]. [PERSON_NAME] or would that be with someone else? No, that would be with [PERSON_NAME]. [PERSON_NAME]. We would set your [OCCUPATION] [OCCUPATION] kind of discuss whatever it is that you're interested in and then he would do an exam at that visit as well. Do you have something in mind that you're looking for? Yes. Well, so not to go into too many. Well, I am in the process of getting my uppers donek and I kind of went with the first place I went to and I wanted to. I wanted to do my bottom as well, but I wanted to do the. The top first and then see how I like it before doing the bottom. So I haven't done my bottom so I want to talk with him about that regardless because I don't really want to go back to where I started with. And so ye. And then my mom also is getting hers done and we don't know if we're going to need to have those corrected. Ok. Oay. Yeah. [PERSON_NAME], do you mind if I can get your phone number too? Because I can talk to a [OCCUPATION] [OCCUPATION]. Talk to [PERSON_NAME]. [PERSON_NAME] too. And maybe since you're just from such a far distance, we can kind of wasoice some of the concerns over the phone and then kind of see if tomorrow is s a good time or not. Yeah. And. And it's no big deal driving there. Okay. But. And then if tomorrow at [TIME] doesn't work what are the other times you have available? Let's see. Okay, we can make when work. It looks like I can move some things to make it happen morning or afternoon. Oh, okay, perfect. Well then let me check with her and get back with you. I mean, I would love to come in person. I don't think neither of us feel like it's the drive matters. Okay, so. So yeah, so let me just check with her real quick on her schedule and then I will get right back to you. Okay, sure. I'm going to put a brief hold just so that slot doesn't take place. [PERSON_NAME], what's your last name? My last name is [PERSON_NAME]. [PERSON_NAME] [PERSON_NAME] [PERSON_NAME] [PERSON_NAME] [PERSON_NAME] [PERSON_NAME] [PERSON_NAME] okay, and what's the best phone number for you? [PHONE_NUMBER] All right'Go ahead and discuss it with your mom and we look forward to hearing from you. Perfect. Thank you. My pleasure. Bye.","OPENING, NEEDS_ANALYSIS, CURIOUS_EXPLORATION, COMPETITOR_COMPARISON",0.85,True,Greeting present; agent asks about needs; customer compares current provider for 'uppers' versus this provider for 'bottoms'.,medicare_inbound.zip,medicare_inbound/683b0980f3a445e9928ac7a1cd15aebc_transcript.json,medicare,inbound,234.0,0.892388,609,3274,34,LOCATION|OCCUPATION|PERSON_AGE|PERSON_NAME|PHONE_NUMBER|TIME
callcenteren,train,0687f5a82d624d4499827bbf3aa12809_transcript,0ddd5dc747adc8c02d210aa5393c9f3f338d4fa33c57633170f52c4d13ce1793,"After do we fix your pains? Can I help you? Hi, good morning. I'm calling because I searched upuff online, someone that can say a broken grass, and. Well, I have a broken grass on my back door. Okay, yeah, we can definitely help you with that. Now, when you say your broken glass on your back door is. Do you have one of those doors where it's like almost a whole door is all glass, or is it just like. Like a small panel? It's a small panel. Okay. All right. It's not a problem. What we would need to do is get a [OCCUPATION] out there. They will take measurements and see what's involved in replacing the glass, and we'll be able to get you a quote. And in most cases, they can cut and seal glass if it'I don't know if it's double pane or not. They can cut sealing. Okay. It's just one single pane. Well, yeah, they can definitely cut a single piece of glass and get this done for you. Now, I do have to make sure you're aware we do have a $[MONEY_AMOUNT] trip charge for the [OCCUPATION] when they come out. However, if you proceed with the work, that the trip charge is completely waived, and you don't have to worry about that. And because of that, I do have to give you at least a ballpark figure right now over the phone, so you have at least an idea on what you're looking at. And we don't want to surprise anyone, so let me ask you a little bit about the glass in the door. Now, when you say it's a small panel, how many total panels are on the door? There's three. Okay, Three total. O. They're rectangular. Okay. Okay, perfect. So I believe I fully understand what you got there. I'm assuming the three panels are all on the top portion of the door. Yes. Okay. All right. So it's not a problem. So usually the framing that's just outside of the glass, it's usually, like, is wood. Ye does that sound okay? All right. Y. So, yes, that's definitely something that we could do. And the [OCCUPATION] would be able to do that the same day that he comes out. As far as a ballpark figure, depending on some of the, like, the details of the actual framing, you're going to run somewhere between [MONEY_AMOUNT] to [MONEY_AMOUNT] with parts and labor. O, God. Okay, that's fine. Yeah. Whereabouts is the property located? What area? It's in [LOCATION]. Okay. All right, so let's see here. The soon as I have someone available is actually on Tuesday and I could get them to come out Tuesday morning. It would be between the hours of [TIME] and [TIME]. If that works out for you. Yeah. You don't have anything for today, huh? Not today. Let me see. Ye. Today would be tough for two reasons. One. Well, yeah, no, the only way I would be able to get you on schedule for today is if I subit it as an emergency and then there's an additional charge for that. What'additional is that I'm leaving out of the. I'm leaving out. Okay. The Emergency fee is $[MONEY_AMOUNT]. That's just a flat fee. Like no matter what it is. What, so you will be looking at a total of like [MONEY_AMOUNT] that I get a new door and get that down, which can be done. I can get that done. I could get a [OCCUPATION] out there. It would more than likely be. Let's see here. It would be. It looks like it would be between the hours of [TIME] and [TIME]. No, I'm not going to pay. [MONEY_AMOUNT] [MONEY_AMOUNT] I'm not sure. Yeah, I understand that's a lot for what you need one window. Yeah. Okay. Yeah. Then before o. If we can get out there on Monday, I can put in notes that you'd like for us to come out as soon as possible and we could give you a call if something does come up on Monday. Perfect. Sure, sure. May I have your name, ma'am? [PERSON_NAME]. Okay, and your last name, [PERSON_NAME] [PERSON_NAME], is [PERSON_NAME] [PERSON_NAME] [PERSON_NAME] [PERSON_NAME] [PERSON_NAME]. Okay. Misss [PERSON_NAME]. And what is the best phone number for you? [PHONE_NUMBER] [PHONE_NUMBER]. Okay, may I have the exact property address please? Sure. It's [LOCATION] [LOCATION] [LOCATION], [LOCATION]. And that's [LOCATION]. Okay. Okay, perfect. So we have you on schedule as of right now for [DATE] [DATE] [DATE] and it be in the morning between [TIME] [TIME] and [TIME]. We will give you a call and let you know when we're on the way. Usually that about a [DURATION] [DURATION] [DURATION] [DURATION] heads up when the [OCCUPATION] will be en route. Okay. And I could pay with credit card when they get here or over the phone or how does payment works? Yes, you can use cash, check or credit card. If you pay with cash or check, you can pay the [OCCUPATION] directly. If you use a credit card, you will have to actually call it in and we will have to grab the credit card information over the phone. The [OCCUPATION] are not able to swipe your credit card on site. I understand. Okay, perfect. Okay, so yeah, you're all set. As I mentioned, if something opens up for Monday we'll definitely give you a call, but other than that, we will definitely be out there Tuesday morning. Okay. Thank you. Appreciate it. You're welcome. Not a problem. Have a good day. Great. You tooe too. By.","OPENING, NEEDS_ANALYSIS, FEE_DISCUSSION, PRODUCT_PITCH",0.95,True,"Greeting present; agent analyzes glass needs, discusses a trip charge, and pitches the service process.",home_ervice_inbound&telecom _outbound.zip,home_ervice_inbound&telecom _outbound/0687f5a82d624d4499827bbf3aa12809_transcript.json,home_service_telecom,outbound,429.0,0.893509,940,5046,45,DATE|DURATION|LOCATION|MONEY_AMOUNT|OCCUPATION|PERSON_NAME|PHONE_NUMBER|TIME
callcenteren,train,recording-public_1046_transcript,0e03832bcca31f10466094d5e56b48a9fd6edd6e648e0c275ba22563bb42f00c,"Got it. Hello? Hello? All right, thank you. Yeah, thank you so much. Coming to the phone, I got Prospect with me, Ms. [PERSON_NAME] [PERSON_NAME], still residing state of [LOCATION] [LOCATION], zip code [LOCATION]. She is looking for information about [MONEY_AMOUNT] coverage plan. And she is [PERSON_AGE] year young lady born in [DATE_OF_BIRTH] [DATE_OF_BIRTH], [DATE_OF_BIRTH]. So now you take over this call. You both have a great day. Okay? Thank you very much. You too. Hello, how are you? Hi. What was your name again? I'm sorry, I'm okay. Okay, what was your name? [PERSON_NAME] [PERSON_NAME]. [PERSON_NAME] [PERSON_NAME] [PERSON_NAME] [PERSON_NAME] [PERSON_NAME]. [PERSON_NAME]. Oh, [PERSON_NAME] [PERSON_NAME]. Okay. All right, great. Hi, [PERSON_NAME], my name is [PERSON_NAME] [PERSON_NAME]. I'm a [OCCUPATION] [OCCUPATION] and I'm just going to ask you a few questions to determine whether or not the final expense plan would make sense for you and your family. Does that sound good? Yes. Okay, great. So my first question, [PERSON_NAME], is do you have a final expense policy now or do you have something in place to pay for your funeral, burial expenses or to leave behind money for your family? Yes. Okay, great. So are you considering adding another policy or replacing the policy you currently have? Add in another one? Probably. Okay. Adding some more. Okay, great. I want to know where my daughter don't have to spend nothing. Gotcha. Yeah, that makes sense. So I can definitely help you out with that. That's what I do all day long. So I was gonna basically gather some quick information from you, ask you a few health questions and we'll give you an accurate rate. You know, search the topic final expense carriers and we'll the best three options for you and your family. Okay. Okay. All right. And you're looking for about [MONEY_AMOUNT], is that correct? Okay. All right. Yes. And you were born in. You were born in [DATE_OF_BIRTH], is that correct? Yes. Okay, what is your actual birthday? The [DURATION] and [DURATION] [DURATION]? [DATE_OF_BIRTH] [DATE_OF_BIRTH], [DATE_OF_BIRTH]. [DATE_OF_BIRTH]. Okay. All right. Okay. And what's your approximate height? Weight? [PHYSICAL_ATTRIBUTE]. Okay. All right, thank you very much. And you currently use tobacco or. No, no, no. Okay, all right, great. Okay, we'll check that here. And there's just a few other things that need to check out to make sure that all carriers are going to ask. Do you have a valid Social Security number to give to the carrier today? Yeah. Okay, all right, great. And you also must have the authority to make your own financial decisions without a power of [OCCUPATION]. Do you make all your financial decisions without the need for a power of [OCCUPATION]? I'll make all my. Okay, excellent, excellent. Now, bank draft is preferred payment method. Most of our carriers will improve for coverage, lower rates. You have access to banking information, so when you can set up payments with the carrier. I do, but am I supposed to give y' all this information? No, we don't ask that. I'm a little weird. I mean. Oh, yeah, no, I definitely understand. No, we don't ask for that information. This is something we submit to the carrier and, you know, provided we can get you approved for a policy. We connect you with the insurance carrier and we do a voice signature and all that. So, you know, you know, you're dealing with directly and directly with the insurance company. You know, we're. This is a state, you know, the [ORGANIZATION] [ORGANIZATION] [ORGANIZATION]. We're highly regulated. What if I. What if I don't want what they are? I mean, you know, can't afford what they offering. I'm going through all of you not knowing anything. Sure, we can. What we can do is we can find out. Please submit the application, gets you approved. And we won't, you know, we won't take any money out, sir, we don't see that. Hold on one minute. Hold on one minute. Can I put you on hold? Okay, no problem. Hold on. Let me put you on hold. I gotta answer this call because I'm on my way out. Hold on. Okay, no problem. Not a problem. Take your time. Hey, sir. Yes, I'm here. Hello? Hello? I'm still here. Hey, look, I got a [OCCUPATION] appointment today and my ride is on the way. Can y' all call me back later on today? Sure, yeah, that. That's. Yes, no problem. We can do that. Okay, call me back, please, because my ride is on the way. Okay, all right, no problem. Have a good day.","OPENING, NEEDS_ANALYSIS, ACTIVE_LISTENING",0.9,True,Contains greeting and a structured needs analysis regarding existing final expense policies and family needs.,customer_service_general_inbound.zip,customer_service_general_inbound/recording-public_1046_transcript.json,customer_service,inbound,434.0,0.9432771,770,4468,42,DATE_OF_BIRTH|DURATION|LOCATION|MONEY_AMOUNT|OCCUPATION|ORGANIZATION|PERSON_AGE|PERSON_NAME|PHYSICAL_ATTRIBUTE
callcenteren,train,82c8456741604e15bb76f9c64b7b26d52072573_transcript,0e743f7c438e1c4f528c4477e6d53b1407f5469f1d729b32802f6128ed797faf,"[ORGANIZATION] [ORGANIZATION], this is [PERSON_NAME]. How may I help you? Hi, [PERSON_NAME]. I just had a quick question for you. I have an appointment with you guys tomorrow and I had [MEDICAL_PROCESS] [MEDICAL_PROCESS] [DURATION] [DURATION] [DURATION] ago and I've just kind of had a lot of [MEDICAL_CONDITION] about coming back ever since then. Not because of anything you all did wrong, it was just like a little bit of a traumatic experience for me. And my mom has told me to call and see if there's anything that you all can give me for [MEDICAL_CONDITION] for my appointment. Okay. Can I have your first and last name? It's [PERSON_NAME] [PERSON_NAME]. Okay. It looks like you're having [DURATION] [DURATION] [MEDICAL_PROCESS] done tomorrow. Right? Okay. I would need to speak with the [OCCUPATION] because I'm not able to prescribe anything. Right. Would you mind if I put you on a brief hold? Yeah, that's fine. Okay. One moment. Your call is important to us. We'll be right with you. We realize your time is valuable. We'll be with you momentarily. We're looking forward to speaking with you. Please stay on the line. Your call is important to us. We'be right with you. We realize your time is valuable. Will be with you momentarily. We're looking forward to speaking with you. Please stay on the line. Your call is important to us. We'll be right with you. We realize your time is valuable. We'll be with you momentarily. We're looking forward to speaking with you. Please stay on the line. Your call is important to us. We'll be right with you. We realize your time is valuable. We'll be with you momentarily. We're looking forward to speaking with you. Please stay on the line. Your call is important to us. We'll be right with you. We realize your time is valuable. We'll be with you momentarily. We're looking forward to speaking with you. Please stay on the line. Your call is important to us. Thank you so much for holding the [ORGANIZATION]. This is [PERSON_NAME] speaking. Hi. Hi. I do apologize for the hold. I was speaking with [PERSON_NAME]. [PERSON_NAME] and her [OCCUPATION]. So as long as you can get a ride to and from your appointment tomorrow, they can go ahead and prescribe you [DRUG] because it is a controlled substance. I would need you to come in and pick up the prescription. I'm not able to call it in for you. Okay. What time do. What time is the appointment tomorrow? Tomorrow is at [TIME]. Okay, so if I tell me get that prescription in the morning, that should be plenty of time, I think. Right? Do you know how far in advance you have to take it? It says here, prescribing you [MEDICAL_PROCESS] [MEDICAL_PROCESS]. Take it [DURATION] [DURATION] prior to your dental appointment. So you'll take it around [TIME]. Okay. You all close at [TIME], right? Yes, ma'am, we close at [TIME] today. All right, I will. If I can't make it in before [TIME], then I will just first thing in the morning. Yes, ma'am. Oay. All right, Ms. [PERSON_NAME], I'll have it up at the very front for you. Okay. Thank you. I appreciate it. Yes, ma'am. I byay by by.","OPENING, NEEDS_ANALYSIS, CURIOUS_EXPLORATION",0.9,True,"Greeting present, agent gathers patient identity, and customer asks about available options for their condition.",medicare_inbound.zip,medicare_inbound/82c8456741604e15bb76f9c64b7b26d52072573_transcript.json,medicare,inbound,461.0,0.91200864,543,3078,33,DRUG|DURATION|MEDICAL_CONDITION|MEDICAL_PROCESS|OCCUPATION|ORGANIZATION|PERSON_NAME|TIME
callcenteren,train,10e0471e9f1c4879839ce7822c6532a3_transcript,0e82b0051faf86f0f0c3a844f0b5d2a934f837f1c2e52444e4c9d288afd8c97f,"It a great [DURATION] at [ORGANIZATION] [ORGANIZATION]. My name is I [PERSON_NAME]. Are you calling for service? Yeah. And have you used [ORGANIZATION] before? Yes. All right, what's your address, please? [LOCATION] [LOCATION] [LOCATION] [LOCATION]. Are you [PERSON_NAME]? I am. All right. And what do you have going on today? Just basically need to do some preventative maintenance on it and check up for the furnace. Yeah. All right. And did you receive a flyer in the mail at all? No. You guys left a message for me reminding me that I had putting this off. Got it. Okay. Yep. So currently we have a special for the [MONEY_AMOUNT] that is valid through of this [DURATION]. Okay. So I can get you on the schedule. Do you happen to know the approximate age of your system? I think it's under [PERSON_AGE] years, but I can't remember off the top of my head. That's okay. All right. Oay. Currently we are scheduling into [DATE_INTERVAL]. My soonest available is [DATE_INTERVAL] [DATE], which is a Thursday. So I'd have availability that Thursday, Friday or any [DURATION] the following [DURATION]. Let me pull up my calendar. I didn't expect you to put it out that late. Yeah, we're a little booked out a little ways. Okay. You said [DATE] or [DATE]? [DATE], yes. [DATE] or [DATE]. Or if that Thursday or Friday doesn't work, we could do any [DURATION] the following [DURATION]. The [DATE] or the [DATE] should work. Okay. Do you have a preference between the [DURATION] [DURATION]? Let'do Thursday. Thursday. Perfect. I will get you on the schedule for Thursday. I have your phone number at [TIME]. [TIME]. Is that still a good phone number for you? Yeah. All right. I have you on the schedule for [DATE], [DATE_INTERVAL] [DATE]. We do schedule for the [DURATION] between [TIME] and [TIME]. And we'll give you a call that [DURATION] when we're ready to head over. Okay. Okay. Appreciate it. Thank you. All right. Yep. Thank you, [PERSON_NAME]. Have a nice [DURATION]. You too. Bye. Thanks. Bye.","OPENING, PRODUCT_PITCH, FEE_DISCUSSION, NEEDS_ANALYSIS, SUCCESSFUL_SALE",0.9,True,"Greeting present, agent pitches a special price, discusses the cost, asks about system age, and successfully schedules the service.",home_service_inbound.zip,home_service_inbound/10e0471e9f1c4879839ce7822c6532a3_transcript.json,home_service_telecom,inbound,156.0,0.9006853,343,1994,40,DATE|DATE_INTERVAL|DURATION|LOCATION|MONEY_AMOUNT|ORGANIZATION|PERSON_AGE|PERSON_NAME|TIME
callcenteren,train,Clay_Blue_CPA_(2)_transcript,0f42203995cfce9a4b7e5da463bf7efd934c606fe3f59686cb56315af24a25cd,"###lo [PERSON_NAME] hi you sir. This is [PERSON_NAME] calling back from at [ORGANIZATION]. This is Mr. [PERSON_NAME]. It is awesome sir. I was just on call with you about [DURATION] [DURATION] ago. I was pulling up your details. The line got dropped. Finally pulled everything up sir. The business name, the second account that you gave me is currently active. The business name on it is [PERSON_NAME] [ORGANIZATION] [ORGANIZATION] for [PERSON_NAME] [PERSON_NAME] [ORGANIZATION] [PERSON_NAME] for [LOCATION] [LOCATION] [LOCATION] [LOCATION] [LOCATION] [LOCATION] [LOCATION] with the zip code in [LOCATION]. There are your email is [EMAIL_ADDRESS] is that all correct? That sounds good. Yes. Awesome sir. So I pulled up your account detail sir. You guys have three business phone lines with us at this point in time. You have your Internet us on fiveer already on one gig by one gig with the three phone lines all and the Internet all coming under one bill, correct? That's correct. Office. In terms of promotions that we have currently, Mr. [PERSON_NAME], what we are going to be offering you from our site we have launched a new platform for the Internet services for fiber and we are currently find that out in [LOCATION] and [LOCATION]. As, you guys, [LOCATION] [LOCATION] and [LOCATION]. And as you guys are in [LOCATION] [LOCATION], you definitely qualify for it. We are looking to offer you an upade from the 1 gig Internet upload and download to 2 gig Internet upload and 2 gig Internet downwardad. So that is basically an upgrade from 1000 by thousand megapits to 2000 by 2000 megapits. That'going to help you as a customer gets your monthly cost for the services for the business under the new promotions that we have. Getting the pricing fixed locd in at $[MONEY_AMOUNT] [DURATION] [DURATION] for your services for the Internet. And that promotion would be good for you as a customer for [DURATION] [DURATION] to come. So that's what we are basically offering you as a customer. So you want to. You're saying I'm paying $[MONEY_AMOUNT] now for Internet and you want to increase it to [MONEY_AMOUNT]. Is that correct? No. So you're not paying $[MONEY_AMOUNT] for the Internet right now. Your current promotional plan is a bit higher than that. You gave me the account number from the bill, [ACCOUNT_NUMBER]. Would you be able to check on it? How much was your total bill for these services for the Internet ph lines and everything on the latest. Okay, hold on, hold on. [MONEY_AMOUNT] [MONEY_AMOUNT]. Okay. That's including all of your services for the business, sir? As. As far as I know, yeah. Okay. So basically what I would be offering you from our side is to get that bill changed from that amount to $[MONEY_AMOUNT] including the [MONEY_AMOUNT] the Internet speed being twice as faster than what you have and your steic iepie as well. So the monthly cost fe would be offering you would be [MONEY_AMOUNT] [DURATION] [DURATION] including everything. Sir, am I locked into having to do that for [DURATION] [DURATION]? No sir. There is no contract, there is no equipment charges. We would need a [OCCUPATION] to come over to get that done. For you to change the services basically manually it's going to take [DURATION] [DURATION]. The pricing will be fixed for [DURATION] [DURATION] but there is no contract involved in this. So if I wanted to cancel after [DURATION] [DURATION], for example I could. Yeah, you can always go back to the plan you have at the one gig one [MONEY_AMOUNT] after [DURATION], [DURATION] [DURATION] we at least for [DURATION] [DURATION] you will have to keep it [DURATION] [DURATION] and then after that you can do whatever you guys would like. Sir. Okay. The only change we're making is for the Internet. Correct Sir. The phone line remains the same. The Internet static IPS remain the same. The change is in the Internet speed upated is from 1000 by 1000 to 2000 by 2000 and the pricing are the things that are changing. That would be [MONEY_AMOUNT] [MONEY_AMOUNT] [MONEY_AMOUNT] with the Internet 35p and the 3 line. OK? Yes, that's fine. Awesome. So we would need to have a [OCCUPATION] come over to get that done for you. I have an availability for one of our [ORGANIZATION] [OCCUPATION] to show up on the [DATE] [DATE] [DATE] which is basically going to be next [DURATION] Friday. How does that soundir? Is that a good [DURATION] for you? No, it'not what about [DATE] [DATE] [DATE] [DATE]? What kind of time block are you going to have for him to arrive? Basically sir, we have a window between either [TIME] [TIME] to [TIME] or [TIME] [TIME] before all he would need at your business are [DURATION] [DURATION] and you will not face any encruptption Basically as far as the phones are cons concern and he would need [DURATION] [DURATION] to get that all taken care of for you. What about on the. Hold on. Yeah, what about [DATE] [DATE] [DATE]? The [DATE]? Wednesday, I'm sorry, [DATE], [DATE] [DATE]. That sounds awesome. So [DATE] [DATE] would be the best thing. What time would you prefer? Morning or afternoon? Morning. Awesome. And just before I go any further with my end for getting this order submitted and that request for Sir, I want to quickly make you aware from my side that this call may be recorded for the quality assurance and training purposes under federal privacy law. It is your right and our duty to protect your confirmation. I only am going to be using some of your information with you on this call. So I think I confirmed all your details. Everything was basically correct in my end, right? In regards to. Yes, awesome, sir. I'm all good. The last thing I would need from your end, I need to get your permission and content tol place this order on your behalf, which basically would include me signing a letter of authorization which allows me to set up this order regarding the Upgrade to the 2 gig by 2 gig with the 3 lines and the new monthly costing $[MONEY_AMOUNT] [DURATION] [DURATION]. Can I have that? Yes. For that? Yes. Awesome, sir. That's pretty much good. And you can also note down a passcode. When our [OCCUPATION] would be coming over for the installation. They would be asking you for this. That's going to be the last for your of your business number [NUMBER_SEQUENCE]. If you could please note that down for me. Okay. All right. So do you have any questions for me regarding the audit that I just placed on before I go? No, I don't. Awesome. Thank you so much for being the best part of [ORGANIZATION]. I appreciate you giving me the time. Take care of yourselves. Have a blessed and awesome [DURATION], sir. Take care. Bye Bye. Go right bye. Thank you.","OPENING, NEEDS_ANALYSIS, PRODUCT_PITCH",0.9,True,"Contains a greeting, verification of current account services (needs analysis), and a pitch for a 2 gig fiber internet upgrade.",home_ervice_inbound&telecom _outbound.zip,home_ervice_inbound&telecom _outbound/Clay_Blue_CPA_(2)_transcript.json,home_service_telecom,outbound,477.0,0.87695277,1154,6641,103,ACCOUNT_NUMBER|DATE|DURATION|EMAIL_ADDRESS|LOCATION|MONEY_AMOUNT|NUMBER_SEQUENCE|OCCUPATION|ORGANIZATION|PERSON_NAME|TIME
callcenteren,train,2020-09-17-20-16-55_b067264e-0d51-4713-930a-99c1d6c3704f_v2-Wp8WWFQzNr5z4e5fTMYHxBKbCP9NzJyZXtNauL0gZ1R5z3O85Tcgg_transcript,0f63707a166b20d8eedca5c33a65757679d676eb1c13bfced237cdb1cf54ba27,"This call may be recorded for quality assurance. Hi, this is [PERSON_NAME] with [ORGANIZATION] [ORGANIZATION]. It looks like you were connected to me to compare rates on auto insurance today, correct? Yeah. In order to connect you to the right [OCCUPATION], I need to quickly verify some of your information. May I have your name, please? Say that again. [PERSON_NAME] [PERSON_NAME]. Yes. And [PERSON_NAME], your zip code, please. [LOCATION]. [LOCATION]. [LOCATION], correct? Yes. And then who's your auto insurance provider? [ORGANIZATION]. How long have you been with [ORGANIZATION]? [DURATION] [DURATION]. [DURATION] [DURATION]. And what do you pay monthly for [ORGANIZATION]? I pay full amount. I pay [MONEY_AMOUNT] for three, four cars. [MONEY_AMOUNT]. How many months you pay that? [DURATION] [DURATION]. Okay. Thank you. Can you please confirm your date of birth? [DATE_OF_BIRTH] or [DATE_OF_BIRTH]? [DATE_OF_BIRTH]. [DATE_OF_BIRTH] [DATE_OF_BIRTH]. [DATE_OF_BIRTH] [DATE_OF_BIRTH]. Is that what you said? [DATE_OF_BIRTH] [DATE_OF_BIRTH]. [DATE_OF_BIRTH]. Thank you. [DATE_OF_BIRTH] [DATE_OF_BIRTH], [DATE_OF_BIRTH]. In the past [DURATION] [DURATION], have you had any DUIs, SR22s or asphalt accidents? What? In the past [DURATION] [DURATION], have YOU had any DUIs, SR22S, or asphalt accidents? No. Good driving. We should be able to get you savings today. Have you or your [MARITAL_STATUS] ever honorably served in [ORGANIZATION] [ORGANIZATION] [ORGANIZATION]? The cemetery. [PERSON_NAME], have you or your [MARITAL_STATUS] ever honorably served in [ORGANIZATION] [ORGANIZATION]. [ORGANIZATION]? No. Thank you. Thanks, [PERSON_NAME]. That's all the information I need. I'm searching now for your best match. Stay on the line. Also, while your consent is not required to receive a quote, may we have your permission to send you automated text messages to this number to ensure you're satisfied with the coverage options you receive and provide you with other quote options? [PERSON_NAME]? Yes. Do you want to receive the follow up text messages? Yeah, you can send me text message. All right. Just one moment. While I get your best match, stay on the line so I can get your best match. Unfortunately, it doesn't look like we have an [OCCUPATION] in your area at the moment and I don't want to keep you on hold. While your consent is not required to receive a quote, may we have your permission to send you automated text messages with a link to request a rate online? Yeah. What company is that? [ORGANIZATION] [ORGANIZATION]. Normal data rates may apply. I'll send that out right now. What's going on there? We're [ORGANIZATION] [ORGANIZATION]. We work. Yes, we get get you quotes. We're with multiple carriers. Let me get the best out with different companies. Yes. Okay. One moment.","OPENING, NEEDS_ANALYSIS, FEE_DISCUSSION",0.9,True,"Greeting followed by extensive data gathering on current insurance provider, driving history, and monthly payment amounts.",auto_insurance_customer_service_inbound.zip,auto_insurance_customer_service_inbound/2020-09-17-20-16-55_b067264e-0d51-4713-930a-99c1d6c3704f_v2-Wp8WWFQzNr5z4e5fTMYHxBKbCP9NzJyZXtNauL0gZ1R5z3O85Tcgg_transcript.json,insurance,inbound,310.0,0.9594854,428,2793,54,DATE_OF_BIRTH|DURATION|LOCATION|MARITAL_STATUS|MONEY_AMOUNT|OCCUPATION|ORGANIZATION|PERSON_NAME
callcenteren,train,be4e1443033a464da40c170a2fd5f1f1_transcript,0f7a8575eded607360da70313295346aeb5d2f8a530196a0fde3fc3b39e040ed,"It's a great day. I. Mr. [PERSON_NAME]. [ORGANIZATION] [ORGANIZATION]. This is [PERSON_NAME]. How can I help you today? Yeah, I. I was hoping I could schedule an appointment with you folks today. Sure. It helped with the process. Tell me what's the reason of your call of the appointment? So when we flush our toilet, the other one like gurgles or bubbles. Okay. And then the water rises, but it goes back down. It's totally weird. Okay, don't worry. Let me help you with the process. May have please your first name and last name. First name is [PERSON_NAME]. You want me spell it? Yes, please. Okay. It's [PERSON_NAME] [PERSON_NAME] [PERSON_NAME] [PERSON_NAME] [PERSON_NAME] [PERSON_NAME] [PERSON_NAME] [PERSON_NAME]. And the last name is [PERSON_NAME] and that's [PERSON_NAME] [PERSON_NAME], [PERSON_NAME] [PERSON_NAME] [PERSON_NAME] [PERSON_NAME] [PERSON_NAME] [PERSON_NAME] [PERSON_NAME] [PERSON_NAME] [PERSON_NAME] [PERSON_NAME] [PERSON_NAME] [PERSON_NAME] [PERSON_NAME] [PERSON_NAME]. Perfect. Thank you for that information. Just to confirm the number you're calling in on today is. Is that best number to reach you? Yes, that's perfect. Okay. And what is your zip code? Orit code? Zip code is [LOCATION]. Good. Have you used our service before? I don't think so. And how you hear about us? Well, honestly I've seen your Vs in our neighborhood. Okay, perfect. Perfect. One more question. I will start with this process and create the order. Just I need to confirm what is the address worth the is going to perform? Sure. It's [LOCATION] [LOCATION] [LOCATION] and that's in [LOCATION]. Do you have an email that I can use to send you a confirmation of the appointment? Yes, I do. It's. And I have a question because you said that you need someone as soon as possible, right? Well, sooner rather than later would be good. Yeah. Oay, absolutely. And also let me tell you because we have a lo diagnostic fee that is for [MONEY_AMOUNT] [MONEY_AMOUNT] $[MONEY_AMOUNT] for our [OCCUPATION] to provide you tonic problem and provide you with an upfront price before any work is started. So what would be just said? The sooner is the better. So I will proceed with these request an appointment as soon as possible directly to the local office. And this is what I would do to do the process. I have your information here for your preferred day and time and the reason of your call. And I will pass this information like I said directly to our dispatchure. You will receive a confirmation of this appointment. I'm sorry, you will receive a call. They will be calling you to confirm the appointment that you requested as soon as possible. That'that's what I will do. Okay. Okay. And just one more thing. And this is only information that I want to let you know that we have the application that is neighborly. With that application you will be able to check the appointment there just to let you know for future references. And before we end our call today I would like to remind you that work performed by all [ORGANIZATION] [ORGANIZATION] [ORGANIZATION] brand is backed by our neighborly don by [ORGANIZATION]. So tell please is there anything else that I can help you with? Nope, that's it. Okay perect perfect. My pleasure is easy with this process. I'm sorry for all the inconvenience with the toilet but now that we have information here notes we're going to be able to resolve completely with the best way possible. So [PERSON_NAME], let me tell you at the end of this callal there is the two questions that arev about my service today that I would appreciate your feedback on that. So once again my name is [PERSON_NAME] and thank you for calling Mr. [PERSON_NAME] our neighborly company. We appreciate your thank you [PERSON_NAME]. My pleasure, my pleasure. Bye bye bye. Your feedback is important to us. Thank you for answering this quick two question survey. On a scale of one to five with one being completely unsatisfied and five being completely satisfied, how would you rate your call experience today? 5. On a scale of [PHONE_NUMBER] to 5 with [PHONE_NUMBER] being completely unsatisfied and 5 being completely satisfied, how would you rate your call experience today? On a scale of [PHONE_NUMBER] to 5, is your inquiry resolved today during the call? Please press [PHONE_NUMBER] for yes, [PHONE_NUMBER] for no. We appreciate your feedback. Have a great day.","OPENING, NEEDS_ANALYSIS, WARM_LEAD, ACTIVE_LISTENING",0.9,True,Greeting present; agent analyzes the customer's plumbing issue and collects lead information for an appointment.,home_service_inbound.zip,home_service_inbound/be4e1443033a464da40c170a2fd5f1f1_transcript.json,home_service_telecom,inbound,367.0,0.8909913,731,4369,52,LOCATION|MONEY_AMOUNT|OCCUPATION|ORGANIZATION|PERSON_NAME|PHONE_NUMBER
callcenteren,train,6018982740_transcript,0f94c2d4886871f9fab80bb0cd2639713c8829e28d9da0e98c101c57c83f9a3d,"Hello? Hi sir, this is [PERSON_NAME] here from [ORGANIZATION] [ORGANIZATION]. How you doing? I'm alright. That sounds great, sir. God bless you. So sir, the reason I'm calling you today is because your medicare insurance is getting upgraded for this year. And also sir, you are receiving some additional Medicare benefits. This will be at no additional cost to you. So I hope it sounds good for you, sir. [PERSON_NAME]. So sir, like after this upgradation, all your expenses will be taken care by Medicare part A and part B. And also sir, after this upgradation, you will also receive up to [MONEY_AMOUNT] [MONEY_AMOUNT] money back in your [ORGANIZATION] [ORGANIZATION] as well. And sir, the best part is you are not going to pay anything for this. Because this will be at [MONEY_AMOUNT] [MONEY_AMOUNT] premium to you. Sir, I'm saying that your Medicare insurance is getting upgraded. So like after this upgradation, all your expenses will be taken care by Medicare part A and part B. And also sir, after this upgradation, you will also receive up to $[MONEY_AMOUNT] money back in your [ORGANIZATION] [ORGANIZATION] as well. And the best part is you are not going to pay anything for this because this will be at no additional cost to you. But mister, what did I got to do? So sir, for the upgradation, I do believe you have both Medicare part A and part B active, right? Yeah. Okay. And sir, I do believe regarding Medicare you make your own decisions, right? Make what? Do you make your own decisions? Yeah. Okay. And sir, just for the confirmation I can see here you are residing in [LOCATION] [LOCATION] [LOCATION] [LOCATION]. It's in [LOCATION], [LOCATION]. And your zip code is [LOCATION], correct? Correct, sir. Yeah. Okay. And sir, [PERSON_NAME], your date of birth with near. Correct me if I'm wrong, it's [DATE_OF_BIRTH] [DATE_OF_BIRTH], [DATE_OF_BIRTH]. Is that correct? Sir? [DATE_OF_BIRTH]. [DATE_OF_BIRTH] [DATE_OF_BIRTH] [DATE_OF_BIRTH] in [DATE_OF_BIRTH]. Okay, that's great. Thank you so much. And sir, [PERSON_NAME], the last thing, sir, I do believe you have the red, white and blue card with you, sir. The Medicare ID card? Yeah. Okay, so can you grab the card, sir, I'll hold the line for you. It will be a red, white and blue card, sir. All right. Yeah. Take your time going. Okay. I hope you understand this call is all about your needs of getting your benefit. Let you know that. Hello? Hello. Yes, my name is [PERSON_NAME]. How are you today? So the reason for my call is because you know that your medical record has disappointed. Yes sir, I'm here. Okay, so [PERSON_NAME], like first of all a very big congratulations to you sir. Because as I can see here, you are totally qualified to get this benefit at [MONEY_AMOUNT] [MONEY_AMOUNT] premium. So, Mr. [PERSON_NAME], what I'm gonna do is now I'll get you connected to my license [OCCUPATION] [OCCUPATION], and she will be from your same area with the same zip code. That is [LOCATION]. So, sir, like, she will be taking your precious [DURATION] [DURATION] [DURATION] [DURATION], and she will explain you what exactly the free benefits you are getting and when and how you will be receiving the paperwork so that you can read about the benefits as well. Okay. Who do I got to pay? You don't have to pay anything for this, sir. This will be at [MONEY_AMOUNT] [MONEY_AMOUNT] premium. No cost to you, sir. All right? Yeah. And so once the licensed [OCCUPATION] [OCCUPATION] will pick up the call, she will ask you for your Medicare ID number. So just provide the ID number to her so that she can check how much money back you can get in your [ORGANIZATION] [ORGANIZATION]. Okay. Well, how much money I get back added to my [ORGANIZATION] [ORGANIZATION] check? Yes. You got it, right? Yes. Okay. All right. All right. So, [PERSON_NAME], I really appreciate your time and patience here, sir. So I'm getting your call connected. Here we go, sir. Thank you for holding. This is [OCCUPATION] [OCCUPATION] [PERSON_NAME] [PERSON_NAME] with the Medicare [ORGANIZATION]. Do I have the pleasure of speaking with [PERSON_NAME] [PERSON_NAME]? Yeah. Hi, [PERSON_NAME]. How are you doing today? I'm doing all right. That's good.","OPENING, PRODUCT_PITCH, FEE_DISCUSSION, NEEDS_ANALYSIS",0.95,True,"Contains greeting, a pitch for Medicare upgrades with money-back benefits, mentions of no additional cost, and verification of Medicare parts A and B.",insurance_outbound.zip,insurance_outbound/6018982740_transcript.json,insurance,outbound,471.0,0.9515339,711,4188,59,DATE_OF_BIRTH|DURATION|LOCATION|MONEY_AMOUNT|OCCUPATION|ORGANIZATION|PERSON_NAME
callcenteren,train,8d110518331a424a8da3dc7202e5b5e7_transcript,0feeff1e7ca25bb22994abed456ba8d2647c55b499c1b40a3d5fbad95da7ec92,"Thank you for calling the [ORGANIZATION] [ORGANIZATION] [ORGANIZATION] [ORGANIZATION] and [MEDICAL_PROCESS] [MEDICAL_PROCESS] [MEDICAL_PROCESS] [MEDICAL_PROCESS] [MEDICAL_PROCESS]. Calls may be recorded for training and quality purposes. If this is a medical emergency, please hang up and dial. For [LANGUAGE], please press [PHONE_NUMBER]. For the [ORGANIZATION] [ORGANIZATION] [ORGANIZATION] [ORGANIZATION], press [PHONE_NUMBER]. For [MEDICAL_PROCESS] [MEDICAL_PROCESS] [MEDICAL_PROCESS] [MEDICAL_PROCESS] [MEDICAL_PROCESS]. Thank you for calling [ORGANIZATION] [ORGANIZATION] [ORGANIZATION] [ORGANIZATION]. [PERSON_NAME] speaking. How can I assist you? Hi, is this the number for [PERSON_NAME]. [PERSON_NAME] [PERSON_NAME]? Yes, this is [PERSON_NAME]. [PERSON_NAME] office. Okay, because I called this morning and they were supposed to get, um, in touch with the team for me, but I was holding on very long. My name is [PERSON_NAME] [PERSON_NAME]. Do you know who you spoke with this morning? No, I don't. You wanted to ask the [ORGANIZATION] [ORGANIZATION] some questions? Well, I just wanted to leave a message that my [OCCUPATION] needs to have the [OCCUPATION] sent over to his office in order to give me cl ###ance for the [MEDICAL_PROCESS] that [PERSON_NAME]. [PERSON_NAME] is going to do on [DATE]. All right, so you already consulted with [PERSON_NAME]. [PERSON_NAME]? Yes, I did. Okay, give me one moment. Can I please on a quick hold? Yes, sure. And what is your first name? [PERSON_NAME]. And what's your date of birth? All right, give me one moment. Okay? Yes, it will. Okay, [PERSON_NAME], I'm going to send you over to the [OCCUPATION] where they'll be able to assist you with that, okay? Thank you. You're welcome. Have a good day and enjoy your day. Thank you. Bye. Bye. Good afternoon. The [ORGANIZATION] [ORGANIZATION] [ORGANIZATION] [ORGANIZATION]. Hi, it's [PERSON_NAME] [PERSON_NAME] [PERSON_NAME], and I was at the [OCCUPATION] s yesterday for a consult. Now, my [OCCUPATION] would like to have [OCCUPATION] sent over to his office for clearance purposes. Who did you see yesterday? [ORGANIZATION] [ORGANIZATION]. [PERSON_NAME]. [PERSON_NAME]. This is the surgical center. This is the [ORGANIZATION] in [LOCATION] [LOCATION]. So you're not in. You misdirected me. Oh, I was trying to get them all morning. Isn't there a more direct number to call for [PERSON_NAME]. [PERSON_NAME]? Well, I can give you the main number to the office. Was that the three? No, I have another number. You want to try this number that I have? Yes. Oh, maybe that'snna help me. All right. Hopefully. Thank you. All right. Good luck. Than by Bye.","OPENING, NEEDS_ANALYSIS, ACTIVE_LISTENING",0.85,True,"Greeting present, customer explains a medical administrative need, and agent confirms details and collects identifying information.",medicare_inbound.zip,medicare_inbound/8d110518331a424a8da3dc7202e5b5e7_transcript.json,medicare,inbound,317.0,0.89196783,397,2646,65,DATE|LANGUAGE|LOCATION|MEDICAL_PROCESS|OCCUPATION|ORGANIZATION|PERSON_NAME|PHONE_NUMBER
callcenteren,train,673ad0b2fb3d4e089874bd50d3c5000a_transcript,0ffd1e8e9f5e125d42425034f845906cbe8df7156432365862153442f9fc730f,"Referral lead from [ORGANIZATION]. Thank you for calling [ORGANIZATION]. Please select from the following options. For [ORGANIZATION], press [PHONE_NUMBER]. [ORGANIZATION], press [PHONE_NUMBER]. To hear these options again, press. Thank you for choosing [ORGANIZATION] [ORGANIZATION]. This is [PERSON_NAME] [PERSON_NAME], [OCCUPATION]. Hey, I saw a Suburban that you guys have for sale online. It says coming soon. There are no more photos or no photos yet. I just have some questions about it. Okay. That Suburban, do you got a stock number for that vehicle? I'm sorry? You got a stock number to that vehicle? You said you see it in seeing it online. I don't have a number for it. I just know that it's [DATE_INTERVAL] LT4 wheel drive with 138,000 miles. Just bear with me. I'm pulling it up right now. I'm seeing it here. [DATE_INTERVAL] [ORGANIZATION] Suburban for drive. Man. That's actually an excellent choice of actually. Received multiple calls on this Suburban already today. So I don't want to waste any of your time. Let me go check and see if this is available. It's going to take me about [DURATION] [DURATION] to run out there and put my hands on it just to make sure it's available for you. Like I said. What's the number I can give you? Call back at all right. How to spell your last name? [PERSON_NAME] [PERSON_NAME] [PERSON_NAME] [PERSON_NAME] [PERSON_NAME]. All right. And your first name? [PERSON_NAME] [PERSON_NAME] [PERSON_NAME] [PERSON_NAME] [PERSON_NAME] [PERSON_NAME] [PERSON_NAME] [PERSON_NAME] [PERSON_NAME] [PERSON_NAME]. How do you say your first name? [PERSON_NAME]. [PERSON_NAME]. [PERSON_NAME]. Okay. Sort of thought, but I just didn't want to butcher it. But Ms. [PERSON_NAME], while I'm checking on this outside, is this the only one you're interested in or would you be open to other options? Especially at some. I just am looking for Suburban with [OCCUPATION] chairs. Okay, so is that. What is your question that have we had [OCCUPATION] chairs? Yeah, I'm trying to stay under like 30,000. I gotcha. I got you. Like I said, I want to make sure this thing's available for you and there's Nothing taking about [DURATION] [DURATION] to walk out there but actually hiding. My [OCCUPATION] [OCCUPATION] walking in from the lot right now. Let me flag them down. Let me say those [DURATION] [DURATION] ago. I'm just placing brief order. Get you this information now. Okay, thank you. While also offering the remainder of the [DURATION] [DURATION] 100,000 mile limited powertrain warranty, towing, rental and travel reimbursement coverage, 24.7roadside assistance and a [DURATION] [DURATION] SiriusXM subscription. All come standard on all CPO vehicles. See all of our new and certified. Visit us at our temporary location. [LOCATION] [LOCATION] [LOCATION] [LOCATION] in [LOCATION]. [ORGANIZATION] [ORGANIZATION] is open Monday through Saturday, [TIME] to [TIME] and the last two Sundays of each month from [TIME] [TIME] to [TIME] you can also visit us 24. 7 online@couragekia.com Shop with confidence Make [ORGANIZATION] [ORGANIZATION] your first and last stop when it's time to buy [URL] thank you for calling [ORGANIZATION] [ORGANIZATION] the home of no Fear pricing. Whether you're looking for a new or used vehicle, have no fear. When shopping at [ORGANIZATION] [ORGANIZATION], our knowledgeable and friendly staff is always ready to assist in making your car buying experience an enjoyable one. [ORGANIZATION] is the number one mass market brand in initial quality [DURATION] [DURATION] in a row. And [ORGANIZATION] backs that confidence with our industry leading [DURATION] [DURATION] 100,000 mile warranty program. And only at [ORGANIZATION] [ORGANIZATION], each new [ORGANIZATION] purchase comes with our [ORGANIZATION] [ORGANIZATION] Advantage. Hey Ms. [PERSON_NAME], you still there? Yes. Hey, so I do like some news. My [OCCUPATION] [OCCUPATION] said that that vehicle is still at our reconditioning facility. So what that means is anything that's off brand. Since we're a [ORGANIZATION] dealership, we send it to an off site reconditioning facility where they go over the whole vehicle, make sure it's ready to be sold. But I did double check on the [OCCUPATION] chairs. We it appears that this does have the second row bench. Okay, I'll keep looking then. Or if you're able to call or message if you get another one in. I can just keep checking the website or something. Okay. So I mean, is that the only thing that's holding you back is that it doesn't have cap insurance? Yes, I have a Tahoe that has a bench row in the middle and we have four car seats. So it's a really big pain to get a child in the back seat without being able to fold the middle row down. Gotcha. I gotcha. Well, like I said, I mean I got this sheet of paper, please. Like the window stick or so it says it has the bench. But once it comes back from it, I'll double check on it for sure. But I do want to send you some more information on the one I have. You know, just to see. Oh, okay. You like it? What's a good email I can send you this information to? Sure. It's [EMAIL_ADDRESS] and. Okay. And Ms. [PERSON_NAME], how did you hear about us? I always like to ask [ORGANIZATION] online. Okay. And do you know where [ORGANIZATION] [ORGANIZATION] is located at? I see you're calling from the [PHONE_NUMBER] number. Yeah, it says [LOCATION]. Is that correct? Yes, right here in [LOCATION], right off [LOCATION], [LOCATION] [LOCATION]. But whereabouts are you located at? We're in [LOCATION]. Okay, I know exactly what it says right up [LOCATION], but, yeah, let me just get some more information out there on this vehicle. I'll double check if I have anything else. I mean, so you're just looking for Suburban, or are you looking for, like, a Tahoe sill? I want to do the Suburban. Probably something bigger. The only other thing would maybe be a Yukon xl. We're just still looking for the [OCCUPATION] chairs and a bigger trunk. I got you. I got you. I'll wait for this vehicle to get back and, you know, just touch base with you once it comes back. So if it does have the [OCCUPATION] chairs, you know, you can come out this way, but I think it has the bench seat from what I'm reading on this paper. Okay, thank you for checking into that. Yep, no problem. Thank you. Either one.","OPENING, NEEDS_ANALYSIS, PRODUCT_PITCH",0.85,True,"Greeting present, agent asks for stock number, and pitches the vehicle's desirability due to high demand.",automotive_inbound.zip,automotive_inbound/673ad0b2fb3d4e089874bd50d3c5000a_transcript.json,automotive,inbound,441.0,0.94456065,1057,6298,97,DATE_INTERVAL|DURATION|EMAIL_ADDRESS|LOCATION|OCCUPATION|ORGANIZATION|PERSON_NAME|PHONE_NUMBER|TIME|URL
callcenteren,train,2021-08-30-19-15-20_6b8a998b-76b3-432b-9af0-c228e88b4295_RGB55127B1E880CC46D6D13C7F73E98470033172AE4NF_DP01_transcript,10085987b899a75324ef3dd3b143b0429028da23f34a2eca782ff24a751ed497,"Call may be recorded. It's a great day here at [ORGANIZATION] [ORGANIZATION]. This is [PERSON_NAME]. Hi. Who do I have the pleasure to be speaking with today? How are you doing, sir? [PERSON_NAME] [PERSON_NAME] [PERSON_NAME] [PERSON_NAME] [PERSON_NAME] [PERSON_NAME] [PERSON_NAME] [PERSON_NAME] [PERSON_NAME] [PERSON_NAME] How are you today? Sh miserable. How are you doing? Sorry to hear that. I'm doing okay. I had a good weekend. You know, it's Monday. I had my second cup of coffee, so. Feeling better? Suppose perfect there. Well, I do want to thank you for your time today again. What we do here, we help those that are on Medicare. We help you and make sure that you're receiving all the benefits available to you. Okay? So I just want to verify here a few items. That way we can start pulling up the available options in your area. Just to confirm again, you do have Medicare parts A and B, is that correcte? Yeah, Perfect. D so we can verify eligibility. Can you verify your zip code, please? [LOCATION], I believe. [LOCATION]. Perfect. That's [LOCATION] [LOCATION]. And so we can verify your eligibility status. Can you verify for me your date of birth? [DATE_OF_BIRTH] [DATE_OF_BIRTH]. [DATE_OF_BIRTH]. Just to confirm here, you are currently receiving Social Security [MEDICAL_CONDITION] benefits. SSDI yeah, Perfect. There. Now, along with your Medicare parts A and B, do you carry any other secondary insurance, any other health insurance like maybe state Medicaid there in [LOCATION]? Like access any Medicare Advantage or supplement plan? Any other insurance you could think of? Think so, yeah. Okay, no problem. And I can verify all that for us here today because we do represent multiple carriers in the [LOCATION] [LOCATION]. You like insurance companies there, like [ORGANIZATION] [ORGANIZATION], [ORGANIZATION], [ORGANIZATION] [ORGANIZATION], [ORGANIZATION], [ORGANIZATION], just to name a few. I just want to make sure that you are receiving all those benefits there again with no cost to you. Do me a favor. Do you have the Medicare, the red, white and blue card close by that has parts A and B on it. That way we can verify that. Right hand. Hand. No, I don't number though. Okay, you said you do know the number? Yeah. [HEALTHCARE_NUMBER]. [HEALTHCARE_NUMBER]. That number. [HEALTHCARE_NUMBER]. Thank you. And the correct spelling. One more time. First name. [PERSON_NAME] [PERSON_NAME] [PERSON_NAME] [PERSON_NAME] [PERSON_NAME] [PERSON_NAME] [PERSON_NAME]. [PERSON_NAME] [PERSON_NAME] [PERSON_NAME] [PERSON_NAME]. [PERSON_NAME] [PERSON_NAME] [PERSON_NAME] [PERSON_NAME] [PERSON_NAME] [PERSON_NAME] [PERSON_NAME] [PERSON_NAME]. Excuse me. [PERSON_NAME] [PERSON_NAME] [PERSON_NAME] [PERSON_NAME] [PERSON_NAME] [PERSON_NAME] [PERSON_NAME] [PERSON_NAME] [PERSON_NAME]. Correct. Thank you. And then last name. [PERSON_NAME]. [PERSON_NAME] [PERSON_NAME] [PERSON_NAME] [PERSON_NAME] [PERSON_NAME] [PERSON_NAME] [PERSON_NAME] [PERSON_NAME] [PERSON_NAME] [PERSON_NAME] [PERSON_NAME] [PERSON_NAME] [PERSON_NAME] [PERSON_NAME] [PERSON_NAME] [PERSON_NAME] [PERSON_NAME] [PERSON_NAME] [PERSON_NAME] [PERSON_NAME] [PERSON_NAME] [PERSON_NAME] [PERSON_NAME] [PERSON_NAME] [PERSON_NAME] [PERSON_NAME] [PERSON_NAME] [PERSON_NAME] [PERSON_NAME] [PERSON_NAME] [PERSON_NAME] [PERSON_NAME] [PERSON_NAME] [PERSON_NAME] [PERSON_NAME] in there. Thank you. Yeah. Okay, Mr. [PERSON_NAME]. Okay, perfect there. As I'm pulling up your Medicare profile here so I do see that your Medicare parts A and B that started there on [DATE] [DATE], [DATE] and the Part B was [DATE] [DATE] [DATE] [DATE] oay still located there in [LOCATION] [LOCATION] there in [LOCATION] [LOCATION] [LOCATION]. Still located there. Yeaheah. Perfect there. Okay. And it also says in the profile there, Mr. [PERSON_NAME], that you also have that you're starting a new plan, Medicare Advantage plan that you recently enrolled with the like a Care first [ORGANIZATION] [ORGANIZATION] plan but you also had currently right now you do have the plan you've been using for this month is [ORGANIZATION] [ORGANIZATION], but then you also switched over for next month. Just want to make sure you're aware of that. It's an HMO plan with [ORGANIZATION]. Were you aware of that switch? I was'no. I wasn't. No. Okay. Sorry about that. Because that's been happening a lot, you know, where people just switch people just to switch them without their knowledge and that's unfortunate. But I just want to double check here, okay Just to make sure that you are still going to receive all the maximum benefit there in your area because I do have here okay. Even though you have used up the enrollment period, I just want to double check there for you that your plan is still going to work for you because it'll be doing you unjustice. For example there do you have a [OCCUPATION] that you see on [ORGANIZATION] [ORGANIZATION] currently make sure they're still on the [ORGANIZATION] [ORGANIZATION] plan. I so why? Because they made the switch to [ORGANIZATION] first [DATE] [DATE]. I don't want no surprises for you sir, because you weren't aware that you switched over to [ORGANIZATION] and if [ORGANIZATION] doesn't accept your [OCCUPATION], then you know you're going to end up either paying out of pocket and I don't want that. That's why I was asking put the [OCCUPATION] name just to see if they're in the [ORGANIZATION] network. I don believe tell his name is. I believe he's already accepted that. O okay. You had them before I think wee okay. All right. No problem there. Are there any other questions, concerns I can address here? Moment perfect there. So what I want to do here for you mroa because again there are open enrollments right around the corner. Okay. And for any reason, sir, if you're not satisfied with the [ORGANIZATION] [ORGANIZATION] plan that starting this week and if you wanted to look at other options such as going back to [ORGANIZATION] the other plans in your area that works with your Medicaid and Medicare. And Access is also [ORGANIZATION]. So we can check those benefits out as well, just to see if they provide any additional benefits. Oay do something to write with themr. Great. Go for it. Perfect. Misterna. My name again, sir, is [PERSON_NAME]. That's [PERSON_NAME] [PERSON_NAME] [PERSON_NAME] [PERSON_NAME] [PERSON_NAME] [PERSON_NAME]. Last name [PERSON_NAME]. [PERSON_NAME] [PERSON_NAME] [PERSON_NAME] [PERSON_NAME] [PERSON_NAME] [PERSON_NAME]. Okay, My number here is [PHONE_NUMBER]. All right. Perfect. There again, Misterine. I'm here Monday through Friday from [TIME] [TIME] to [TIME]. Any questions or concerns, please don'tsitate to give me a call. Oay and I hope you feel better soon. Thank you. Bye now. Thank you for your time. Have a great rest of your day. By Bye.","OPENING, PRODUCT_PITCH, NEEDS_ANALYSIS, PASSIVE_AGREEMENT",0.9,True,"Greeting present, agent explains Medicare benefit services and verifies eligibility details with a cooperative customer.",automotive_and_healthcare_insurance_inbound.zip,automotive_and_healthcare_insurance_inbound/2021-08-30-19-15-20_6b8a998b-76b3-432b-9af0-c228e88b4295_RGB55127B1E880CC46D6D13C7F73E98470033172AE4NF_DP01_transcript.json,insurance,inbound,517.0,0.879915,1035,6770,152,DATE|DATE_OF_BIRTH|HEALTHCARE_NUMBER|LOCATION|MEDICAL_CONDITION|OCCUPATION|ORGANIZATION|PERSON_NAME|PHONE_NUMBER|TIME
callcenteren,train,2020-07-06-17-08-38_a1322636-ca13-4563-8acb-ecdf4c827056_v2nRqtYIbdH2Z8inghTPweAiUBd4CWhFKcI2vyURn8C5QdVEW6TMOymg_transcript,102900206a11a29da9b9efc075f9bdf27849e22cc2203a569fa762349a790d8d,"Foreign. Good afternoon. Thank you for calling [ORGANIZATION] [ORGANIZATION]. This is [PERSON_NAME]. How may I help you? Hello? Hi. Yes. Hello? Yes, hi, [PERSON_NAME]. Can I help you? Somebody called me to say you have no insurance. For you guys. Okay. Do you have insurance now? Yes. This is [ORGANIZATION] [ORGANIZATION]. This is [ORGANIZATION] [ORGANIZATION] insurance? [ORGANIZATION] [ORGANIZATION], yes. Okay. Would you care for a quote? Yeah, yeah, sure. Held up. Thank you for calling [ORGANIZATION]. This is [PERSON_NAME] speaking. Hello? Hi. Yes, my name is [PERSON_NAME] [PERSON_NAME]. This is [PERSON_NAME] [PERSON_NAME] speaking. How can I help you? Yes, I like to. Give me what for conjuring. You want to get a quote. Terrific. Who do you have for car insurance now, sir? I got [ORGANIZATION]. You're with [ORGANIZATION]? Terrific. How long you been with [ORGANIZATION]? Like, [DURATION], [DURATION] [DURATION]. [DURATION] [DURATION]. Okay, terrific. And can you give me your name as it appears on your driver's license? The name? [PERSON_NAME] [PERSON_NAME]. Last name, [PERSON_NAME]. [PERSON_NAME] [PERSON_NAME] [PERSON_NAME], [PERSON_NAME], [PERSON_NAME]. Yes. Okay, great. And what is your date of birth, sir? [DATE_OF_BIRTH] [DATE_OF_BIRTH], [DATE_OF_BIRTH]. Okay. And can you give me the address where you keep the car? What is the address where you keep the car? Where do you live? Oh, that's signing. [LOCATION] or some park. [LOCATION] [LOCATION]. I'm sorry, that was [LOCATION] [LOCATION] [LOCATION] [LOCATION]. Was that [LOCATION] [LOCATION]? [LOCATION] [LOCATION], right? Yes. Okay. What town is that? [LOCATION], [LOCATION]. [LOCATION]. [LOCATION]. Perfect. And how long have you lived at that address? [DURATION] [DURATION]. Very good. Do you own or rent there? Owner. Wonderful. So do you have. So who has your homeowners? Because I know [ORGANIZATION] doesn't do homeowners insurance. Where do you have your homeowners insurance? The same. Okay, so they farm it out for you. Okay. Okay, so we'll take a look at that for you. And then what is your. What's your best phone number? [PERSON_NAME], [PHONE_NUMBER]. [PHONE_NUMBER]. Perfect. Are there any other drivers in your house? No, just me. Just you. Okay, so nobody else in the house. And tell me about your car. What kind of car do you have? [ORGANIZATION], [DATE_INTERVAL] [DATE_INTERVAL]. [ORGANIZATION], right. [ORGANIZATION] Montero. Yes, Montero. I like those. And by any chance, have you taken defensive driving? Yes, I took it. Yeah. Do you know when? Approximately. I think it's expired. Okay. Because it's been for [DURATION] [DURATION]. So you think it's been [DURATION] [DURATION]? Yeah. Okay. Expired. So I'm going to recommend that you take that again because that'll save you 10% and you can do it right online. Now it'll cost you maybe [MONEY_AMOUNT] or $[MONEY_AMOUNT], and it'll save you 10%. So that's a good thing to do. Okay. All right. So, [PERSON_NAME], what I'm going to do, I'm going to go ahead and run this quote for you, and then I'll call you back at [PHONE_NUMBER], okay? Okay. So do you want me to take it now? What? I'm gonna, it's gonna take me [DURATION] [DURATION] [DURATION]. It'll take me [DURATION] [DURATION] [DURATION] [DURATION]. So I'll, I'll hang up. Then when I'm done, when I have the numbers, I'll call you back at this phone number, [PHONE_NUMBER]. Okay. All right. Okay. Okay. So, yeah, just give me [DURATION] [DURATION] [DURATION] and I'll call you right back. Okay. All right. Thank you. All right. Thank you. Bye. Bye.","OPENING, NEEDS_ANALYSIS, CURIOUS_EXPLORATION",0.9,True,"Contains a greeting and the agent asks for current provider, duration, and personal details to generate a quote.",auto_insurance_customer_service_inbound.zip,auto_insurance_customer_service_inbound/2020-07-06-17-08-38_a1322636-ca13-4563-8acb-ecdf4c827056_v2nRqtYIbdH2Z8inghTPweAiUBd4CWhFKcI2vyURn8C5QdVEW6TMOymg_transcript.json,insurance,inbound,337.0,0.94849885,562,3550,80,DATE_INTERVAL|DATE_OF_BIRTH|DURATION|LOCATION|MONEY_AMOUNT|ORGANIZATION|PERSON_NAME|PHONE_NUMBER
callcenteren,train,3043864884_transcript,103045c98b7f455411918a11d17c9b856bd2eeded1fdcb05ff150871c4d70345,"Hello? Hi, this is [PERSON_NAME]. How are you doing today? I'm here. That's wonderful. The reason of my call is just to let you know today Medicare has been updated and you have been qualified to receive some additional Medicare benefits at no additional cost to you. And good thing is that once we provide those benefits to you, you no longer have to pay any co payments to your [OCCUPATION] [OCCUPATION] rendered to your hospital. Also, you're getting a dental, visioneering and transportation benefits which will help you to get pickup and drop service by the ambulance in emergency. And all these benefits will be added to your Medicare plan with no additional cost to you. Okay. All right. All right. So I do believe your Medicare part A and part B is accurate now, correct? Yes. And you will also receive a $[MONEY_AMOUNT] cash back on your Social Security every month. Okay, how much? $[MONEY_AMOUNT] you will receive every month. All right. All right. Yes, sir, could you verify me. How do you spell your first name? Pardon me? How do you spell your first name? What's your name? [PERSON_NAME], [PERSON_NAME], [PERSON_NAME], [PERSON_NAME]. All right. And your Medicare part A and part B is active right now, Is that correct, Mr. [PERSON_NAME] [PERSON_NAME]? Yes. Okay, so. And you make your own decisions, right? Yes. So what I will do, like I have your address here from the [LOCATION] [LOCATION] [LOCATION], correct? That's right. So what I will do, I will just transfer your call to my [OCCUPATION] [OCCUPATION]. What she will do for you, she will quickly give you a brief information about the benefits which you are getting. She will take a highly [DURATION] [DURATION] [DURATION] [DURATION] of yours and she will send you all the legal documents and paperwork in emailing gadget. All right? Okay. So you understood this call is all about your additional Medicare benefits, correct? Pardon me? You understood this call is all about your additional Medicare benefits, correct? Yes. So could you just. Last question. Could you verify me, what is your date of birth? [DATE_OF_BIRTH] [DATE_OF_BIRTH], [DATE_OF_BIRTH]. Okay. It's [DATE_OF_BIRTH] [DATE_OF_BIRTH], [DATE_OF_BIRTH], correct? [DATE_OF_BIRTH]. All right, Mr. [PERSON_NAME], be on a line. I'm getting your call connected to my [OCCUPATION]. And here we go. Okay. Within the second we will get connected. Hi, good afternoon. How are you? I'm fine. I have Mr. [PERSON_NAME] online from the state of [LOCATION] [LOCATION]. And the zip code is [LOCATION]. That's right. I'll take it. Thank you. Hi, good afternoon, Mr. [PERSON_NAME]. How are you? We're still here. Okay, so my name is [PERSON_NAME] and I'm the [OCCUPATION] [OCCUPATION]. I'll be more than happy to help you. As you stated, you have Medicare with Part A and B, right? Yes. Good. As you have Medicare A and B are totally eligible for getting some extra savings on Medicare. It can help you lower down your copay prescription premium. Maybe up to [MONEY_AMOUNT] [MONEY_AMOUNT]. You might can receive maybe up to $[MONEY_AMOUNT] back on your Social Security. Not just that. There are really amazing benefits that can be able to help you. In order to do so, I'll verify you a couple of details. [PERSON_NAME] [PERSON_NAME] is your name. [DATE_OF_BIRTH] is your date of birth, right? Yes. I have your address which is [LOCATION] [LOCATION] [LOCATION] [LOCATION], [LOCATION], [LOCATION] [LOCATION], right? That's right. Do you receive any employer, retirement or TRICARE benefits? Pardon me? Do you receive any employer, retirement or TRICARE benefits? No. All right then. Congratulations. You are totally eligible for the benefits. Now I request you make sure you keep your Medicare card handy when you talk my [OCCUPATION] [OCCUPATION] so that they can assist you in a better way. Okay. All right. Now, I'm about to make an inbound call on your behalf. Do I have your approval to do so? Can I bring the [OCCUPATION] [OCCUPATION] on the line so that they can help you?","OPENING, PRODUCT_PITCH, FEE_DISCUSSION, NEEDS_ANALYSIS",0.95,True,"Greeting present, pitch of Medicare benefits, discussion of cash back and no co-payments, and verification of Medicare status.",insurance_outbound.zip,insurance_outbound/3043864884_transcript.json,insurance,outbound,292.0,0.96264,665,3994,54,DATE_OF_BIRTH|DURATION|LOCATION|MONEY_AMOUNT|OCCUPATION|PERSON_NAME
callcenteren,train,2020-10-09-19-46-24_000990c9-d628-4635-93b5-f166108861b1_v2BmQu6jq5EEmdLHuw2YTDPZ4fSRsLZLsph0mBegkEmoc4rzBfpgzeoQ_transcript,104ef0e3fb28b01bb7a225124e2b0be2ac290b2fb202746c8f17cf7f907bdcc2,"This call may be recorded for quality assurance. Hi, this is [PERSON_NAME] at [ORGANIZATION] [ORGANIZATION]. Looks like you are connected with me to compare rates for auto insurance today. Is that correct? Repeat that please. Didn't quite understand. Hi, this is [PERSON_NAME] with [ORGANIZATION] [ORGANIZATION]. It looks like you are connected to me to compare rates for auto insurance today. Is that correct? Were you looking for an insurance quote today? Yes. Okay, great. So in order to connect you with the right [OCCUPATION], I just need to quickly verify some of your information. May I have your name, please? [PERSON_NAME]. [PERSON_NAME]. Okay, [PERSON_NAME], I see your zip code is [LOCATION], is that correct? Correct. Okay, and who is your current auto insurance provider? Oh, I don't have all of that before me. Okay, not a problem. If I just happen to match you with someone, you might, you realize you're with, just let me know. Okay, so just give me one moment here. Are you a homeowner? I live in, yes. So you own your home? Yeah, I live in the family home. Been precious [DURATION]. My father built it. Okay, can you please confirm your date of birth for me? My birth date is [DATE_OF_BIRTH] [DATE_OF_BIRTH], [DATE_OF_BIRTH]. In the past [DURATION] [DURATION], have you had any DUIs, SR22s, or at fault accidents? Have I had What? Any accidents, DUIs or SR22s? Okay, have you or your [MARITAL_STATUS] ever honorably served in [ORGANIZATION] [ORGANIZATION] [ORGANIZATION]? No. Okay, thanks, [PERSON_NAME]. That's all the information I need. I am searching now for your best match. Also, while your consent is not required to receive a quote, may we have your permission to send you automatic text messages to this number to ensure you're satisfied with the coverage options you receive and provide you with other quote options? Yes. Okay, give me one moment here. Okay, [PERSON_NAME], it should take [DURATION] [DURATION] [DURATION] [DURATION] to go over coverage options available. I am showing that [ORGANIZATION] [ORGANIZATION] is your best available option. One moment please, while I connect you. Okay. Okay. Please stay on the line while we connect you, [PERSON_NAME]. Yes, thank you for holding. I have your license, [OCCUPATION] [PERSON_NAME]. Both. Have a great day. Have a great day. You finished? Hi, [PERSON_NAME], this is [PERSON_NAME] from [ORGANIZATION] [ORGANIZATION] [ORGANIZATION]. I'll be helping you out today with your auto insurance quote. Who are you? Who are you insured with at the moment? I can't. Thank you. You have to forgive me. I'm an old lady. [PERSON_AGE] [DURATION] of age and some things don't come to me from memory. Okay, well, do you know how much you're paying right now for your auto insurance? I'm not paying anything. It's been paid off. [DURATION] ago. [DURATION] [DURATION] ago? No, the. Your auto insurance. Oh. What was your question? How much do you pay for your auto insurance? I don't remember. I think it's a little over a little. A little over a little? Less than a [MONEY_AMOUNT] [MONEY_AMOUNT], I think. All right. What. What's your Home address? [LOCATION] [LOCATION] [LOCATION] [LOCATION]. [LOCATION] [LOCATION]. That's [LOCATION], [LOCATION] [LOCATION]. You live in [LOCATION] [LOCATION], not [LOCATION] [LOCATION]? Yes, I used to live in [LOCATION] [LOCATION], but I've been home quite a [DURATION] [DURATION] now, living at [LOCATION] [LOCATION] [LOCATION] [LOCATION] [LOCATION]. [LOCATION] [LOCATION] in [LOCATION], [LOCATION] [LOCATION]. Okay. All right. They routed you to me. I'm in [LOCATION] [LOCATION]. They routed you incorrectly. So I'll have someone call you back from [LOCATION] [LOCATION]. Yeah. Okay. Thank you much. Okay. Yep. [PERSON_NAME], should I hope.","OPENING, PRODUCT_PITCH, NEEDS_ANALYSIS, FEE_DISCUSSION",0.9,True,"Greeting included, pitch to compare auto rates, extensive verification of personal and insurance details, and focus on rates.",auto_insurance_customer_service_inbound.zip,auto_insurance_customer_service_inbound/2020-10-09-19-46-24_000990c9-d628-4635-93b5-f166108861b1_v2BmQu6jq5EEmdLHuw2YTDPZ4fSRsLZLsph0mBegkEmoc4rzBfpgzeoQ_transcript.json,insurance,inbound,391.0,0.95486456,599,3745,76,DATE_OF_BIRTH|DURATION|LOCATION|MARITAL_STATUS|MONEY_AMOUNT|OCCUPATION|ORGANIZATION|PERSON_AGE|PERSON_NAME
callcenteren,train,8f43b5a88a9044dfbc483518c210c713_transcript,105063afd8f2e209498f952cc2763deb9e4e464584c6562375a17919fab759fa,"Thank you for calling [ORGANIZATION] [ORGANIZATION] [ORGANIZATION] [ORGANIZATION]. All calls may be recorded for quality assurance and training purposes. Please listen carefully as our menu options have changed. If you know your party's extension, please enter it at any time or select from the following option screen. Can I be all over just a moment, please? Happy right with you? Yeah, thank you, [PERSON_NAME]. From taking off the bunch of boats. That's parts, [PERSON_NAME]. Can I help you? Yes, calling from [ORGANIZATION] [ORGANIZATION]. Yes. Yeah, we ordered a part yesterday, I believe, and they said that it was going to be delivered today. Well, we don't deliver. We don't. We don't deliver on Saturday, so I don't see how that's possible. Okay, all right, then. Then let me forward the message to my [OCCUPATION]. Okay. All right, thanks. I appreciate it. Yes, sir.","OPENING, SOFT_REJECTION, PASSIVE_AGREEMENT",0.85,True,"Greeting present; agent rejects the possibility of Saturday delivery, and the customer accepts this information passively.",automotive_inbound.zip,automotive_inbound/8f43b5a88a9044dfbc483518c210c713_transcript.json,automotive,inbound,200.0,0.93408644,143,877,9,OCCUPATION|ORGANIZATION|PERSON_NAME
callcenteren,train,737510832c104f329564b9f802fbaac0_transcript,10513a88511c6e9f2dc931db6681f7c9754f93ce828e3ed8019f2c8662513a2e,"Thank you for calling [ORGANIZATION] [ORGANIZATION]. You've reached our [ORGANIZATION] [ORGANIZATION]. If this is an emergency, please hang off. For help with domestic animals such as dogs or cats. For help rescuing or rehabilitating [INJURY], orphaned or abandoned wildlife, press [PHONE_NUMBER]. For nuisance critters that are causing damage or danger to your own private property. For help with other wildlife related concerns, press [PHONE_NUMBER]. To repeat these options be recorded for quality assurance purposes. Thank you for calling [ORGANIZATION] [ORGANIZATION]. We'll be with you in just a minute. Hi, thank you for calling [ORGANIZATION] [ORGANIZATION]. May I have Your name and zip code? [LOCATION]. How about your name? [PERSON_NAME]. It's [PERSON_NAME]. Okay. And what is your pest or animal issue? Raccoon. Is it in your attic, in your kitchen or in your yard? On the porch? Okay. And for a single family home? No. Okay. All right, so I'll be connecting you to our partner company and they'll be the one to give you a quote or appointment set up. So there might be fees involved. I have here criter control. I'll transfer the call right now and I'll also text their information. So if you don't get a. They said they were goingn to a government agency for free. I see. So. Okay, so you don't want to. Okay, so if you don't want to pay. Okay, so I'll be connecting you to [ORGANIZATION] [ORGANIZATION] [ORGANIZATION] [ORGANIZATION] [ORGANIZATION] [ORGANIZATION] [ORGANIZATION]. They are government the organization and there are no fees involved in here. I'll be transferring the call right now. I'll also text their information. Okay. And if you don't get help from them, you can call us back. Please stay on the line. Oay probably got [PERSON_NAME] [PERSON_NAME] [PERSON_NAME] is currently unavailable. Please leave a message after the tone. When you have finished, please hang up or.","OPENING, NEEDS_ANALYSIS, FEE_DISCUSSION, OBJECTION_HANDLING",0.9,True,"Includes opening, gathering details about the pest issue, discussion of fees, and the agent pivoting to a free government agency after the customer rejects paid services.",home_service_inbound.zip,home_service_inbound/737510832c104f329564b9f802fbaac0_transcript.json,home_service_telecom,inbound,183.0,0.8823425,309,1902,24,INJURY|LOCATION|ORGANIZATION|PERSON_NAME|PHONE_NUMBER
callcenteren,train,0007a90fe7c849ccaa85c065f882549b3680936_transcript,106a8a03643ecf72030474b8ac2da076c64b196b8d319a35bd7b55f5192134e2,"Good afternoon. Thank you for calling [ORGANIZATION] [ORGANIZATION]. How can I help you? My name is [PERSON_NAME] on the show and I'm assuming I need to speak to your [OCCUPATION] [OCCUPATION] or [OCCUPATION]. Okay. She is not in today. Would you like to leave her a message? Well, I want to speak to someone the next person injs. Okay, because she has to return my call since Friday. I'm just curious because she was supposed to call me last Friday about my teeth not coming in. And I need answers. No one that'reached out to me or anything. So I want to know what type of business it. What's going on. I mean, you would be concerned too if you didn't have teeth in your mouth and no one return your call. You had a request and they put you off. No, I understand. Yesterday I did talk to you and I did ask. Yesterday you didn'talk. Yes, I called an appointment for Ms. [PERSON_NAME] [PERSON_NAME] yesterday and then you answered and you asked about your. Your case and I told you that it was en route. If you. I didn't talk to you. You talked to my sister. You did not talk to me. If I didn't call you, you did not talk to me. I walk every day, okay. Because I know that I. I talk to. I was told my sister when I called her know about. She knew about the situation, but I didn't. No one called me. Okay, well, I apologize. Yeah, when I called the number she said it was Ms. [PERSON_NAME]. So I apologize for that. But we. I did mention to her that your case was in route if you wanted to set up an appointment for this Friday. And she just said that she was going to get with the insurance and see about a refund, that she will call me back. My case is in route. What does that mean? From the lab. So it's on its way here. It's already been don' and they don't know when it's gonna give here. It could be. It could be Friday. C Just, you know when my salary I took off for [DURATION] [DURATION] [DURATION] for that. So you can imagine how that's where the attitude I have is coming from. And they call me like [DURATION] [DURATION] [DURATION] [DURATION] before I was supposed to come and I had put in for [DURATION] [DURATION] [DURATION] and I'm [MONEY_AMOUNT] [MONEY_AMOUNT], so you can imagine. Yeah, no, I apologize for that. I mean I wasn't here. I'm usually not here on Friday. Right, See. Yeah, because we did check with the lab and it did show you yesterday that your case was in route. So it should be here by far ``gh do you want us to give you another call just to make sure that your case is here? Can I be honest with you? They. The two times that I talked to him, the previous time they said my case was there, that really hurt me. When I got a call [DURATION] [DURATION] before they called, andermed with me twice to make sure I was coming. And that really hurt me. And my teeth was not even there. So I like the girls there. I mean, I'm excited, but when that happened to me, the trust just went down the drainam. So that's why I'm not excited about. Okay, we can call you before. Well, they called me to tell me my [INJURY] [INJURY] [INJURY]. I don't know what y'all can do about that, but that's what happened to me. And it makes it seem like I'm just this mean person, but I'm not. So I don't know. I really don't know what to tell you or. I just want to really speak to someone who has some power. And I know it's a big facility when I say that, you know, it has several locations in a corporate office. I don't want to do that. I don't want to take that step. So if the [OCCUPATION] en route, if they're here tomorrow, that Thursday, I have to let them know when I'm taking off. I just can't take off. Okay, so what, just like what are you to do? Because if they, if they are there Friday, then I. I mean, I will come Friday, but I can't confirm an appointment until I know that they're there. I can't leave my job, so I know that they're there. So that puts me, you in a situation and me in a situation because I'm not going to put in [DURATION] and then I don't, you know, they're not there. So if they there Friday, you, then I will come. But I can't make an appointment in advance like I did before and lose the money that I lost. Yes. So tell me what, what can I do? Let me see. Let me check with the lab. Do you mind if I put you on a brief hold? No, I don't mind at all. Okay, one Moment please. Hi, Ms. [PERSON_NAME]. Thank you for holding. Yes, ma'am. Hi, this is [PERSON_NAME] [PERSON_NAME]. We were looking into the lot just to make sure that the lab would be here for next Friday. So what time works for you for next Friday? Morning or afternoon? I like I was telling her I cannot confirm until my teeth are in the office. Yes, ma'am. Okay, we understand problem if they're gonna have a spot for me when if they come in Friday or I can just come in, that's fine. But other than that I just. Just. I just don't want to visit anymore. I'm just that hurt about the last way what happened the last time because I took [DURATION] [DURATION] [DURATION] [DURATION] I'm [MONEY_AMOUNT] [MONEY_AMOUNT] I lost all that money because they called me [DURATION] [DURATION] before said my [INJURY] [INJURY] not in and they confirmed with me twice that they were there. So that's why I'm hurt. I'm so sorry miss I understand so what I can do so we can. I'm going to go ahead and put you on the schedule for Friday, Ms. [PERSON_NAME]. But like you said, you don't want to confirm. I'll go ahead and as soon as the your case sched here I will call you. I know that you don't want to confirm anything yet but I'll go ahead and give you a call once we have it here in the office. It definitely needs to be the first available in Friday. All right. All right. Okay Ms. [PERSON_NAME]. we'll talk to soon. Okay. Okay. Thank okay by Bye.","OPENING, ANGRY_OUTBURST, DEFENSIVE_POSTURE, OBJECTION_HANDLING",0.9,True,"Greeting followed by customer anger over unreturned calls, defensive arguments about previous conversations, and agent attempting to apologize and resolve.",medicare_inbound.zip,medicare_inbound/0007a90fe7c849ccaa85c065f882549b3680936_transcript.json,medicare,inbound,785.0,0.91129315,1122,5746,43,DURATION|INJURY|MONEY_AMOUNT|OCCUPATION|ORGANIZATION|PERSON_NAME
callcenteren,train,e887c84569634150893832a784424fb8_transcript,106ee38586ccbb6b5f31ca85645f242b7c442642f4df64fae122fc7180052a5b,"Thank you for calling [ORGANIZATION] [ORGANIZATION] [ORGANIZATION] [ORGANIZATION] to schedule an appointment or let us know you've arrived. Press [PHONE_NUMBER] for medication refills, [PHONE_NUMBER] for questions on a current patient. For a [OCCUPATION] or [OCCUPATION], press the for all other inquiries, please hold a moment. Thank you for calling [ORGANIZATION] [ORGANIZATION] [ORGANIZATION] [ORGANIZATION] [ORGANIZATION]. This is [PERSON_NAME]. May I help you? Yes, I have a yorkieoo that I need to have spadeed. I was wondering how much you charge and the process. Sure. Have we ever seen your pet here before? No, [PERSON_NAME] was going to have ve [MEDICAL_PROCESS] and I've moved to [LOCATION]. Oh, okay, got it. All I can do is give you an approximate. The [OCCUPATION] would be the one to give you exactly what the cost would be after they do the examination. How much does your pet weigh approximately? She about [PHYSICAL_ATTRIBUTE]. About [PHYSICAL_ATTRIBUTE] [PHYSICAL_ATTRIBUTE]. Okay, let me see. And how much? I mean, how old is [PERSON_NAME]? She's [PERSON_AGE] [PERSON_AGE] this month. Okay. Okay. Okay. So you're starting out probably around [TIME]. And that would include the [MEDICAL_PROCESS] [MEDICAL_PROCESS], the [MEDICAL_PROCESS]. We do a [MEDICAL_PROCESS] [MEDICAL_PROCESS] [MEDICAL_PROCESS] [MEDICAL_PROCESS] [MEDICAL_PROCESS] [MEDICAL_PROCESS], a [MEDICAL_PROCESS] and [MEDICAL_PROCESS] [MEDICAL_PROCESS] [MEDICAL_PROCESS] to help with vomiting and the [MEDICAL_PROCESS]. And so that's approximately. That's kind of like the low end. If that's what [PERSON_NAME] is, [PERSON_NAME] not in heat. What we do on our space, if you've never been here, we settch you up with one of our [OCCUPATION] [OCCUPATION] as an appointment to do the full exam and then we can do the [MEDICAL_PROCESS] [MEDICAL_PROCESS] [MEDICAL_PROCESS] at that time. And before you leave we'll schedule you the space. So it's always a two appointment services, first one to meet, do the [MEDICAL_PROCESS] [MEDICAL_PROCESS] and then we'll schedule the spa. And then we do schedule [MEDICAL_PROCESS]. We do take a $[MONEY_AMOUNT] non refundable reservation fee. And as long as you make the appointment, you have $[MONEY_AMOUNT] credit that comes automatically off the treatment. But that's the price approximately, but up until the [OCCUPATION] seeing and making sure no baby teeth have been left in or if they've come out, that type of thing. Okay, so [MONEY_AMOUNT]. And does that include everything that you. What I just write right? Rightk. Right. And then when you come in for the first office visit, it's $[MONEY_AMOUNT]. And then we do the [MEDICAL_PROCESS] [MEDICAL_PROCESS]. The [MEDICAL_PROCESS] [MEDICAL_PROCESS], if it's this one, runs about [TIME]. We would have you do the [MEDICAL_PROCESS] [MEDICAL_PROCESS] in there at that time so that [TIME] happens to have the [MEDICAL_PROCESS] [MEDICAL_PROCESS]. But you would do that your first visit. And any first time. Client coming in. We do take a non refundable reservation fee of $[MONEY_AMOUNT], which is just paying the office visit ahead of time. So you'll have that credit for the office visit and the first available I could get you in because it has to be with one of our [OCCUPATION] [OCCUPATION] I'm taking a look at it. Looks like it's probably not going to be till next [DURATION]. So it'either be a Monday, have a Tuesday, or looks like Thursday, Friday, Thursday or Friday of next [DURATION]. I can get you in for that first visit. Okay, let me call you right back. I'm going to talk to my [MARITAL_STATUS]. Thank you. Yeah, no problem. Bye.","OPENING, NEEDS_ANALYSIS, FEE_DISCUSSION, PRODUCT_PITCH",0.95,True,"Greeting present, agent asks for pet details (weight/age) and provides a detailed cost estimate and service package description.",medicare_inbound.zip,medicare_inbound/e887c84569634150893832a784424fb8_transcript.json,medicare,inbound,236.0,0.91444683,561,3610,70,DURATION|LOCATION|MARITAL_STATUS|MEDICAL_PROCESS|MONEY_AMOUNT|OCCUPATION|ORGANIZATION|PERSON_AGE|PERSON_NAME|PHONE_NUMBER|PHYSICAL_ATTRIBUTE|TIME
callcenteren,train,17f8ed070f924e5cb8e5723478f83bbb_transcript,10b334f53ea9f9b7c9e1878c08eb3da16db2455eb5f52cba6649e365a1017c71,"Thank you for calling [ORGANIZATION] [ORGANIZATION] [ORGANIZATION]. How can I help? Yes, I'm going begin appointment to get [PERSON_NAME] groomed. Okay. What is the phone number on your account? No. [PHONE_NUMBER] [PHONE_NUMBER]. Okay. Ye. All right. There he is. I will say we do only have two [OCCUPATION] right now. So we'll probably be booked out for a little bit into [DATE_INTERVAL]. Is that okay? Oh, [DATE_INTERVAL], Okay. When would you ever get him in [DATE_INTERVAL]? Let me check for you. Just getting it pulled up here. Okay. I'm just checking here. See? Okay. So it looks like the earliest I get you in is [DATE_INTERVAL] [DATE]. Oay, on a Sunday? Yeah, that would be a Sunday. Okay. U hu, okay. That probably wouldn't workill we go to church and we're gone quite a while. Okay. I do have an opening on [DATE]. That would be a Tuesday. Okay. That'd be great. Okay, let me get that set up for you. Okay. Any want just like a standard groom? Yes. Okay, I've almost got it done here for you. Okay. Oay and drop off time is [TIME] okay. I've got you set for [DATE], [DATE] at [TIME] okay. Thank you. You're welcome. Have a good day. You too.","OPENING, NEEDS_ANALYSIS, SUCCESSFUL_SALE",0.9,True,"Greeting present, agent asks for account details and service type, and confirms a grooming appointment.",medicare_inbound.zip,medicare_inbound/17f8ed070f924e5cb8e5723478f83bbb_transcript.json,medicare,inbound,192.0,0.8551484,208,1151,17,DATE|DATE_INTERVAL|OCCUPATION|ORGANIZATION|PERSON_NAME|PHONE_NUMBER|TIME
callcenteren,train,3052328928_transcript,10f1b4b1574c1d8c9d4243c37aa5dd464940672a81ad0f38cd4113c664e81bf1,"Hello. Hey. Good afternoon, ma' am. My name is [PERSON_NAME] [PERSON_NAME]. How are you doing today? I'm doing fine, thank you. That's wonderful, ma' am. And, ma' am, the reason for my call is to let you know that your Medicare is getting updated for this year and you are receiving much more additional Medicare benefits at no additional cost to you. So, ma' am, I do believe you can make your own decisions regarding your Medicare, right? Yes. Okay. And ma' am, I do believe your Medicare part A and B both are active right now, correct? Yes. I beg your pardon, dear? Yes. Yes. Okay. That's wonderful. And, ma' am, like, while you visit your [OCCUPATION] and your medical store, you do carry the red, white and blue Medicare card with you, correct? Yes. Okay, that's perfect, ma' am. And, ma' am, I do have your information over here, so just correct me if I am wrong, okay? Like, over here, I can see you reside in the state of [LOCATION], correct? If I stay what? You stay in [LOCATION], right? Oh, yes, [LOCATION]. Okay. And ma' am, how do you spell out your first name and your last name? [PERSON_NAME]. [PERSON_NAME] [PERSON_NAME], [PERSON_NAME], [PERSON_NAME] [PERSON_NAME], [PERSON_NAME]. [PERSON_NAME] [PERSON_NAME], [PERSON_NAME], [PERSON_NAME], [PERSON_NAME]. And how do you spell your first name? Your first name? [PERSON_NAME]. [PERSON_NAME] [PERSON_NAME], [PERSON_NAME], [PERSON_NAME], [PERSON_NAME]. [PERSON_NAME]. [PERSON_NAME] [PERSON_NAME], [PERSON_NAME], [PERSON_NAME], [PERSON_NAME], [PERSON_NAME]. Okay, perfect, ma' am. And, ma' am, I do got your mailing address over here, so correct me if I'm wrong. It's [LOCATION], [LOCATION] [LOCATION] [LOCATION], [LOCATION] [LOCATION] [LOCATION]. And the zip code is [LOCATION], correct? Correct. And what's your date of birth? Your happy birthday? I usually don't get that out. Like, what's your happy birthday? Okay, what is your birthday? I don't usually give my birthday out over a phone. Don't worry, dear. This will be the last piece of information I need from your side so that I can transfer your call to the right age criteria. And I will make sure you will receive all these benefits without any additional cost to you. So can you please, once again, tell me your date of birth, Your happy birthday? [DATE_OF_BIRTH] [DATE_OF_BIRTH], [DATE_OF_BIRTH] [DATE_OF_BIRTH] [DATE_OF_BIRTH] [DATE_OF_BIRTH] [DATE_OF_BIRTH]. [DATE_OF_BIRTH]. [DATE_OF_BIRTH]. Right, right. But, ma' am, to be really honest with you, from your voice, you don't sound like you're born in [DATE_OF_BIRTH]. You really sound too young. Yeah, I sound young. Yeah. Totally young. Thank you. Thank you. So, Ms. [PERSON_NAME], like, first of all, very much, congratulations, [PERSON_NAME], because over here, I can see you are totally eligible and qualified to get the updated benefits. Now, I will get your call connected to the [OCCUPATION] [OCCUPATION] who will be from your same zip code that is [LOCATION]. And he will be the right person to let you know what benefits you are entitled to at no additional cost to you. And ma' am, like, the signature process will be within [DURATION] [DURATION] [DURATION] [DURATION] of your precious time, not more than that. Okay? Okay. So ma' am, please stay on the line. Dear, I'm getting your call connected. I do really appreciate your time and patience. And here we go. Please stay on the line your call has been forwarded to. I'm getting your call connected. Okay. And ma' am, how was your day today? Good. So you really enjoying your day today? Yes, it's very nice. The weather is very nice here too. Thank you for holding the line. My name is [PERSON_NAME]. I'm a [OCCUPATION] [OCCUPATION]. Yes, sir, I do have Ms. [PERSON_NAME] on the line and she is from [LOCATION] and her zip code is [LOCATION]. And she is interested in additional Medicare benefits. So you may take over the call, Ms. [PERSON_NAME]. He is one of the nicest [OCCUPATION] [OCCUPATION]. He will guide you further. You both have a good day. Okay? Thank you. So, thank you for holding the line. [PERSON_NAME], how are we doing today? Good, thank you. Great, ma' am. So as you stated, you have both Medicare parts A and B, right? Yes. Great. So you are qualified to get the upgraded [DATE_INTERVAL] Medicare benefits, ma' am. Benefits like dental, vision sharing coverage. You may lower down your premiums, prescriptions, costs, co payments up to $[MONEY_AMOUNT]. Also, you may get up to $[MONEY_AMOUNT] money back on your [ORGANIZATION] [ORGANIZATION] every single month. So that will definitely help you to save your money. Okay. Okay. I have your name here as [PERSON_NAME] [PERSON_NAME]. Date of budget, [DATE_OF_BIRTH] [DATE_OF_BIRTH], [DATE_OF_BIRTH], right? Yes. I don't like doing this over the phone. This is private business. I don't appreciate it. Hello.","OPENING, PRODUCT_PITCH, NEEDS_ANALYSIS",0.95,True,"Agent greets the customer, pitches Medicare benefit updates, and verifies the customer's current coverage and personal details.",insurance_outbound.zip,insurance_outbound/3052328928_transcript.json,insurance,outbound,319.0,0.95675164,785,4816,78,DATE_INTERVAL|DATE_OF_BIRTH|DURATION|LOCATION|MONEY_AMOUNT|OCCUPATION|ORGANIZATION|PERSON_NAME
callcenteren,train,2021-08-26-21-53-55_5bacd330-701b-400a-8e3f-07158b5ce85a_RGBC7EBDE3033D4892577EEAA68B334AFA4D57B69F6CF-OA01_-_Copy_transcript,11008999bdd10db2bf07c0347da129e31ceece2343438ba436bc7ad1d17c8d6c,"Be recorded. Thank you for holding. This is [PERSON_NAME] [PERSON_NAME]. And who do I have the pleasure of speaking with today? [PERSON_NAME]. Hello, I am [PERSON_NAME], I'm a [OCCUPATION] [OCCUPATION] [OCCUPATION] and our call is being recorded. How are you doing today? Thank you. Not a problem. Thank you. I want to thank you also for holding the line for me. I truly appreciate it. I am a [OCCUPATION] [OCCUPATION] [OCCUPATION] with coverage 1 insurance group and our calls being recorded. What we do here is help those of you on Medicare with making sure that you'receiving all of the Medicare benefits available. Now I do have a few items to confirm with you, so I'ABLE to pull up that information. [PERSON_NAME] I please have your state and your zip code? [LOCATION]. Yes, ma'am, thank you. And may I also have. Let me just plug this in. Your date of birth, please. [DATE_OF_BIRTH] [DATE_OF_BIRTH], [DATE_OF_BIRTH]. Alright. Happy early birthday. It will be here before we know it. I know, yeah. All right, and then I do see here you're in [LOCATION] [LOCATION], is that correct, [LOCATION], [LOCATION]? Yes, ma'am. Okay, thank you so much for that. Now you're enrolled with both part A and B [ORGANIZATION] [ORGANIZATION], is that correct? Right. Do you have a secondary insurance? Like, are you enrolled with Medicare, Medicaid, Tricare? Yes, I do. I was asking if you have like Tricare, [ORGANIZATION] or Medicaid, any of those programs? ##es, I do. And which one do you have? Like what? Okay, so the programs I just asked about was Tricare, [ORGANIZATION] group coverage, Medicaid, you said? Yes, you do. Which of the programs do you have? Medicared, Medare. Got you. Okay, Medicare. All right. And then we are appointed with multiple carriers such as [ORGANIZATION], [ORGANIZATION], [ORGANIZATION], [ORGANIZATION] as well as many, many more. We do this so that we can help folks like yourself with making sure you are aligned with all of the benefits and coverage you need with your Medicare aspects. Now I want to go ahead and pull up those options available, but as I sure you can appreciate, I don't want to make any promises on extra benefits or more coverage without knowing what you qualify for first. Do you have your Medicare card available to you? Your red, white and blue insurance card? I'm sorry ma'am. Oay you, you have the card or you do that? I don. You dont have it. Im so sorry. Is like a little bit of a bad connection in between the call. I know, Im sorry, I hate to make your. Okay, no problem. Now being that we do need the Medicare number to check your current status and instantly see your extra help levels, but we want to start there. But I am a fully [OCCUPATION] [OCCUPATION] and I do have an account with the [ORGANIZATION] portal, that is the [ORGANIZATION] [ORGANIZATION] [ORGANIZATION] [ORGANIZATION] [ORGANIZATION] [ORGANIZATION]. So I can pull up your Medicare number a different way. Do you feel comfortable providing your social to get you your Medicare number? Yes, I do. Okay. I am ready whenever you are. Okay.","OPENING, PRODUCT_PITCH, NEEDS_ANALYSIS",0.9,True,"Greeting present, agent pitches Medicare benefit assistance and asks for personal and insurance details.",automotive_and_healthcare_insurance_inbound.zip,automotive_and_healthcare_insurance_inbound/2021-08-26-21-53-55_5bacd330-701b-400a-8e3f-07158b5ce85a_RGBC7EBDE3033D4892577EEAA68B334AFA4D57B69F6CF-OA01_-_Copy_transcript.json,insurance,inbound,287.0,0.91281754,528,3060,36,DATE_OF_BIRTH|LOCATION|OCCUPATION|ORGANIZATION|PERSON_NAME
callcenteren,train,recording-public_978_transcript,11764f7e82b3f13c3321c789ee90eb413a0cf03b19e88147000bc450e847f08f,"Hi, good afternoon. This is [PERSON_NAME] [PERSON_NAME]. How may I hope you. Yeah, hello, [PERSON_NAME]. Today I have [PERSON_NAME] [PERSON_NAME] with me online. They are interested in learning more about the new [OCCUPATION] [OCCUPATION] frame and looking for 20,000 coverage. But they already have 20,000 coverage. But he is looking for 20,000 coverage. Okay. And his age is [PERSON_AGE]. His sister and brother will be the beneficiary. He's from [LOCATION] with the zip code [LOCATION]. He's a very humble person. So please take over. Okay, thank you. Hi, good afternoon, Mr. [PERSON_NAME]. My name is [PERSON_NAME] [PERSON_NAME]. I'll be the [OCCUPATION] [OCCUPATION] [OCCUPATION] helping you out. How are you doing today? Pretty good. You? Pretty good. I understand you're looking for life insurance for final expenses. Yes. All right. Do you currently have any coverage now, sir? Yes, I do. Okay. And were you just looking for something additional? For what you have, something to add on to where, you know, my sisters and brothers will go on and do the same thing. All right, well, tell you a little bit about what I do. I'm what you call a [OCCUPATION] [OCCUPATION] [OCCUPATION], which means I work with multiple carriers in your state of [LOCATION]. So I try to find you the best options for you based on your health and your age. What I do is pretty simple. I just ask you a few basic health questions, see where your health is at, and then come up with some options for you. And if we can find something that fits your budget. That's the whole idea. The next step is seeing if we can get you approved. And we do that right over the phone. And we typically know by the end of the call if you got approved or not. And then as far as payment goes, it's either out of a checking, savings or off a card. And you can choose what [DURATION] of the [DURATION] you want your payment to be. We try to match it up with your [ORGANIZATION] [ORGANIZATION]. That way you don't have to worry about missing payments. And then once you get approved, the insurance company that we come up with for you, they would mail out the policy directly to you in the next [DURATION] [DURATION] [DURATION] [DURATION]. And then I send out a little thank you card with my business card magnet that you can put on your fridge. Does that sound good? Yes. All right. Now, Mr. [PERSON_NAME], what is your date of birth? [DATE_OF_BIRTH] [DATE_OF_BIRTH]. All right. Now, are you a smoker or a non smoker, sir? Non smoker. All right. Any [MEDICAL_CONDITION] [MEDICAL_CONDITION] or [MEDICAL_CONDITION] or [INJURY], any of those things? No, never. Are you [MEDICAL_CONDITION]? No. All right. Any [MEDICAL_CONDITION] [MEDICAL_CONDITION] like [MEDICAL_CONDITION] or [MEDICAL_CONDITION] [MEDICAL_CONDITION]? Or [MEDICAL_CONDITION]? No. All right, what type of medications are you on for anything, sir? No, you're not taking any meds. Whoops. I'm sorry. You said what? The [MEDICAL_CONDITION]. Okay. All right. And how. How tall are you, sir? All right. And what do you weigh roughly? About [PHYSICAL_ATTRIBUTE]. All right. Now, did you have an idea how much coverage you were looking for for final expenses? We can see what we can come up with for you. Oh, I was just figuring somewhere around maybe [MONEY_AMOUNT], [MONEY_AMOUNT]. All right, well, we'll see what we can come up with for you. Now, this would be whole life insurance. And whole life insurance covers you until you pass. You'd be covered immediately. There's no waiting period, and the rate would cover you until you pass, so you don't have to worry about it running out on you. As far as that goes, we can see what we can come up with for my idea was to make sure at least, you know, four or five of them would have changed. Yeah, well, that's. That's very generous of you. A lot of people, you know. You know, have those intentions, unfortunately. But that's. That's good intentions, you know, as far as that goes. Which is. Which is good. It's something that will be remembered for a long time, I'm sure. Let me. You said your date of birth was [DATE_OF_BIRTH], [DATE_OF_BIRTH], [DATE_OF_BIRTH]. All right, so what I'm doing is plugging your information in, and it's going to tell me the best options here for you. And you said [TIME]. Is that what you said? Yes. [TIME]. [MONEY_AMOUNT]. All right, we'll start at [MONEY_AMOUNT]. And if we need to go down a little bit, we can, as far as that goes. But we'll see what we can come up with here for you. All right, so [TIME]. All right, so I'll run at age [PERSON_AGE], [GENDER_SEXUALITY], in the state of [LOCATION]. Let me see what's going to be the best option for you? Looks like a company called [ORGANIZATION] is going to be the best option for you. They would be for [TIME], would be 203.56amonth, and that rate would never change. That would cover you until you pass, and you'd be covered immediately. Now, if that's a little high, we can go down a little bit. What's that? I had quite a few companies tell me that they could go with it. 100, [MONEY_AMOUNT]. $[MONEY_AMOUNT] for [TIME]? Yes. No. I don't know. I don't think they're misleading me on that because I. For 20,000. Okay. Because we were looking at [TIME]. [MONEY_AMOUNT] is what we were looking at. 20,000. Let me see what that would be. Would be 163.69amonth. And that's for 20,000. And that rate would never change. That would cover you until you pass and be covered right away. That's going to be the cheapest out of, like, [MONEY_AMOUNT], 30 different carriers. Does that work for you, or do you want me to go down a little lower? Do you have a certain amount of money you were wanting to spend? I got. I think I got some already cheaper than that, so thank you very much. All right.","OPENING, NEEDS_ANALYSIS, PRODUCT_PITCH, ACTIVE_LISTENING",0.85,True,"Greeting present, agent analyzes current coverage needs, explains their brokerage service, and confirms customer's goals.",customer_service_general_inbound.zip,customer_service_general_inbound/recording-public_978_transcript.json,customer_service,inbound,431.0,0.9611396,1009,5741,65,DATE_OF_BIRTH|DURATION|GENDER_SEXUALITY|INJURY|LOCATION|MEDICAL_CONDITION|MONEY_AMOUNT|OCCUPATION|ORGANIZATION|PERSON_AGE|PERSON_NAME|PHYSICAL_ATTRIBUTE|TIME
callcenteren,train,7d40300caa5a40e6a02c91630edcf7d3_transcript,117d347e4b0085d1a809904e990bda53068d222388d051e7f1ad253e6fcb6cef,"All calls are recorded for quality and training purposes. [ORGANIZATION] [ORGANIZATION] and [ORGANIZATION] [ORGANIZATION] better assist you. What's the purpose of your call today, please? Yes, somebody was supposed to make arrangements to go by my property to check to remediate the water damage and I'm calling to see if they did that. It was [PERSON_NAME]. Yes. Which insurance company, please? [ORGANIZATION]. All right, let me get you transferred so we can pull up the [ORGANIZATION] claim and get an update for your water remedation needs. Give me just one moment to get you to help you need, please. Thank you. You're welcome, ma'am. It's a great day at [ORGANIZATION] [ORGANIZATION] [ORGANIZATION]. Thank you for holding. Our customer service calls are recorded for quality and training purposes. [ORGANIZATION] [ORGANIZATION] you company to better assist. What is the purpose of your call today? Yes, I was calling to see if somebody went out to my property to check the water the damage or to remediate actually the water damage. [PERSON_NAME] [PERSON_NAME]. The claim number with is the claim number. Let me look and see if it's on this document. We're working on your claim. Where'the claim number? Boy, that helps'to put it in the email and they didn't put an email. One second. The claim number is your inspection emergency. Let me go back one screen and see. I could see it currentlyly open. The claim number is [NUMBER_SEQUENCE]. Thank you. One moment here so I can give you the local office phone number here and then they'll be able to let you know for sure if anybody went out there and know the details for you. And is they going to give me [PERSON_NAME] [PERSON_NAME]? Because I have. He was the person who called me from [ORGANIZATION]. Be calling him directly. Yeah. Should I call him directly? Directly if you want. Otherwise I have just like the general office number. O. I have that already. I was just wondering what Che back in status because he was supposed to go by yesterday. So I just didn't know whether or not see any of that on my end here that would say reach out to them directly. Okay. All right. Thank you. Okay. You're welcome. It's now, are you [ORGANIZATION] or you [ORGANIZATION]? I'm the [ORGANIZATION]. Oh, you're [ORGANIZATION] [ORGANIZATION]. Okay. Y. All right. Because the woman said earlier, she said, what? What insurance company? And I said [ORGANIZATION]. And then she transferred me. So I'm like, what? Whether [ORGANIZATION] has a [ORGANIZATION] [ORGANIZATION] which calls themselves [ORGANIZATION]? I don't know. Okay, but you're a separate company from [ORGANIZATION] Right? Right. Yes. Okay. All right. Okay. Thank you very much. You're welcome. You have a good day. You too. Bye.","OPENING, NEEDS_ANALYSIS, ACTIVE_LISTENING",0.9,True,Agent opens the call and asks for insurance and claim details to determine how to assist the customer.,home_service_inbound.zip,home_service_inbound/7d40300caa5a40e6a02c91630edcf7d3_transcript.json,home_service_telecom,inbound,275.0,0.88354856,459,2737,29,NUMBER_SEQUENCE|ORGANIZATION|PERSON_NAME
callcenteren,train,3b6483041fdf427a924a1d21de897e71_transcript,118880b7732742bccb150f3cc0feb8180b18bb4617e4a5e1bbd73c464b5ad376,"Thank you for calling [ORGANIZATION] A community of [OCCUPATION] [OCCUPATION]. We make finding trusted [OCCUPATION] [OCCUPATION]. Thank you for calling [ORGANIZATION] your service for local [OCCUPATION] [OCCUPATION] [OCCUPATION]. This is [PERSON_NAME]. How can I help you? Hey, how you doing? I'm trying to get in touch with the corporate office. The main people that sell the franchise that tell the franchise. And is it just to confirm your interest into getting owning a frnhiur right? No, I'm interested in talking to one of the people that basically monitor and watch the franchises throughout the nation. In this case at this moment. Let me go ahead and send your request directly to our corporate headquarters so you can receive a call back as soon as possible and discuss all of those details. So may I please have your first and last name? [PERSON_NAME] [PERSON_NAME]. [PERSON_NAME] [PERSON_NAME] [PERSON_NAME] [PERSON_NAME] [PERSON_NAME]. Thank you, [PERSON_NAME]. And just to confirm I show the number your colleague in on today. Is this the best number to reach you? No. May I please have the best number to reach you? [PHONE_NUMBER]. Thank you. And is this your cell phone or a landline? It's a cell phone. Thank you. And just to confirm, your zip code is [LOCATION], correct? No, that is not my zip cod. May I please have your correct zip cod? [LOCATION] in at this moment, [PERSON_NAME], I want somebody to call me back from corporate, not from the air this year in [LOCATION] [LOCATION]. Yes, at this moment I'll be sending the request directly to our corporate headquarters. From [ORGANIZATION], not sir. Okay, thank sir. You're welcome. Is there anything else looking assist you with? That's it. Understood. At the end of the call you will receive a quick survey and we appreciate your feedback. So thank you for calling [ORGANIZATION] and have.","OPENING, NEEDS_ANALYSIS, SOFT_REJECTION",0.9,True,"Greeting present, agent attempts to qualify interest in franchise ownership, and customer rejects that specific goal.",home_service_inbound.zip,home_service_inbound/3b6483041fdf427a924a1d21de897e71_transcript.json,home_service_telecom,inbound,151.0,0.89679873,309,1863,26,LOCATION|OCCUPATION|ORGANIZATION|PERSON_NAME|PHONE_NUMBER
callcenteren,train,4030cbe0ee9f4606a3428da433581238 (2)_transcript,11b3ed72da48d2e9d02cdb5f3b1dc2bbbc27397fb9c11ff874ecbe0aba58cfd7,"All calls are recorded for quality and training purposes. Thank you for calling [ORGANIZATION] [ORGANIZATION] [ORGANIZATION] [ORGANIZATION] [ORGANIZATION]. We fix your pains. May I help you? Yeah, hi. My name is [PERSON_NAME]. I wanted to get an estimate on labor to do a small window replacement at my house. Of course, sir, we can start a quote for you. What is your name, please? [PERSON_NAME] [PERSON_NAME]. Thank you. That's [PERSON_NAME] [PERSON_NAME] [PERSON_NAME] [PERSON_NAME] [PERSON_NAME] [PERSON_NAME] and then [PERSON_NAME] [PERSON_NAME] [PERSON_NAME] [PERSON_NAME] [PERSON_NAME] [PERSON_NAME] [PERSON_NAME]. I have your phone number too, please. Yes. And then, sir, what's your zip code, please? [LOCATION]. We got [LOCATION]. [LOCATION]. Yes. Thank you. And then, sir, we're coming to look at a small, small window. Is it single or double pane glass? Double pane. And then shows window. Is the window on the [LOCATION] [LOCATION] or higher up? [LOCATION] [LOCATION]. Well, thank you. Sorry you have some damage, but we are here to help. Our [OCCUPATION] will come on site, take the exact measurements needed, and we will get you a free quote. May I have the address that we would be coming to, please? O, I'm not looking for anybody to come to my house. I just want to know what your labor costs are per [DURATION]. I'll have the office call you back. I'm not sure if they go over those breakdowns or if someone needs to come on site, but I'll send the request through for you, sir. Thank you, ma'am. Well, thank you for calling us, [OCCUPATION]. You have a good day. You too. Thank you.","OPENING, NEEDS_ANALYSIS, FEE_DISCUSSION, SOFT_REJECTION",0.85,True,Greeting present; agent gathers window details; customer asks for labor costs and rejects the offer of an on-site visit.,home_service_inbound.zip,home_service_inbound/4030cbe0ee9f4606a3428da433581238 (2)_transcript.json,home_service_telecom,inbound,134.0,0.90459335,265,1602,31,DURATION|LOCATION|OCCUPATION|ORGANIZATION|PERSON_NAME
callcenteren,train,DMEMED_rmbpo19_20211110-083614_5139221190_4701798-all_transcript,11bde93c948f37d1b505e4ff604151e41e8b586d229dee3e9fb19e23e48ba781,"Hello, [PERSON_NAME]. [PERSON_NAME]. Hello? Yeah, I'm so sorry for the disconnection of the call, sir. Okay. Okay, yeah, I'm going to transfer you again. Maybe my [OCCUPATION] [OCCUPATION] or the [OCCUPATION] has a bad connection, so you can hear her. Okay, okay, okay. I'm going to transfer you again on the other line. [PERSON_NAME], to stay on the line, please. Here we go. Your call is very important to us. Please stay on the line and you'll be transferred to the next available [OCCUPATION]. Here we go, [PERSON_NAME]. Now down the line. Yeah, thank you so much. Your call is very important to us. Please stay on the line and you'll be transferred to the next available [OCCUPATION]. Hello? Hello, yes, I'm [PERSON_NAME]. I'm going to transfer you again. Okay. So I'm permitting. You're the next here. I'm so sorry, sir. Okay. Okay. Your call is very important to us. Please stay on the line and you will be transferred to the next available agency. Hello? Hello? Hello? Hi, this is [PERSON_NAME] from the [ORGANIZATION] [ORGANIZATION] [ORGANIZATION]. Okay. Okay, so is your name [PERSON_NAME] [PERSON_NAME]? Yes. Another zip code, [LOCATION]. Yes. Okay, so just before I send you over to a [OCCUPATION] [OCCUPATION], I do have to read a quick disclaimer and you can state, I agree if you agree at the end. Okay. Okay. So the disclaimer states that by agreeing to proceed, you are providing your consent to be connected to the company and its affiliate and you authorize them to contact you with offers about their services at the provided phone number using automated technology, including auto dialers, pre recorded messages and text messages. Even if your telephone or mobile number is listed on any state, federal or corporate, do not call it and you are not required to give your consent here as a condition of service, and you may revoke your consent at any time. Text and data links may apply. If you consent to be connected now or contacted back under these terms, please state, I agree. I agree. Okay, great. So I'll get you transferred over to the [OCCUPATION] and I can introduce you when the [OCCUPATION] picks up. Okay. Okay. Foreign, you're just moments away from speaking with one of our [OCCUPATION]. Please remain on the line for the next available [OCCUPATION]. We are currently experiencing high call volume. Please stay on the line and a [OCCUPATION] will be with you as soon as possible.","OPENING, NEEDS_ANALYSIS, PASSIVE_AGREEMENT",0.9,True,"Contains a greeting, verification of customer identity (name/zip), and customer agreement to the verification.",medical_equipment_outbound.zip,medical_equipment_outbound/DMEMED_rmbpo19_20211110-083614_5139221190_4701798-all_transcript.json,medical_equipment,outbound,325.0,0.9591175,413,2414,24,LOCATION|OCCUPATION|ORGANIZATION|PERSON_NAME
callcenteren,train,d8f44db7aa654051a4e31398eaf07c3e_transcript,11c248686c3a990d816a1d25c5b556f92fc034996ca8f8fa8b5b63f407955bb0,"Thank you for calling [ORGANIZATION]. A community of [OCCUPATION] [OCCUPATION] [OCCUPATION]. We make finding trusted [OCCUPATION] [OCCUPATION] [OCCUPATION]. Thank you for calling [ORGANIZATION]. Your search for local [OCCUPATION] [OCCUPATION] [OCCUPATION]. This is [PERSON_NAME], how can I help you today? Yes, I need an [OCCUPATION]. I need to put a dryer outlet in my garage to charge my electric car. Sure you have co rightly so. I can certainly assist you. May I have your first and last name please? [PERSON_NAME] [PERSON_NAME] [PERSON_NAME] [PERSON_NAME] [PERSON_NAME] [PERSON_NAME] [PERSON_NAME]. [PERSON_NAME] [PERSON_NAME] [PERSON_NAME] [PERSON_NAME] [PERSON_NAME] [PERSON_NAME] [PERSON_NAME]. Thank you. I show the number you're calling. [PHONE_NUMBER] [PHONE_NUMBER]. Is this the best number to reach you? Yes, this is the best number. Thank you. I guess that I have on your profile is your address [LOCATION] [LOCATION] [LOCATION] [LOCATION]. Yes, [LOCATION] [LOCATION]. [LOCATION]. Thank you. Okay, in this case I'going to have to Just one second. Okay. I'm going to have to transfer you. Okay. To the local franchise. Is, is that okay? Yes. Okay, could you please stay on hold while I transfer you? Perfect. Thank you for calling [ORGANIZATION]. Please stay on code while I transfer you now. Hello? Yes, hi there, my name is [PERSON_NAME], I'm with [ORGANIZATION]. [ORGANIZATION] and she said your name is [PERSON_NAME]. [PERSON_NAME]. Oh [PERSON_NAME], thank you. Sorry. How can we help you today, [PERSON_NAME]? Yes, so I need an electrical outlet put in my garage to charge an electric car and they told me it's like the same outlet is my vent, my dryer. Okay, so you need an outlet installed for electric vehicle charger? Yes ma'yes. Ma'am, we got the right place. We could definitely help you out. And I'll gather some quick information. First name? [PERSON_NAME] [PERSON_NAME] [PERSON_NAME] [PERSON_NAME] [PERSON_NAME] [PERSON_NAME] [PERSON_NAME] [PERSON_NAME] [PERSON_NAME] [PERSON_NAME] [PERSON_NAME] [PERSON_NAME] [PERSON_NAME] [PERSON_NAME] [PERSON_NAME] [PERSON_NAME] [PERSON_NAME] and may I have Your ADROs please? [LOCATION] [LOCATION] [LOCATION], [LOCATION] [LOCATION], [LOCATION] [LOCATION]. Thank you. I have [LOCATION] [LOCATION] [LOCATION] [LOCATION] [LOCATION] [LOCATION] [LOCATION] [LOCATION] [LOCATION] [LOCATION] [LOCATION] [LOCATION] [LOCATION] [LOCATION]. [LOCATION]. Yes, thank you sir. And then may I have the best phone number to reach you at please? [PHONE_NUMBER] [PHONE_NUMBER]. Thank you. I have ##e. Yes. And you said it's going to be the same outlet for your dryer? Yeah, whatever wattage that is. It's like they said, it's the same outlet that you were use for a dryer. Got it. Yes, we install EV chargers so we can come out. There's no charge for our [OCCUPATION] to come out to give you an on site quote. Let me just check our schedule real quick here and then may I have your last name please? I'm sorry. [PERSON_NAME]. [PERSON_NAME] [PERSON_NAME] [PERSON_NAME] Last name [PERSON_NAME], [PERSON_NAME] [PERSON_NAME] [PERSON_NAME]. And you're the owner and it's your primary residence? [PERSON_NAME]? Yes. Okay, thank you. Checking our schedule. Just one moment, please. Thank you for holding, [PERSON_NAME]. Looks like we're a little busy tomorrow, but we could make it out Thursday. We have morning or afternoon available. Thursday or Friday. Thursday would be great. Okay. Would you prefer the [TIME] to [TIME] window or the [TIME] [TIME] [TIME] window? The [TIME] [TIME] [TIME] window. Okay. I'll schedule for the afternoon. Can you give me an [TIME] to [TIME] window on Friday? Yeah, that's fine. All right, I'll get it set for [DATE], [DATE] [DATE]. We'll be there sometime between [TIME] and [TIME] and then we will call you about [DURATION] [DURATION] [DURATION] [DURATION] to [DURATION] [DURATION] before arriving to give you a heads up. Okay. At [TIME]. And then we'll send you a copy of our quote via email. Is there a good email for you? Yes, thank you. I have your last name. [PERSON_NAME]. Yes, ma'am. I had a question. Of course. So he's not going to be able to install it on Friday? He might be able to. We do come prepared to stay to do the work in the same visit with your approval. Okay. Just depends on, you know, how long it would take and what the job consists of. But he'll take a look at it first, give you an exact quote. If you approve of his quote, he should be able to do the job in the same visit in most cases. Okay. All right. Well, thanks again, [PERSON_NAME], for calling us here at [ORGANIZATION]. [ORGANIZATION]. And I hope you have a good day. We'll see you Friday, sometime between eightock [TIME]. All right, thank you. Thank you. Have a nice evening. You too. Thank you.","OPENING, NEEDS_ANALYSIS, ACTIVE_LISTENING",0.8,True,"Call starts with a greeting, agent gathers customer details and service requirements, and confirms information before transferring.",home_ervice_inbound&telecom _outbound.zip,home_ervice_inbound&telecom _outbound/d8f44db7aa654051a4e31398eaf07c3e_transcript.json,home_service_telecom,outbound,716.0,0.89783055,758,4758,123,DATE|DURATION|LOCATION|OCCUPATION|ORGANIZATION|PERSON_NAME|PHONE_NUMBER|TIME
callcenteren,train,417c683a2ad14a2ea90823c949062bc436379494_transcript,11f792f4770d1a9866c4b9fe8503fd35b6a1bf4a069a6fd3a95614cdbce59ed3,"[ORGANIZATION] [ORGANIZATION] [ORGANIZATION], this is [PERSON_NAME], how can I help you? Hi [PERSON_NAME]. My mother just moved to [LOCATION] [LOCATION] and [OCCUPATION] living and I'm looking for a place where when I go visit her sometimes to have something fun for my dog and my [OCCUPATION] recommended y'all. So I was calling to find out what do you need to do in order. Do y all have to, you know, check her out first before she. Before I could book an appointment or. I've never gone to any of the dog [DURATION] taker or anything so I need some assistance. Yes, I'm here. We do not require them, so stay with us. Our only test per se is we have to be able put a little name tag on them. Most of the time that is a sureire. Yes, but's something you have to do as precaution to make sure if. If you're able to go with the environment to be able to come here. All we require is them to be human friendly. They don only t need to be dog friendly. That's something we equip to handle. And what be required for them as well to stay here is for them to be up toated on under [MEDICAL_PROCESS]. As long as they're up to date with like their annuals or semian annuals, we should be good. They aren't required to be fixed. As I said, only requirements we have are human friendly and they're up to date on the [MEDICAL_PROCESS]. Okay, so if I would want to make an appointment for just during the [DURATION] you would not have any problem excep that my dog not ever seen her? No, ma'am. Our only real test we have is a name tag is like we have to be able to put them on around their neck because elastic band. And is it a name tag that you'all put on them or is it a name tag? I have a [NATIONALITY] bulldog. So I mean do I have to just make sure I have a col and y'put a name tag on or do I have to bring a wood Name tag. We have our own. We just write their name on it and where the is and then we hold on to your collarution and all that. So whenever you pick up, we have it just in case you. So we avoid you forgetting anything. Right. And do we bring our own food or snacks? So what do we do with that? That is up to you. For daycare. For daycare we do have some pus that just come with the dogs themselves and the upco some that comes with meals, medications, [MEDICAL_PROCESS] and all that. It's up to you. For their first visit, were you interested with them playing with the other animals? Yes, that'why I wanted. That's why I wanted to be enjoyable for her as much as is for me to visit mom. Yes, ma'am. You know what I'm saying? Yes, ma'am. I live in [LOCATION] [LOCATION]. I live in [LOCATION] [LOCATION]. So it takes me at least what, [DURATION] [DURATION] [DURATION] [DURATION] [DURATION], maybe a little longer just to get there. So, you know, other than that, should just be sitting in a room by herself. Now normally she loves being around other dogs, so I thought it would be a good thing for her. Yes, ma'am. She'be [PERSON_AGE] in [DATE_INTERVAL] so she's [MEDICAL_PROCESS] [MEDICAL_PROCESS]. She's never been anybody and showed any aggressive, but she hasn't been around a whole lot of dogs, to be honest with you. But I think she would love it. Yes, ma'am. So the things I said about name [PERSON_NAME] that is our step to see if they're able to come here at all. For our group play we have a different thing. We have a group player evaluation that every dog that does group play has to go through where we introduce them, the [PERSON_AGE] energy dogs, Low energy, energy and high energy. We see how they react in those scenarios and if they react well, we introduce them to the full setting and keep an eye on them for about [DURATION] [DURATION] to see how they do. And if they do good, they pass and they're good for group whenever they come back. Okay, so it's something like I need to stay there and kind of wait to see how you all feel about her and how she reacts to other dogs. Is that what you're telling me? I want to make sure I understand what you're telling me. You don't have to be here because here we have a system called [DURATION] boarding where they have a residified room to go to. And as you said, they were a [NATIONALITY] schoolol dog, correct? Mm h For them we would recommend [DURATION] boarding either way since they are a fat face breed and with this heat right now, we do recogize in general. So for them they would have a room to go to, they can unwind it, they have water and all that. And we do individuals with them before the evaluation itself so they can have a better understanding of what this place is, who we are and know this place is a place for fun. Then we do the evaluation for group and then if they pass, they are in group after that. Okay, well, being that you say it, your friendship bulldog and its really hot and everything, would she Be out by herself in just a room in the beginning. No, ma'am. Right now, actually, all our so you know, all of our rooms are inside right now. We actually do have group inside'what. We have outdoor yards as well. But we do have indoor yards because with the heat them inside for group. Right, okay, well, that makes sense because I misunderstood you because I said I wouldn't want her to be staying in a room by myself. You know, because I could do that with my mom. You know what I'm saying? I'm just looking for someace that's convenient to go to. What are y all near? I'm not real, real familiar with. She's off of [LOCATION] [LOCATION]. Where is that close to y'all? I mean, to [LOCATION] [LOCATION]. Are you familiar with the streets in [LOCATION] [LOCATION]? Somewhat. I know the major streets. If we are on [LOCATION] [LOCATION], if you know where [LOCATION] is, we the're near the corner of [LOCATION] and [LOCATION]. Snare the okay, now I know where that is. Okay, which is. I mean it not that far, but I know around where you are talking about. Now, you said you close by the hospital. Okay, well youe very informative. Thank you so much. I guess what I need to do is just When I go, I need to just call and make arrangements. What is the cost for [DURATION] boarding? Day boarding is $[MONEY_AMOUNT] [DURATION] [DURATION], but you know, it. On your first visit, our we have a thing here called firstday free. So your first ever visit with us will be of no charge. Oh, okay. Because I'd like to start off with [DURATION] [DURATION] and see how it works out. You know what I'm saying? And then go from there. She don't have any. I'm really fortunate because I think a lot of these [NATIONALITY] really have a hard time. But I haven't had any issues at all with us. So I'm really fortunate. But I don't want her to, you know, to'be stuck in a room the whole time. Because I could do that to [OCCUPATION]. They just stick them in a create. And I don't like doing that because she's one of our family members. She don't even go in the crate anymore. She did when she was young, but she does now, you know, so. All right. Well, [PERSON_NAME], thank you so much. You're welcome, Ma. All right, bye.","OPENING, NEEDS_ANALYSIS, PRODUCT_PITCH, CURIOUS_EXPLORATION",0.9,True,"Greeting present; customer asks about requirements; agent explains the service's eligibility criteria (vaccinations, temperament) as part of the pitch/onboarding.",medicare_inbound.zip,medicare_inbound/417c683a2ad14a2ea90823c949062bc436379494_transcript.json,medicare,inbound,420.0,0.8833042,1339,7004,55,DATE_INTERVAL|DURATION|LOCATION|MEDICAL_PROCESS|MONEY_AMOUNT|NATIONALITY|OCCUPATION|ORGANIZATION|PERSON_AGE|PERSON_NAME
callcenteren,train,6269146383_transcript,1290654867ed8a42f0b5105cd81602567ae171a9dba7c4797b8e0e7f0f8d8dcd,"Hi miss, my name is [PERSON_NAME]. How are you doing today? Good. That sound great, ma' am. God bless you. So the purpose of my call, to let you know your Medicare is getting upgrade and you are receiving some additional Medicare benefits at no additional cost to you. I hope that sound good to you. Thank you very much. Yes. Okay, so the benefit that you are eligible to Receive include your [PERSON_NAME]. [PERSON_NAME], your specialist co pay. It will also cover your dental, vision, glasses, hearing and transportation. And your hospital bills. It will also cover your groceries and the best part, ma' am, you don't have to pay anything. This is at $[MONEY_AMOUNT] Vinam to you sound good to you? Yeah, it does. Okay, so far this upgrade, I do believe you have Medicare part A and B. Both are active, ma' am. A, B, C and D according to [ORGANIZATION]. Oh, that sounds great, ma' am. So ma' am, your zip code is [LOCATION], is it right? Yes. Okay, I got it. Have you made any kind of changes in your Medicare plan in last [DURATION] [DURATION]? No. Okay, that sounds great. Miss, I can see here you are totally qualified to receive all these benefits at $[MONEY_AMOUNT]. Freedom to you. So miss, can you tell me what's your first name? How to spell it? How to spell what? What's your first name, ma' am? [PERSON_NAME]. [PERSON_NAME], [PERSON_NAME], [PERSON_NAME], [PERSON_NAME], [PERSON_NAME], [PERSON_NAME], [PERSON_NAME]. I got it, miss. And your last name? I also go by [PERSON_NAME]. Oh, that's the sweet name, miss. You have really. To be honest, that's the sweet name. Okay, and your. And your date of birth is [DATE_OF_BIRTH] [DATE_OF_BIRTH], [DATE_OF_BIRTH], is it right? Yes, yes, [DATE_OF_BIRTH]. I got it. So miss, your voice like not [DATE_OF_BIRTH]. You pretty young. Okay. Okay. So miss, the congratulation to you. I can see here you are totally eligible to receive all this benefit at $[MONEY_AMOUNT]. Venom to you for the last. Thank you very much. Do you have the red, blue and white Medicare card with you, ma' am? Do I have what card? It's a Medicare card. It's red, blue and white color. Oh, yes, I do, I have it. Can you grab it in a handy? All right, just a second. Yeah. Ma' am, have you made any changes in your Medicare plan last [DURATION] [DURATION]? Okay, I see that. No problem. I'll make it quick so we can complete the call and I can. Hello? Hello. Let me tell you, you are totally qualified what we call benefit. So a very big.","OPENING, PRODUCT_PITCH, NEEDS_ANALYSIS, FEE_DISCUSSION, PASSIVE_AGREEMENT",0.9,True,"Greeting present, detailed pitch of Medicare benefits, verification of eligibility, discussion of zero cost, and customer agreement.",insurance_outbound.zip,insurance_outbound/6269146383_transcript.json,insurance,outbound,206.0,0.94859904,440,2462,26,DATE_OF_BIRTH|DURATION|LOCATION|MONEY_AMOUNT|ORGANIZATION|PERSON_NAME
callcenteren,train,af1a479a2fc74bcfb37646893d53c56b36795075_transcript,13b74527e8b18817b481e9bf50e88f67811e86492e3c2e48baae70824bd25852,"Thank you for calling [ORGANIZATION] [ORGANIZATION] [ORGANIZATION] [ORGANIZATION], this is [PERSON_NAME]. How may I help you? Hi, I was calling because I wanted some information on if you offer boarding. Yes ma'am. What would you like to. Okay, so I was reading on the site where and I've read a lot of different places so I apologize for getting information. No, no, you're fine. Got you. I was reading on the website that an evaluation of something required for I think like daycare. No. So the evaluation is only required if you would like your baby to participate in group. Other than that, you don't have to have any evaluation for nothing. Oh, okay. Yeah, I would want him to participate in group. Okay, no problem. So how would that work in terms of Should I. I'm assuming I would have to book the evaluation before I can book the boarding, correct? No, ma'am. So you don't have to have an evaluation ab board here. The evaluation is only if you would like your dog to be in group. So if you don't want your dog to be in group and they're just doing individuals, they do not have to have an evaluation. Okay, so do they do group when they're boarding or is it just strictly B.O. well, no ma'am. It depends. If you would like your dog to be in a group setting versus doing individual play time, then that's when the dog would be evaled on the very first [DURATION]. Other than that, if you don't want your dog to be in group at all and they're just doing individuals, you do not have to have the evaluation. That's just for us to check out the dog, see how the dog is going to react around the other dogs before we can put them in group. O. Okay. So you do not have to have any evaluation, just a board. Ok. O. Okay, okay, perfect. So can I just make a reservation online? Yes ma'am, you can set it up online and basically it's just going to ask you like the breed your dog and stuff like that. Then it's going to ask you what [DURATION] you're going to check in, when you're going to leave and if you want individual play times or if you want to try to be in group, stuff like that. Okay, so if I want to just do daycare for him like during the [DURATION], can I just do reserve that online as well or. Yes, ma'am. Yes, ma'am, you can reserve anything you want online. It doesn't matter. It dayare [DURATION] play or anything. Yes ma'am. Okay. Okay. Perf. Perfect. Okay, I'll do that. Is there any since this his first time? Is there anything that I need to bring if it's just for the daytime dayc care? No, ma'am. I mean, since it's going to be his first [DURATION], if you wanted to bring something like a blanket of his to make him feel more comfortable, that's very fine. But honestly, you don't have to bring anything if you don't want to. Okay. What about any, like, medical records, paperwork or anything like that? O so you would need to bring copies of the [MEDICAL_PROCESS]. Okay. All right, Sounds great. Anything else? No, that was it. Thank you so much. Are youys problem [DURATION] [DURATION] [DURATION] [DURATION]? [DURATION] [DURATION] [DURATION] [DURATION]. [TIME] to [TIME] so you basically have [DURATION] [DURATION]. Are you guys open over [EVENT] [EVENT] [EVENT]? So I believe. Let me ask my boss real quick. [PERSON_NAME], Are we closed on [EVENT] [EVENT]? So we are closed on [EVENT] [EVENT], but we are open the [DURATION] before. Okay. So you wouldn't board any, would you? Board not. No, ma'am. You would have to board the dogs before that [DURATION] because we're not open at all on [EVENT] [EVENT]. I mean, we still come up here to take care of all the dogs, but we're not open. Okay. O so if I board him, like, the [DURATION] before, it's okay for him to stay on [EVENT] [EVENT]? Yes, ma'am. Yes, ma'am. We just can't have nobody, like, drop off on the [DURATION] of [EVENT] [EVENT]. Right, right, right. Okay. Okay. That's what I wanted to make sure. Okay. All right. No problem. Thank you so much. No problem. Have a good [DURATION]. You, too. Bye.","OPENING, CURIOUS_EXPLORATION, NEEDS_ANALYSIS, PRODUCT_PITCH",0.85,True,Greeting present; customer asks about boarding and evaluations; agent analyzes if the customer wants group or individual play and explains the service.,medicare_inbound.zip,medicare_inbound/af1a479a2fc74bcfb37646893d53c56b36795075_transcript.json,medicare,inbound,280.0,0.9030858,737,3986,42,DURATION|EVENT|MEDICAL_PROCESS|ORGANIZATION|PERSON_NAME|TIME
callcenteren,train,31b9e683e15a44a18445a25e48d14005_transcript,1426b872136365563a7a0e38eb04e58cd39659014282f69bda72d7e88e7cb42e,"Thank you for calling. [ORGANIZATION] [ORGANIZATION], this is [PERSON_NAME]. May I help you? Hey, [PERSON_NAME]. Good morning. How are you? Good morning. Great, thanks. How are you? I'm doing good. I wanted to know. We are, you know, we're customers of [ORGANIZATION] and so I just want to. I know you guys do the painting, but I wanted to call and ask if you guys have any recommendations for people that do floor staining. Oh, I don't. Trying to think of any of our guys. I have worked with anyone lately, but I don't know of anyone. I know of somebody that does floor repairs that we used recently that we recommended to a customer recently, but I don't know if they do the actual staining. What they were called Mr. [PERSON_NAME]. And the customer was happy with their work. But I'm just looking to see. They do wood floor refinishing. So looking at their information, that might be. That's the only one that I know of that we've used. Yeah. Is that information you could share with me and I could call them and ask. Absolutely. Let me see if I can me find them here. Okay. Yes, it looks like there are quite a few of them. The one that we recommended was out of [LOCATION]. I'm not sure what area you're in, but it may be that they could refer you to one. If not. Okay, I can give you the number. It's one second, so. Okay, sorry. Say we golutely. Okay. And this is Mr. [PERSON_NAME]? Yes, that's the name of the company and that's the only one I. That I can think of that I've heard anything about, so I just don't know of anyone else. I'm sorry. O. That's okay. I will give them a call and see what they have to pay. All right, perfect. All right, well, thank you. Hope you have a good afternoon. Thank you too. Bye. All right, thanks. Bye.","OPENING, CURIOUS_EXPLORATION, ACTIVE_LISTENING",0.85,True,Greeting present; customer is inquiring about floor staining recommendations; agent actively searches for and provides a contact.,home_service_inbound.zip,home_service_inbound/31b9e683e15a44a18445a25e48d14005_transcript.json,home_service_telecom,inbound,166.0,0.88423723,331,1747,8,LOCATION|ORGANIZATION|PERSON_NAME
callcenteren,train,32f907712b9643b896adb4a07f086f05_transcript,143a7482676cbd24b95f6c73f7e9ba89806c1a30219b10569dde46b389c0fee9,"It's a great day here at [ORGANIZATION] [ORGANIZATION], [ORGANIZATION], [ORGANIZATION] [ORGANIZATION] [ORGANIZATION]. Talking to [PERSON_NAME] today. Hey, I was brought into your inventory and I'm looking for a [ORGANIZATION] Elantra Limited. I do see three vehicles. I'm not sure if they're in transit or if they're already in the lot, but I'm just calling to check about those. Okay, so Elantra Limited. I know one is here for sure. You know which one? Like, I see three. I want to say the red one. The red one's here. The red one is already there. Okay. And the blue and the gray, I believe. Gray or the liquid. The liquid metal is nothing but the gray. Right. Or it's a different. Yeah, it's kind of a silverish gray. Okay. Okay. So. Okay. Yeah, the other two are still in transit. You know, by. When you would probably have him. Any ballpark? From what I've been seeing, it's like the [DATE_INTERVAL] [DATE_INTERVAL] [DATE_INTERVAL] [DATE_INTERVAL] [DATE_INTERVAL]. Okay. [DATE_INTERVAL] [DATE_INTERVAL] [DATE_INTERVAL] [DATE_INTERVAL]. Okay. All right. Okay. So I would like more details about one of those two or the red one in the lot for my cousin. She stays in [LOCATION]. [LOCATION] [LOCATION]. So would you be able to send me some numbers or like, how does it work if you want to move forward? I mean, she's currently out of state, but the college for her, I can have the email, phone number, and then even we can do everything online or virtual. Well, when would she be able to come in to take delivery of the car? She would be there probably [DATE_INTERVAL] [DATE_INTERVAL]. I mean, we can. If. Let's say if you go with the red car, we can arrange someone by right after the long weekend. But if you go with any of the other two cars, she can give the. What is. Whoever's on the paperwork has to physically have to do the paperwork here at the store and take delivery here at the store. Can we do the paperwork online and take the car physically? Nope. Nope. Whoever's buying the car has to come into our store physically. So that would almost. I know he wouldn't hold the red one until [DATE_INTERVAL] [DATE_INTERVAL] [DATE_INTERVAL]. I'd have to check and see if he'd do the blue one. Now, is she gonna be financing or paying cash? I mean, like I said, I mean she can either finance with you guys or she can get pre qualified with a credit union or a bank. Her score is [NUMBER_SEQUENCE], so. And she works for [ORGANIZATION] and in [LOCATION]. [LOCATION] [LOCATION], so. But what I mean, being wearing person is. Is not possible. So. Yeah, [DATE_INTERVAL]. Okay. Yeah, she can't be there at least before [DATE] [DATE]. That's the earliest possible. So even if we went with the blue car and she was to pick that up on [DATE] [DATE] or whatever. Yeah, we'd be okay with that. Take it. Because it's just. Because we have to have everything delivered before the end of the [DURATION]. No, I mean, so. So, I mean, she can even fly if. If the delivery needs to happen on [DATE] or [DATE] or [DATE], that should be okay. But I don't want her to fly just to, you know. Yeah, no, no, no. If she comes in before the end of the [DURATION], then we can put numbers together on the red one. Okay. Okay, then. Then, yeah, give me one second. [DATE]. Are you talking to me? No, I'm talking to her. Okay. Blue. I say [DATE_INTERVAL] [DATE_INTERVAL]. Okay. I mean, yeah, we can. We can go ahead and do the numbers on the red one and the blue one too. Like I said, we are flexible. I mean, as long as the car exterior is marked is not white or black, we should be. Okay. So that's the reason why I called you. So I can give you her email and phone number and you can send the numbers and. Okay, I am ready right back. Okay. Her name is [PERSON_NAME] and the email address. What's her last name? [PERSON_NAME] [PERSON_NAME] [PERSON_NAME], [PERSON_NAME], [PERSON_NAME], [PERSON_NAME], [PERSON_NAME], [PERSON_NAME], [PERSON_NAME]. Okay. And you know what her zip code is, I believe? [LOCATION]. [LOCATION]. Thank you. And what is her email address? It's [EMAIL_ADDRESS]. Okay, let me make sure I got this right. The one before [PERSON_NAME]. Yeah. All right. All right, I will. I will get. I'll do numbers on the red one and just figure that the blue one would be $[MONEY_AMOUNT] less. Okay. Okay. Oh, so just set up even whatever this is. Minus [MONEY_AMOUNT]. Yeah. Okay. Alrighty. Thank you so much. You said trace [PERSON_NAME] here. I'll give you my direct phone in case you guys have any questions. That would be great. Let me just text her. You remember. Yeah, go ahead. Okay. All right, perfect. All right, we'll wait for your email and then once you have those numbers, I'll talk to her and we'll call you back. Who am I talking to? [PERSON_NAME] [PERSON_NAME] [PERSON_NAME] is my last name. Oh, no. So I can say your name Because I want to say thank you. Oh, [PERSON_NAME]. yeah, you can call me [PERSON_NAME]. [PERSON_NAME]. [PERSON_NAME]. Thank you, [PERSON_NAME]. yep. All right, talk to you soon. Bye. Bye. All right, bye bye.","OPENING, PRODUCT_PITCH, NEEDS_ANALYSIS, CURIOUS_EXPLORATION, FOLLOW_UP_EMAIL_REQUESTED",0.9,True,"Greeting present; agent pitches available car inventory, analyzes customer needs, and suggests following up via email.",automotive_inbound.zip,automotive_inbound/32f907712b9643b896adb4a07f086f05_transcript.json,automotive,inbound,447.0,0.9464369,900,5036,68,DATE|DATE_INTERVAL|DURATION|EMAIL_ADDRESS|LOCATION|MONEY_AMOUNT|NUMBER_SEQUENCE|ORGANIZATION|PERSON_NAME
callcenteren,train,recording-public_1160_transcript,145cbf67b41babfe316ccb9b878910ffa0ec065c0b8877df1fa88d0d7a88a28f,"Okay, here's the ringing. Okay. Hi, this is [PERSON_NAME]. Yes. Hi, ma' am. It's been a video call meeting [PERSON_NAME] for time, so let me introduce you. I have Mr. [PERSON_NAME], last name is [PERSON_NAME] [PERSON_NAME] [PERSON_NAME] [PERSON_NAME] [PERSON_NAME] [PERSON_NAME] [PERSON_NAME]. Date of birth is [DATE_OF_BIRTH] [DATE_OF_BIRTH]. He already have insurance, but he wants to compare the rate. So kindly assist him. And you both have a great day. Thank you. You as well. Hello? Hello? Hi, is this Ms. [PERSON_NAME]? Yes. Hi, Ms. [PERSON_NAME] again, my name is [PERSON_NAME] and I am a [OCCUPATION] [OCCUPATION] here in the [ORGANIZATION] [ORGANIZATION] [ORGANIZATION]. How are you? I'm okay. Good. So I understand that you already have a policy in place, but you just want to compare rates, is that correct? Correct. Okay, I can definitely help you with that. Do you know what type of policy you have? Life policy. Okay. Is it like a whole life or a term life? Universal life. Do you know which type? Term life. Term. Okay, so these are. These are whole life. I don't know if you're familiar with the difference between like a term life and a whole life, but term life policies, eventually they terminate when you turn a certain age, so you no longer have that coverage where a whole life never does. So a whole life policy will last your whole life. Okay, so I'm going to give you rates for a whole life policy. Now, how much are you covered for? Just so I can compare. [DURATION] [DURATION]. [MONEY_AMOUNT]. How much? [MONEY_AMOUNT]. Okay, [MONEY_AMOUNT]. Got it. [MONEY_AMOUNT]. And I have your date of birth as [DATE_OF_BIRTH]. Is that correct? Correct. Okay. And then, Ms. [PERSON_NAME], are you a smoker or a non smoker? Smoker. Smoker. Okay. And are you taking medications for any medical conditions? Yes. What are you taking medications for? [MEDICAL_CONDITION] [MEDICAL_CONDITION] [MEDICAL_CONDITION]. Okay. Anything else? This is the [MEDICAL_CONDITION] [MEDICAL_CONDITION]. Okay. Okay. All right, perfect. Thank you. And how tall are you and how much do you weigh? [PHYSICAL_ATTRIBUTE]. [PHYSICAL_ATTRIBUTE]. Okay. [PHYSICAL_ATTRIBUTE]. Yeah. Got it. Okay, so $[MONEY_AMOUNT] of coverage would be $[MONEY_AMOUNT] [DURATION] [DURATION]. And did you want me to give you rates for anything else or like a different amount or are you comfortable with that rate? I'm comfortable. That's what I paid. That's what you're saying. Oh, okay. So this saves you. Okay. So this saves you a little bit of money. I mean, what we can do is put your application through and see if we can get you approved for the policy. And the whole process takes about [DURATION] [DURATION] [DURATION] [DURATION] to complete and we get an instant decision. So I would have an answer for you Right away. If you got approved. If you do get approved, it is from day one. So you are covered from day one. There is no [DURATION] [DURATION] waiting period. Okay, and then who is it? Who is your other policy with? Do you know what carrier? Okay, that's okay. That's okay, hon. Don't worry about it. But yeah, I would say, let's see, especially if we're going to be saving you some money here or we can also, you know, maybe give you a little bit more death benefit and see, like if I gave you [MONEY_AMOUNT], what that would be. So [MONEY_AMOUNT] would be $[MONEY_AMOUNT] [DURATION] [DURATION] and [MONEY_AMOUNT]. Oh, damn. That's somebody that's gonna pay your ass. You're just doing too much now. You still can't do. Nobody scared if somebody gonna ask you to do something. I'm not gonna ask you to do that. Hello? Yeah, hi, Ms. [PERSON_NAME]. Yeah, [MONEY_AMOUNT] would be $[MONEY_AMOUNT] [DURATION] [DURATION]. So you can get an extra $[MONEY_AMOUNT] for the same amount that you're paying right now. Do you want to save money or you want to. You want to increase your face amount? Right. Which would you rather? I'm gonna stay with our guest. Okay. All right, no problem. Did you. Were you looking to get any additional coverage though or. No. Like if you wanted to get maybe an additional three to 5,000. No. Okay. All right, no problem then. You have a good one. Okay. Okay. All right, bye. Bye. Okay, you too.","OPENING, NEEDS_ANALYSIS, PRODUCT_PITCH, FEE_DISCUSSION",0.85,True,"Greeting present, analysis of current policy type and coverage amount, and a pitch for whole life insurance rates.",customer_service_general_inbound.zip,customer_service_general_inbound/recording-public_1160_transcript.json,customer_service,inbound,319.0,0.9536171,712,4203,58,DATE_OF_BIRTH|DURATION|MEDICAL_CONDITION|MONEY_AMOUNT|OCCUPATION|ORGANIZATION|PERSON_NAME|PHYSICAL_ATTRIBUTE
callcenteren,train,ecb67614a5564449bb7374e7c843fecf_transcript,14c6a7324354902c9a63d97855d3fcfd4124b15c6ba8f8d0ed5cfa267291207a,"Thank you for calling [ORGANIZATION] [ORGANIZATION] [ORGANIZATION] [ORGANIZATION]. How may I direct your call? Hello? Yes, sir, how may I direct your call? I mean, I need some. I saw the website. I got the interesting tool that turns out here Pro. Okay, so you're. Are you looking for a vehicle or do you need service on your vehicle? Looking for vehicles. Okay, let me put you through the sales. Hold one moment. All right, thank you for calling [ORGANIZATION] [ORGANIZATION] [ORGANIZATION]. This is [PERSON_NAME]. How can I help you? Yes, ma' am. I just looking for [ORGANIZATION] TLD Pro. I saw the website and then sub transit. When you're gonna there, I got to let me know. Okay. What. Okay, what vehicle is it that you're interested in? And our calls are recorded for quality. The Tundra TRD Pro. The [ORGANIZATION] Tundra TRD Pro. Yes, ma' am. Do you have a stock number? It's. Hello? Yes. They don't have a stand number, just the bin number here. Okay, what's the last eight of the VIN model? Model, code number still [VEHICLE_ID]. Okay, I didn't hear. You're gonna have to say it again. Yeah, you want to get the pin? Yes, please. The last eight. Last eight. 1, [CREDIT_CARD_NUMBER], 3 4, [CREDIT_CARD_NUMBER], 1 [VEHICLE_ID]. Okay, just six numbers last. The number. Six number. Not eight. Eight of them. Okay, all. All I got was [VEHICLE_ID]. Okay, [VEHICLE_ID] and then [VEHICLE_ID]. Say it again. [VEHICLE_ID]. [VEHICLE_ID]. [VEHICLE_ID]. I'm sorry. [VEHICLE_ID]. So [VEHICLE_ID], [NUMBER_SEQUENCE] [NUMBER_SEQUENCE]. That's the last six numbers of the bed. [VEHICLE_ID]. Yes, ma' am. Okay. Are you planning on trading in a vehicle if you make a purchase, or is this just going to be an addition to the household? I want to trade my vehicle. You said you would trade it in or you would not. Yes, I want to trade my vehicle. Yeah. Huh. What's the trade in gonna be? My vehicle. Yes. [DATE_INTERVAL], the Tundra TRD Pro 13. All right. I'm working on pulling up this inventory. All right, I found the vehicle, so I'm going to go ahead and get this page pulled up while we wait for that. What's a good. What's your name? Mine is the last name. And then last name is [PERSON_NAME]? Yes, ma' am. Okay. What's your phone number, please? All right, thank you. All right, so looking at the vehicle, [DATE_INTERVAL] [ORGANIZATION] Tundra Hybrid, TRD Pro Crewmax 4 wheel drive. It does show the vehicle currently in transit. I do know a lot of these new vehicles are being pre sold. We could certainly get you in to sit down with one of our [OCCUPATION] [OCCUPATION], go over ordering the exact vehicle that you want, if you want to do that. You mean it's already sold out? I don't know on this one. It hasn't got to the lot yet, so I don't know if this one's been claimed or not. I could certainly let the [OCCUPATION] give you a call back and discuss this vehicle specifically, but it's not on the lot yet. It's still in transit. But I'll certainly let the [OCCUPATION] know that you're interested and have him give you a call back if you want me to do that. Yes, ma' am. If you're not interested in ordering. Okay. Do you have an email or an additional phone number in case he misses you at this number? Yeah, text is about it. Okay. All right, I'm going to go ahead and get this over. We'll have the [OCCUPATION] give you a call back just as soon as he gets a moment. And I do hope everything works out perfect for you. We definitely do appreciate the opportunity to earn your business here. [ORGANIZATION] [ORGANIZATION], [ORGANIZATION] [ORGANIZATION]. Thank you, ma' am. You're.","OPENING, NEEDS_ANALYSIS, CURIOUS_EXPLORATION, MISUNDERSTANDING, WARM_LEAD",0.9,True,Opening greeting; customer expresses interest in a specific vehicle; agent analyzes needs; confusion over VIN digits; customer is a warm lead.,automotive_inbound.zip,automotive_inbound/ecb67614a5564449bb7374e7c843fecf_transcript.json,automotive,inbound,557.0,0.94618386,636,3586,38,CREDIT_CARD_NUMBER|DATE_INTERVAL|NUMBER_SEQUENCE|OCCUPATION|ORGANIZATION|PERSON_NAME|VEHICLE_ID
callcenteren,train,3619356032_transcript,153b37dec69a925dfd7a62a07e546a9f5a16480aec984f9dadd42eca363cf93a,"And you are also receiving up to $[MONEY_AMOUNT] money back on your [ORGANIZATION] [ORGANIZATION] as well and a lot more benefits like transportation and all. All these benefits will be added on your Medicare Plan [DATE_INTERVAL] with [MONEY_AMOUNT] [MONEY_AMOUNT] premium. Hope that sounds good. Okay, that's great. So sir, like for the reconfirmation by your side, I do believe that you had Medicare part A and part B active. Right, right. That's great. So like for the confirmation, I do believe you make your own decision on your Medicare, right sir? Right, that's right. So like I have your quick details over here. Just correct me if I'm wrong. Like here I can see like I have your details over here. Just correct me if I'm wrong. You live in [LOCATION], right? Right. That wonderful. Good to know that your. I have your name over here. I'm speaking with Mr. [PERSON_NAME], right? Your what Mr. [PERSON_NAME]? No, this is [PERSON_NAME]. It's. Oh yeah, it's [PERSON_NAME] [PERSON_NAME] [PERSON_NAME] [PERSON_NAME] [PERSON_NAME] [PERSON_NAME] [PERSON_NAME] [PERSON_NAME] [PERSON_NAME] [PERSON_NAME]. Your last. Right, right. And, and how do you pronounce your first name? Like how do you spell out your first name, sir? It's [PERSON_NAME] [PERSON_NAME] [PERSON_NAME] [PERSON_NAME] [PERSON_NAME] [PERSON_NAME] [PERSON_NAME]. Right. It's [PERSON_NAME] that way. And I have your address over here. It's [LOCATION]. It's [LOCATION] [LOCATION], [LOCATION] [LOCATION]. Right, right. And like will you please verify from your date of birth of what's the date of birth during [DATE_OF_BIRTH] [DATE_OF_BIRTH], [DATE_OF_BIRTH]. It's [DATE_OF_BIRTH] [DATE_OF_BIRTH] [DATE_OF_BIRTH], [DATE_OF_BIRTH]. Right, right. That's great. So you are totally eligible and qualified to get all this benefit on your plan at no additional cost to you. And sir, like do you make any kind of changes on your plan at any do you make any kind of changes on your plan in last [DURATION] [DURATION]? No, that's it. And I do believe you have understood that this all is for your additional Medicare benefits. Okay. So like [PERSON_NAME], like you are totally eligible to receive the benefit, sir. So what will I do? I will quickly transfer your call to the [OCCUPATION] [OCCUPATION]. They will just give you a briefing about the benefits, sir. And they will send you everything in written to your mailing address so you can read about the benefits as well. And as I told you, it will hardly [DURATION] [DURATION] to connect your call to them and they will take a ratio [DURATION], [DURATION] [DURATION] of time and I'm there with you on the line. I will introduce you to them. Okay sir. All right. And so to reach you, this is the best number, right? What? To reach you, this is the best number right Right. That's great. And your date of birth with me is [DATE_OF_BIRTH]. [DATE_OF_BIRTH]. Correct. Right. That's great. So please stay on the line, sir. I really appreciate your time and patience. Please stay on the line for [DURATION] [DURATION]. Here we go. The line is getting connected. Thank you for calling. Please stay on the line and your call will be answered by the next available [OCCUPATION]. Press [PHONE_NUMBER] to send a voicemail message. Thank you for calling. Please stay on the line and your call will be answered by the next available [OCCUPATION]. Press [PHONE_NUMBER] to send a voicemail message. Thank you for calling. Please stay on the line and your call will be answered by the next available [OCCUPATION]. Press [PHONE_NUMBER] to send a voicemail message. Thank you for calling. Please stay on the line and your call will be answered by the next available [OCCUPATION]. Press [PHONE_NUMBER] to send a voicemail message. Thank you for calling. Please stay on the line and your call will be answered by the next available [OCCUPATION]. Press [PHONE_NUMBER] to send a voicemail message. Thank you for calling. Please stay on the line and your call will be answered by the next available [OCCUPATION]. Press [PHONE_NUMBER] to send a voicemail message. Thank you. And sir, like, apart from Medicare, do you have Medicaid, sir? Yeah. You have Medicare also? No. You just have Medicare, Right? Right. That's great. This is just a verification. And you are from [LOCATION], right. And the zip code is [LOCATION], correct? Correct. That's great. So please stay on the line, sir. I really appreciate your time and patience. I'm there with you on the line and I will introduce you to them. Yeah, I really appreciate your demonstration. So please stay on the line and sorry for the inconvenience. And your last name spell is [PERSON_NAME], [PERSON_NAME], [PERSON_NAME], [PERSON_NAME], [PERSON_NAME], [PERSON_NAME], [PERSON_NAME], [PERSON_NAME], [PERSON_NAME], [PERSON_NAME]. Correct? Correct. Okay, that's right. Last [DURATION] [DURATION]. I really appreciate your time and patience. Thank you for your interest about Medicare Advantage or Medicare Supplement Health Insurance plans. Hello, Am I speaking with [PERSON_NAME] [PERSON_NAME]? This is he. Hi, this is [PERSON_NAME] from [ORGANIZATION] [ORGANIZATION]. Welcome to open enrollment, [DATE_INTERVAL]. For quality and training purposes, sir, this call may be recorded. May I ask if you have Medicare? I don't. Do you have Medicaid? I don't know. How old are you, sir? I have quite a bit. Well, [PERSON_AGE]. Damn. [PERSON_AGE]. Okay, [PERSON_AGE]. [PERSON_AGE]. So since you don't have Medicare, sir, or Medicaid, I cannot continue. Thank you so much, sir, for the time. Have a great day. Hello? Hello, [PERSON_NAME]. What's your age? What? What's your date of birth? [DATE_OF_BIRTH] [DATE_OF_BIRTH], [DATE_OF_BIRTH]. [DATE_OF_BIRTH], right. And you have a Medicare with part A and part B active, sir? Yep. So tell them why you told them like you don't have Medicare. You told me like you have Medicare, right? Yep. And they'll tell your date to them. I'm connecting you call. Thank you for your interest about Medicare. Thank you for calling the [ORGANIZATION] [ORGANIZATION] [ORGANIZATION] [ORGANIZATION]. This is [PERSON_NAME]. Is this [PERSON_NAME] [PERSON_NAME]? Hello? Hello? Hello? Yes, is this [PERSON_NAME]? [PERSON_NAME] [PERSON_NAME] [PERSON_NAME]? Yes, hello? Yes. Alright [PERSON_NAME], then again, this is [PERSON_NAME] with [ORGANIZATION] [ORGANIZATION] and this is in regards to a Medicare appliance options that will help you save money this [DATE_INTERVAL] and it'll be discussed to you in a few [DURATION] for you to have a complete understanding on how you can save money. Right now I just need to verify some information for quality and training purposes. This call may be recorded. So [PERSON_NAME], are you currently enrolled with Medicare part A and B or a Medicare Advantage plan? Yeah. Do you also have a Medicaid plan? No, I don't think. Have you. Have you been on. Okay, that's good. And have you been on [MEDICAL_CONDITION] for more than [DURATION] [DURATION]? No. Okay, that's really good. And how old are you now? I am. I'm [PERSON_AGE]. I don't know. I was born in [DATE_OF_BIRTH]. Okay.","PRODUCT_PITCH, FEE_DISCUSSION, NEEDS_ANALYSIS, PASSIVE_AGREEMENT",0.9,True,"Agent pitches Medicare benefits and premiums, then verifies eligibility and personal identity details with the customer's agreement.",insurance_outbound.zip,insurance_outbound/3619356032_transcript.json,insurance,outbound,585.0,0.94079363,1131,7062,118,DATE_INTERVAL|DATE_OF_BIRTH|DURATION|LOCATION|MEDICAL_CONDITION|MONEY_AMOUNT|OCCUPATION|ORGANIZATION|PERSON_AGE|PERSON_NAME|PHONE_NUMBER
callcenteren,train,6544b4090f094fb8aa3d9b1e7a2198b8_transcript,1561b6d9031cd8a1beb18eefe3ba2e2206a7b9a1ad4cdf2c2afab47887fd84eb,"Thank you for calling [ORGANIZATION] [ORGANIZATION] [ORGANIZATION]. This is [PERSON_NAME] speaking. How can I help you? Hi, good morning. On Friday afternoon, [PERSON_NAME] [PERSON_NAME], she gave the a golf cart, a black Golf there for like repairs. But nothing happened until now. So I just wanted to know what. What's happening. Like your vehicle is in the shop right now, you said. Basically, yes. Who. Who is a [OCCUPATION] [OCCUPATION]? I'm not sure, to be honest. Let me. Let me see if I can pull up your account. All right. It's not under your phone number. What's the other phone number would be under? Probably [PHONE_NUMBER] [PHONE_NUMBER] [PHONE_NUMBER] [PHONE_NUMBER] [PHONE_NUMBER] [PHONE_NUMBER]. That if it. If this is your number, the [PHONE_NUMBER] [PHONE_NUMBER] [PHONE_NUMBER] [PHONE_NUMBER] that you're calling me from. Nothing pops up in the system for that number. Let me check you if it's not that one. It's fine. Okay, wait. Now I got your account. Let me check who's your [OCCUPATION] now. Okay, Let me. I'm going to transfer you to the [OCCUPATION] right now. Give me one second, okay? Yes, sir. [PERSON_NAME], this is [PERSON_NAME]. May I help you? Hi. On Friday afternoon, [ORGANIZATION] [ORGANIZATION] gave the a Golf. A black Golf in the sports to [PERSON_NAME] [PERSON_NAME]. But we didn't get any. Anything back yet. Yes, sir. Yeah, we just got the car diagnosed yesterday morning. So the car needs the AdBlue line, the actual line for it and the injector. My [ORGANIZATION] [ORGANIZATION] has ordered the parts so waiting on the parts to arrive. So it's possible we may have this stuff by tomorrow. But they did verify what it needs. It is going to be covered under the warranty extension. So they ordered the parts. Parts. Oh, okay. Okay. That was all me. Thank you. Okay. You're welcome, sir. Yeah.","OPENING, CURIOUS_EXPLORATION, NEEDS_ANALYSIS",0.85,True,Greeting present; customer inquires about repair status and agent asks for account details to locate the vehicle.,automotive_inbound.zip,automotive_inbound/6544b4090f094fb8aa3d9b1e7a2198b8_transcript.json,automotive,inbound,229.0,0.9442872,305,1834,28,OCCUPATION|ORGANIZATION|PERSON_NAME|PHONE_NUMBER
callcenteren,train,1d73b28328ee4ab9a9ebc6773c848576_transcript,1566efab5664f5f506724624e4398ccf13e9cc19e3fbc382a709def8769222f7,"Thank you for calling [ORGANIZATION] [ORGANIZATION] [ORGANIZATION] [ORGANIZATION] [ORGANIZATION]. If you are looking to schedule an inspection, we will call you immediately from [PHONE_NUMBER] area code number. Please leave your name, phone number and a brief message regarding your wildlife concerns. Thank you. Have a nice day. At the tone, please record your message. When you've finished recording, you may hang up or press one for more options. Hi, my name is [PERSON_NAME] [PERSON_NAME]. I am actually calling on behalf of my boss. He is currently staying in a carriage house while his home gets ready to sell. And it's about two stories, or it is two stories. The bottom story is unfinished. It's more like a garage and that's where they have a little mouse problem. The second story is the living quarters, like the apartment. And they just want to get the mice taken care of and have it cleaned of like their droppings, their pee, and have the vents taken care of. And I just vaporize all that stuff before it gets too cold here in [LOCATION] and they have to kick on the heat and all the gross mouse stuff is coming up through the vents. He said it's about 700 square feet. I am going to shoot you guys an email as well from just to reiterate all this, but he's looking for someone to have this all taken care of next week so that they can come back by [DATE] [DATE] and it all be done. Someone could give me a call back. My number is. I really appreciate it. Thanks.","OPENING, FOLLOW_UP_EMAIL_REQUESTED",0.8,True,Contains IVR opening; customer explicitly states they will send a follow-up email to reiterate the request.,home_service_inbound.zip,home_service_inbound/1d73b28328ee4ab9a9ebc6773c848576_transcript.json,home_service_telecom,inbound,141.0,0.9456271,267,1477,11,DATE|LOCATION|ORGANIZATION|PERSON_NAME|PHONE_NUMBER
callcenteren,train,5135212552_transcript,15cc569aa30b0221fe9322110c8d5f636a35b7255b12cc6969053d2aad7189ac,"Hello? Yes, very good afternoon to you. This is [PERSON_NAME]. How are you doing today? Good. That sounds great. So the reason I gave you call today is just to let you know that your Medicare has been upgraded for this year. And because of this upgradation you receive some extra medi cal benefits at no additional cost to you. So I hope that sounds good to you. Yes, it does. So like the benefit there you are entitled today include your [OCCUPATION] Copay specialist copay. It will also cover your dental, vision, glasses, hearing and your transportation benefit. And apart from this, it will also cover your prescription and your grocery. So the best part is this, all benefits you receive at [MONEY_AMOUNT] [MONEY_AMOUNT] premium to you at your same existing medi cal plan. Okay? Yes. So for this upgradation, dear, I do believe your medicare part A and part B both are active, right? Yes. Perfect. And here I also believe like you are the only one who make your decisions regarding your health care, right? Yes. Perfect. And dear, apart from Medicare, do you have any other insurance plan like [ORGANIZATION] or [ORGANIZATION]? No. Perfect. And have you received any kind of employment or retirement benefit from your previous job? No. No. And have you made any kind of changes in your plan in last [DURATION] [DURATION] here? What's the question? I'm sorry. Okay, so I didn't understand what you said. I asked you that. Have you made made any kind of changes in your medicare plan? Perfect. Today, a very big congratulations to you because as I can see here, you are totally qualified to receive this benefit at [MONEY_AMOUNT] [MONEY_AMOUNT] premium to you. Okay? Okay. Perfect. So, dear, your full name with me is [PERSON_NAME] [PERSON_NAME]. [PERSON_NAME]. Is it right? Hello? Yeah, I said your full name with me is [PERSON_NAME] [PERSON_NAME]. [PERSON_NAME]. Is it right? Yes. Perfect. And your mailing address with me is [LOCATION] [LOCATION] [LOCATION], [LOCATION] [LOCATION] [LOCATION] [LOCATION], [LOCATION] [LOCATION]. [LOCATION] [LOCATION] or [LOCATION] [LOCATION] [LOCATION]. Okay. [LOCATION] [LOCATION] [LOCATION] [LOCATION]. Is it right? Yes. Perfect. Studio. Your date of birth with me is [DATE_OF_BIRTH] [DATE_OF_BIRTH], [DATE_OF_BIRTH]. Is it right? What? I didn't hear. What was the question? No, I asked you that. Your date of birth with me is [DATE_OF_BIRTH] [DATE_OF_BIRTH]. Yeah. [DATE_OF_BIRTH] [DATE_OF_BIRTH], right. Perfect. [DATE_OF_BIRTH] [DATE_OF_BIRTH], [DATE_OF_BIRTH]. Audio for the last confirmation. Do you have your red, white and blue medicare card with you? I've got it with me somewhere. Yeah. Okay, so I am holding the line for you. Can you just grab your card on your handy, dear? Okay, I got it. Okay. What do you need from the card? Oh dear. Actually, I don't know. I don't need anything now, dear, what will I do? I will now just quickly get connected this call to my [OCCUPATION] [OCCUPATION]. He is from your same city with the same zip code which is [LOCATION]. And here he helps you about this benefit and when and how you receive this benefit. And he just want your Medicare ID number to check your eligibility and you have to just provide your Medicare ID number to them. And. And here they hardly take your precious [DURATION] [DURATION] [DURATION] [DURATION], not more than this. And you receive paperwork at your mailing address about this benefit. Okay, okay, okay. So I am now just connecting this call to my [OCCUPATION] [OCCUPATION]. Okay, I really appreciate your time and patience. And I am now just connecting this call to my [OCCUPATION] [OCCUPATION]. Just wait a minute. Your call is very important to us. Please stay on the line and you'll be transferred to the available [OCCUPATION]. So dear, before connecting this call, I hope you understood that this call is all about your Medicare existing plan. Right, dear? Yes, perfect studio. I'm now just connecting this call. And you're apart from Medicare, do you have Medicaid also? Medicaid? No, I just have Medicare amd. Okay, perfect Studio, just wait a minute. I am disconnecting this call. Okay? All right. Okay. I really appreciate your time and patience. By the way, how was your day, dear? Not bad. Okay, perfect. And have you drink your coffee, your [DURATION] [DURATION] coffee? Yes, perfect. I'm just connecting this call and I really appreciate your time and patience. Just wait a minute. Okay, thanks for holding. Hello, sir, this is Ms. [PERSON_NAME] here. She's looking for some additional Benefits and her zip code is [LOCATION]. You may take care from here. Okay, sir. All right, I'll take the call from here. Hi [PERSON_NAME]. Good day to you. My name is [PERSON_NAME] [PERSON_NAME], I'm a [OCCUPATION] [OCCUPATION] speaking on a recorded line. How are you doing? All right, that's great. Here. Pleasure speaking with you. So as you stated, you have Medicare with part A and B, right? Yes. Okay, that's great to hear. So since you got Medicare A and B, you may be eligible for additional Medicare benefits which may include your dental, vision, hearing coverage. Also you may lower down the CO pays premiums and your prescriptions up to $[MONEY_AMOUNT]. You may get transportation fees.","OPENING, PRODUCT_PITCH, FEE_DISCUSSION, NEEDS_ANALYSIS, MISUNDERSTANDING",0.9,True,"Greeting, pitch for Medicare benefits, mention of premiums, eligibility questions, and a moment where the customer asks for clarification.",insurance_outbound.zip,insurance_outbound/5135212552_transcript.json,insurance,outbound,503.0,0.9520363,870,5218,66,DATE_OF_BIRTH|DURATION|LOCATION|MONEY_AMOUNT|OCCUPATION|ORGANIZATION|PERSON_NAME
callcenteren,train,2020-07-02-16-27-22_50e89ff8-8fae-4ae9-97e6-ba2c4d97a684_v2y8bZpGYoCnRY0-Ckxlj0c-9iSrzmyW3UEDcyhwF1MJrHN7RcMYPqYQ_transcript,15cdf832d2fbdb48c0a79e894cbd096c0dc1c05e07961cdcbc5dd7fcff3b2d7c,"Foreign. Good morning. Thank you for calling [ORGANIZATION] [ORGANIZATION]. This is [PERSON_NAME]. How may I help you? Yeah, all right, this person, you give me a quarter card insurance, because you're going to save me 35%. Okay. Do you have insurance now? Of course. Okay, hold on one second. Life's busy enough. That's why [ORGANIZATION] offers a variety of easy ways to manage your policies. Hello? Hello? Hey, how you doing today? How's everything? This is [PERSON_NAME] from [ORGANIZATION] [ORGANIZATION]. Yeah. All right. What's up? Well, pretty much I might have called you, going through a list of contacts here trying to help save. You're gonna have to speak up. I can only hear you. Oh, sorry. Can you hear me now? Yeah. All right, cool. My name is [PERSON_NAME] again, like I said, calling from [ORGANIZATION]. I might have reached out to you, looking to see if I could help save you some money on your auto, home insurance. You've had a lot of cuts into the [EVENT], and we're looking to, you know, give back to people and actually take care of people. How's that sound? All right, well, you could try, but I doubt you'll do any better. All right, I'm just gonna need a little bit of information from you, and then what I'll do is as soon as I do the quote, I'll give you a call back. So we'll start with a few questions. Do you currently have insurance now? Yes, of course. Okay, awesome. And what is your first and last name? My what? First and last name. Oh, [PERSON_NAME] [PERSON_NAME]. Don't they tell you who these people are talking to? I mean, you know what. You know what it is? You guys know, we're not. We're not. We're not. We're not all anything, so we're actually independently owned. Anybody that might have done any type of insurance for you is not going to do the same due diligence as I would now with. The issue is why I don't have your information in front of me is because, you know, I'm only a [MONEY_AMOUNT], so I'm going through contact. I don't. You're calling me back at the moment. So I don't have your information specifically pulled up, which I do apologize, and I don't mean to inconvenience you. I'm just looking to save you and be an asset to your. I sold real estate on the once before years ago, okay? And whenever I talk to somebody, the information came up right on the. Right. Right on the screen. So I know who. I know what they had this that, you know What I don't understand. You guys just don't want to buy a decent system. No, it's not, it's not, it's not that, sir, What I'm trying to explain to you is I reached out to you, but I've also moved on to other contacts. So in the same time you're now calling me back and I don't have your information pulled up. I'm searching for it, but like I said, I don't mean to put it right back there. I don't mean to inconvenience you, but I'm looking to see if I can help you save on your auto home insurance. So as I'm trying. Okay, Right, right. Okay, I have a [DATE_INTERVAL] [ORGANIZATION] Camry, a [DATE_INTERVAL] [ORGANIZATION] [ORGANIZATION]. Okay. And I have. I have a tenant's insurance policy, a renters insurance. Yeah. Okay, so you have a [DATE_INTERVAL]. Okay, so you have a [DATE_INTERVAL] [ORGANIZATION] Camry, [DATE_INTERVAL] [ORGANIZATION] [ORGANIZATION]. What's the model of your [ORGANIZATION] [ORGANIZATION]? It's fxdl. Fxdl? Yeah. Okay. Okay. And that's the only two vehicles you have? Yes. Okay. And you're the only person on policy. And I have renters insurance on the house. Renters insurance on the house. Have you taken a defensive driving in the last [DURATION] [DURATION]? No. No. Okay, and says your first name is [PERSON_NAME]. What's the correct spelling of. Only thing I need right now is your address, the correct spelling of your last name and your date of birth. Okay, It's [PERSON_NAME] [PERSON_NAME]. [PERSON_NAME] [PERSON_NAME] [PERSON_NAME] [PERSON_NAME] [PERSON_NAME] [PERSON_NAME] [PERSON_NAME] [PERSON_NAME] [PERSON_NAME]. My date of birth is [DATE_OF_BIRTH] and I don't know what else you asked. The address. Your address. Yeah, it's [LOCATION] [LOCATION] [LOCATION] [LOCATION]. [LOCATION] [LOCATION]. Not [LOCATION], nor [LOCATION] [LOCATION] [LOCATION] [LOCATION] [LOCATION] [LOCATION] [LOCATION] [LOCATION] [LOCATION] [LOCATION] [LOCATION] [LOCATION] [LOCATION] [LOCATION]. So [LOCATION] [LOCATION]. [LOCATION] [LOCATION] [LOCATION] [LOCATION] [LOCATION] [LOCATION] [LOCATION] [LOCATION]. [LOCATION] [LOCATION], [LOCATION] [LOCATION] [LOCATION]. Okay, and your last name is [PERSON_NAME] [PERSON_NAME] [PERSON_NAME] [PERSON_NAME] [PERSON_NAME] [PERSON_NAME] [PERSON_NAME] [PERSON_NAME] [PERSON_NAME]. Correct? Correct. Okay, all right, so listen. So I have. I have all the information I need. Let me do this quote for you and I'll give you a call back at. Make sure I have your number correct here. What? Matter of fact, what is your number? It's not showing on my screen. What's my total bar number? Yeah, what's the best number to reach you? Yeah, it's [PHONE_NUMBER], [PHONE_NUMBER], [PHONE_NUMBER] [PHONE_NUMBER] [PHONE_NUMBER]. Okay, my name is [PERSON_NAME]. I will give you a call back within about [DURATION] [DURATION]. All right? All right. All right. Talk to you soon. You have been kicked from this conference.","OPENING, PRODUCT_PITCH, NEEDS_ANALYSIS, SOFT_REJECTION, OBJECTION_HANDLING",0.9,True,"Agent greets, pitches insurance savings, asks about current coverage, and handles the customer's skepticism about the potential for better rates.",auto_insurance_customer_service_inbound.zip,auto_insurance_customer_service_inbound/2020-07-02-16-27-22_50e89ff8-8fae-4ae9-97e6-ba2c4d97a684_v2y8bZpGYoCnRY0-Ckxlj0c-9iSrzmyW3UEDcyhwF1MJrHN7RcMYPqYQ_transcript.json,insurance,inbound,387.0,0.93033206,874,5262,94,DATE_INTERVAL|DATE_OF_BIRTH|DURATION|EVENT|LOCATION|MONEY_AMOUNT|ORGANIZATION|PERSON_NAME|PHONE_NUMBER
callcenteren,train,DMEMED_rmbpo19_20211109-113303_3365482046_4663069-all_transcript,1622dbc7b2e529f8d3b1c90b9f5485ad2a94c8756313def6f48bc90c45d66646,"Hello? Hi. Hi. This is [PERSON_NAME] [PERSON_NAME]. Is this [PERSON_NAME] [PERSON_NAME]? Yeah. Hi, sir. So this is [PERSON_NAME] [PERSON_NAME] from [ORGANIZATION] [ORGANIZATION]. And the reason of my call here is to provide your additional coverage in your Medicare insurance. Okay? Yeah. Okay. So may ask, do you have a [MEDICAL_CONDITION] [MEDICAL_CONDITION] [MEDICAL_CONDITION], [MEDICAL_CONDITION] [MEDICAL_CONDITION] or [MEDICAL_CONDITION]? No. So you don't have any medical condition. And what is your date of birth, sir? No. Your birthday. When is your birthday? [DATE_OF_BIRTH] [DATE_OF_BIRTH] [DATE_OF_BIRTH], [DATE_OF_BIRTH]. Okay, [DATE_OF_BIRTH] [DATE_OF_BIRTH] [DATE_OF_BIRTH], right? [DATE_OF_BIRTH] [DATE_OF_BIRTH]. Yeah, [DATE_OF_BIRTH] [DATE_OF_BIRTH], [DATE_OF_BIRTH] [TIME] [TIME] [TIME]. Are you still located at [LOCATION] [LOCATION] [LOCATION] [LOCATION]? [DATE_OF_BIRTH]. Yeah. Wait a minute, [DATE_OF_BIRTH]. It's [DATE_OF_BIRTH] [DATE_OF_BIRTH], right? Yeah. [DATE_OF_BIRTH] is when I was born. Okay, the. I know you're still located [LOCATION] [LOCATION] [LOCATION] [LOCATION], [LOCATION], [LOCATION] [LOCATION] [LOCATION]. Yeah. Yeah. Your answer may have your. Your last name. It's [PERSON_NAME], [PERSON_NAME] [PERSON_NAME] [PERSON_NAME], [PERSON_NAME] [PERSON_NAME], right? Yeah. Okay. So boy, does I find here that you are qualified to receive your additional coverage in your Medicare insurance now. Okay, so what I'm going to do is I'm going to update and transfer you over to the [OCCUPATION] [OCCUPATION] which is in your area right now in [LOCATION] [LOCATION]. Okay? Stand the line. So I'm going to transfer you over to them and let them know your first name, your last name and your zip code so that they're going to provide your additional coverage in your Medicare insurance. Okay? Yeah, here we go. We're connecting now. I'll be with you here, boys. Hello, this is [PERSON_NAME]. My name is [PERSON_NAME] from [ORGANIZATION] [ORGANIZATION] [ORGANIZATION]. Okay. Can you hear me? Yeah. Following up on recent inquiries on how you can favor Medicare. How are you more pretty? Okay. Sir, there have been recent changes the plans and rates in your area. During this open enrollment, you may be able to get lower rates or additional coverage. You can save up to [MONEY_AMOUNT] to $[MONEY_AMOUNT] on your plan. What I do is get an [OCCUPATION] on the line to go over the possible lower rate and additional coverage with you and check if you qualify for plans that will help you with co pays and deductibles that are not covered by Medicare. Okay? Yeah. Okay. Sir, do you have any [DRUG] or any advantage or [DRUG] plan? [ORGANIZATION]. You have [ORGANIZATION]? Yeah. You have your A and B in place. Am I correct? You have plan being placed. Am I correct? What are we talking about? Medicare? Yes, sir. All right, I got it. Okay. Can I have a zip code, sir, please? How zip code? [LOCATION] [LOCATION]. Okay, sir, what state are you from? Well, good on. Can you repeat that one more time, please? One more time. I didn't hear you clear enough. I can understand you, sir. Can you please tell me what state are you from? [LOCATION] [LOCATION]. [LOCATION] [LOCATION]? Yeah. Okay, sir. Okay, so let me finish. I have this right disclaimer to read. I have this sharp disclaimer to read. I need a clear. I agree after. Okay. I don't understand. I don't know.","OPENING, PRODUCT_PITCH, NEEDS_ANALYSIS",0.9,True,"Agent opens the call, pitches additional Medicare coverage, and asks for medical conditions and personal details to determine qualification.",medical_equipment_outbound.zip,medical_equipment_outbound/DMEMED_rmbpo19_20211109-113303_3365482046_4663069-all_transcript.json,medical_equipment,outbound,365.0,0.9431321,528,3386,74,DATE_OF_BIRTH|DRUG|LOCATION|MEDICAL_CONDITION|MONEY_AMOUNT|OCCUPATION|ORGANIZATION|PERSON_NAME|TIME
callcenteren,train,1f60595f751a4b9db4257762b90afc69_transcript,1691e6a7e1b1cb60b4fd91a597d518f6a37bacf83545c9f8a4ffdb3ced00fae4,"[ORGANIZATION] [ORGANIZATION], this is [PERSON_NAME]. How can I help you? Hey, is there new reservation for today available? Excuse me, Is there any reservation for the puppies today? Sl available today for today to come in? Well, actually we stopped taking puppies in [ORGANIZATION] [TIME] [TIME]. We can get them in tomorrow. Okay. Are you wanting for board? Hello? Yes, if you're wanting to board your dogs. Yeah, I was trying to see. I have two dogs, so one of them passed away today, so I don't want the other one seeing reburying him and stuff. Trying to see if you guys would have those to today. I can put him in. Okay. Do you have an account with us Profile? Yeah, I do. Okay. And who's your puppy? [PERSON_NAME]. [PERSON_NAME] [PERSON_NAME] [PERSON_NAME] [PERSON_NAME] [PERSON_NAME]. Been there before. [PERSON_NAME] [PERSON_NAME] [PERSON_NAME] [PERSON_NAME] [PERSON_NAME]. Yeah. [PERSON_NAME] [PERSON_NAME] [PERSON_NAME]. Is it for. Is this [PERSON_NAME]? No. Sign the signer. So should be the name on that account. I'm sorry, you're breaking up really, really bad. I'm sorry. Yeah. So the name on the account should be [PERSON_NAME] [PERSON_NAME]. First name [PERSON_NAME]. [PERSON_NAME] [PERSON_NAME] [PERSON_NAME] [PERSON_NAME] [PERSON_NAME]. Last name [PERSON_NAME]. [PERSON_NAME] [PERSON_NAME] [PERSON_NAME] [PERSON_NAME] [PERSON_NAME] [PERSON_NAME] or should be first name [PERSON_NAME]. [PERSON_NAME] [PERSON_NAME] [PERSON_NAME] [PERSON_NAME] [PERSON_NAME]. Last name [PERSON_NAME]. [PERSON_NAME] [PERSON_NAME] [PERSON_NAME] [PERSON_NAME] [PERSON_NAME] [PERSON_NAME]. Okay. I don't have any [PERSON_NAME] or [PERSON_NAME] [PERSON_NAME] in here. Is it [ORGANIZATION] [ORGANIZATION] [ORGANIZATION] [ORGANIZATION] [ORGANIZATION]? It's [ORGANIZATION] [ORGANIZATION]. Yes. In Heat. Yes. Yeah. Can you try my number? Yes, I'll try your number. Go ahead. 0oay okay. I finally found you. All right, let's see. I'll be right with you. Okayay. Thanks. Okay. And you are wanting to get [PERSON_NAME] in here? Yeah. Okay. You do know that [PERSON_NAME] is for to tell. It is out. Corre correct. Yeah. Does it should be up to date or can I still bring it? No, it's out. We could give him that. Oh, you can give him that? Yeah. Then that's fine. Ye. Okay. All right. Let me see what I can get him into. Do you know what kind of sweet. Excuse me? Kind of sweet you want? Usually we get the one with the camera. Okay. And it will just be origin correct. Yeah, will just be origin correct. So sorry'm I swalled err in the wrong way. And you just want him for tonight through tomorrow, correct? No, you'pick him up on the [DATE], if that's okay. O. I was under the impression it was just overnight. O. Okay. So you don't have availability. Well, we're not supposed to take any dogs in after [TIME] [TIME]. We going do it? We were going to do it. Because you said that it was so you could bury your other dog, right? I mean, if you have the option, like I would prefer so 14. Yeah, I can't take them in this late till the [DATE]. Okay, would I can bring himillmorrow. Okay. Can we renew the reservation tomorrow? I can make a reservation starting tomorrow, yes. Okay. But I cannot bring it now. No, not tonight. No. Because our policy is that you have to have them here by [TIME] [TIME] now. Okay. Thought Oay. Because I have brought them [TIME]. I know they've changed our policy. Our [OCCUPATION] [OCCUPATION] is no longer our [OCCUPATION] [OCCUPATION] and the policies have all changed. Okay, sounds good. Thank you. Thank you. Did you want me to make that appointment? No, actually tonight was more important. If I bring him today, can I pick him up tomorrow? Yes. Okay. No question. Okay, so if I bring him in today, it would be make. It would be an emergency situation. Okay. I was willing to work with the emergency situation, but it wouldn't be emergency if I camping until the [DATE]. Okay. Okay, sounds good. Can I bring him like today and then can we check him in tomorrow before [TIME]? Like it got an option? No, if I take him in tonight, it would have to be an emergency situation. You would have to pick him up tomorrow. Okay. Okay, sounds good enough. Okay, sounds good. Thank you. Yeah, I don't think I want to do like [DURATION] [DURATION]. Okay. Until what time do I have tomorrow to pick him up? You would have till [TIME] [TIME] tomorrow night. Okay. Can I pick him up tomorrow and then board him again tomorrow? Ye, we'll just do it. We just. We'll just do it until the [DATE]. Ye, we're just going to have to do it. I've got custom in front of me, so I'm just going to go ahead and create a lodging. Okay. Thank you so much, Ma. It's a big help. Okay. How soon can you be here? We will try to be there in [DURATION] [DURATION]. Okay, thank you very much. Thank you. Byee.","OPENING, NEEDS_ANALYSIS, MISUNDERSTANDING",0.8,True,"Greeting is present, agent asks for account details to verify the customer, and there are clear audio/communication issues causing misunderstandings.",medicare_inbound.zip,medicare_inbound/1f60595f751a4b9db4257762b90afc69_transcript.json,medicare,inbound,416.0,0.8527487,820,4793,81,DATE|DURATION|OCCUPATION|ORGANIZATION|PERSON_NAME|TIME
callcenteren,train,09e3c3c969cb442694c1c0dd4184978b_transcript,16920ce96887ed9c175f51115b69d6bb03502ee9fcad6a785bb21be2caecadfe,"Welcome to [ORGANIZATION] [ORGANIZATION]. [ORGANIZATION] [ORGANIZATION] [ORGANIZATION] [ORGANIZATION]. One for home. This call is being recorded. [ORGANIZATION] [ORGANIZATION]. [ORGANIZATION] [ORGANIZATION] [ORGANIZATION] [ORGANIZATION]. This is [PERSON_NAME]. Hi, I was calling to get somebody out to my house to take a look at the glass that's broke on my sliding glass door. If that's even possible to fix. Yeah, give me just a moment and I will get you taken care of and get you scheduled. Okay. You said the glass was broken. Your it a sliding glass do door. All right, I can absolutely help you with that. May please have your first and last name. [PERSON_NAME] [PERSON_NAME]. [ORGANIZATION] [ORGANIZATION] [PERSON_NAME] [ORGANIZATION] [ORGANIZATION] [PERSON_NAME] [PERSON_NAME] [PERSON_NAME] [ORGANIZATION] [ORGANIZATION] [PERSON_NAME] [ORGANIZATION] [ORGANIZATION] [PERSON_NAME] [PERSON_NAME] [PERSON_NAME]. Yes. And [ORGANIZATION] [ORGANIZATION] [ORGANIZATION] [ORGANIZATION] [ORGANIZATION] [ORGANIZATION] [ORGANIZATION]. Is that correct? Yes. All right. May I please help the service address it is [LOCATION] [LOCATION]. [ORGANIZATION] [ORGANIZATION] [LOCATION] [LOCATION] [LOCATION] [LOCATION] [LOCATION] [LOCATION] [LOCATION] and that's in [LOCATION] [LOCATION] [LOCATION]. Me. Please have the zip code [LOCATION]. All right, let me check. Just schedule. So it looks like we are booked up for today. But we could either do Friday or [DURATION] [DURATION] next [DURATION] which depending on time. So we don't do timed appointments. It's really hard for us to gauge like how long each [OCCUPATION] would take each job and trouble time. But they will give you call when they're on their way and you're always more than welcome to call the morning of and then we can give you a better time frame. Okay. You said Friday? Yeah. Tomorrow will work. Okay. And what were you asking? I apologize. I'll just give you my [MARITAL_STATUS] number because she'll be the one that will be home. Okay, let's see here. And what is her number? Your guys phone numbers are like crazy close. Yeah, that's set them up for us. And may I please have an email to send you a copy of the quote? It's my name. So we have [ORGANIZATION] [ORGANIZATION] [ORGANIZATION] [ORGANIZATION] [ORGANIZATION] [ORGANIZATION] [ORGANIZATION] [ORGANIZATION] [ORGANIZATION] [ORGANIZATION] [ORGANIZATION] [ORGANIZATION] [ORGANIZATION] [ORGANIZATION] [ORGANIZATION]. And what were those numbers? [EMAIL_ADDRESS]. Wonderful. Let's see here. All right, well I have you in here for [DATE], [DATE] [DATE] and the [OCCUPATION] will get a hold of you and he's on his way. Okay, awesome. Thank you. Absolutely. Have a wonderful day. You too. Bye.","OPENING, NEEDS_ANALYSIS",0.9,True,Contains a greeting and the agent collecting personal and address information to facilitate a service appointment.,home_service_inbound.zip,home_service_inbound/09e3c3c969cb442694c1c0dd4184978b_transcript.json,home_service_telecom,inbound,267.0,0.88446635,400,2702,78,DATE|DURATION|EMAIL_ADDRESS|LOCATION|MARITAL_STATUS|OCCUPATION|ORGANIZATION|PERSON_NAME
callcenteren,train,2020-09-28-18-04-16_6c3c30a1-2e11-4632-b8cb-370ae8db933f_v2mOc-3KKMG0k8XuNXX_9ZUKsAhtR-HHj4patEvLyuXSnq0XSm2MMVSA_transcript,16c9888a272040aff01cceef284428663fa6f3f6a33005f4ac404506a72f8417,"This call may be recorded for quality assurance. Hi, this is [PERSON_NAME] with [ORGANIZATION]. And it looks like you were connected to me to compare rates on auto insurance today. Is that correct? Yes, sir, that's what they said. Okay, well, my job here is just to ask you a few questions, get you over to the right [OCCUPATION] [OCCUPATION]. Start with having your first name, please. [PERSON_NAME]. Okay. Last name? [PERSON_NAME]. Okay. And may I have your zip code, please? [LOCATION]. And who do you have insurance with today? [ORGANIZATION]. Okay, and how long have you been with [ORGANIZATION]? Continuously? About [DURATION] [DURATION], [DURATION] [DURATION] [DURATION] [DURATION]. I was with [ORGANIZATION] [ORGANIZATION] for that. Okay, and how much is [ORGANIZATION] charging monthly? Right now, just. Well, it's $[MONEY_AMOUNT] [DURATION] [DURATION], so you divide it up. Okay, I got you. That's for how many vehicles? Two. Okay. All right. And are you a homeowner? Yeah. Okay, so would you be interested in saving money by bundling your home and auto insurance policy? Not right at this point. I've been with my home company now for a long time. Okay, that's what. Gotta make the offer. Okay, may I have your date of birth, please? [DATE_OF_BIRTH] [DATE_OF_BIRTH]. Okay, a couple of driver specific questions and we're just about done. All right, so in the past [DURATION] [DURATION], have you had any DUIs, SR22s, or at fault accidents? No. Okay, how about two or more tickets in the past [DURATION] [DURATION]? No. Okay. All right. And are you seeking coverage above the state minimum requirement? I think it's. I'm on. Well, I want to match what [ORGANIZATION] got. Okay. I'm thinking. I'm thinking that it's like 300, 150 or something like that. Okay. And would you say your credit is excellent? Good, fair or poor? Good. Okay. And have you or your [MARITAL_STATUS] ever honorably served in [ORGANIZATION] [ORGANIZATION] [ORGANIZATION] [ORGANIZATION]? No. Okay. All right, Mr. [PERSON_NAME], there looks to be all the information that I need. Give me one moment. Search for your best match. While your consent is not required to receive a quote, you have your permission to send a text message to this number to ensure that you're satisfied with the coverage options you receive and provide you with other quote options. Sure. You gonna send it on email? That's after the fact. No, we're about to get you actually connected right now with the actual [OCCUPATION] [OCCUPATION]. One moment. Let's see what agency we have. One second. Okay, so it should take no more than [DURATION] [DURATION] [DURATION] [DURATION] to go over the coverage options available. I am showing at [ORGANIZATION], it's your best available option. So give me one moment while I connect you, please. Please stay on the line while we connect, Mr. [PERSON_NAME]? Oh. Anybody there? Hello? Hello? Hello?","OPENING, NEEDS_ANALYSIS, FEE_DISCUSSION, SOFT_REJECTION, OBJECTION_HANDLING",0.9,True,"Greeting present, detailed needs analysis including current costs, customer declines bundling, and agent attempts to push the offer.",auto_insurance_customer_service_inbound.zip,auto_insurance_customer_service_inbound/2020-09-28-18-04-16_6c3c30a1-2e11-4632-b8cb-370ae8db933f_v2mOc-3KKMG0k8XuNXX_9ZUKsAhtR-HHj4patEvLyuXSnq0XSm2MMVSA_transcript.json,insurance,inbound,330.0,0.9457181,475,2889,42,DATE_OF_BIRTH|DURATION|LOCATION|MARITAL_STATUS|MONEY_AMOUNT|OCCUPATION|ORGANIZATION|PERSON_NAME
callcenteren,train,DMEMED_rmbpo05_20220107-081828_4103425859_5032933-all_transcript,16fe77a414b8adab78342f3a95fb46281b8452ec52510ef40fff5b3c1897a87d,"Hello? Yeah, hello, good morning. My name is [PERSON_NAME], and I'm calling from [ORGANIZATION] [ORGANIZATION]. How are you doing, ma' am? Doing good. Okay, that's good to hear. So, ma' am, the only reason of my call is just to provide your additional benefits at no cost. Okay. And if [PERSON_NAME] may just ask, do you have [MEDICAL_CONDITION] [MEDICAL_CONDITION] [MEDICAL_CONDITION], [MEDICAL_CONDITION] [MEDICAL_CONDITION] or [MEDICAL_CONDITION]? Oh, I'm so sorry to hear that. So are you taking medications for this? Yes. Okay, perfect. Okay. Well, ma' am, since you are taking medication, you are eligible to receive a [MEDICAL_PROCESS] [MEDICAL_PROCESS] kit. And this won't cost anything to you. Okay? So this kit, ma' am, can easily determine if you will be at risk of developing [MEDICAL_CONDITION] [MEDICAL_CONDITION] or other serious medical issues by the heart. So this will be very beneficial to you and also to your family members. So are you interested in receiving this benefit, ma' am? Yes. Okay. Yes, it is. This will be at no cost, [PERSON_NAME] assure you. Okay, so, ma' am, in order for me to provide, [PERSON_NAME] mean, to fill out the online form here, can [PERSON_NAME] have your first and last name, please? [PERSON_NAME] with the [PERSON_NAME]. [PERSON_NAME]. [PERSON_NAME]. Okay. Okay. Thank you, [PERSON_NAME]. And when is your date of birth? [DATE_OF_BIRTH] [DATE_OF_BIRTH]. [DATE_OF_BIRTH]. Oh, happy birthday, ma' am. Thank you. [DURATION] [DURATION] ago. Okay. And can [PERSON_NAME] have your physical address, please, for me to send this benefit? [LOCATION] [LOCATION] [LOCATION], [LOCATION], [LOCATION], [LOCATION]. Yes. Okay. Okay. And [PERSON_NAME], when. Do you also have your red, white and blue card in hand with you just to verify it here on my end? No, [PERSON_NAME] do not. Okay, no worries about that. It's okay. Ma' am, how about your. We actually have some second option here on [MEDICAL_PROCESS] [MEDICAL_PROCESS] Medicare ID number, and that is through your Social Security number. Do you know it by heart? Yes. Okay, can they have the number [HEALTHCARE_NUMBER]. Okay, let me read it back to you and just correct me if I'm wrong again. Your Social Security number is [HEALTHCARE_NUMBER]. Correct. Okay, thank you. So let me check your Medicare ID number here. So, ma' am, if [PERSON_NAME] get it right, do you also have [MEDICAL_CONDITION]? I'm [MEDICAL_CONDITION], yes. Oh. Are you taking [MEDICAL_PROCESS] [MEDICAL_PROCESS] or [DRUG]? [DRUG]. Tell me. Attention. Try. Try. Yes. Oh, okay. And I'm pretty sure you're also [MEDICAL_PROCESS] [MEDICAL_PROCESS] [MEDICAL_PROCESS] [MEDICAL_PROCESS] three times a day, required twice. Okay. Okay. Okay. Since you already also diagnosed on [MEDICAL_CONDITION], ma' am, are you also interested in receiving a glucose monitor and other [MEDICAL_CONDITION] supplies and and again, this will be at no cost. Yes, anything that's free. Okay, so [PERSON_NAME] just want to ask [PERSON_NAME], are you still pricking your finger? Or whenever you are checking [MEDICAL_PROCESS] [MEDICAL_PROCESS]? Oh, [PERSON_NAME] see. Because the one that I'll be sending you is already a prickly smitter. And all you have to do is to put this patch on your arm and then that's it. It will definitely. It will monitor [MEDICAL_PROCESS] [MEDICAL_PROCESS] [MEDICAL_PROCESS]. Okay. Okay. Okay, so let me check it here. [DRUG]. Try today. Okay. So do you have a family history that also have this kind of medical conditions, like your parents, siblings? Yes. Is it your father, your mother? Well, my mother passed from [MEDICAL_CONDITION] [MEDICAL_CONDITION]. My father had [MEDICAL_CONDITION] [MEDICAL_CONDITION] [MEDICAL_CONDITION]. My mother had [MEDICAL_CONDITION] [MEDICAL_CONDITION] [MEDICAL_CONDITION]. My brother's got [MEDICAL_CONDITION] [MEDICAL_CONDITION] [MEDICAL_CONDITION]. And [MEDICAL_CONDITION]. [PERSON_NAME] see. Okay, let me put a note on that. [MEDICAL_CONDITION]. Okay. So how about you, [PERSON_NAME]? Do you still remember your age when you find out that you have this medical condition, like in your [PERSON_AGE] [PERSON_AGE], you know, have [MEDICAL_CONDITION] [MEDICAL_CONDITION]? Started, [PERSON_NAME] think when [PERSON_NAME] was in my [PERSON_AGE], [PERSON_NAME] probably had it. Oh, okay. Started early with that. Now, [MEDICAL_CONDITION]. Yeah, late. [PERSON_NAME] was late. Late with [MEDICAL_CONDITION]. Okay. And the other two? Uhhuh. Okay, so when was the last time that you visited your [OCCUPATION], [PERSON_NAME]? What is this, [DATE_INTERVAL]? [PERSON_NAME] think [PERSON_NAME] went to see her in [DATE_INTERVAL]. Maybe [DATE_INTERVAL]. Okay. Yeah. Okay, perfect. So can [PERSON_NAME] have the name of your [OCCUPATION], please? Your good [OCCUPATION]? [PERSON_NAME]. [PERSON_NAME], [PERSON_NAME], [PERSON_NAME] [PERSON_NAME]. That's how you spell her last name. Okay, what's the first name again? Well, [PERSON_NAME]. [PERSON_NAME] think she spelled it [PERSON_NAME] [PERSON_NAME], [PERSON_NAME]. Let me see. [PERSON_NAME] say it this way. [PERSON_NAME]. [PERSON_NAME] [PERSON_NAME], [PERSON_NAME], [PERSON_NAME]. Ah. Okay. Might be [PERSON_NAME], [PERSON_NAME] or whatever. And the last name is [PERSON_NAME], right? [PERSON_NAME], [PERSON_NAME], [PERSON_NAME], [PERSON_NAME]. That's right. Okay. Okay. Okay, so let me check it here. Okay. And can you please verify to me again your last. [PERSON_NAME] mean, your. Okay. Are you shipping address? I'm sure. No, sorry. Your physical address. I'm so sorry. [LOCATION] [LOCATION] [LOCATION]. [LOCATION], [LOCATION], [LOCATION] [LOCATION] [LOCATION] [LOCATION] [LOCATION] [LOCATION]. [LOCATION], [LOCATION], [LOCATION]. Okay. Okay. Got it. There you go. Okay, so [PERSON_NAME] think [PERSON_NAME] already have this. Okay. For the last one, [PERSON_NAME], what will be. What is your favorite color? Because we will be needing that as your password. Do you have a favorite cone? Why? Okay. Cleanliness. Okay, so [PERSON_NAME] think [PERSON_NAME] already have the full information here on my endeavora. So what [PERSON_NAME] will be doing now is to fill out the online forms here for [MEDICAL_PROCESS] [MEDICAL_CONDITION] [MEDICAL_CONDITION] and cholesterol, just like what I've told you, and also to your [MEDICAL_CONDITION]. That is a glucose monitor and other [MEDICAL_CONDITION] supplies. And all of this will be at no cost. Okay. There will be no money involved in here. Okay. So [PERSON_NAME] will be. Okay, So [PERSON_NAME] will be calling you back. Would you mind if I'll be calling you back at [TIME] or [TIME]? Are you fine with that, ma' am? No. Oh. So are you going out? No, I'm not going out. Don't call me that time [PERSON_NAME] was up too early. [PERSON_NAME] got to wait and get myself together. Told me that. Call me back maybe about [TIME]. [TIME]. Okay. Okay, I'll keep a note on that. Okay. I'll be calling you back at [TIME] just to be sure. Okay. Okay. So, ma' am, keep your lines open. And I'll be calling you back again. My name is [PERSON_NAME] [PERSON_NAME]. I'm the one who will be assisting you at your additional benefits at no cost. Okay? Okay. Okay. So thank you so much for your patience with me, [PERSON_NAME], and for your time. Again, please stay safe. Okay, Bye. Bye. Okay, thank you. God bless. Bye. Bye.","OPENING, PRODUCT_PITCH, NEEDS_ANALYSIS, SUCCESSFUL_SALE",0.95,True,"Greeting present, pitch for a free medical kit, health screening, and explicit customer agreement followed by data collection.",medical_equipment_outbound.zip,medical_equipment_outbound/DMEMED_rmbpo05_20220107-081828_4103425859_5032933-all_transcript.json,medical_equipment,outbound,543.0,0.9542827,1100,7291,159,DATE_INTERVAL|DATE_OF_BIRTH|DRUG|DURATION|HEALTHCARE_NUMBER|LOCATION|MEDICAL_CONDITION|MEDICAL_PROCESS|OCCUPATION|ORGANIZATION|PERSON_AGE|PERSON_NAME|TIME
callcenteren,train,1398ef7103294ec4ae0138e688756119_transcript,17663ec9308bed7c2f4212d6b58e6146e39682de418f81db87fd77b955b6c5fb,"Thank you for calling [ORGANIZATION] [ORGANIZATION] [ORGANIZATION] [ORGANIZATION] [ORGANIZATION] [ORGANIZATION] [ORGANIZATION] For [LANGUAGE] for [LANGUAGE]. Thanks for calling [ORGANIZATION] [ORGANIZATION] [ORGANIZATION] [ORGANIZATION] [ORGANIZATION] [ORGANIZATION]. My name is [PERSON_NAME]. How may I help you? Smile today. #[LOCATION] [LOCATION] also like to try to find out urgent payment for me and I do have insurance. Okay, can I get your zip code? Okay, my zip code? [LOCATION] because I'here my zip code. Give me [LOCATION]. [LOCATION]. Yes. Okay, and let's see what pops up here. You're near the [LOCATION] [LOCATION] location. It's actually zero miles from you. [LOCATION] [LOCATION] [LOCATION] [LOCATION], [LOCATION], [LOCATION]. What day and time will be best for you to come in? Do you have a availage today the latest time you have available? Yeah, sure. Let me look into it for you. Let's see what they got. The latest time they have for today will be [TIME]. Would they work out okay for you? Okay. Can you share another location by round roc if you would later onf okay, give me one moment. Okay, I'I place you on a breief hold. What time will work best for you? Because the offices do close today at [TIME] so the last appointment will probably be at [TIME] for [TIME] is O so the last appointment will be done. I can check an appointment for you at another location if you would like to come in tomorrow. They do have a [TIME] [TIME] appointment at the same location. I noticed that. O t can I handle different 2 toorors? I'm thinking either to do the [TIME] or would just try to hand this. Let me call and call you back again see if I can do the [TIME]. Would you like for me to just reserve the spot for your [TIME] appointment? If it doesn't work out you can call and reschedule or cancsel you will not get charged for rescheduling or [MEDICAL_PROCESS]. Okay. Okay, let's go. All right. You do accept insurance, right? Yes. What type of insurance? We accept all PPO insurance. We also accept HMO Medicare. I have U.N. you have union? Yes. Okay. Okay. Can I get your first and last name first? Let me passim [PERSON_NAME] [PERSON_NAME] [PERSON_NAME] [PERSON_NAME] [PERSON_NAME] [PERSON_NAME] [PERSON_NAME] [PERSON_NAME] [PERSON_NAME] [PERSON_NAME] [PERSON_NAME] [PERSON_NAME] [PERSON_NAME] [PERSON_NAME] [PERSON_NAME] Okay. Yes. [PERSON_NAME] [PERSON_NAME] [PERSON_NAME] [PERSON_NAME] [PERSON_NAME] your last name and and nem last name is [PERSON_NAME] [PERSON_NAME] [PERSON_NAME] [PERSON_NAME] [PERSON_NAME] okay. Re speell it form. I'm sorry, kind of confused. So I have [PERSON_NAME] [PERSON_NAME] [PERSON_NAME] [PERSON_NAME] [PERSON_NAME] [PERSON_NAME] no [PERSON_NAME] [PERSON_NAME] [PERSON_NAME] [PERSON_NAME] [PERSON_NAME] [PERSON_NAME] Okay, [PERSON_NAME] [PERSON_NAME] My apologies. And can I get your last name as well? It's [PERSON_NAME] [PERSON_NAME]. Yes. Okay, Is this a good contact number for two? Yes. Okay, could I also get a street address as well? [LOCATION] [LOCATION] [LOCATION] [LOCATION] [LOCATION] [LOCATION] [LOCATION] [LOCATION] [LOCATION] [LOCATION] [LOCATION]. [LOCATION]. It'COVF [LOCATION] [LOCATION] [LOCATION], [LOCATION] [LOCATION]. Yes. And how did you hear about us, ma'am? Riding by or did your insurance refer wr back? Yeah. All right. Do you have that insurance information on hand with you as well? Yes, I do. Okay. It's un the number number start with your date of birth first. Give me one moment. Let me just prepare oay to get that information for you. Give me one second. All right. Thank you for your patience. Can I get your date of birth before we get the Insurance information, please? [DATE_OF_BIRTH] [DATE_OF_BIRTH], [DATE_OF_BIRTH]. And that's [DATE_OF_BIRTH] [DATE_OF_BIRTH], [DATE_OF_BIRTH]. Yes. And can I get your social for insurance purposes only or the last four, two. And the name of your insurance? UN u n u m U N n u m [PERSON_NAME] u m. Okay. Do you have a [PHONE_NUMBER], [PHONE_NUMBER] number for the insurance providers or dental? Yes. Is [ACCOUNT_NUMBER]. Okay. Is that the member ID number? Yes, the member number. Okay. Do you have your telephone number? You can give me dental service? The member service? Yes, I have member you dental provider or do you want the members member customer service? Can I get the dental provider? Okay, and this is this through your employer? Yes. Okay, Can I get the name of your employer, please? [ORGANIZATION] [ORGANIZATION] [ORGANIZATION] [ORGANIZATION] [ORGANIZATION]. Okay. And did you have a group ID as well? Is it the same as sp ID number? It if some cards don't have them, but it's okay if you don't. Okay, but have the id. Okay, you can give me that. Okay. [HEALTHCARE_NUMBER] [HEALTHCARE_NUMBER] letter [HEALTHCARE_NUMBER]. [HEALTHCARE_NUMBER]. Yes. Okay. You're the main subscriber as well, correct? Yes. All right, give me one moment. All right, ma'am, and what's the reason for the visit? So I have a crown and one of my teeth up there when it has a lot of pressure on it. It's just hurting me. So. All right, I will let them know that you're coming in for that crown and you're having some discomfort and pain, but I did get all your information. I did get you scheduled for [DATE], [DATE] [DATE] [DATE] at the [LOCATION] [LOCATION] [LOCATION] location. You will receive a confirmation text, so I'm going to go ahead and confirm it. Okay. And so you can receive the date, time and location of your appointment. Okay. Okay. And how about the assessment estimation I'm going to get after [DURATION] [DURATION] or something? I said I'm sorry. For the estimation for the costation. Well, they will have to examine you first, and then they'll go over the price [ORGANIZATION] [ORGANIZATION] office with you. You will talk to a [OCCUPATION] [OCCUPATION] [OCCUPATION], and then they'll go over the treatment that you may need and then go up the prices. But they will have to do the exam first and [MEDICAL_PROCESS] [MEDICAL_PROCESS]. Okay? Okay. Okay. Sounds good. Sounds good. Okay. Appreciate it. Thank you. All right. You're welcome. And the rest of your day for calling [ORGANIZATION]. thank you. Bye.","OPENING, NEEDS_ANALYSIS, CLOSING_NEGOTIATION, ACTIVE_LISTENING",0.9,True,"Contains greeting, gathering zip code and availability, and negotiating a specific appointment time.",medicare_inbound.zip,medicare_inbound/1398ef7103294ec4ae0138e688756119_transcript.json,medicare,inbound,638.0,0.86309457,994,6138,133,ACCOUNT_NUMBER|DATE|DATE_OF_BIRTH|DURATION|HEALTHCARE_NUMBER|LANGUAGE|LOCATION|MEDICAL_PROCESS|OCCUPATION|ORGANIZATION|PERSON_NAME|PHONE_NUMBER|TIME
callcenteren,train,a224e5cdc90f4a65a7c9c2ae5432b69236314490_transcript,177207da33cc89ba4f6e0b5a8d094a56453e5ebe2d55e61d8265de1cbd5df56a,"Thank you for calling the [PERSON_NAME] location of [ORGANIZATION] [ORGANIZATION] [ORGANIZATION] [ORGANIZATION] where pets go to enjoy the ultimate resort. Thanks. Calling [ORGANIZATION] [ORGANIZATION]. [PERSON_NAME], this is [PERSON_NAME]. How can I help you today? Hi, [PERSON_NAME]. This is stai [PERSON_NAME] [PERSON_NAME] [PERSON_NAME]. And listen, [PERSON_NAME] has had her [MEDICAL_PROCESS] and although she looks like she has poodle legs now from all the [MEDICAL_PROCESS] in her, she's ready to get back into getting barush out and back to grooming. Do you know if there are any grooming appointments with. Is it [PERSON_NAME] or [PERSON_NAME]? Yes, of course. Ye. But when did she have her [MEDICAL_PROCESS]? She had it [DURATION] [DURATION] ago. Okay, so it's been [DURATION] [DURATION]. All right, awesome. Ye. All right. So are we just looking. We're looking for a full haircut for her now at this point, just know she's got such a great haircut that [PERSON_NAME] gave her. So it's just a trim at this point because it's only been. Well, yeah, I guess it's been like [DURATION] [DURATION]. It was like the day afterwards she had to have an emergency into the [OCCUPATION] kind of thing, so. So she Yesah. This will just be a trim nails, that kind of stuff in a bath for sure. A bath. All right, so that's going to be probably a pro bath and brush where it's just more of like a cleanup service. Yes, that's. Yeah. All right, awesome. So let me see when her next event availability is. Let me just. One second. She can do. She has [DATE] [DATE] available, which is a Thursday. Okay. This Thursday, right? Next Thursday. Next Thursday. Yeah. If you'll put her down for that, that would be great. That's good. Okay, awesome. No problem. Now the girl that normally just does her [MEDICAL_PROCESS] [MEDICAL_PROCESS] does a quick freush out. Does she have any time this [DURATION] that she could squeeze her into? Just brush her. Let me check for you. Give me just a moment. I accidentally booked all three dogs and not just her moment. Oh, [PERSON_NAME], that's a lot of reservations to go through. Okay, there it is. Okay, so it's just going toa be with [PERSON_NAME], so let's cancel little the other babies. I apologize. I booked all three instead. Oh, that's okay. So let me see when I can just do a brush up. New appointment. Gring service. GR out. La carte. Let me see if I can do tomorrow all. Let me put you on a quick hold and let me see what I'm able to do for you guys. Okay. O perfect. Thank you so much. No problem. One second. Thank you for holding. We'll be with you momentarily. All right. I can get her in tomorrow for a [MEDICAL_PROCESS] [MEDICAL_PROCESS]. Oh, perfect. Should I bring her at [TIME]? Yeah, go ahead and bring her early. We'll try. Do as you know as fast as we can. But we'll call you, let you know when she's done for the day. Okay? Yeah, there's no hurry. So I'll see you tomorrow and then lop that Thursday down. Sounds good. Hope great. See you then. All right. By Bye.","OPENING, NEEDS_ANALYSIS, PRODUCT_PITCH, WARM_LEAD",0.9,True,"Greeting, analysis of the pet's grooming needs, pitch for a specific cleanup service, and customer agreement to schedule.",medicare_inbound.zip,medicare_inbound/a224e5cdc90f4a65a7c9c2ae5432b69236314490_transcript.json,medicare,inbound,277.0,0.8593703,532,3015,37,DATE|DURATION|MEDICAL_PROCESS|OCCUPATION|ORGANIZATION|PERSON_NAME|TIME
callcenteren,train,3869c93965364ba285a7ff92d4e4e4c6_transcript,180d20ea1f45e78bed72e44c97defa5e8bf4d728b70702a171878b19dfd04956,"It's a great day and. Mr. [PERSON_NAME] an [ORGANIZATION] [ORGANIZATION]. My name is [PERSON_NAME]. How may I help you? Hi, I have a. Maybe a weird question. Maybe not to you. My mom got [MEDICAL_CONDITION] the other day and threw up. And her teeth into the toilet and then flush the toilet and her. It's kind of clogged now because obviously they didn't go down. Is that something that you can help her with? So you say he threw her teiefh on the toilet and flush it? Yeah, her dentures. Okay. Theer already? Yeah, we can assist you to. We can sneak it out. Maybe we can get them out. I'm not sure. I can pass your message on to our office in. In your city. And they will be reaching out to you to confirm we can provide with that service. Okay, that would be great. Thank you. Just see me a moment here. May I get your first and last name, please? [PERSON_NAME] [PERSON_NAME]. [PERSON_NAME] [PERSON_NAME] [PERSON_NAME] [PERSON_NAME] [PERSON_NAME] [PERSON_NAME]. [PERSON_NAME] [PERSON_NAME] [PERSON_NAME] [PERSON_NAME] [PERSON_NAME] [PERSON_NAME] [PERSON_NAME] [PERSON_NAME] [PERSON_NAME] and [PERSON_NAME]. [PERSON_NAME] [PERSON_NAME] [PERSON_NAME] [PERSON_NAME]. Yes. Thank you, [PERSON_NAME]. I also show the phone number you're calling out today is. Is that a cel phone or a home phone? That's cell phone. Okay. And I show the zip code off the property. You'callant about [LOCATION], correct? That's correct. Thank you, miss. Okay, I'll pass this information on your office in [LOCATION] and they will be reaching out to you as soon as possible to follow up on your request. They will schedule. All right. Thank you very much. Okay, thank you very much. Remember, there is a quick survey at the end of the call. Is there anything else I can help you with? That'll be all. Thank you for calling Mr. [PERSON_NAME] and [ORGANIZATION] [ORGANIZATION]. We appreciate your business. Have a good one. Thank you. Your feedback is important to us.","OPENING, NEEDS_ANALYSIS, WARM_LEAD",0.9,True,"Includes greeting, agent gathers customer contact and location details to facilitate a service request for a specific problem.",home_service_inbound.zip,home_service_inbound/3869c93965364ba285a7ff92d4e4e4c6_transcript.json,home_service_telecom,inbound,134.0,0.87805426,324,1942,33,LOCATION|MEDICAL_CONDITION|ORGANIZATION|PERSON_NAME
callcenteren,train,5183264499_transcript,18430875ea6e677f5e9c026c61d70d0fc494e675f46c2e7c822db0869d5bd7fb,"Hello? Hi, this is [PERSON_NAME] from [ORGANIZATION] [ORGANIZATION]. How are you doing today, ma' am? Fine, [PERSON_NAME]. How are you? That's good to know. I'm also fine, thanks for asking. Dear, the reason of this call is to let you know that your Medicare is getting upgraded and you're qualified to receive some additional benefits with no additional cost. I hope that sounds good to you. Yes, it does. Yes, ma' am. And the benefits which you're receiving today, it include your dental, vision glasses, hearing, transportation benefits and you're saving some money back in your [ORGANIZATION] [ORGANIZATION] check. It is at saver cost to you. Okay. And for this upgradation, I do believe your Medicare part A, part B, both are active and you make your own decisions, right? That's right. Perfect, dear. And do you receive any retirement benefits from your previous job? No. Like [ORGANIZATION] or [ORGANIZATION] [ORGANIZATION]? No, I was [OCCUPATION] [OCCUPATION]. No. All right, that's very good. And ma' am, have you made any kind of changes in your Medicare plan in the last [DURATION] [DURATION]? Nope. Perfect. Yeah. So as I come to you, you are totally qualified to receive the benefits at no additional cost to you. Your zip code is [LOCATION]. Is that correct? Yes, it is. Yeah. All right. All right. And your mailing address, please correct me if I'm wrong. It's [LOCATION] [LOCATION] [LOCATION] based [LOCATION] [LOCATION], [LOCATION] [LOCATION]. Is that correct? That's correct. Awesome. Okay, thank you very much. And your last name is [PERSON_NAME] [PERSON_NAME] [PERSON_NAME] [PERSON_NAME] [PERSON_NAME] [PERSON_NAME] [PERSON_NAME]. [PERSON_NAME]. Right. Great. Perfect. How you pronounce your first name, dear? [PERSON_NAME]. Okay, that's really nice name. Thank you. All right. And what is your date to both now? [DATE_OF_BIRTH]. You sound like you're young, man. Say that again, honey. I'm sorry, you sounds like you're young, ma' am. Oh, well, thank you. I believe I am in my mind. I'm very young. Yeah. Really. You also sounds like you're young. I'm very blessed to be elder. Yeah. You're really blessed about your age. Yup. And honey, for the last confirmation, do you have your blue, white and red Medicare card with you? I don't have it with me right now, but I do have one, yes. Okay. Is it possible to grab any handy? No, it isn't. It's in my car. My grandson has my car. Sorry about that. Okay, no problem there. Is there any case, do you remember your [ORGANIZATION] [ORGANIZATION] number then? Yep, it's [US_SOCIAL_SECURITY_NUMBER] [US_SOCIAL_SECURITY_NUMBER] [US_SOCIAL_SECURITY_NUMBER]. What I'm going to do here? I will just quickly connect this call to your [OCCUPATION] [OCCUPATION]. He's from your city and the same zip code which is [LOCATION]. He's the specialist person to analyze your profit benefits and will tell you all the things in the details within [DURATION] [DURATION] [DURATION] [DURATION]. Precious time. Okay. Okay. Yeah. And how much money you are saving today. He will tell you all the things and he will gonna send you some paperworks regarding your benefits. So you also can easily read it out. All right? Y. Thank you. Okay, ma' am, please be on the line. I'm just going to get a [OCCUPATION] [OCCUPATION] on the line. And firstly the [OCCUPATION] [OCCUPATION] will ask you would you like to speak with the [OCCUPATION] [OCCUPATION]? So you have to just say yes. Okay. So he will help you for that. Okay, I appreciate. Yeah, I appreciate your time and patience here. I'm going to connect the calls. Here we go. Hello? [PERSON_NAME]? Hello? Hello. Hello. Hi, this is [PERSON_NAME] from [ORGANIZATION] [ORGANIZATION]. This call will be monitored and recorded for quality and training purposes. Do you have Medicare? I do. They also have Medicaid? No.","OPENING, PRODUCT_PITCH, NEEDS_ANALYSIS, FEE_DISCUSSION, PASSIVE_AGREEMENT",0.95,True,"Agent greets, pitches Medicare benefits at no cost, verifies eligibility/details, and customer agrees throughout.",insurance_outbound.zip,insurance_outbound/5183264499_transcript.json,insurance,outbound,247.0,0.9467813,626,3806,53,DATE_OF_BIRTH|DURATION|LOCATION|OCCUPATION|ORGANIZATION|PERSON_NAME|US_SOCIAL_SECURITY_NUMBER
callcenteren,train,5132310795_transcript,184a1e0141de2ec256efead74c10b5a5f6ccfbf43e1b95ab5d12a53d1da8ee79,"Hello. Hi, this is [PERSON_NAME]. How are you doing today? I'm fine. What can I do for you, ma' am, the purpose of my call is to let you know that your Medicare is getting updated today and you were also qualified to receive some additional benefits with no additional cost. Hope. That sound good. That does sound good. Yeah. That's great. So for the upgradation, I do believe you have a Medicare with part A and part B active. Yes. That's great. And you make your own healthcare decisions, right? Yes. That's great. And you live in [LOCATION], correct, ma' am? Yes. And what's your date of birth? Ma' am? Your birth date? [DATE_OF_BIRTH] [DATE_OF_BIRTH], [DATE_OF_BIRTH]. [DATE_OF_BIRTH] [DATE_OF_BIRTH] [DATE_OF_BIRTH]. [DATE_OF_BIRTH], correct? [DATE_OF_BIRTH] [DATE_OF_BIRTH]. Yeah. And the year is [DATE_OF_BIRTH]. Yes. Okay, that's great, ma' am. So you are totally eligible to receive this benefit, ma' am. And, ma' am, like, for the confirmation, your. How do you spell your first name, ma' am? [PERSON_NAME]. [PERSON_NAME], [PERSON_NAME], [PERSON_NAME], [PERSON_NAME]. [PERSON_NAME], [PERSON_NAME], [PERSON_NAME], [PERSON_NAME]. Okay. And how do you spell your last name? [PERSON_NAME] [PERSON_NAME], [PERSON_NAME], [PERSON_NAME] [PERSON_NAME], [PERSON_NAME]. [PERSON_NAME] [PERSON_NAME] [PERSON_NAME] [PERSON_NAME]. [PERSON_NAME] [PERSON_NAME], [PERSON_NAME]. [PERSON_NAME] [PERSON_NAME], [PERSON_NAME]. That's right. [PERSON_NAME]. [PERSON_NAME]. It's [PERSON_NAME] [PERSON_NAME] [PERSON_NAME], [PERSON_NAME] [PERSON_NAME], [PERSON_NAME]. Right. Okay. That's great, ma' am. So, ma' am, like, for the confirmation, you live in [LOCATION], right? I live in [LOCATION], yes. And what's your current zip code? Ma' am? Please, what's your current zip code? It's [LOCATION], correct? Yes, I think so. Okay. That's right. Your primary resident, Is it like [LOCATION] [LOCATION] [LOCATION], [LOCATION], [LOCATION]? [LOCATION]? Yes. Okay. And do you have the red, white and blue Medicare health insurance card, ma' am? I think so, yes. It's in my wallet. Oh. So can you grab your card, ma' am? No, I don't have it with me. Is there any possibility you can grab your card? No, I don't have it here. Oh, you don't have with you? Okay. So do you remember your social, ma' am? No, I don't. Offhand, No. I can't remember what it is. Okay. And you can't find your. Okay, so you are totally eligible to receive these benefits, ma' am. So, like, after these benefits, you don't need to. No co payments to your [OCCUPATION], no co payments to your specialist, and no hospital fees. And also, you are getting the dental, the vision and the hearing. And apart from this, you were also qualified to receive the medication. Co payments benefit. So whenever you visit your drugstore, you don't need to pay for your prescriptions. And also we are providing you up to $[MONEY_AMOUNT] money back on your Social Security check. This benefits will be directly added to your existing Medicare Plan [DATE_INTERVAL]. And this benefits will be a [MONEY_AMOUNT] [MONEY_AMOUNT] premium to you. Hope that sounds good. That does sound good. Yes. That's great. And I do believe, ma' am, you have understood that this call is for your additional Medicare benefits, right? Yes, that's right. So as I told you, ma' am, you are totally eligible to receive these benefits. Ma' am. So what will I do, ma' am, I will connect your call to the [OCCUPATION] [OCCUPATION] of Medicare, ma' am, who is from the same area and the same zip code. They are the right person to guide you and provide you all the benefits which you are receiving for the year [DATE_INTERVAL]. And they will send you every single thing in written to your mailing address so you can read about the benefits as well. And I'm there with you on the line. I will introduce you to them. Okay, ma' am. Okay, fine. Thanks. Yeah. I really appreciate your time and patience, ma' am. It will hardly take [DURATION] [DURATION] to connect your call and I'm there with you on the line. I will introduce you to them and. Okay. It's [PERSON_NAME] [PERSON_NAME], right? [PERSON_NAME] [PERSON_NAME]. [PERSON_NAME] [PERSON_NAME] [PERSON_NAME] [PERSON_NAME] [PERSON_NAME] [PERSON_NAME]. [PERSON_NAME] [PERSON_NAME] [PERSON_NAME], [PERSON_NAME] [PERSON_NAME] [PERSON_NAME]. Okay. And do you make any changes in your Medicare in last [DURATION] [DURATION], ma' am? No. Okay, that's great, ma' am. And do you have any insurance from your previous job? No. Okay, and your date of birth? It's [DATE_OF_BIRTH] [DATE_OF_BIRTH], correct? Right. Okay. [DATE_OF_BIRTH]. That's great. So just a second. The line is getting connected. Ma' am. Thank you for holding the line. This is [PERSON_NAME] [PERSON_NAME], I'm a [OCCUPATION] [OCCUPATION]. We're on the recorded line. I have [PERSON_NAME] [PERSON_NAME] with me. She's from [LOCATION]. Our zip code is [LOCATION]. She's on the line. You may take over the call. Thank you so much. Thank you so much. Yes. Hello, Ms. [PERSON_NAME], how are you doing? I'm doing fine, thank you. Great to hear that. Yes. Ms. [PERSON_NAME], we are just trying to help you to get these upgraded Medicare benefits for you. Do you have Medicare with part A and B, right? Yes. That is wonderful. So you may be eligible to receive these upgraded Medicare benefits like dental, eyeglasses and hearing coverage. And you may lower down your co pays premiums, prescription cost up to $[MONEY_AMOUNT].","OPENING, PRODUCT_PITCH, NEEDS_ANALYSIS, ENTHUSIASTIC_AGREEMENT",0.9,True,"Greeting present, agent pitches Medicare benefits, performs eligibility checks, and the customer responds positively.",insurance_outbound.zip,insurance_outbound/5132310795_transcript.json,insurance,outbound,353.0,0.95388335,863,5429,96,DATE_INTERVAL|DATE_OF_BIRTH|DURATION|LOCATION|MONEY_AMOUNT|OCCUPATION|PERSON_NAME
callcenteren,train,8b1971662fbd4fe880f4d429c0c09387_transcript,1861838f3765565952a44ee3c6c7fb1cd3c313045b512670b597e43387aa7212,"Please hold while we connect your call to wildlife removal. Your house may seem safe and secure, but open the attic door and crikey, look at this. I let rem move on. How can I help you? Hi, I was call to see if you guys remove wild boars. We do. It's. We're a private company so we charge for the service. Okay. How much do you charge? Give me [DURATION] [DURATION]. I can give you our pricing. I want to say it's [MONEY_AMOUNT] do for the like if I had 10 of them. Is it,200ars for the entire service you charge or hog? Right. Give me a moment. I know that s oay. I don't know it off the top of my head. So I'm looking into it so I can tell you exactly. So there it is. It isr,850. We do removal through the use of dogs as an additional charge. Sorry, I need to actually open it up. That'through the [ORGANIZATION] [ORGANIZATION]. Okay. There we go. All we have is the removal with dogs at this moment. Unless you're looking for a monthly service. But this is like a one [DURATION] of us coming out and doing the hunt with our dogs. And it's [MONEY_AMOUNT] per hog that we remove on top of the [MONEY_AMOUNT] [MONEY_AMOUNT] service fee. Okay. Is there any way you can email that to me, please? I'm a [OCCUPATION] [OCCUPATION] for company [ORGANIZATION] [ORGANIZATION] [ORGANIZATION] and we're having. We have like 10 of them and we're trying to figure out how to get rid of them. So I just need to run it up by corporate. Not a problem. Problem. Let me just gather up the information I need so I can get that sent over to you. No problem. All right. Could I have a good name and phone number for contact? My name is Chju spele [PERSON_NAME] [PERSON_NAME] [PERSON_NAME] [PERSON_NAME]. Last name is [PERSON_NAME] [PERSON_NAME] [PERSON_NAME] [PERSON_NAME] [PERSON_NAME] [PERSON_NAME] phone number. All right, and then the business name. [ORGANIZATION] [ORGANIZATION] [ORGANIZATION] [ORGANIZATION] [ORGANIZATION]. [ORGANIZATION] [ORGANIZATION] [ORGANIZATION] [ORGANIZATION] [ORGANIZATION]. Correct. Okay. And then the email address to send it to [EMAIL_ADDRESS] [EMAIL_ADDRESS]. Correct. All right. And last thing would be the building address. It's [LOCATION] [LOCATION] [LOCATION] [LOCATION] [LOCATION]. So [LOCATION] [LOCATION] [LOCATION] [LOCATION] [LOCATION] and that it'not pulling it up. So what city [LOCATION] wk zip is [LOCATION] there it is. It's coming up as [LOCATION] [LOCATION] [LOCATION]. Is that okay? [LOCATION]? I think so. Yeah. I mean if you look us up on Google by. Yeah, I got you. Because by the compass. I got you. Okay. All right. I'll get that sent over to you. Once you guys decide you want the service or don't want the service, there is a approve and deny button on that email. That way we know what you guys want. Okay, cool. Another question. We pa by net 30. Would that be okay with you guys or no? So with net 30 we take the setup fee first. So if you want the service we'go ahead and schedule it out for when we receive the check and then for the per fee we'just of course once we get our account we'send over that invoice and then through the [DURATION] [DURATION] and we've got W9 and if you need COIs and all that we can provide. Yeah, we'll need a W9 for sure. Yeah. Okay. We're used to it. We deal with cities and organizations like that. So we'll just work around it. Sounds good. Thank you. You're welcome. Bye. By.","OPENING, NEEDS_ANALYSIS, FEE_DISCUSSION, FOLLOW_UP_EMAIL_REQUESTED",0.95,True,"Contains a greeting, inquiry about boar removal services, detailed pricing discussion, and a specific request for an email.",home_service_inbound.zip,home_service_inbound/8b1971662fbd4fe880f4d429c0c09387_transcript.json,home_service_telecom,inbound,407.0,0.8991498,597,3354,54,DURATION|EMAIL_ADDRESS|LOCATION|MONEY_AMOUNT|OCCUPATION|ORGANIZATION|PERSON_NAME
callcenteren,train,3eeabc54fac24e44a409bcc2ef9841c4_transcript 2,1885b2d5f26c4ffd88bfad2de260e12c38c24705776709896ec1a6beb28b6619,"[ORGANIZATION] [ORGANIZATION], how may I help you? Well, Happy Wednesday, [OCCUPATION]. Get [PERSON_NAME] [PERSON_NAME]. Oh, yeah, I'll connect you here right now. Thank you so much. [PERSON_NAME] not at his desk. I can get someone else for you or I can send you to his voicemail or I can take a message. Yeah, I should probably just call back, actually. No, maybe you could give me one better. Is there a good email address for him? I think I just shoot him a note. Let me get some free time and just respond or call me then. He is. Yes, he is [PERSON_NAME] [PERSON_NAME]. And that's [PERSON_NAME] [PERSON_NAME] [PERSON_NAME] [PERSON_NAME] [PERSON_NAME]. [PERSON_NAME] [PERSON_NAME] [PERSON_NAME] [PERSON_NAME] [PERSON_NAME]. Yep. Let me see. His email is at. Gotcha. All right, perfect. I greatly appreciate that. I see him walking in right now. Oh, perfect. Awesome. All right. All right, thank you. I'll wait till he gets to his desk and I'll send you over. Sounds great. I appreciate it. All right, there we go. In just a minute, you can ask them how those [ORGANIZATION] [ORGANIZATION] are. Here we go. [ORGANIZATION] [ORGANIZATION]. All right. Good afternoon, this is [PERSON_NAME] at [ORGANIZATION]. How may I help you? [PERSON_NAME], happy Wednesday. And how are your [ORGANIZATION] [ORGANIZATION]? Excellent, excellent, excellent. Yeah. Gentlemen, just talking to somebody just walked in and told me to ask you that, so I had to ask. Anyway, I just thought. I just want to reach out to you guys. My name is [PERSON_NAME]. I'm with [ORGANIZATION] [ORGANIZATION] [ORGANIZATION] [ORGANIZATION]. I work with some other dealerships, auction houses and rental car companies in your area as far as shipping some cars. So just want to give you guys a shout, see what the auto shipping needs are looking like over there to see what I could do to have an opportunity to earn your business. No, I don't think we need you guys right now. No, haven't been buying or anything like that lately. I know, I know the market's been tough, but any plans on hitting auction anytime soon? No, sir. No, I gotcha. Any out of state shipments for customers you might be selling to that you might be help with anything like that? No, sir, it's not something we normally do. Oh, okay. Well, I greatly appreciate the time today and I thank you for your time. Thank you so much. You enjoy your hamburgers here, I'll let you eat those and enjoy the rest of your Wednesday. Thank you, sir. You too. Bye. Bye. All right, thanks again.","OPENING, FOLLOW_UP_EMAIL_REQUESTED, PRODUCT_PITCH",0.85,True,"Contains greetings, a request for an email address to contact the target, and the start of a sales pitch.",automotive_inbound.zip,automotive_inbound/3eeabc54fac24e44a409bcc2ef9841c4_transcript 2.json,automotive,inbound,194.0,0.9309265,431,2511,32,OCCUPATION|ORGANIZATION|PERSON_NAME
callcenteren,train,f1a5e8dde581464785b2e19e95b7b5a0_transcript,18a8219243fde00bc7963fad2adc797e286bb7cab5756f544533db5fec248ec5,"Thank you for calling [ORGANIZATION] [ORGANIZATION] [ORGANIZATION] [ORGANIZATION]. If you're a new patient. If you're an existing patient and need to schedule or reschedule an appointment. If you're an existing patient with a question about a billing statement, please. If you are calling with questions about [MEDICAL_PROCESS] [MEDICAL_PROCESS] or would like to speak to someone from [ORGANIZATION] [ORGANIZATION] [ORGANIZATION] [ORGANIZATION], [ORGANIZATION] [ORGANIZATION] [ORGANIZATION] [ORGANIZATION] [ORGANIZATION]. For all other questions. [ORGANIZATION] [ORGANIZATION] [ORGANIZATION] [ORGANIZATION], this is [PERSON_NAME]. How may I help you? Hi, this is [PERSON_NAME] [PERSON_NAME]. I was in this morning and I needed to make payments and couldn't get my Internet to work. So. One. Yes, one moment. All right. And I see here that you're making that payment in full. Yeah, but I need to split it into two cards. Two cards, got it. Let me get that pulled up here. One moment, please. DY while I go grab a terminal. Sure. Thank you. [PERSON_NAME]. Our board certified [OCCUPATION] [OCCUPATION] is extensively trained and certified to perform [MEDICAL_PROCESS] using advanced laser technology to fully release your child's [ORGANIZATION] [ORGANIZATION] in a precise, quick and [MEDICAL_PROCESS] free procedure. Schedule a consultation today. Thank you for holding. [PERSON_NAME]. [PERSON_NAME], how much would you like to put on that first card? So, on the card that I used this morning. All right. And is that the one ending in. Yes, it is. All right. I went ahead and ran that through. Let me go ahead and pull up the remaining amount. Sorry for the wait. As well. So the remaining can be $[MONEY_AMOUNT]. Okay. And one moment please. All right, I am ready with that card number whenever you are. Okay. It's [CREDIT_CARD_NUMBER]. And the expiration date on that. Perfect. That went through. And I'm gonna email you those receipts next here now. Okay, sounds good. Thank you, [PERSON_NAME]. And we look forward to seeing you. All right, thank you. Bye.","OPENING, FEE_DISCUSSION, PRODUCT_PITCH",0.8,True,"Contains a greeting, a discussion about splitting payments between cards, and a scripted promotional pitch about laser technology.",medicare_inbound.zip,medicare_inbound/f1a5e8dde581464785b2e19e95b7b5a0_transcript.json,medicare,inbound,206.0,0.90757483,320,2058,34,CREDIT_CARD_NUMBER|MEDICAL_PROCESS|MONEY_AMOUNT|OCCUPATION|ORGANIZATION|PERSON_NAME
callcenteren,train,4fe64c75c9794e07a6aa0584e200ef9136656288_transcript,18c2b3204f284350323c1dda4bf73f1a2d1e1d83d2a4fc90cd8c59f1ca61c5d8,"This call may be recorded for [ORGANIZATION] [ORGANIZATION] [ORGANIZATION] [ORGANIZATION]. This is [PERSON_NAME] speaking. How can I help you? Yes, we do do. Yes, we do Grooming with [MEDICAL_PROCESS]. Yes, he was t. He wasn't groomed cute, was he? U Let me. Okay, let me. I don't know. Let me see if I have a price. I mean, I have a price in here for cash, but I don't know. Hold on. Let me see. Okay, so for a [MEDICAL_PROCESS] [MEDICAL_PROCESS] for dogs, the starting price is [MONEY_AMOUNT]. But that's just the starting price. It goes up from there. Yeah. I do believe it'an [MEDICAL_PROCESS]. Yes. There are other options. I mean, depending on [MEDICAL_PROCESS]. I know we have some clients we can prescribe, like [DRUG] and [DRUG]. Sometimes they will give back to their pets before grooming. Its kind of like something that makes them a little bit sleepy so they calm down. But yeah, thats a little bit different. Yeah, no, I totally get that. Typically, what we have. So has your petp been here before? Okay, yeah, we are. Is your pet [PERSON_NAME]? Oh, [PERSON_NAME]. Yes. Okay. Okay. Okay. So usually what clients do is they will. So in order for us to prescribe any medications, the pet has to come in for an exam. So what happens is the pet comes in for the exam with the [OCCUPATION]. You. If you tell the [OCCUPATION] that you don't want to do [MEDICAL_PROCESS], you're looking to get like a [DRUG] such as [DRUG] or something for a grooming appointment to calm the PETC down. Then the [OCCUPATION] can decide whether or not they want to prescribe that for you. And then that's something that's generally given before the appointment by the owner. Y. No, it can be done any [DURATION] as long as we have grooming. But before I schedule that appointment, I'have to schedule him for his exam with the [OCCUPATION] first. But no, it'typically any [DURATION]. We have regular grooming. Yes, yes. You're welcome. Okay, bye.","OPENING, PRODUCT_PITCH, NEEDS_ANALYSIS, FEE_DISCUSSION",0.9,True,"Includes greeting, discussion of grooming starting prices, agent asking about the pet's history, and explaining the medication/exam service process.",medicare_inbound.zip,medicare_inbound/4fe64c75c9794e07a6aa0584e200ef9136656288_transcript.json,medicare,inbound,250.0,0.8934206,340,1933,24,DRUG|DURATION|MEDICAL_PROCESS|MONEY_AMOUNT|OCCUPATION|ORGANIZATION|PERSON_NAME
callcenteren,train,378ca378d7e64af59939e2cbf451e3f9_transcript,18da6b0b12edafe6e3cf6a2920cc143d5116dc0ce696ff4cab56cc8713643b62,"Thank you for calling [ORGANIZATION] [ORGANIZATION] [ORGANIZATION] in the [ORGANIZATION] [ORGANIZATION] for [LANGUAGE] for [LANGUAGE]. Thank you for holding. Please continue to stay on the line. Good morning. Thank you for calling [ORGANIZATION] [ORGANIZATION] [ORGANIZATION]. My name is [PERSON_NAME]. How can I help you? Yes, is it the [LOCATION] location? No, ma'am, at this time. You've reached our [ORGANIZATION] [ORGANIZATION] [ORGANIZATION]. Do you mind me asking what your call is for? Yes, I've been trying to get my [OCCUPATION] for [DURATION] [DURATION] and nobody's here a fav. Okay, so with that yes ma'am, at this time I'm not in that location to even tenoint what that delay may have been for. However, I can definitely place a callback request for you. They did just open about [DURATION] [DURATION] ago. Okay, can you send your [OCCUPATION] [OCCUPATION] another message with me? Yes, ma'am, I can definitely put in that callack request. If you could provide your date of birth so I can locate your file and your name pleasea [PERSON_NAME]. Okay. And currently I show for the best. Yeah, I. If they're gonna call it because I've been doing this for [DURATION] [DURATION]. Understood? Yes, ma'am. So I do see here where you recently came in for your [MEDICAL_PROCESS] [MEDICAL_PROCESS] registration last month. With that they should defite have some type of let's start last year. That's when I've been. I've been trying to get them. Yes, ma'am, I understand completely. I was just making note of the most recent visit just to try to elaborate on what. What should be going on by now. They should definitely have a status update for you of some sort, even if the den are not ready. So. That's right, on the [DATE], they should have been ready. They call me on [DATE] and tell me to come in tomorrow. Tomorrow I'probablyn t get the same bullshit and I'm not accepting this anymore. I need to speak to somebody. If they're not right tomorrow, I want a refund. If I don't, I'm gonna have to get an [OCCUPATION] and sue you because it don't make any sense. Okay. Right way. Yes, ma'am. Understood. So I'm definitely just going to go ahead and send up this request for you. See that this is a matter that's out of my reach. And with that you can definitely re attempt the call as well. In about [DURATION] [DURATION] [DURATION] [DURATION], if you like. Okay. Can you connect me with your office? Unfortunately, I have no way of connecting directly, ma'am. You would just have to try to call again and it's going come every time I call it. They. They Got all the call are transfer to you all they don't answer the phone. Yes, I do apologize for that. I mean is it anyway anybody. Anybody in [LOCATION] they't got any kind of anything for the customers that already paid money prom? I promise you, Ms. [PERSON_NAME], if there was anything additional that I could apply or do at this time, I would certainly do so. But as mentioned before, I will definitely the leastase request that they get in contact with you. I just have no way of pinpointing what exactly they have going on in that facility. The best recommendation I could make you want if you want to get a little bit more direct with communication with them is maybe making a visit to the location if that's of your convenience. But that would be the only other way to effectively communicate. That's jacked up. A company of this side is really jacked up for a company of this size. They have no more communication with their patients than that. That's, that's really messed up. But can you please sen [PERSON_NAME] another email that is urgent that I hear from her? Yes ma'am, definitely will do. Is there anything else I can help with at this time? No ma'am. Like you said, out of your reach. So I guess I deal with the idiots on your at the location. All right, well again and it's coming right back to you already know that because they don't answer the phone. But make, make sure you send [PERSON_NAME] another email for me because I don't know if anybody one they said they was send me. Do you see any emails anydy sent to prooun my file So I have no way of seeing any previously sent emails to her. However, I can assure you I'm going to do my job and make sure that I send that up for you ma'am as protocol costs for can you red flagging and make sure it's urgent because like I say, I'm to the point where I'm about to go give me a [OCCUPATION] and I know for a fact I will win. Now I'm not asking no $[MONEY_AMOUNT] I payid for my [OCCUPATION]. I'm gonna be asking for way more. All I want is what I pay for. Yes, ma'am. Ms. [PERSON_NAME] make sure you put that in [PERSON_NAME] and the notes of [PERSON_NAME] so she ain't returning my call. So she's unprofessional too. I mean I know I'm just one patient, but I m one patient and I'm payid my money and then waiting for [DURATION] [DURATION] for something as simple as [OCCUPATION]. So I'M going to try to call the fund hundreds again. And when it come back to this location and I do the same thing, keep making the same complaint to [PERSON_NAME]. Mailbox is full. And she hear me? Yes, ma'am'sor. I am composing that email for you as we speak. I promise I will send it up for you. Okay? Okay. Red flagged. So you'see it? Yes, ma'am. A red alert. I have already put it in an urgent status for you. Yes, ma'am. Okay. Thank you so much. You're welcome. Bye.","OPENING, NEEDS_ANALYSIS, ACTIVE_LISTENING",0.9,True,"Contains a greeting, agent asks for personal details to locate a file, and uses empathetic phrases to acknowledge the customer's situation.",medicare_inbound.zip,medicare_inbound/378ca378d7e64af59939e2cbf451e3f9_transcript.json,medicare,inbound,412.0,0.87206495,980,5383,48,DATE|DURATION|LANGUAGE|LOCATION|MEDICAL_PROCESS|MONEY_AMOUNT|OCCUPATION|ORGANIZATION|PERSON_NAME
callcenteren,train,8fdf577b8fdb46da89af973587a4823e36277553_transcript,18e538f2de045e535ef5c826b8f64a2f1a4981b75476fa4bfbf8ba3d6ab87671,"Thank you for calling [ORGANIZATION] [ORGANIZATION] [ORGANIZATION] [ORGANIZATION] [ORGANIZATION]. How may I help you? Hey, good afternoon. I was looking for some information. I have a [INJURY]. I'm not a patient there. If think I need like an [MEDICAL_PROCESS] [MEDICAL_PROCESS] is it's causing me pain. Do you guys have anything available for tomorrow? Let me see. You said you've been here before? No, never before. Let me look at tomorrow'schedule as of right now, it doesn't look like we have anything for tomorrow. If you want to give us a call tomorrow morning and see if anyone has canceled. If not, when you call, we can schedule you for possibly Saturday. But if you call tomorrow morning, we may have had a cancellation. Okay. You want to just do that? Yeah, I guess if tomorrow doesnt work out, I guess when would be like the earliest available? It would be. It would be Saturday afternoon. Okay. We'be looking at. We have one [OCCUPATION] here and our schedule for full could probably do. We'd probably be looking at [TIME]. All right. And then we also have another location that's in [LOCATION] who might have more openings. They are not open tomorrow, but they are open Saturday. They may have something Saturday morning. I guess the cost estimate. What would we be looking at there? Because I think I need like an [MEDICAL_PROCESS] [MEDICAL_PROCESS] and an exam and a [MEDICAL_PROCESS]. You don't have any dental insurance? I mean, I have a liberty, but that's like Medicaid. I don't know if you guys take that. No, we don't. So the emergency visit is $[MONEY_AMOUNT]. That covers the exam, [MEDICAL_PROCESS] [MEDICAL_PROCESS] and consultation with the [OCCUPATION]. Any work that gets done would be in addition to the [TIME]. I couldn't tell you how much more because if it is a [MEDICAL_PROCESS], it depends how many surfaces it is, and I wouldn't be able to say. But you're looking at [TIME] just for the exam and [MEDICAL_PROCESS] [MEDICAL_PROCESS] portion. Okay, and then. And then what do you need from me? Were you wanting to go ahead and schedule or were you wanting to check with the other location? Yeah, if I could do this Saturday at [TIME]. Okay. Now for our Saturday appointments because they are in high demand and they want to make sure when that schedule shows up, we do have to collect at scheduling. So I would have to collect the [TIME] now. Okay, so I don't know if you wanted to do that or. Yeah, let me call my [MARITAL_STATUS] and figure out which card and giving you a call back. Okay. What was your name? [PERSON_NAME] [PERSON_NAME]. And it was [TIME] for the exam. Okay, and was that the amount due today to hold it. Correct. Okay. All right. I'll just call back at this number and ask for you or anyone that answers would be able to schedule you. But you can ask me either way. All right. Thank you so much. You're welcome. Bye.","OPENING, NEEDS_ANALYSIS, FEE_DISCUSSION, CURIOUS_EXPLORATION",0.9,True,"Includes greeting, agent checking patient history and insurance, discussion of emergency visit costs, and customer asking for availability.",medicare_inbound.zip,medicare_inbound/8fdf577b8fdb46da89af973587a4823e36277553_transcript.json,medicare,inbound,306.0,0.89532393,506,2871,29,INJURY|LOCATION|MARITAL_STATUS|MEDICAL_PROCESS|MONEY_AMOUNT|OCCUPATION|ORGANIZATION|PERSON_NAME|TIME
callcenteren,train,8284424486_transcript,19179cd482f6dbbc568721164839aa4b0b7212b5077f98dbbc491081229fec5a,"Hello? Hello? Yes. Hi ma' am. Very good afternoon to you. My name is [PERSON_NAME]. How are you doing today, ma' am? I'm fine. Oh, that's wonderful, ma' am. Good to know that. So ma' am, the reason today I gave you call is to let you know that your medicare insurance has been updated for the year [DATE_INTERVAL] and you are receiving some additional benefits on your Medicare plan. And that is for no additional cost to you. Okay ma' am. Okay, what is it? Yeah. So the benefits which you are entitled to receive on your Medicare plan at no additional cost are whenever you visit any hospital, [OCCUPATION] or any of your [OCCUPATION], you don't have to pay no co payments from your pocket. Plus you don't have to pay no co payments for your prescriptions, neither for your medications. Plus you don't have to pay no co payments for your dental, vision, hearing glasses, all of them covering up. Plus there is a wide range of coverages around $[MONEY_AMOUNT] for you, healthy food, debit card, over the counter benefits, groceries. And at the end there is $[MONEY_AMOUNT] of money back on your Social Security as well. And all these additional benefits are going to added in your existing Medicare plan. And that is for no additional cost to you. Okay? Okay, perfect. So ma' am, just for the upgradation, I do believe that you can make your own healthcare decisions, correct? Make my own point. You can make your own healthcare decisions regarding Medicare, right? Wonderful. Wonderful. And I do believe that your Medicare with part A and Medicare with part B both are active right now. Is that correct? Yes, they are. Okay, perfect. Yeah. So ma' am, first of all a big congrats to you because I can see that you are totally eligible and qualified for this additional benefits on your Medicare plan. And that is for no additional cost to you. Okay ma' am. Okay, perfect. So ma' am, let me pull out your information quickly. Your first name is [PERSON_NAME], last name is [PERSON_NAME], right? Yes. Okay, perfect. And I have your primary residence. It's [LOCATION] [LOCATION] [LOCATION] [LOCATION], [LOCATION], [LOCATION] [LOCATION] [LOCATION], correct? That's correct. Perfect. And I do believe that you understood that this call is all about your additional Medicare benefits, correct? Yes. Perfect. So ma' am, what will I do now? I will quickly get this call connected to one of my [OCCUPATION] [OCCUPATION]. He just verify your details and directly get this call connected to the [OCCUPATION] [OCCUPATION] who will be from your same area and zip code that is [LOCATION] [LOCATION]. And he will be the right person to telling you about this additional benefits. Which you are receiving this year at no additional cost. In details and all about the paperwork within [DURATION] [DURATION] [DURATION] [DURATION] of your precious time. So, ma' am, just be online. I am getting your call connected. And don't worry, I am there with you online and I'll introduce you to my [OCCUPATION]. Okay? Okay, thank you. Perfect. So just be online. Now, I'm getting your call connected. And before transferring your call, could you just reconfirm. What is your date of birth, ma' am? Your Happy birthday. It's [DATE_OF_BIRTH] [DATE_OF_BIRTH], [DATE_OF_BIRTH]. Okay. But, ma' am, frankly speaking from your voice, you don't sound that old. You sound really young. May God bless you. Well, I've been told that before, ma' am, I'll definitely pray to God for your long and healthy health so that you're always going to be young by your heart and by your voice, too. Well, that's good. Okay. So really appreciate your time and patience, ma' am. Give me [DURATION] [DURATION]. I'm getting your call connected to my [OCCUPATION]. So the line is getting selected. And here we go. Thank you for being online. Okay, sir, we have Mrs. [PERSON_NAME] [PERSON_NAME] online. She's from the state of [LOCATION] [LOCATION] and her zip code is [LOCATION]. And she's interested and looking for some additional benefits on her plan at no additional cost to her. So, Mrs. [PERSON_NAME], this is the [OCCUPATION] [OCCUPATION] we have on the line and he will guide you further. Over to you, sir. Thank you so much. Okay, thank you. Yeah. Hi, ma' am. Thank you for being online. Very good afternoon. Thank you. How are you doing today? Done. All right. Wonderful. Says here, as you have stated, you do have the Medicare, both part C and B, right? The red, white and blue? Yes, I've had those for [DURATION] [DURATION] [DURATION]. Oh, wonderful. And yes, do I have it right? Your first and last name as [PERSON_NAME] [PERSON_NAME], date of birth as [DATE_OF_BIRTH] [DATE_OF_BIRTH]? Yes. What now? All right. Yes. [DATE_OF_BIRTH] [DATE_OF_BIRTH]. Yeah. [DATE_OF_BIRTH] [DATE_OF_BIRTH]. Happy birthday in advance. Your birthday is coming. Thank you. Of this month. May God bless you with the good health. All right. Thank you. [PERSON_NAME]. Do you get any. All right, one second. Your mailing address is [LOCATION] [LOCATION] [LOCATION] [LOCATION], [LOCATION], [LOCATION]. [LOCATION]. That's correct. All right. And do you get any health insurance as a retirement plan from your previous employer or anything like Tricare? No, I get Medicare. I get Tricare for Life. Oh, you get a Tricare for Life. All right, [PERSON_NAME]. [PERSON_NAME]. I will only suggest you to stay with what you have right now, because [ORGANIZATION] is the best thing that you can possibly get or which is available for you. That's what.","OPENING, PRODUCT_PITCH, NEEDS_ANALYSIS, FEE_DISCUSSION",0.95,True,"Contains greeting, a detailed pitch of Medicare benefits, questions about eligibility/decisions, and mentions of no-cost benefits and money back.",insurance_outbound.zip,insurance_outbound/8284424486_transcript.json,insurance,outbound,405.0,0.9592532,926,5473,63,DATE_INTERVAL|DATE_OF_BIRTH|DURATION|LOCATION|MONEY_AMOUNT|OCCUPATION|ORGANIZATION|PERSON_NAME
callcenteren,train,recording-public_823_transcript,19298e3461266288eaaf5c15faf297ce51abb7d408d35e0f3fb15075319ee791,"Yes, hello, this is [PERSON_NAME]. Hello? Yes, ma' am. It's an [ORGANIZATION] call, meaning no buffer time. I have a prospect. Ms. [PERSON_NAME], like last name is [PERSON_NAME]. Date of birth? It's [DATE_OF_BIRTH] [DATE_OF_BIRTH], [DATE_OF_BIRTH]. Zip code is [LOCATION] in [LOCATION]. She is in Arrested Final Expense Program, so kindly assist her. You both have a great day. Thank you. You as well. Thank you. Hi, [PERSON_NAME]. Hello. Hi, [PERSON_NAME] again. My name is [PERSON_NAME] and I'm a [OCCUPATION] [OCCUPATION]. How are you? I'm just fine. How are you? I'm doing well. Thank you so much for asking. So, [PERSON_NAME], do you currently have a policy in place right now or. No, I have one. I bought. I bought one. And expensive. How much are you paying for the one that you buy? Yeah. Yeah. How much are you paying for the one? The one. The one I bought. I'm. I'm paying [MONEY_AMOUNT]. I think it's [MONEY_AMOUNT] or something like that. Every month. Yeah, I think it's expensive for $[MONEY_AMOUNT]. Okay. It's. It's a. $[MONEY_AMOUNT]. Okay. Yes. And I think it's awful expensive. Yeah. You know, I don't. You know, it doesn't pay. It's. Yeah, I think. Isn't that, you know, it's $[MONEY_AMOUNT] worth of life insurance. Yeah. And I bought it when I. When I turned [PERSON_AGE]. Okay. Yeah, that is. Who's it with? What company? Okay. I've had it for a long time. It. It's [ORGANIZATION] [ORGANIZATION] [ORGANIZATION]. Oh, okay. Yeah. That's what it's with. Yeah. That. That's one of the carriers that we do work with. Yeah. Now, are you. Are you looking to get an additional policy or are you trying to replace the one that you have? No, I. I want to keep. Keep. I'm going to keep that one. You know, I've been paying. I pay that much money every month, you know, and for sure. Are you looking to get rates on an additional policy? I don't know. I was just thinking about whether I wanted to add to it or if I want, you know, wanted to get another policy to go, you know. No, I was thinking about it. I don't know. They call me. They've been calling me [DURATION] [DURATION] today. I've had calls for the last week. I know them calling me. Yeah. Well, let me give you [PERSON_NAME]. So that way you at least have an idea of if you wanted an additional, you know, an additional $[MONEY_AMOUNT] of coverage would be $[MONEY_AMOUNT] [DURATION] [DURATION]. So that. Yes. So bad. And then if you wanted $[MONEY_AMOUNT] of coverage. That would be $[MONEY_AMOUNT] [DURATION] [DURATION], and then [MONEY_AMOUNT] would be [MONEY_AMOUNT]. Yeah, it's. How much for [MONEY_AMOUNT]? [MONEY_AMOUNT]. How much did you say? [MONEY_AMOUNT]? No. [MONEY_AMOUNT]. What'd you say? [MONEY_AMOUNT]. [MONEY_AMOUNT]. [MONEY_AMOUNT]. [MONEY_AMOUNT] for [MONEY_AMOUNT]? Yes, 45,000. For $[MONEY_AMOUNT]. $[MONEY_AMOUNT] [DURATION] [DURATION], and that will give you $[MONEY_AMOUNT] of coverage, correct? Yes, for [MONEY_AMOUNT]. See, because I'm paying [MONEY_AMOUNT]. Boy, they're. They're kind of overcharging me, aren't they? Oh, yeah. I don't. No. Yeah. Not. Yeah. I don't know. I don't know if I wanted to. I. I don't know. I don't want to get another one or not. I mean, if you want to get an additional maybe five or an additional seven, you don't have to do an additional [MONEY_AMOUNT]. I mean, unless you want to. But if you're trying to, I will. I don't. I don't know how much, you know, I don't know how much it's going to cost when I die. It's going to cost a lot of money, huh? Yeah. Okay, so the average burial is anywhere between [MONEY_AMOUNT] [DURATION] 12,000 right now. And, I mean, it can go as high as 20. Well, when you. When they. When. When you get. Okay, when you die, I know it's going to be expensive and, you know, for them to bury me, and I just want to be buried. And. And I don't want, you know, our family has always been buried. I don't want to, you know, all of that. And. And I got to thinking, yeah, that's probably what they need, you know, they're going to need the money. I. I have paid off my house, and I want to leave this house for my son to, you know, to sell. To sell or whatever. He owns his own house. He doesn't need nothing, but he could sell this house, you know? Yeah, but. And then, you know. You know what I mean? And they live in [LOCATION] because she was. He met her and she. She's from [LOCATION], so they had to live in [LOCATION]. So, you know, they bought a house in [LOCATION]. So anyway, you know what I mean? So they live in [LOCATION], and so they. So that's where they live. And so anyhow, I don't know what I want to do. I've gone to have. To buy me. I've got. They've got to have money to bury me, and I'm vacant, you know. Well, that's what the policy is for. So you have [MONEY_AMOUNT] what I would recommend and if that's, if you can afford it would maybe be like an additional $[MONEY_AMOUNT], you know, that's just my recommendation. It's good to have like [MONEY_AMOUNT] is a good amount to have, but if it's out of your budget, then you don't need it. They can manage with [MONEY_AMOUNT], you know, but it's up to you. But the [MONEY_AMOUNT], you think the [MONEY_AMOUNT] at [MONEY_AMOUNT], they'll, they'll need [MONEY_AMOUNT]. They're gonna need at least, they're probably need a little bit [LOCATION]. They're probably going to need a little bit [LOCATION] than [MONEY_AMOUNT]. And I've already. And I've left. Well, I've left my son some money up at another bank that. Cash at another bank and okay, he's got that up there so I think he's probably. I just don't know. I don't know what to do, hon. I don't know what to do. That's okay. And so, well, I could always follow up with you, but I do need. I know I'm gonna need [LOCATION] money for him. I know he's gonna need [LOCATION] money for, for I die. I need to leave him some [LOCATION] money. I'm gonna have to leave him [LOCATION] money. He'll have that little bit [LOCATION] anyway. Okay. I'll let you go, I guess. Okay, well. Yeah, I know I can follow up with you if you'd like, in a couple of days to see if you decided what you wanted to do. Or you can start an application and see if we can get you approved for the coverage you don't have to make. No, I mean if you wanted to start an application, the process takes about like [MONEY_AMOUNT] [DURATION] [DURATION] [DURATION]. I think I'll come. I'll just come. I'll just, I'll just wait and see for another time. Okay. Okay. You have a good one. No problem, hun. All right. All right. Bye bye. Okay, you too. Bye bye.","OPENING, NEEDS_ANALYSIS, FEE_DISCUSSION, COMPETITOR_COMPARISON",0.9,True,"Greeting is present; agent analyzes the customer's current policy, discusses the monthly cost, and identifies the current insurance provider.",customer_service_general_inbound.zip,customer_service_general_inbound/recording-public_823_transcript.json,customer_service,inbound,546.0,0.95559543,1169,6496,81,DATE_OF_BIRTH|DURATION|LOCATION|MONEY_AMOUNT|OCCUPATION|ORGANIZATION|PERSON_AGE|PERSON_NAME
callcenteren,train,133310af1b9c4e8a9b8f02a119b75cb136758171_transcript,19b7f71730e0b396eb5cce667d891a1e9937ad16f95ac06c6c27766b48fabc47,"Under [ORGANIZATION] [ORGANIZATION]. This is [PERSON_NAME]. How can I help you? Hi [PERSON_NAME]. It's [PERSON_NAME] [PERSON_NAME] calling on behalf of [PERSON_NAME] and [PERSON_NAME] [PERSON_NAME]. Yes, hi, how are you? Good, thank you. How are you? I'm okay. Honn. So my dad's bridge fell out. Oh no. Yeah. How soon does he need to come in to get it done? It's been out for [DURATION] [DURATION] [DURATION] now. Oh, is he in bankst right now? He is solid book door. BK it's only here Monday and Wednesday. I may have another [OCCUPATION] next week. [PERSON_NAME] taking over [PERSON_NAME]. [PERSON_NAME] while she's on vacation, if you're okay with that. The experience. Oh, yeah, yeah. She's been a [OCCUPATION]. Just she goes to another office. But she's always covering here when [PERSON_NAME]. [PERSON_NAME] away or [PERSON_NAME]. [PERSON_NAME] is away. How young? How many years experience do they have? Think the same as speaking. Oh, so it's not a new [OCCUPATION]? Not a new [OCCUPATION]. Understand. Just new in our office. Okay, how soon can we come in? Because I understand the gums might start changing. Right. But if as soon as the temporary is put in, then that one we have to not. You can't wait that long to cement the final ground. But. But because that one is the old clown that she has that he has the old bridge. Bridge y the lab. So. Okay, let me see. Because I need to know how much time also let me just double check. Sure. Thank you. You know what? Maybe [OCCUPATION] and [PERSON_NAME]. [PERSON_NAME] did a quick check on him just to know exactly how much time we need to book. So how many visites is gonna be? So it will be for him to check a quick appointment. Then the next one will be the next visit will be a longer appointment, then the third visit. That will be the final [MEDICAL_PROCESS]. Okay, okay. It will be a little shorter appointment. Okay, so how soon can we get him in? We can see him this Wednesday. Stay with offph aig if that works. Yes, fin. We can see him either [TIME] or at [TIME]. Just to get an idea how much time that he need. It's good. Sorry, Wednesday. Can we do like ye. It has to be in the afternoon. Yeah, I can even do a little bit later. Like say [TIME] or [TIME]. We can do before you see. I'll put him in between patient at [TIME]. Okay, let's do [TIME]. Okay. All right, so we'll see him at [TIME]. And that's for your guys on this Wednesday. Yeah. Okay, no problem. [PERSON_NAME]. Yeah, yeah. It will be just a quick appointment. Yeah, to look at it and see how much yess and see how much time he needs. So we can't book the next appointment until we do this one first, right? Exactly. Yeah. Yeah. Okay, because how much time does it usually take, like to [MEDICAL_PROCESS] [MEDICAL_PROCESS] [MEDICAL_PROCESS] [MEDICAL_PROCESS] and. Sorry. It. No, no. I mean, how long before the gums change? Once they prefer the to. Because they [MEDICAL_PROCESS] [MEDICAL_PROCESS] in there. That there. Until the cement. That one. It doesn't matter now because once they're preparing the teeth, they're gonna adjust to whatever it's there and then they take impression. So it's after the preparation. It's more critical when they have to wait longer or if. If the [MEDICAL_CONDITION] came off, then that one they have to be in sooner. Okay. Now it's okay because. So the way he is now without the teeth and the. And the gums. Right. How long before that? How long before the gums start changing? How soon does he need to come in to get it done? That is a urgent. They have to be determined by [PERSON_NAME]. [PERSON_NAME]. because he can see, he can assess if he should grow faster or not. Okay. Okay, so we'll know Wednesday. Okay, we'll see it [TIME] this Wednesday. Thanks, [PERSON_NAME] [PERSON_NAME]. You're welcomek. Have a good day. You too. Bye for nowbye. Bye. Thanks.","OPENING, NEEDS_ANALYSIS, CURIOUS_EXPLORATION",0.85,True,"Greeting present, agent analyzes the patient's medical need, and customer asks about the provider's experience.",medicare_inbound.zip,medicare_inbound/133310af1b9c4e8a9b8f02a119b75cb136758171_transcript.json,medicare,inbound,264.0,0.8757688,683,3829,47,DURATION|MEDICAL_CONDITION|MEDICAL_PROCESS|OCCUPATION|ORGANIZATION|PERSON_NAME|TIME
callcenteren,train,dfe89b4ff4f64a3ab4d18a86282e0654_transcript,19d72863aaa5a00a2512524f2fef36a79aa8711de428240d94a7b35dc2098a05,"Picture [ORGANIZATION] [ORGANIZATION]. This is [PERSON_NAME]. Hello? I don't know if I've got called the right number or not. I was looking for the glass. [OCCUPATION], is this correct? Yes, sir. Oh, I'm sorry, I thought I called some other business there for a second. I understand you guys need like shower doors and stuff like that. Yes, sir. We would just have to come out and take measurements and they'be able to go over the type of glass and hardware and everything that that we offer. Do you have anybody that could come to [PERSON_NAME] today? I don't have anyone today. I would be able to do it tomorrow or any [DURATION] next [DURATION]. Tomorrow will work. Okay, I'm at [LOCATION] [LOCATION] [LOCATION]. You said [LOCATION] [LOCATION] [LOCATION]? Yes, ma'am. And what's a good phone number for them to reach you at? And what's your first and last name, sir? [PERSON_NAME]. [PERSON_NAME] [PERSON_NAME], [PERSON_NAME], [PERSON_NAME], [PERSON_NAME], [PERSON_NAME] [PERSON_NAME], [PERSON_NAME], [PERSON_NAME]. And what'the zip code for you? It would be [LOCATION]. All right. Il put it on tomorrow. They'll get their schedules in the morning and route their jobs as economically as possible. And then they'll give us about. And then they give about a [DURATION] [DURATION] [DURATION] [DURATION] call ahead to let you know when they're headed your way. That was my next question. I appreciate you telling me that because sometimes you got to handle things. You can't be here [DURATION] [DURATION] [DURATION]. Yeah, of course. They'll give you that call to let you know when they're headed over there. And if you need more of a roundabout, like if it's looking like morning or afternoon time frame, if you'll just get our office a call around [TIME] we should be able to look at their routes and see if it's looking like they'll be in your area either in the morning or afternoon. All right. Thank you. Yes, of course, sir. Have a great [DURATION]. You as well, sir. Thank you. By bye. By.","OPENING, PRODUCT_PITCH, NEEDS_ANALYSIS, SUCCESSFUL_SALE",0.9,True,"Greeting present; agent explains the measurement process (pitch), collects customer data, and successfully schedules an appointment.",home_service_inbound.zip,home_service_inbound/dfe89b4ff4f64a3ab4d18a86282e0654_transcript.json,home_service_telecom,inbound,153.0,0.899873,337,1995,33,DURATION|LOCATION|OCCUPATION|ORGANIZATION|PERSON_NAME|TIME
callcenteren,train,d68be7f4581d48a8b8c9bccc1d864848_transcript,19de8a5f530b7fc921004dd91a961dddb47d6931e711966341fa7d1b30264880,"It's a great dayister [ORGANIZATION] on [ORGANIZATION] [ORGANIZATION]. This is [PERSON_NAME]. How may I help you? Hey [PERSON_NAME]. I'GONE online and requested an appointment and just trying to get an idea about when'might be able to come out. I'm trying to plan my day here. If you stop were able to see this or not. It's [PERSON_NAME] [PERSON_NAME]. [PERSON_NAME] [PERSON_NAME] [PERSON_NAME] [PERSON_NAME] [PERSON_NAME] [PERSON_NAME] [PERSON_NAME] okay, give me just one second. Sure. And I do show you're calling from [PHONE_NUMBER]. Is that the best number to reach at? Yes sir, it is. [PERSON_NAME] what is Your sitip code? [LOCATION] and what did you. What kind of service did you need? I'm sorry? What did you need to have done? It's a outdoor GFI plug that seems to be faulty and I can't seem to get working right. There's some other lights that are downstream from it that aren't working because of that I'm assuming. Okay, give me just one second. I'm going to put you on hold and let me see if I can connect you directly to them. Thank you. Okay, give me just one second. I'll be right back. Ok. Hello [PERSON_NAME]? Yeah. Okay. He but your electric is on the line. They will help you out. Thank you. Thank you [PERSON_NAME] for calling. And what type of service did you need sir? Hey, I've got a outdoor GFI plug that I can't seem to reset. I actually changed it out to a new one. It's still doing that. There's some downstream lights from it too that aren't working. I'm stuck. I need some professional helpill. No problem. [PERSON_NAME]. What is the address we would be coming out to? It is [LOCATION] [LOCATION] [LOCATION] [LOCATION], [LOCATION] [LOCATION] [LOCATION] [LOCATION] [LOCATION] [LOCATION], and that's in [LOCATION]. [LOCATION] [LOCATION]. Just one moment. [LOCATION] test I located. And what was the last name? [PERSON_NAME] [PERSON_NAME]. [PERSON_NAME] [PERSON_NAME] [PERSON_NAME] [PERSON_NAME] [PERSON_NAME] [PERSON_NAME] [PERSON_NAME] [PERSON_NAME] that was that the phone broke up for minute. It was [PERSON_NAME] [PERSON_NAME] [PERSON_NAME] [PERSON_NAME] [PERSON_NAME]. Yeah. [PERSON_NAME] [PERSON_NAME] [PERSON_NAME] [PERSON_NAME] [PERSON_NAME] [PERSON_NAME] [PERSON_NAME]. All right. Thank you sir. N is the [PHONE_NUMBER]. Is that the best contact number? No, I don't know what that number wise you had there. Oh that was the. I'm sorry. That was the Mr. [ORGANIZATION] number when they called in from the [ORGANIZATION] [ORGANIZATION] [ORGANIZATION]. I got you. I'll get that off the. It just pulls the call in. So that was the first number I looked at. I see. And once we come out we'll go Ahead and determine what we need to do to get this GFI and the outlets working again. What is the best email to forward that information to give me just one [DURATION]. And just to confirm, [PERSON_NAME], you are the homeowner and this is your primary residence. That's correct. Just one moment and I can get someone to come on out and help you out. I've got a window on [DATE] [DATE] [DATE] in the afternoon between [TIME] [TIME] and [TIME]. Will that fit into your schedule? Will they give me a little advanced notice when they're coming? Oh, absolutely, yes sir. They'll call you with a [DURATION] [DURATION] [DURATION] [DURATION] ETA before they arrive. Okay, yeah, that'd be great. It works when [TIME] and [TIME]. Okay. When they. Yes sir. And when they do call with that [DURATION] [DURATION] [DURATION] [DURATION]. Just let them know when your availability is and they'll set up for the [OCCUPATION], meet you at the location. Right. When he does arrive, he'll look at the situation. He may have to troubleshoot. If he does troubleshoot, he'll give you upfront pricing on that. But typically on approval they can have everything completed while they're on site. If you did have us to work, how do all you should pay? We do accept cash, check or credit cards. Okay. All right, well I'll wait for a call between [TIME] then. All right. Thank you so much for calling us, [PERSON_NAME], and we'we'll come out and see you on Monday. Oh, Monday? I thought you said today. Oh, o I can put you on call for today if we have a cancellation. They are running a little behind today because of all the storm damage that was done. Yeah, we can set that up for Monday and put it on call. If they do have availability today, would that work? Yeah, I'm not sure money is going to work, but we'll try to make it work. So yeah, just keep me on the schedule and yeah, if you can put me on the they have a cancellation whatever call today, that'd be great too. All right, no problem. I've got that taken care of. [PERSON_NAME], thank you so much for calling us and you have a great day. You as well. Thank you. Bye bye. Thank you. Byee.","OPENING, NEEDS_ANALYSIS, ACTIVE_LISTENING",0.8,True,"Contains greeting, agent asks for zip code and service type, and acknowledges the specific electrical issue described by the customer.",home_ervice_inbound&telecom _outbound.zip,home_ervice_inbound&telecom _outbound/d68be7f4581d48a8b8c9bccc1d864848_transcript.json,home_service_telecom,outbound,484.0,0.8983669,816,4751,83,DATE|DURATION|LOCATION|OCCUPATION|ORGANIZATION|PERSON_NAME|PHONE_NUMBER|TIME
callcenteren,train,658387f6d5904b34a1297f7d59da64ef_transcript,19f59b6990c729475863a0c7cf5d2790e37b6853d36e8ce05de9c84e827d66ff,"It's a great daya. Mr. [PERSON_NAME], [ORGANIZATION] [ORGANIZATION]. This is [PERSON_NAME]. How may I help you today? Hi, do you have me schedule today? My last name is [PERSON_NAME], first name [PERSON_NAME]. Hello. Hello. Yes, so you mentioned that we have. Do you have me scheduled today for an appointment? O. Okay. So you said your first name is [PERSON_NAME] is there correct? Right. I show the number you're calling. Is this the best number to reach you? Yes, they said they would call me today yesterday. But they never called. But they said I was scheduled for today supposed to come out today. Ok, My today got you. So sorry to hur that nobody contact you but let me just double check your the information. I understand how important it may be for you too. Confirm your appointment. Is your zip code [LOCATION]? Yes, [LOCATION] [LOCATION]. Thank you. Okay, give me one second. So you mentioned that yesterday somebody is supposed to contact you but nobody did it. Correct? Right. But he said I was scheduled for today. So I was going to call and see since nobody called and I was supposed to be in morning visit. It's getting later. Oay I will wellly informationma and they will be contact you as soon as possible in order to confirm your appointment. Okay. Is there something else I can do for my end? You can't tell me if somebody is coming. We are [ORGANIZATION] [ORGANIZATION] [ORGANIZATION] so we are not able to see or check that information. And if they gave me. Did they give me a different number to call? Like. What do you mean give you a different number to call to call them? Different number? Yeah. So maybe. I't know. Maybe I didn'get the book for them because they couldn't put in a B day. We are not able to provide a local office numbers so they will be getting in contact with you. Okay. All right, never mind then. I'll wait and see if somebody shows up. Okay. Something else I can help you with today? No, thank you. Bye. Thank you very much for calling [ORGANIZATION]. [ORGANIZATION] [ORGANIZATION] [ORGANIZATION]. We appreciate your business. Have a great day Than. Thank you.","OPENING, NEEDS_ANALYSIS, MISUNDERSTANDING, ACTIVE_LISTENING",0.85,True,"Greeting present; agent verifies customer details; customer is confused about the agent's ability to see the schedule, and agent acknowledges the issue.",home_ervice_inbound&telecom _outbound.zip,home_ervice_inbound&telecom _outbound/658387f6d5904b34a1297f7d59da64ef_transcript.json,home_service_telecom,outbound,215.0,0.8637437,376,2108,17,LOCATION|ORGANIZATION|PERSON_NAME
callcenteren,train,4c59ea75e82d414a8010c66b7e538e82_(1)_transcript,1a25f7211069bcc962377a26f122216d33a14fe521fbf27c94fe759acbb7cc01,"[ORGANIZATION] [ORGANIZATION]. Fixing your pains in [LOCATION] [LOCATION] since [DATE_INTERVAL]. For existing accounts, property management and facility maintenance companies, press [PHONE_NUMBER]. For new estimates or home or business. For autolast replacement. For scheduling dispatch and to check the status of existing orders, press [PHONE_NUMBER]. For placing a deposit, the [ORGANIZATION] [ORGANIZATION]. Thank you for calling scheduling and dispatch. Please hold for the next available [OCCUPATION]. Last talk is [PERSON_NAME]. Hi, I wonder if you could check on and see if your're. If you have an existing order for me. Okay, give me just a second. I'm in dispatch, so it's going to take me a second. Okay, thank you. Hang on just one second. I'm going to have to transfer you to the proper department. Hold on, [PERSON_NAME]. Okay, let me get you over to service. Hold on. Thank you. Please hold while I try to connect you. Thank you for holding. This is [PERSON_NAME]. How can I help you? Hi, my name is [PERSON_NAME] [PERSON_NAME]. I wanted to see if you're holding. If you have an existing order for me. I'm trying to track it down. Someone came out and I thought we contracted for something, but I haven't heard from him in [DURATION] [DURATION] [DURATION]. Let's see where we're at on it. What city are you in? [LOCATION] [LOCATION]. Okay, Is it [LOCATION] [LOCATION] [LOCATION] [LOCATION] [LOCATION] [LOCATION]? That's right. If I can get this computer. If I'd be in a little better position. Let's see. Try this again. Let me check a different way. What phone number would we have on file? And it's possible I have the wrong place. I just was left. I was left nothing and so I'm ask. Well, let me check one more thing. What was the Property address there? [LOCATION] [LOCATION] [LOCATION] [LOCATION]. I do believe that was somebody else. All right, that's the [LOCATION] I come back. My most recent records are from [DATE_INTERVAL] and it was an [LOCATION] address so just the bill building number alonean that was my most recent so m sorry, I wish I can give you an update, but it wasn't with us. Absolutely. Thanks so much. Absolutely. Things change. We're still here. Take care. Thank youe. Bye.","OPENING, NEEDS_ANALYSIS, CURIOUS_EXPLORATION",0.9,True,"Contains greetings, agent asks for location and phone number to locate an order, and customer is inquiring about a previous contract.",home_service_inbound.zip,home_service_inbound/4c59ea75e82d414a8010c66b7e538e82_(1)_transcript.json,home_service_telecom,inbound,248.0,0.90130174,373,2214,33,DATE_INTERVAL|DURATION|LOCATION|OCCUPATION|ORGANIZATION|PERSON_NAME|PHONE_NUMBER
callcenteren,train,recording-public_971_transcript,1ac0959d3d2dfa64d15d0f730de223d100fdb7e8545354a021449610938b5d4d,"Hello, this is [PERSON_NAME] [PERSON_NAME], [OCCUPATION] [OCCUPATION] with [ORGANIZATION] [ORGANIZATION]. Hi, Sir, I have Mr. [PERSON_NAME] [PERSON_NAME] [PERSON_NAME] from [LOCATION] [LOCATION]. He is [PERSON_AGE] and is looking to get the information about 20,000 coverage plan. So can you please take over the call and may you both have a wonderful day. Yes, thank you very much. Hi, [PERSON_NAME], how you doing? Good, good, good. Just wanna let you know my name's [PERSON_NAME] [PERSON_NAME]. I'm a [OCCUPATION] [OCCUPATION]. Just want to ask you a few questions to determine whether on a final expense plan would make sense for you and your family. Does that sound good? Yes. And then you said [ORGANIZATION] [ORGANIZATION]. [ORGANIZATION] [ORGANIZATION], okay. I'm an [OCCUPATION] [OCCUPATION], [OCCUPATION] [OCCUPATION] with them. And my first. Yeah, my first question for you, [PERSON_NAME], is do you have a final expense policy now or something in place to pay for your funeral or burial expenses or leave behind money for family? No, I don't have anything right now. Nothing. Right. Okay. All right, well, what we do is we gather some information from you, ask you a few quick health questions so we can give you an accurate rate. I'll search across all the top rated carriers and we'll get the best option, three best options for you and your family that'll get you the most coverage, the lowest rate. Now the premiums fall between about [MONEY_AMOUNT] to $[MONEY_AMOUNT] per [DURATION]. That depends on how much coverage you select. Is somewhere between [MONEY_AMOUNT] and [MONEY_AMOUNT] [MONEY_AMOUNT] per [DURATION]. Something you can afford each [DURATION]. That be within your budget? Yes. Okay. All right, no problem. Okay. Now, we don't require a [MEDICAL_PROCESS] [MEDICAL_PROCESS] or [MEDICAL_PROCESS] [MEDICAL_PROCESS] like most companies do to get coverage. But we do have a few important things that all final expense carriers require from you to be able to take out a policy. The first is you must verify that you're a [LOCATION]. citizen with your Social Security number. Do you have your social. Okay, excellent. Do you have your social available today to give to the carrier? Yes. Okay. You must also have the authority to make your own final decision. Financial decisions. I'm sorry, without the power of [OCCUPATION], you're able to make those decisions? Yeah, I'm the only. I'm the only one. Okay, excellent. All right. Now last one is the bank draft is usually the. The best way to do. It's preferred method for our carriers and they can approve for coverage at a lower rate. Do you have access to banking information? We're setting up payments if you were to get a policy. Of course. Yeah, I do. I have a two checking accounts. Okay. All right, excellent. All right, great. What I'll do is I'll gather some information now so we can submit the application. Does that sound okay to you? Well, right now I'm extremely busy and. Okay, okay. It's just. It would not be fair to you to. I. I can't concert. You know, I. I've got. I've got an appointment that I have to leave for shortly and. Okay. Just have to do it. All right. Did you want to call me back? I can give you my number. You can call me back direct. Okay. Whenever you're ready. Okay. It's okay. I'm right in my name. All right. It's [PHONE_NUMBER]. Sorry. Sorry about that. It's my dog in my home office. [PHONE_NUMBER]. Okay. [PHONE_NUMBER]. [PHONE_NUMBER]. [PHONE_NUMBER]. That's correct. Okay. [PHONE_NUMBER], [PHONE_NUMBER]. What state is that in? I'm in [LOCATION] [LOCATION], actually. Next. I'm across the bridge. I don't. Yeah. A while away from. Okay. Yeah. So you. You're sort of. In a way, you're sort of in the area that. Where [PERSON_NAME] [PERSON_NAME] is from, probably. Exactly. [LOCATION]. Yep. My son used to play. Well, not with him, but played ball against some of his old team, actually. [ORGANIZATION] [ORGANIZATION] [ORGANIZATION] and very familiar with that area. About [DURATION] [DURATION] away from [LOCATION]. Yeah. So, yeah, we love [PERSON_NAME] talking now. Yeah, they're starting to talk now about how they. They should probably trade [PERSON_NAME] and [PERSON_NAME] and get. Get some. Get multiple [OCCUPATION] to staff the, you know, all the positions because. What. Yeah, he's [INJURY] right now, and [PERSON_NAME] can't carry. Carry the whole freight himself. Yes. I'm noticing that trend with the [ORGANIZATION] that slipped without him in there. That bat, they need that back. That brings up. That brings up [PERSON_NAME] level of play, too, when he's in there, when [PERSON_NAME] in there. So. Yeah, that's. Yeah, you know. Yeah, I'm with you on that. That's. They need him in there. But he had a trait. Oh, [PERSON_NAME] great to be able to pitch like that and also hit. I mean, incredible. That's old school, you know. Yep. But. Yeah, yeah, definitely. Definitely with you there. But, [PERSON_NAME]. Yeah. I don't want to take up your time, but whenever you're ready. Just reach out whenever. If I'm not available, leave me a message and, you know. Yeah. So I had trouble. Okay. I had trouble understanding the man who called. What company is he with? He is. Well, we have the [OCCUPATION] that call out to people that have reached out in the past or you know, looking for insurance and they just generate interest and basically send them over to the [OCCUPATION] [OCCUPATION]. And then what we do is, you know, for license in that state, which I am. I'm in [LOCATION]. Thirteen other states. Then we handle it from there. Okay. So they just basically, yeah, generate the interest and I have access to all the carriers. So I'm a [OCCUPATION]. So just so you know. So not with one company, you know, so I can. I can definitely help you. Okay. And then [ORGANIZATION], which. How is it? [ORGANIZATION] [ORGANIZATION], [ORGANIZATION]. Yeah. [ORGANIZATION] [ORGANIZATION], [ORGANIZATION] [ORGANIZATION], [ORGANIZATION], [ORGANIZATION]. [ORGANIZATION] [ORGANIZATION], [ORGANIZATION]. No [ORGANIZATION]. No. Yeah, [ORGANIZATION] [ORGANIZATION]. Okay. No. All right, sounds great. All right, [PERSON_NAME], have a good rest of your day. I'll talk to you soon. Okay, sounds good. Okay. Okay. All right, bye. Bye.","OPENING, NEEDS_ANALYSIS, PRODUCT_PITCH, FEE_DISCUSSION",0.95,True,"Contains opening, questions about current coverage (needs analysis), a pitch for a final expense plan, and discussion of premium costs.",customer_service_general_inbound.zip,customer_service_general_inbound/recording-public_971_transcript.json,customer_service,inbound,410.0,0.952903,1027,6239,91,DURATION|INJURY|LOCATION|MEDICAL_PROCESS|MONEY_AMOUNT|OCCUPATION|ORGANIZATION|PERSON_AGE|PERSON_NAME|PHONE_NUMBER
callcenteren,train,5d1e9365f16c49e9bd25e28fe51c2b5c_transcript,1acafcff8781db8b0035ddf4bd54e4f5667f04bc832db628febb3f20fb559dad,"Thank you for calling the [ORGANIZATION] [ORGANIZATION] [ORGANIZATION]. If you know your party's direct extension, you can dial it at any time. If you would like to schedule an appointment or have any questions about insurance or billing, please press [PHONE_NUMBER]. To speak with an [OCCUPATION] about glasses, please wait a moment. [DATE_INTERVAL] fr didn house designer frames for children to adults and styles for every occasion. No one only has one pair of eyeglasses. Our experience [OCCUPATION] can assist you in your selection by discussing the pros, cons and performance of the products based on your specific needs. Our stateuce thank you for holding. How can I help you? Yes ma'am, I was calling to please do you all take Medicare and Medicaid insurance? So we do take Medicare. We don't take Medicaid. Okay, Medicare you do. Okay. Is it possible that I can see if I can schedule an eye appointment? We can with. The only thing is is we would charge you the 20% since we are not in network with the Medicaid. So you'd be responsible for anything that Medicare does not cover. Okay. So it be okay. That would be great. Okay. Okay. Are you a. Your patient? Yes, I am. Okay. What's the last name? [PERSON_NAME]. First name? [PERSON_NAME]. Phone number? [PHONE_NUMBER]. Date of birth? Your address? [LOCATION] [LOCATION] [LOCATION] [LOCATION] [LOCATION]. [LOCATION] [LOCATION] [LOCATION] [LOCATION] [LOCATION] [LOCATION]. [LOCATION] [LOCATION] [LOCATION] [LOCATION]. [LOCATION] [LOCATION] [LOCATION] [LOCATION] [LOCATION]. [LOCATION] [LOCATION] [LOCATION] [LOCATION]. All right. And City [LOCATION]. And the zip code? 773-73/kay so Medicare. What is that ID number for Medicare? I'ALREADY had that out. I'm talking. Hold on, let me get it for you quick. It is [HEALTHCARE_NUMBER]. Okay. Do you have the updated ID hard for Medicare because the new one has letters in it. This is the ID number. Actually this is my [ORGANIZATION] [ORGANIZATION] plus insurance. Okay, so I would need the Medicare. Would that, would that number be on the card also like the Rx D I N or Rx? No, if you have, if you have Medicare, the traditional Medicare, the red, white and blue, it would be a red and blue card. Okay. Red, white and blue. No, I don't have those numbers and letters. Okay. I don't have that card because everything is tied into my [ORGANIZATION] [ORGANIZATION] [ORGANIZATION] plus insurance. Okay, so then we're not going to be in network with that insurance. Oh, okay. All rightty then. Thank you so much. You're welcome by bye.","OPENING, NEEDS_ANALYSIS, FEE_DISCUSSION",0.9,True,"Agent greets, verifies insurance eligibility, and discusses the 20% co-pay responsibility for the appointment.",medicare_inbound.zip,medicare_inbound/5d1e9365f16c49e9bd25e28fe51c2b5c_transcript.json,medicare,inbound,270.0,0.8805428,420,2535,41,DATE_INTERVAL|HEALTHCARE_NUMBER|LOCATION|OCCUPATION|ORGANIZATION|PERSON_NAME|PHONE_NUMBER
callcenteren,train,f5b23ba81bd942afb76207fb9fa2b86a_transcript,1b1c4be5029dd3d8f24184a5d530921b47b3ab8304c577dc4ca4a002a0414996,"That in wildlife is. Is wrong. Yes, I'm inquiring about getting a raccoon out of my backyard. Okay, what's going on? How long has it been there for? What he doing? Well, you know, in and out, but the last [DURATION] [DURATION] it's been bad. I'm sorry, the last [DURATION] [DURATION] he's been in and out. You said the last [DURATION] [DURATION] of raccoon has been in and out. Now he's tearing up the place. Oh no. What? Is he tearing up the backyard or is he tearing up the structure? Is he getting in the attic or the crawl space at all? No, he's not. No. As far as I know he's not in the house, not in the attic. He's just in the backyard. Okay. Yeah. Typically if they are sticking around, they are trying to find a shelter. Just from my experience, I been do this for about [DURATION] [DURATION] but I could just also be looking for grub. But I can come out and take a look. What city are you calling from? I live in [LOCATION]. Okay. So my first available appointment is Monday, [TIME] to [TIME]. Does that time slot work for you? I can come out, take a look. My inspection is free. I don't charge with the inspection. I will look in the attic and the crawl space if we have one, just to make sure he's not there or he's not at least nesting there because it is baby season and they are having babies and then we can kind of take it from there. But the inspection process itself is free. Okay, well I have. They have been up in the attic and they have a rat trap up there. So I don't think they. I don't think there's anything up there. It's just in the backyard. He tearing stuff up. No problem. I can always look at the part of the section but if you don't want me to check that far. Okay. And what organization are you with? Best pests in wildlife control. We're a five star company. Now out of curiosity, are there rats? Is that why [ORGANIZATION] is doing that? Because if there are rats, that even explains why you have raccoons. Well, he just set a trap about [DURATION] [DURATION] ago, so I don't know. I haven't seen any rats. But he did set a trap up in the attic. So he's coming tomorrow to see if we caught anything. But this raccoon has been in and out of my yard for [DURATION]. Oh Gode. So I would say again, I've been doing this for a while. They are there because if [ORGANIZATION] is Setting up traps up there. That means they probably found rodent feces and your att it. And if you have rodent fees in your attic, that's the evidence that there are rodents. And if there are rodents, that's why the raccoons are there. So it's just an ecoystem. And the triangle buy food, water and shelter. That's what the raccoons are there for. M okay, well, they come and go. I mean, I don't know if there's one or many, but. Right. They're gone and they'll come back and. Understood? Yeah. Like, would you like me to put you down for the [TIME] to [TIME] [TIME] on Monday to do an inspection? Yeah, just a minute. I need to. I don't have my calendar in front of me. O well, put me down and then let me check my calendar and I'll call you back if there's problem. Okay, Not a problem. What's your first and last name? [PERSON_NAME]. [PERSON_NAME] [PERSON_NAME] [PERSON_NAME] [PERSON_NAME] [PERSON_NAME] [PERSON_NAME] [PERSON_NAME] [PERSON_NAME]. That's your loc name. I do. [PERSON_NAME]. Yeah. [PERSON_NAME]. [PERSON_NAME]. Okay, and what's your address, Ms. [PERSON_NAME]? [LOCATION] [LOCATION]. [LOCATION] [LOCATION] [LOCATION] [LOCATION] [LOCATION] [LOCATION] [LOCATION] [LOCATION]. That's orange zip code [LOCATION]. All right. And is the phone number you're calling from a good number to put on file? I'm sorry? Phone number you'calling from a good number to put on file? Oh, yeah. Sh. I'm sorry. Ye and lastly, I just get an email address from you and that' right? Yep. Okay, perfect. You are all that. Y justute. Okay, what were the times between [TIME] and [TIME] then I'll give you a [DURATION] [DURATION] heads up before arrival. Okay. All right, that'll work. What's your name? My name is [PERSON_NAME]. I'm actually one of the [OCCUPATION] here. If you have any questions, please feel free to give me a call. Yeah. What did you say your name was? [PERSON_NAME]. Like [PERSON_NAME] and [PERSON_NAME]. Kind like the country. [PERSON_NAME]. Okayay. All right, I'll see you on Monday then. Hu. Sounds good. Absolutely. We'll see you then by bye. Yeah. Thank you.","NEEDS_ANALYSIS, PRODUCT_PITCH, FEE_DISCUSSION",0.9,True,"Agent analyzes the raccoon problem, pitches an inspection service, and explicitly states the inspection is free.",home_ervice_inbound&telecom _outbound.zip,home_ervice_inbound&telecom _outbound/f5b23ba81bd942afb76207fb9fa2b86a_transcript.json,home_service_telecom,outbound,371.0,0.87742275,798,4384,53,DURATION|LOCATION|OCCUPATION|ORGANIZATION|PERSON_NAME|TIME
callcenteren,train,2525310790_transcript,1b27b0d9e4e59e9aaacc243c5b7bef8788bc2576dae18f63957cc8d520b18a23,"Hello? Hello. Hi sir, this is [PERSON_NAME] here from [ORGANIZATION] [ORGANIZATION]. How are you doing? That sounds great. So sir, the reason I'm calling you today is because your Medicare insurance is getting upgraded for this year. And also sir, you are receiving some additional Medicare benefits and this will be at no additional cost to you. So I hope it sounds good for you. Sir. [PERSON_NAME], what was the question? Sir, I mean to say like after this upgradation all your expenses will be taken care by Medicare part A and part B. And also sir, after this upgradation you will be receiving up to $[MONEY_AMOUNT] money back in your [ORGANIZATION] [ORGANIZATION] as well. So sir [PERSON_NAME], for the upgradation I do believe you have both Medicare part A and part B active. Right? Okay. And sir, I do believe regarding Medicare you make your own decisions, Correct sir? Yes. Okay. And sir, right. Just for the confirmation I can see here you are residing in [LOCATION] [LOCATION] [LOCATION] [LOCATION], [LOCATION], [LOCATION] [LOCATION]. And your zip code is [LOCATION]. Correct sir. Excellent. Okay. And sir [PERSON_NAME], what's your date of birthday? Your birthday. What did you say? Your date of birth? Your birth date. [DATE_OF_BIRTH]. [DATE_OF_BIRTH]. [DATE_OF_BIRTH]. Thank you so much. And so your last name spells as [PERSON_NAME], [PERSON_NAME], [PERSON_NAME] [PERSON_NAME] [PERSON_NAME] [PERSON_NAME]. It's [PERSON_NAME] then, right? That's right. Okay. So sir, why first of all a very big congratulations to you sir, because I can see here you are totally qualified and eligible to get this benefit at [MONEY_AMOUNT] [MONEY_AMOUNT] premium to you. So sir, why what I'm going to do right now, I get you connected to my [OCCUPATION] [OCCUPATION] [OCCUPATION] and she will be from your same area with the same zip code that is [LOCATION]. So sir, like she will be taking your precious [DURATION] [DURATION] [DURATION] [DURATION] and she will explain you what exactly the free benefits you are getting for this year from Medicare part A and part B. Okay sir. Yes. Okay. So sir [PERSON_NAME], I really appreciate your time and patience here. So I'm getting your call connected and I will introduce you to my [OCCUPATION] [PHONE_NUMBER] [PHONE_NUMBER]. And Sir [PERSON_NAME], like it's. Your street address is [LOCATION] [LOCATION] [LOCATION] [LOCATION]. Correct Sir. Suggest the street address because you will also receive the paperwork as well at your mailing address where you can read about the benefits as well. That's why sir, I was just reconfirming it. Yes. Okay. Okay. Here we go. Sir, I really appreciate your time and attention. Thank you for your patience. My name is [PERSON_NAME], I'm a [OCCUPATION] [OCCUPATION]. Hi [OCCUPATION], I have sir [PERSON_NAME] [PERSON_NAME] on the line. His zip code is [LOCATION] and he's from [LOCATION] [LOCATION]. He's on the line with us. Okay. I will take it from here. Thank you. Hey. Hello. How are you doing today? He said you were from [LOCATION] [LOCATION]. He said you are from [LOCATION] [LOCATION]. Are you from [LOCATION]. He told me a lie. No.","OPENING, PRODUCT_PITCH, NEEDS_ANALYSIS, FEE_DISCUSSION, PASSIVE_AGREEMENT",0.95,True,"Greeting present, pitch for Medicare upgrade with money back, eligibility verification, and customer confirmation.",insurance_outbound.zip,insurance_outbound/2525310790_transcript.json,insurance,outbound,275.0,0.9402235,510,3117,60,DATE_OF_BIRTH|DURATION|LOCATION|MONEY_AMOUNT|OCCUPATION|ORGANIZATION|PERSON_NAME|PHONE_NUMBER
callcenteren,train,4c92875803264ed09403af25eb3a9bb0_transcript,1b34d954d2b8089ac193a59fa177c6385829c1e438a03b06923abf5fd0d1eb33,"Thank you for calling the all new [ORGANIZATION] [ORGANIZATION], home of the [ORGANIZATION] Advantage. If you know your party extension, please ballot at this time. For the [ORGANIZATION] [ORGANIZATION] press [PHONE_NUMBER]. It's [ORGANIZATION] here. [PERSON_NAME] speaking. Hi [PERSON_NAME], this is [PERSON_NAME] [ORGANIZATION] calling. How are you? I just sent you another email. I'm doing well. Thank you for getting back to me so quick. So I did receive notification that you're interested in the carnival. Yes. Did you have any questions about that vehicle specifically or anything specific I can do for you? Does it have the screens in the rear of it? So some do. Let me check the ones that we currently have in stock to make sure. It just depends on which one you go with. One second. It is, I believe the two [ORGANIZATION] prestige that we have. I believe they do. I want to double check for you just because I don't want to give you the incorrect information but from what I seeing here they do. Okay. And one of them is blue, right? So we have, we have a gray and a blue. Yes. Okay. I think we'd be more interested in the blue. Okay. And I'll double check to make sure that specific one has the entertainment package ``fect you're in [LOCATION] [LOCATION], is that correct? I am. Are you available to come out over this way over the bridge and take a look in person? What time are you guys open until? We are open until [TIME]. The last appointment would be [TIME]. I do recommend making an appointment just because that way we can be sure to have it pulled up and everything ready to go for you than you. That's the kicker. I don't get off work until [TIME] and then you're probably a [DURATION] [DURATION] drive from me. Okay, well I can make sure but I don't see any problem with us holding a spot for you [DURATION] [DURATION] [DURATION] after. If it was going to be [DURATION] [DURATION] before close, that'one thing but that shouldn'be too much of an issue. And if we needed to finish up at a more convenient time, at least we can make sure that this is the right vehicle for you. Yeah, I mean I can try to get there this evening. My [MARITAL_STATUS] just took off so I can't even speak with him about it. But yeah, if you want to take a look at it in person, make sure it's the right one and then that way you guys can discuss it further and decide after. If he's back by [TIME], we'll head that way. Okay, so Ill put you in il make a note that its tendative and then Ill double check on that specific stock number for the entertainment package. And can I text you at this number? Yes. My phone just doesnt ring during work hours. Okay. Well, it will ask you when I text to reply. Yes, to confirm to allow us to text back and forth. Once you do that, Ill make sure to check on that entertainment package and Ill let you know on that as well. Okay, sounds good. Thank you. Perfect. Sounds good. And I'll put you down a ten at a time and we'll make sure before that time comes if we need to update it from there. Okay, sounds good. Thank you. Thank you. Bye.","OPENING, NEEDS_ANALYSIS, CURIOUS_EXPLORATION, WARM_LEAD",0.85,True,Call starts with a greeting; agent analyzes customer interest in a vehicle while the customer asks specific questions about features.,automotive_and_healthcare_insurance_inbound.zip,automotive_and_healthcare_insurance_inbound/4c92875803264ed09403af25eb3a9bb0_transcript.json,insurance,inbound,260.0,0.9269936,575,3075,26,DURATION|LOCATION|MARITAL_STATUS|ORGANIZATION|PERSON_NAME|PHONE_NUMBER|TIME
callcenteren,train,58751dd13d3644c6b742da5a738eeebc_transcript,1b390d96b8075c51dfbae03a987eb785d2deaaceefb9d5df4effa1af76382035,"[ORGANIZATION]. [ORGANIZATION] [ORGANIZATION] [ORGANIZATION] [ORGANIZATION]. This is [PERSON_NAME]. How can I help you? I was trying to see if y'all still had the $[MONEY_AMOUNT] snake out drain. You have so right place. I can certainly assist you. May I please have your first and last name? [PERSON_NAME] [PERSON_NAME]. Thank you. And I show the number you are calling in on [PHONE_NUMBER]. Is this the best number to reach you? Yes. Okay, thank you. And I also show the zip code where you need a service that is [LOCATION]. Is this correct? Yes. Okay, than thank you so much for confirming. I have located the local office in that area. I'm going to place you on a brief hold while I transfer. Okay, thank you. Please stay on the line. Hello? Hi, this is [PERSON_NAME] with [ORGANIZATION]. [ORGANIZATION] [ORGANIZATION]. Yes, hi. What's going on? I'm trying to get my water come up but it go right back down like when I watch or something like that. In your basement floor drain? Yes. Okay. What city are you in? [LOCATION], miss. Okay. There's a $[MONEY_AMOUNT] service fee to have a [OCCUPATION] out. He'come out, take a look at everything for you, give you the full quote, and if you approve that quote, he can go ahead and do the work. So you don't have the $[MONEY_AMOUNT] snake drain? No, that's not our company. Okay, let me find that company there. Thank you. You're welcome.","OPENING, NEEDS_ANALYSIS, FEE_DISCUSSION, MISUNDERSTANDING",0.85,True,"Greeting and info gathering are present. Price is discussed, and the call ends due to a misunderstanding about the company's offers.",home_service_inbound.zip,home_service_inbound/58751dd13d3644c6b742da5a738eeebc_transcript.json,home_service_telecom,inbound,180.0,0.87579376,242,1386,19,LOCATION|MONEY_AMOUNT|OCCUPATION|ORGANIZATION|PERSON_NAME|PHONE_NUMBER
callcenteren,train,DMEMED_rmbpo05_20211104-153658_9103239481_4614846-all_transcript,1b93a5baceb0ccdae968c69b83463ffff8a3cc7d5651f7544b59577b267d609c,"Hello? Hello, ma' am, good afternoon, my name is [PERSON_NAME] and I'm calling from [ORGANIZATION] [ORGANIZATION]. How are you doing? Fine. Okay, that's great. So ma' am, the reason why I'm giving you a call right now is just to provide your additional benefits without any cost. Okay. And if I may just ask, do you have a [MEDICAL_CONDITION] [MEDICAL_CONDITION] [MEDICAL_CONDITION], [MEDICAL_CONDITION] cholesterol or any [MEDICAL_CONDITION] [MEDICAL_CONDITION]? I don't have no [MEDICAL_CONDITION] [MEDICAL_CONDITION] as I know of. Every time I go to cholesterol, I take medicine. When I go to the [OCCUPATION], they say my [MEDICAL_CONDITION] [MEDICAL_CONDITION] normal. Okay, well, no problem with that then. Well, the good thing is even though you have [MEDICAL_CONDITION] [MEDICAL_CONDITION] [MEDICAL_CONDITION] and you are, you have cholesterol per annum, you are very much eligible to receive receive these additional benefits without any cost. Are you interested on this? I have [MEDICAL_CONDITION]. I'm sorry, you have [MEDICAL_CONDITION]? Is it a [MEDICAL_CONDITION] [MEDICAL_CONDITION] [MEDICAL_CONDITION] [MEDICAL_CONDITION]? And are you paying out of your pocket from your prescription medicine or is your insurance already been? So maybe you can, you could. I mean, maybe you are interested here on some additional benefits? Ma' Am, we are actually providing some benefits on reducing prescription cost. My daughter's tried that because she's my beneficiary, tried to get all kind of help for me and the right reason I can't get that. Oh, okay. Do you want me to try this one for you? Yeah, since I already have you on the line. Okay, so ma' am, can I have your first and last name please? [PERSON_NAME] [PERSON_NAME]. [PERSON_NAME]. What's the last name again? [PERSON_NAME] [PERSON_NAME], [PERSON_NAME] [PERSON_NAME], [PERSON_NAME]. Okay, [PERSON_NAME] and [PERSON_NAME]. When is the date of birth, your birthday? Okay, that is [DATE_OF_BIRTH]. [DATE_OF_BIRTH], correct. Okay, and how about your physical address please? Road. Okay, just please bear with me. From [LOCATION] [LOCATION], correct? Yes, ma' am. Okay, what's the number again? [LOCATION] [LOCATION] [LOCATION]. Okay, and the city, where is your city? Ma' am? What is your city from? [LOCATION] [LOCATION]. [LOCATION] [LOCATION]. Okay, and the zip code, ma' am? I don't know the zip code. Okay, okay, you don't know the Z code. Okay, well let me just check it here then. Okay, so let us try this one, ma' am. Okay, I will be transferring you to our [OCCUPATION] [OCCUPATION] and let's see what we can do for you. Okay? Okay. Okay, let me put this one first. Okay. Okay, stay on the line. I will be transferring. Hello, this is [PERSON_NAME] from the [ORGANIZATION] [ORGANIZATION] [ORGANIZATION]. I am following up on your recent inquiry and how you can saved in your Medicare. How are you? That is good to hear. I'm sharing information that there have been recent changes with rates and plans in your area. During this open enrollment, you may be able to receive lower rates, additional coverage, and can save [MONEY_AMOUNT] to $[MONEY_AMOUNT] on your plan. What I do is I connect us to speak with a [OCCUPATION] [OCCUPATION] to go over the possible lower rate, additional coverage and check if you qualify for plans that will help with co pays and deductibles that are not covered by Medicare. Okay. Can you visit any [OCCUPATION] or do you have to stay within a network? I have to stay within the network. Are you over the age of [PERSON_AGE]? Yes, ma' am. You have your plan A and B in place, correct? Yes, ma' am. [PERSON_AGE]. Okay. And to confirm. I'm sorry, kindly provide the zip code for the area that you are in. I don't know it. You don't know your zip code? Okay, that is fine. Thank you so much for. Okay, that's fine. Thank you for listening to the information and enjoy the rest of your day. Okay, thank you. Bye. You're welcome.","OPENING, PRODUCT_PITCH, NEEDS_ANALYSIS, OBJECTION_HANDLING",0.85,True,"Greeting present, pitch for benefits, medical screening questions, and agent attempting to overcome the customer's previous failure to get help.",medical_equipment_outbound.zip,medical_equipment_outbound/DMEMED_rmbpo05_20211104-153658_9103239481_4614846-all_transcript.json,medical_equipment,outbound,349.0,0.9582878,643,3923,57,DATE_OF_BIRTH|LOCATION|MEDICAL_CONDITION|MONEY_AMOUNT|OCCUPATION|ORGANIZATION|PERSON_AGE|PERSON_NAME
callcenteren,train,DMEMED_rmbpo19_20211018-172822_4436608191_4588972-all_transcript,1b9dcf820148ed6660980c545200850cfc899d2107c5da970164385d8654e2cb,"Yes. Hello, can you hear me? Yes. Is this Mr. [PERSON_NAME]? [PERSON_NAME], right? Yes. Oh, hi [PERSON_NAME], this is [PERSON_NAME] [PERSON_NAME] and I'm one of the [OCCUPATION] [OCCUPATION] [OCCUPATION] here in [ORGANIZATION] [ORGANIZATION]. How are you? I'm fine. Oh good, good to hear. So [PERSON_NAME], the reason of my call here is to provide your additional benefit at no cost to you. Okay. Okay. So [PERSON_NAME], your date of birth and I got it here, it's [DATE_OF_BIRTH]. Right? Mm. Okay. And stand the line. So how's your [DURATION] so far, sir? Okay. And you're from the state of [LOCATION]. Right. Okay. So [PERSON_NAME], what I'm going to do now is to verify all the information here, [PERSON_NAME], and I'm going to provide your additional benefits here at no cost on your part. Okay? Okay. So [PERSON_NAME]. Yeah. Your, your date of birth, it's [DATE_OF_BIRTH] [DATE_OF_BIRTH]. So I'm just going to fill up your online form here for you to qualify your additional benefit here. Okay? Okay. So once again, this is [PERSON_NAME] [PERSON_NAME] from [ORGANIZATION] [ORGANIZATION] and today my job is to qualify you for additional Medicare benefits. Ok. So I believe you are [PERSON_NAME] Medicare card holder with part A and B active. Right? Okay, great. So you are qualified to get upgraded [DATE_INTERVAL] Medicare benefits. So which benefits are you most interested in? The number one is getting dental, vision, hearing coverage. Number two is reducing premiums and copays up to $[MONEY_AMOUNT]. Number three is reducing prescription cost or extra benefit like money back on part B. Premium up to $[MONEY_AMOUNT], transportation services, coverage for over the counter items. Okay. Okay. And I believe that you are authorized to make decisions for your Medicare. Right. Okay. To stay on the line, sir, I'm just going to find your file here in our system. Okay? Okay. So I got it here. So [PERSON_NAME], what I'm going to do now is to fill up your online form here. Okay? So just bear with me here sir. Okay. Your date of birth is [DATE_OF_BIRTH] [DATE_OF_BIRTH], right? Correct. Okay. And I have your full address. Are you still located at [LOCATION] [LOCATION] [LOCATION] [LOCATION], [LOCATION], [LOCATION] [LOCATION]? Yes. You're from the city of [LOCATION], right? Yes. Okay, so I have your Medicare ID number here and you are [PERSON_NAME] Medicare card. Do you have [PERSON_NAME] Medicare or Medicaid? I do, but I'm [MEDICAL_CONDITION]. Okay. I'm sorry for that. So yeah, and I think I'm done. Fill up in your form here. So now I am going to make an inbound call on your behalf. So do I have your approval to do so? Okay. So thank you. I am now placing that Call for you. So you may hear some brief music. However, our [OCCUPATION] will be on the line shortly to assist you. Okay? Okay. And [PERSON_NAME], if my [OCCUPATION] [OCCUPATION] answered this at the. This phone call, just let them know your first name and also your last name. Okay? They're now going to assist you here. Okay. Okay, so here we go, [PERSON_NAME], we're connecting now. Standalone. Okay, so standalone. So, yeah, and if I find here that you have [PERSON_NAME] Medicare Part B insurance. Right. Okay. Your date of birth is [DATE_OF_BIRTH]. And do you have any body pain, like lower back pain, knee pain or wrist pain? I do. Okay, so stay on the line first. Okay. Since. Okay, so I'm going to. I'm going to fill up your other form here for your [MEDICAL_PROCESS] [MEDICAL_PROCESS] [MEDICAL_PROCESS]. Okay. The line, sir. So I have your phone number here. It's [PHONE_NUMBER]. Right. [PHONE_NUMBER]. Okay, so I have your full. So standalone, sir. Okay, we're almost done here. Okay. And your zip code? It's [LOCATION]. Okay. Your date of birth is [DATE_OF_BIRTH]. Okay, so what I'm going to do now is to transfer you over to our [OCCUPATION] [OCCUPATION]. Okay. They're just going to verify all the informations here, so please stay on the line. Okay. Okay. I'm just going to submit your online form here. Okay. Okay, so here we go. I'm going to connect you over to them. Okay, we're connecting now. Okay. Hello, good afternoon, this is [PERSON_NAME]. How can I be of any assistance to you? Yes, I have. Mr. [PERSON_NAME] is on the other line, and this is for [PERSON_NAME]. Okay, let me see here. Okay, Is he online now? Mm. How you doing, sir? My name is [PERSON_NAME]. Good afternoon. Good afternoon. I'm okay. Okay, great. Before we get started, I must ask you, do you have any family history of [MEDICAL_CONDITION] [MEDICAL_CONDITION]? Just [MEDICAL_CONDITION] [MEDICAL_CONDITION] [MEDICAL_CONDITION], [MEDICAL_CONDITION] cholesterol. You have family history that has [MEDICAL_CONDITION] [MEDICAL_CONDITION]? I said high cholesterol, [MEDICAL_CONDITION] [MEDICAL_CONDITION] [MEDICAL_CONDITION], [MEDICAL_CONDITION] [MEDICAL_CONDITION] [MEDICAL_CONDITION]. Okay. Okay. Now this is [PERSON_NAME]. This is to set up an appointment. Well, not an appointment, but for [PERSON_NAME] [DURATION] in which we could send [PERSON_NAME] [MEDICAL_PROCESS] [MEDICAL_PROCESS] [MEDICAL_PROCESS] [MEDICAL_PROCESS]. That's what it's called. I already did. It's like you already did that. Already determined. None. Okay, thank you so much, sir. You have [PERSON_NAME] great [DURATION]. Bye.","OPENING, PRODUCT_PITCH, NEEDS_ANALYSIS, PASSIVE_AGREEMENT",0.95,True,"Agent opens the call, pitches free Medicare benefits, verifies eligibility (DOB, state, card status), and asks about specific interests.",medical_equipment_outbound.zip,medical_equipment_outbound/DMEMED_rmbpo19_20211018-172822_4436608191_4588972-all_transcript.json,medical_equipment,outbound,544.0,0.9533453,853,5267,86,DATE_INTERVAL|DATE_OF_BIRTH|DURATION|LOCATION|MEDICAL_CONDITION|MEDICAL_PROCESS|MONEY_AMOUNT|OCCUPATION|ORGANIZATION|PERSON_NAME|PHONE_NUMBER
callcenteren,train,332305140028756long_transcript,1bdb5fa7346b01147a2a5525ff0ed32599ea61c406734b753bc8f1a8699fb7dd,"[ORGANIZATION] [ORGANIZATION], [PERSON_NAME] speaking. How can I help you? Hi there. This is [PERSON_NAME] [PERSON_NAME]. My daughters are patients of [PERSON_NAME]. [PERSON_NAME] s and I'm hoping to get my son in as soon as possible. He has history of some [INJURY] and we now have a bit of a complicated situation on our hands. So he had. So it's. His [INJURY] [INJURY] [INJURY] [INJURY] [INJURY] and now he has [MEDICAL_PROCESS] [MEDICAL_PROCESS] going on oay. So I know he needs to see an [OCCUPATION] [OCCUPATION], but [PERSON_NAME]. [PERSON_NAME], [PERSON_NAME] [PERSON_NAME] is also saying [PERSON_NAME]. [PERSON_NAME] might be the guy to sort of. Because he's going to have [MEDICAL_PROCESS]. You know, he's going to need braces. How old is he that we should see him as well? He's [PERSON_AGE]. Okay, let. So is your daughter'greta is it? [PERSON_NAME] and [PERSON_NAME], Yes. Uh huh. Correct. All right. And what is your son's name? [PERSON_NAME]. And what is [PERSON_NAME] birth date? [DATE_OF_BIRTH] [DATE_OF_BIRTH]. Okay. And you're still [LOCATION] [LOCATION] [LOCATION] in [LOCATION]. [LOCATION] [LOCATION]. Correct. Ye cell phone. I have [PHONE_NUMBER] u. Huh. And then let's see. [PERSON_NAME], your first then last name. [EMAIL_ADDRESS] do is that's still the best email? Yep. Okay. Yep. All right. And you said it was [PERSON_NAME]. [PERSON_NAME] that you see still, correct? Yeah. Okay. All right, let's see. We can get him in. And you want sooner if is better. Let's see if we have any cancellations. O actually we might have even had a cancellation this [DURATION]. I heard somebody earlier. Let me just double check. I don't know how soon you would be able to get him in. Yep, we did. We had a cancellation. Well, it's actually's tomorrow at [TIME]. I don't know if you can do something as early as that. You can probably make that work. Let me. Let me see here. I don't think there were any. Let me just double check. I don't think there were any other ones. Nothing Wednesday, nothing Thursday. Yeah, that's the only one this [DURATION]. Yeah, we'll make that work. Tomorrow at [TIME]. Yeah. All right. [TIME] tomorrow. [DATE] [DATE]. Okay. And then a little bit different, probably when your girls came through, you're going to receive an email and it's going to come from [ORGANIZATION]. And when you get that email, there will be a link to follow to go ahead and fill out new patient forms. It's going to ask you for a user ID and your user ID is the email address I just confirmed. And then you can make any password. If you can get those filled out between now and tomorrow, that would be helpful. You should get the email probably by tonight. It usually comes fairly quickly, but if you can get those filled out, that would be great. Otherwise I have. Yeah, go ahead. And is it [PASSWORD] [PASSWORD] [PASSWORD] [PASSWORD] I just want to make sure I'm spelling it right. Ye y okay, if you guys don't mind requesting. I know [PERSON_NAME]. [PERSON_NAME] will probably end up doing his own [MEDICAL_PROCESS], but they do have an image at [ORGANIZATION] [ORGANIZATION] [ORGANIZATION] [ORGANIZATION] [ORGANIZATION] if you want it. Is it current? Yep, it was just taken a few [DURATION] ago and it's just of the traumat of the [INJURY], you know? O and I will say we're going to have to so my understanding is that an [OCCUPATION] [OCCUPATION] is going to have to be [MEDICAL_PROCESS] [MEDICAL_PROCESS] [INJURY] [INJURY]. Oay so I'm going toa have to sort of work with [PERSON_NAME] and an [OCCUPATION] [OCCUPATION] on timing. Okay? Ye no, that's fine. We'll take a look. The only thing is, because it's so soon, you might have to call the [ORGANIZATION] [ORGANIZATION] [ORGANIZATION] [ORGANIZATION] have them email it to us. Only because we sometimes have to get people to sign something and there's just not a lot of time before tomorrow. But they should be able to send it over possibly if you were to call them and just say, can you send it over to [ORGANIZATION] [ORGANIZATION]? Yeah, I just left. M sure they will. I'm sure it won't be an issue. Yeah, okay. Okay, great. Well, then we see you tomorrow at [TIME]. Okay, thank you so much. Iiate yeah, thank you. All right, have a great day. Okaye Bye.","OPENING, NEEDS_ANALYSIS, WARM_LEAD",0.9,True,"Greeting is present, agent performs intake for a new patient, and the customer is actively seeking an appointment.",medicare_inbound.zip,medicare_inbound/332305140028756long_transcript.json,medicare,inbound,288.0,0.877517,723,4230,80,DATE|DATE_OF_BIRTH|DURATION|EMAIL_ADDRESS|INJURY|LOCATION|MEDICAL_PROCESS|OCCUPATION|ORGANIZATION|PASSWORD|PERSON_AGE|PERSON_NAME|PHONE_NUMBER|TIME
callcenteren,train,2020-10-08-14-53-18_d7d24467-8cb2-4301-8cd4-ea0a7a523f49_v2oRVzkD8TtSNMvKr-qbudMyk_MmpPUc5lo6CTyQeYOVfpA0_zzxDIdA_transcript,1c1eef54968f7289812461827938e434479d609c39c030c34696be9d7d0b72c8,"This call may be recorded for quality assurance. Hi, this is [PERSON_NAME] with [ORGANIZATION]. It looks like you were connected to me to compare rates on auto insurance today. Is that correct? Sure. Okay. May I have your first and last name, please? Yeah, [PERSON_NAME]. [PERSON_NAME]. And [PERSON_NAME], may I have your zip code? [LOCATION]. And is that in [LOCATION]? Yeah. And your date of birth? [DATE_OF_BIRTH]. And who is your current auto insurance provider? [ORGANIZATION]. How long have you been with [ORGANIZATION]? And what's your monthly payment? I don't pay it monthly. You pay semi month, semi annually? Yeah. And what's that payment? $[MONEY_AMOUNT]. Do you own your home? Yeah. Would you be interested in a quote for bundling your home in [LOCATION] today for additional savings? No. In the last [DURATION] [DURATION], [PERSON_NAME], have you had any DUIs, SR22s or at fault accidents? No. In the last [DURATION] [DURATION], have you had two or more tickets? No. And how many vehicles did you need to quote for today? 2. And are you seeking coverage above the state minimum requirement? Yeah. And [PERSON_NAME], would you consider your credit excellent, good fair or poor? Excellent. And lastly, have you or your [MARITAL_STATUS] ever honorably served in [ORGANIZATION] [ORGANIZATION] [ORGANIZATION]? Say that again. Have you or your [MARITAL_STATUS] ever honorably served in [ORGANIZATION] [ORGANIZATION]. [ORGANIZATION]? No. That's all the information I need. I'm searching now for your best available match. And although your consent is not required to receive a quote, may we have your permission to send you an alternative text message to this number with additional quote options? Yeah, [PERSON_NAME]. One moment please, while I connect you to a [OCCUPATION] [OCCUPATION] to go over the available coverage options. Please hold. Please stay on the line while we connect you. Please stay on the line while we connect you. Please tell me what kind of policy you're looking for now. Car insurance. And what's the zip code where you need that coverage? [LOCATION]. That was [LOCATION], right? Right. Okay. But to get you to the right place, I need more information. If this quote is for the state of [LOCATION], say yes. If not, say no. Yes. Just one last question. Are you currently listed on an auto insurance policy with another company? Yes. If we can help you with quotes for insurance today, please know that we may need to gather information from other sources such as driving records or credit reports for you or other members of your household. By requesting these quotes, you authorize the sharing of information among affiliates of [ORGANIZATION] [ORGANIZATION] [ORGANIZATION] so we can offer you additional insurance policy options to consider that will help meet the protection needs of your entire household. Please know that [ORGANIZATION] takes your privacy seriously, and we have a detailed policy on how we treat your personal information. As permitted by law, this and any subsequently collected information may be shared with outside parties who perform services on [ORGANIZATION] behalf without your authorization. You have the right to access or correct this information. If you want to see our privacy statement, let us know or visit [URL] now. Stay on the line and I'll get someone to help you with that quote. Thanks for calling [ORGANIZATION] [ORGANIZATION] while you're in good hands. My name is [PERSON_NAME]. May I have your first and last name, please? She's all state. Can you hear me? Hello? Hello, [PERSON_NAME]. You have been kicked from this conference.","OPENING, NEEDS_ANALYSIS, FEE_DISCUSSION, PASSIVE_AGREEMENT",0.95,True,"Clear opening followed by extensive data collection regarding current insurance, payments, and eligibility (needs analysis).",auto_insurance_customer_service_inbound.zip,auto_insurance_customer_service_inbound/2020-10-08-14-53-18_d7d24467-8cb2-4301-8cd4-ea0a7a523f49_v2oRVzkD8TtSNMvKr-qbudMyk_MmpPUc5lo6CTyQeYOVfpA0_zzxDIdA_transcript.json,insurance,inbound,644.0,0.9708902,584,3606,42,DATE_OF_BIRTH|DURATION|LOCATION|MARITAL_STATUS|MONEY_AMOUNT|OCCUPATION|ORGANIZATION|PERSON_NAME|URL
callcenteren,train,3522311454_transcript,1cb75ea8e7e6076645e68a89069f91ae08498e87ac39e452a3f4ee48d1832c66,"Hello? Yes, hi dear, very good afternoon to you. My name is [PERSON_NAME]. How are you doing today? Fine. Good to know that. So dear, the purpose of this call is just to let you know that your medicare insurance has been updated for the year [DATE_INTERVAL]. And you are going to receive some additional benefits on your medicare plan. And that is for no additional cost to you. Hope that sounds good to you. Yeah, okay, perfect. So dear, just for the upgradation, I do believe that you can make your own healthcare decisions, right? Yeah, perfect. And I do believe that you have your Medicare card with part A and part B both active, right? Yeah. Okay. And I do believe that you understood that this call is all about your additional Medicare benefits, correct? I think so. Okay, perfect. That's totally fine. And could you just reconfirm what is your zip code? Is Dear, could you just reconfirm what is your zip code? [LOCATION]. Okay, let me check over here once again. So you are from [LOCATION] [LOCATION], [LOCATION] [LOCATION], [LOCATION]. Sorry, Right. Yeah. Okay, perfect. And could you just reconfirm what is your date of birth? Your happy birthday? [DATE_OF_BIRTH] [DATE_INTERVAL], [DATE_OF_BIRTH]. [DATE_OF_BIRTH]. Okay, perfect. And could you just spell out your first and last name? [PERSON_NAME] [PERSON_NAME]. Could you just spell that? [PERSON_NAME] [PERSON_NAME] [PERSON_NAME] [PERSON_NAME] [PERSON_NAME] [PERSON_NAME] [PERSON_NAME] [PERSON_NAME] [PERSON_NAME] [PERSON_NAME] [PERSON_NAME] [PERSON_NAME]. Okay. And what's your last name, [PERSON_NAME]? [PERSON_NAME] [PERSON_NAME] [PERSON_NAME] [PERSON_NAME] [PERSON_NAME] [PERSON_NAME]. [PERSON_NAME] [PERSON_NAME] [PERSON_NAME] [PERSON_NAME] [PERSON_NAME] [PERSON_NAME]. Right? Yeah. [PERSON_NAME] [PERSON_NAME] [PERSON_NAME] [PERSON_NAME]. Okay. Okay, perfect. So dear, you are totally eligible and qualified for this updated benefits. And that is for no additional cost to you. Like after providing these benefits to you, your all expenses gonna taken care by medicare part A and medicare part B. You don't have to pay no co payments for all these stuffs. Okay? Okay, perfect. And from last [DURATION] [DURATION] do you make any kind of changes in your insurance plan? No. Okay, that's totally fine ma' am, not an issue. Okay, and could you just reconfirm what is your mailing address? Your mailing address? It's [LOCATION], [LOCATION]. And their addresses? [LOCATION] [LOCATION] [LOCATION]. Could you just spell that by [LOCATION] [LOCATION] [LOCATION]. Huh. [LOCATION]. Okay, let me check over here once again. Okay, it's [LOCATION] [LOCATION] [LOCATION], [LOCATION], [LOCATION] [LOCATION]. Right? Yeah. And I'm in [LOCATION] [LOCATION]. [LOCATION] [LOCATION]. Yep. Okay, perfect. I get that. Okay, so dear, really appreciate your time and patience. Now just be online. What will I do? I will quickly get this call connected to one of my [OCCUPATION] [OCCUPATION]. He just going to verify your details and directly get this call connected to the [OCCUPATION] [OCCUPATION] who will be from your same area and zip code that is [LOCATION] [LOCATION]. And he will be the right person to telling you about this additional benefits which you are receiving this year at no additional cost in details and all about the paperwork. Okay? Okay, wonderful. So I'm getting your call connected to my [OCCUPATION]. Really appreciate your time and patience. Just be online. And apart from Medicare, do you have Medicaid as well? Yes, I do. Okay, so you have Medicare and Medicaid both. Right? Right. Okay, perfect. So not an issue. Really appreciate your time and patience. Now just be online and getting your call connected. And here we go. Within next [DURATION] [DURATION]. I'm getting your call connected. Just. Okay, perfect. And your date of birth is [DATE_OF_BIRTH] [DATE_INTERVAL], [DATE_OF_BIRTH], right? Yeah. Okay, perfect. I'm getting your call connected. Just be online. And here we go. The line is getting connected. Thank you for your interest about Medicare Advantage for Medicare supplement health insurance plans. Thanks for calling the [ORGANIZATION] [ORGANIZATION] [ORGANIZATION] [ORGANIZATION]. My name is [PERSON_NAME] and. Is this [PERSON_NAME] [PERSON_NAME]? I mean, [PERSON_NAME]? Yeah.","OPENING, PRODUCT_PITCH, NEEDS_ANALYSIS, PASSIVE_AGREEMENT",0.9,True,"Greeting present, agent pitches Medicare benefits, verifies personal details for eligibility, and customer provides passive confirmation.",insurance_outbound.zip,insurance_outbound/3522311454_transcript.json,insurance,outbound,347.0,0.9586391,653,4268,84,DATE_INTERVAL|DATE_OF_BIRTH|DURATION|LOCATION|OCCUPATION|ORGANIZATION|PERSON_NAME
callcenteren,train,f766457149eb4b83aa602dc0c806d7b2_transcript,1cd14d881d4eb97b6d72bcfc8c3c1075d392203827cf735f5b7f06cc1c8cc14e,"[ORGANIZATION] [ORGANIZATION] this is [PERSON_NAME]. How can I help you? Hi [PERSON_NAME], my name is [PERSON_NAME] [PERSON_NAME]. I have a commercial building in [LOCATION] [LOCATION] got epbm roof and I need a quote to probably replace it. Is that a flat roof or a shingled roofdm? Flat roof. Yep. Okay, and what's the name of the company? [ORGANIZATION] [ORGANIZATION] [ORGANIZATION] [ORGANIZATION] [ORGANIZATION] [ORGANIZATION]. [ORGANIZATION] [ORGANIZATION] [ORGANIZATION] [ORGANIZATION]. [ORGANIZATION] [ORGANIZATION] [ORGANIZATION] [ORGANIZATION]. It [ORGANIZATION] [ORGANIZATION]. The [ORGANIZATION] [ORGANIZATION] [ORGANIZATION] [ORGANIZATION] [ORGANIZATION] [ORGANIZATION] [ORGANIZATION] [ORGANIZATION] [ORGANIZATION] [ORGANIZATION] [ORGANIZATION] [ORGANIZATION] [ORGANIZATION] [ORGANIZATION] [ORGANIZATION]. Oh, [ORGANIZATION] [ORGANIZATION]. Okay. Yeah, [ORGANIZATION] [ORGANIZATION]. Yep. And then what's the address? It is [LOCATION] and that's [LOCATION] [LOCATION] [LOCATION] [LOCATION]. [LOCATION]. I wasn't sure. It looks like the numbers I Am I calling the [ORGANIZATION] [ORGANIZATION]? Well, actually yes. This line covers all locations. O. Okay, all right. Because I was m trying to call the one in act of that Killian red one. I got you Oay and then what's your name? My name is [PERSON_NAME] [PERSON_NAME]. Okay. And my phone number is need placed. I'm pretty sure I need it replaced. It's. I want to say it's about. I don't have an exact measurement. They'll have to take a look at it. It's about 4,000 square feet, I think. So I just want the flat roof and the coping replace which is just, you know, like kindar coated steel that wraps the top. It's got a parapet wall and then there's a big area flat roof. So I basically want a price toairir off and replace. Got you. All right, let me give this to one of our [OCCUPATION] and then I will have them give you a call to get that set up. Okay. Okay. Thanks a lot your help. I appreciate that. You're welcome. Have a good day. All right. You too. You know what and how did you hear about us? Well, I used to be a [OCCUPATION] [OCCUPATION] for [DURATION], so I'm familiar with you guys. You guys used to bid work to me [DURATION] ago. Okay. So that's kind of how I knew, I guess from previous interactions. Put that way. Okay. All right. I will give this to him and let them know. Thank you. Okay, thank you. All right, bye.","OPENING, NEEDS_ANALYSIS, CURIOUS_EXPLORATION",0.9,True,Greeting present; agent gathers detailed information about the commercial building and roof type for a quote.,home_service_inbound.zip,home_service_inbound/f766457149eb4b83aa602dc0c806d7b2_transcript.json,home_service_telecom,inbound,205.0,0.85756546,381,2398,58,DURATION|LOCATION|OCCUPATION|ORGANIZATION|PERSON_NAME
callcenteren,train,5b4ccc2f532a42b4b0b2343d2936414b_transcript,1d463196306bcf0fb2d8b2504b88f3d25e45d288496ccc29a371d4562b4b969c,"[ORGANIZATION] [ORGANIZATION]. We fix your pains. This is [PERSON_NAME]. Hi. I was wondering do you guys replace windshield? Yes. All right, Perfect. I have a [DATE_INTERVAL] F250 and I need my front windshield replaced and I was wondering how much that would cost. So [DATE_INTERVAL] F250. Okay. And what'your name? My name is [PERSON_NAME]. [PERSON_NAME] [PERSON_NAME] [PERSON_NAME] [PERSON_NAME] [PERSON_NAME] [PERSON_NAME] and a good phone number in case we get disconnected. Perfect. So let me pull a ticket here for Ro and have we done any work for you before [PERSON_NAME]? Or how did you hear about us? I just saw one of you guys advance. Perfect. ### I need to get through a couple of screens information from you. What's your last name? [PERSON_NAME]? It'spelled [PERSON_NAME] [PERSON_NAME] [PERSON_NAME] [PERSON_NAME] [PERSON_NAME] [PERSON_NAME] [PERSON_NAME] [PERSON_NAME] [PERSON_NAME] [PERSON_NAME] [PERSON_NAME] [PERSON_NAME] [PERSON_NAME]. Perfect. Okay, take and then does your cheuck. Does that have the [ORGANIZATION] logo on it? No, like on the windshield. Yeah, ye log. Okay. And then is it a two do or four door? It's four door. Okay. And then you don't have the super duty logo. Do you have the [ORGANIZATION] [ORGANIZATION] [ORGANIZATION] logo on there? No. Okay. No logos. Trying to narrow down. There's a lot of logo options and it seems like mainly just logo options. Yeahually did have a logo. I had my windshield replaced and I just opted out for it. Low version. Okay. Okay. Yeah. You just got it replace and you're needing it replaced again or do you just need a chip repair? I'm needing it assuming I need to replaced because the chip where it's at is like right where I on the driver's side and so I was just thinking of replacing it completely. Okay. Yeah, for sure. Yeah. I had to replaced like [DURATION] [DURATION] ago back in [LOCATION]. I driving on the freeway out here and I gu. I not been too too close to a rock truck or something. One of the rocks came out and hit the windshield. Oh no. That's been happening a lot lately. Just because there's so much construction and everything or in chip ceiling that everybody has rocks on their tires. They going everywhere right now. Yeah. O and then do you have the blue shapen on your vehicle? The blue white. The blue shade band. It's like a visor trip across the top almost. No, I don't. No, hold on one second. Okay. Yes. No, you're good. Thank you. So it looks like I can only find one with the blue band. Is that okay with you if you get the blue shade bands? Yeah, no, that's fine. I'm just looking for a quote right now. Okay, perfect. Like I know Sometimes people are like, no, I don't want the band. Just quote me without it. So I'm like, yeah, it's gonna be a little rough since it'done without, but I can get you that quote just like that. Okay, so the glass is available. So go. We're good to go on that price wise, since I don't ever been. I can't verify that that's the right part. We're getting in for you. It's going to be a pretty rough quote. So you'looking at [MONEY_AMOUNT] plus PAC. Okay. And then if you're going to go out of pocket, I can throw in our warranty, normally $[MONEY_AMOUNT], but I'll throw it in for free for you since you're going out of pocket. It's going to be a [DURATION] [DURATION] warranty. So it's going to be unlimited rock trips. Any rock trips you get in that [DURATION]. We'll fill those for free. And say if one of those is too large to repair or it cracks out before you get here, like what happened with your truck. Right now, we will replace the windshield one time for free for you. It's going to cover glass material as well as labor. Okay, perfect. I appreciate that. Thank you. Of course. Yeah. So I know you're just wanting a quote right now, so if you want to move forward, we can definitely look into doing that. Okay, perfect. Yeah, like I said, right now I'm just calling for a quote. But if I decided to go with you guys, I'll give you a call back. Okay, perfect. I'll save all your information here. That way when you give us a call back, it'll be in here. I mean, we would love to your business. So just let us know with whatever you decide. Okay? All right, it sounds good. Thank you much. I appreciate it. Of course. Thank you. Have a great day. You. Bye.","OPENING, NEEDS_ANALYSIS, FEE_DISCUSSION, WARM_LEAD",0.9,True,"Greeting present, agent asks detailed vehicle questions, customer asks about cost, and shows clear intent to purchase.",home_ervice_inbound&telecom _outbound.zip,home_ervice_inbound&telecom _outbound/5b4ccc2f532a42b4b0b2343d2936414b_transcript.json,home_service_telecom,outbound,512.0,0.85084915,778,4307,39,DATE_INTERVAL|DURATION|LOCATION|MONEY_AMOUNT|ORGANIZATION|PERSON_NAME
callcenteren,train,e97a66489de84c069b6fe8bd15a75597_transcript,1d6555abf26d1767eafc141270d9d919d23c9497ec6a5606d110b8bbe62751e4,"[ORGANIZATION] [ORGANIZATION], this is [PERSON_NAME]. How may help you? Hi, I was wondering if there's any chance you had an opening tomorrow. If there was any cancellations. Let's take a look. And would that be for [MEDICAL_PROCESS] [MEDICAL_PROCESS] or. I had [MEDICAL_CONDITION], [MEDICAL_CONDITION] [MEDICAL_CONDITION]. But now like my gums are really bleeding because I haven't been in in like [DURATION]. O so you need to establish [MEDICAL_PROCESS] [MEDICAL_PROCESS]. Have you been seen in our office in the past? I have. It was so long ago though, because I moved to [LOCATION]. [LOCATION] [LOCATION] and now I'm back here but I haven't been to the [OCCUPATION] because I had the other [MEDICAL_CONDITION] going on and plus [MEDICAL_CONDITION] and all that stuff. Okay, so let's take a look. So we are actually fully reserved for tomorrow at the moment. First available at the moment would be on Friday, this [DATE], [DATE] [DATE]. And this would be [TIME] O I'm going to be out of town. Do you know when you'be returning? Probably Friday night. I'll be at the [ORGANIZATION] game on [DATE] [DATE] [DATE]. Okay. And then we do have also an opening on [DATE], [DATE] [DATE], and this one is at [TIME] [TIME]. I'll be at work at that timeay. I was just thinking, I know it's last minute, but tomorrow just because I have. I usually work every [DURATION], but I have tomorrow off by chance, so. I see. Okay. And no chance you're able to make it in on [DATE], [DATE] [DATE] at [TIME] No, I work every [DURATION] next [DURATION]. Like I work [TIME]. I work [TIME] to [TIME]. Oh, okay. Lots hours. Yeah. So we don't have currently anything. But what I can do is I can keep an eye out for you if you'd like for a cancellation for tomorrow, that would be great. Okay. And what's your last name? It was under [PERSON_NAME], but now my name is changed to [PERSON_NAME]. So it's [PERSON_NAME] [PERSON_NAME], but my file is probably under [PERSON_NAME] [PERSON_NAME]. What's your date of birth? My date of birth. Okay. Y so under [PERSON_NAME] [PERSON_NAME] at the moment. But we can, when we have you in next, we can update your information. Okay, so [PERSON_NAME] and [PERSON_NAME]. All right, well, I am going to keep it an ie O and let me actually just make sure the contact information at least is correct. So I phone number of [TIME], is that still correct? No, it's [TIME]. Okay. So I have that updated. Okay. So what I'll do is if I do find that you get an opening for tomorrow, I'll give you a call. If not, you find another [DURATION] that you know that you have some time you can always give us a call and we can check and see if we if we have any cancellations for that [DURATION] at that time. Okay, I definitely will. Thank you so much. Yes, of course. Thank you. And I hope you enjoy the rest of your [DURATION]. Yes, you tooe. Thank you. Bye.","OPENING, NEEDS_ANALYSIS, SOFT_REJECTION",0.9,True,"Greeting is present, agent analyzes availability needs, and customer repeatedly rejects the offered appointment slots due to scheduling conflicts.",medicare_inbound.zip,medicare_inbound/e97a66489de84c069b6fe8bd15a75597_transcript.json,medicare,inbound,225.0,0.91139895,511,2854,55,DATE|DURATION|LOCATION|MEDICAL_CONDITION|MEDICAL_PROCESS|OCCUPATION|ORGANIZATION|PERSON_NAME|TIME
callcenteren,train,68dde699279a46f49b6fcc5487b84a2b_transcript,1d737a63ab0a6e307511a9218e1268ff4c294cbc185116b998525a54d59143b2,"Thank you for calling [ORGANIZATION] [ORGANIZATION] [ORGANIZATION]. This call may be recorded for quality assurance purposes. Please press [PHONE_NUMBER] for [PHONE_NUMBER] for parts or press [PHONE_NUMBER] for an [OCCUPATION]. Please stay on the line while your call is transferred to the [OCCUPATION]. Thank you for calling [ORGANIZATION] [ORGANIZATION] [ORGANIZATION] [ORGANIZATION]. Can you please hold? Yeah. Thank you. [PERSON_NAME]. Sa. SA Hello? Hi, this is [PERSON_NAME]. How can I help you? Hey, it is [PERSON_NAME]. No, this is [PERSON_NAME]. Okay, I have a quote number. Okay, what's the quote number? [NUMBER_SEQUENCE]. All right. Looks like something we've got in stock. And do you have a P.O. that you want to put on it? No, P.O. all right, and are you gonna come pick this up? No, you're gonna ship it to me. Oh, we're gonna ship it. Okay, I see that's charged on there also. All right, give me a moment. I can get that payment. I just want to make sure that they've got the freight on here. Correct. All right, I'll be right back. Okay, thank you. [PERSON_NAME]. Sa IT. Yes, sir. All right, so screen loads. I can take that payment. Let's see, you're going to be looking at $[MONEY_AMOUNT]. Okay, and let's see. So I can do an invite to pay where we'll text you something if you want to pay it that way. Or I can take a card over the phone. You can take the card over the phone if you want to. Okay, let me get to that spot. Pay now. Enter card details. All right, and what is the card number? All right. And expiration date and the three digit code. All right, it has gone through. I will ship a copy of this receipt with the invoice in the part. Okay, thank you. Thank you. Have a good one. How long are you going to take to arrive? It's going ground, so it could take [DURATION] [DURATION] [DURATION], but it is. I mean, I couldn't imagine more than like [DURATION] [DURATION]. I'm not. Okay. So sure. Okay, but it should ship out today. Okay. All right. All right, thank you.","OPENING, NEEDS_ANALYSIS, FEE_DISCUSSION, SUCCESSFUL_SALE",0.95,True,"Greeting present, agent verifies quote and shipping, discusses the final price, and successfully processes payment.",automotive_inbound.zip,automotive_inbound/68dde699279a46f49b6fcc5487b84a2b_transcript.json,automotive,inbound,658.0,0.9475293,358,1996,24,DURATION|MONEY_AMOUNT|NUMBER_SEQUENCE|OCCUPATION|ORGANIZATION|PERSON_NAME|PHONE_NUMBER
callcenteren,train,ac406713440344b7a15538683be5af9f_transcript,1d7cab18ff54dc334d1258586b9244f69d5a516053ec5c82ec303fafefd20d9d,"[ORGANIZATION] [ORGANIZATION] to schedule an appointment for your vehicle in our [ORGANIZATION] [ORGANIZATION]. To check the status of your vehicle in our [ORGANIZATION] [ORGANIZATION], please press [PHONE_NUMBER]. Thank you for calling. A [OCCUPATION] [OCCUPATION] [OCCUPATION] will be with you shortly. Hi, thank you for calling. [ORGANIZATION] [ORGANIZATION] [ORGANIZATION]. My name is [PERSON_NAME]. How may I help you? Hi, [PERSON_NAME]. How much the change Oil and filter oil for [ORGANIZATION] RAC [DATE_INTERVAL]? Sure, no problem. Let me assist you with that. May I have the phone number associated with your vehicle? Thank you. Let me just pull up your account real quick. Yes, yes, yes. Okay, Got. And you said you wanted to schedule for an oil change? Yes, oil change. Filter. Oil and iron filter. Okay, got it.","OPENING, FEE_DISCUSSION, NEEDS_ANALYSIS, CURIOUS_EXPLORATION",0.9,True,"Greeting, customer inquiring about oil change pricing, and agent requesting account details to identify the vehicle.",automotive_inbound.zip,automotive_inbound/ac406713440344b7a15538683be5af9f_transcript.json,automotive,inbound,185.0,0.94952434,128,823,17,DATE_INTERVAL|OCCUPATION|ORGANIZATION|PERSON_NAME|PHONE_NUMBER
callcenteren,train,ea6438f9a90645e1a8ccd82000b29c05_transcript,1dc684cbbce7274844f3a32636290b737630a36cfb611eb3c016e81c4179b9b1,"Thank you for calling the [ORGANIZATION] [ORGANIZATION]. A neighborly company. We fix your pains for quality assurance. This call may be recorded. [ORGANIZATION] [ORGANIZATION] can do more than fix your pains. We can help. [ORGANIZATION] [ORGANIZATION]. We fix your pains. This is [PERSON_NAME]. Hi, [PERSON_NAME]. This is [PERSON_NAME] [PERSON_NAME]. I was hoping to see if you guys could give me a quote on fixing some cracked glass in a window. The pain is not. Yeah, it's in the home. It's one of my. You know, one of the windows downstairs just got some spider cracks that came from the side of the window on the inside pane. The glass is still intact in the frame. Oay. So I was calling to see if somebody could, if you can send somebody out to give a quote or. [DATE_INTERVAL]. Okay. Have you ever worked with us before? No, first time. What is your first and last name? [PERSON_NAME] [PERSON_NAME]. Okay, and Mr. [PERSON_NAME], what's your address? [LOCATION] [LOCATION] [LOCATION] [LOCATION]. [LOCATION]. Yes. [LOCATION] [LOCATION] [LOCATION] [LOCATION] [LOCATION] [LOCATION]. Okay. And [LOCATION]. And the city? [LOCATION]. Yes, it's in [LOCATION], [LOCATION] [LOCATION] [LOCATION]. Okay, and do you have a good email that I can put on file? Yes, [EMAIL_ADDRESS] [EMAIL_ADDRESS] [EMAIL_ADDRESS]. Let's start over. [EMAIL_ADDRESS], [EMAIL_ADDRESS] [EMAIL_ADDRESS], [EMAIL_ADDRESS], [EMAIL_ADDRESS] [EMAIL_ADDRESS]. Gotcha. Okay. And the best phone number? Okay, and is it just one [ORGANIZATION] that doing that? Yeah, just one than you me photos I took. So yeah, I'm hoping there's some kind of resin that could be [MEDICAL_PROCESS] in it like safe light does to windowshield cracks. Yeah, I can have somebody come out and take a look. Okay. All right, let's see. Okay, and where's that window located in the home? It's on the back of the house and the family room on the [LOCATION] [LOCATION]. Okay, so I can have somebody out on Thursday between [TIME] and [TIME] or [TIME] to [TIME] with a [DURATION] [DURATION] call ahead. [TIME] to [TIME], please. Okay. And this phone number is a good one for a [DURATION] [DURATION] call ahead? Yes. All right. And are you. If I send you a text right now, are you able to text me a photo of it? Yes. O Oay. I just texted you if you want to go ahead and send a photo of that. Doesn't like the size of the file. Is there a way I can email it to you? The file was too bigague to text. Yeah, give me one second and let me email you. Okay, I'm going to email you right now. You should be getting it in just [DURATION] [DURATION] [DURATION] [DURATION]. I'll wait for you. If you also want to check your spam folder, they tend to go there. A good bit. Yeah, I got it. Reply and send attachments and a separate company from [ORGANIZATION]. Sure to have your primary number number available whenderful is answered. We collect lost related personal information. See your insurance or free company company website for details. Okay, I'm sending you three photos I took of it from slightly different angles. Okay, no problem. All right, got it. Okay, so its the top unit. Yes. Ok. Do you know roughly how big that unit is? And it doesn't have to be anywhere exact, just rough. Yeah, the whole thing is 32 inch wide window. Okay. And from what I can tell it doesn't look like there's any of those white dividing lines in there. Is that correct? It'just clear thatre. Okay. Okay, so it's roughly a 30x30. Actually it's [PERSON_NAME] than 30. It's whatt. I'm sorry. Yeah, it's [PERSON_NAME]. Okay. Oh, I'm sorry. You're breaking up real bad. Yes. Not down here. The whole window I think was thank means about [MONEY_AMOUNT]. Okay, well that's okay. They can measure it whenever they come out. So right now I have you at about [MONEY_AMOUNT] to replace that top. Un know if we replace both pieces of glass in there, it's just a ballpark quote. So when they come out on Thursday between [TIME] and [TIME], they'll make sure to give you a [DURATION] [DURATION] call ahead to this number and they can get those exact measurements and get you at pricing and kind of go with different options that you might be available for you. Okay. Okay, sounds great. Okay, sounds good. I'll set you up for then. All right, thank you. All right, thank you. Bye.","OPENING, NEEDS_ANALYSIS, CURIOUS_EXPLORATION, WARM_LEAD",0.9,True,Greeting present; customer is inquiring about a quote for glass repair and agent is collecting necessary contact and site information.,home_ervice_inbound&telecom _outbound.zip,home_ervice_inbound&telecom _outbound/ea6438f9a90645e1a8ccd82000b29c05_transcript.json,home_service_telecom,outbound,579.0,0.87908083,744,4278,67,DATE_INTERVAL|DURATION|EMAIL_ADDRESS|LOCATION|MEDICAL_PROCESS|MONEY_AMOUNT|ORGANIZATION|PERSON_NAME|TIME
callcenteren,train,2020-04-02-18-36-58_f03ddcb0-7510-11ea-928c-0eeb3581b051_ef1c8890-7510-11ea-ad07-d1a753aa3de5_transcript,1de8fadcf3eddaeaa0edf8431797103f8a80ba1eeb3e66bf8925db1946d3c900,"This call may be recorded for quality assurance. Hi, this is [PERSON_NAME] with [ORGANIZATION] [ORGANIZATION] [ORGANIZATION]. It looks like you were connected to me to compare rates on auto insurance today. Is that correct? Yes. Great. In order to connect you to the right [OCCUPATION], I need to quickly verify some of your information. May I have your first and last name, please? Your name please? You already have it. I'll give it to other guy. Okay. Sir, this is actually [ORGANIZATION] [ORGANIZATION] [ORGANIZATION] and we are affiliated with several of the top national carriers. Can you please confirm your name please? [PERSON_NAME] [PERSON_NAME]. All right. And [PERSON_NAME], can you Please confirm your zip code? [LOCATION]. Okay, awesome. And can you please confirm your. You said [LOCATION]. No, [LOCATION]. Okay, perfect. And who is your auto insurance provider? Who are we trying to beat? Sorry, sir. Is it [ORGANIZATION]? Awesome. And how long have you been with them, sir? About [DURATION] [DURATION]. [DURATION] [DURATION]. And that alone will qualify you for safe driving discounts. And what do you currently pay for [DURATION] [DURATION] of your Insurance is about [MONEY_AMOUNT]. [MONEY_AMOUNT]. And we can most certainly look and see if we can beat that rate, save you some money today. Do you own your home? Yes. All right. Would you be interested in saving money a home and auto insurance policy today? No. Okay, not a problem at all. All righty. And then, [PERSON_NAME], can you please confirm your date of birth? [DATE_OF_BIRTH], [DATE_OF_BIRTH]. At the date of birth. [DATE_OF_BIRTH]. Okay, perfect. In the past [DURATION] [DURATION], have you had any DUIs, SR22s or at fault accidents? No. No. Okay. Not a problem at all. All right, and let's see, how many vehicles are you looking to insure today? Three. Awesome. All right, thank you so much for that information. Let's see if we can find you some savings, get you some quotes. Okay, thanks, [PERSON_NAME]. That's all the information I need. I'm searching now for your best match. Also, to ensure you are satisfied with the coverage options you receive, can we follow up with automatic text messages to this number? Your consent is not required to receive the quote today. Okay. All right, [PERSON_NAME], you should take [DURATION] [DURATION] [DURATION] [DURATION] to go over the coverage options available. Please stay on the line while we connect you. Please stay on the line while we connect you, [PERSON_NAME]. Thank you for holding. I have your license online. You have a great day. Hello, my name is [PERSON_NAME] with [ORGANIZATION] [ORGANIZATION]. I am the [OCCUPATION] [OCCUPATION] you were transferred to and I'm going to be helping you with your quote. How are you today? I'm good. How are you. I'm doing good as well. Thank you for asking. And I'm sorry, I didn't catch your first name. She just transferred it to me. What's your first name again, sir? [PERSON_NAME] [PERSON_NAME]. Okay. And then [PERSON_NAME]. I just have a. Okay, I just have a couple quick questions so I can access your information. Who are you currently insured with? I've been saying that thing to three different people, so I'm sorry. I'm. I'm good. Okay. I'm sorry. You wasn't calling to get a quote there. Hello? Hello?","OPENING, NEEDS_ANALYSIS, FEE_DISCUSSION, SOFT_REJECTION",0.9,True,Greeting present; agent analyzes current provider and costs; customer declines the home insurance offer.,auto_insurance_customer_service_inbound.zip,auto_insurance_customer_service_inbound/2020-04-02-18-36-58_f03ddcb0-7510-11ea-928c-0eeb3581b051_ef1c8890-7510-11ea-ad07-d1a753aa3de5_transcript.json,insurance,inbound,803.0,0.9620976,546,3288,44,DATE_OF_BIRTH|DURATION|LOCATION|MONEY_AMOUNT|OCCUPATION|ORGANIZATION|PERSON_NAME
callcenteren,train,recording-public_905_transcript,1e26b5140ef61363d4916aa9e49f4f7e0c55f35bed63645cb49ede4158921222,"Hi, good morning. This is [PERSON_NAME] [PERSON_NAME]. How may I help you? Good morning, Sir. We have Ms. [PERSON_NAME] [PERSON_NAME] with me on the line from the state of [LOCATION]. [LOCATION] is the zip code and the physical address. You know, [LOCATION] [LOCATION] [LOCATION] the same zip code, [LOCATION]. She can make her own decisions. And, you know, she do have a [ORGANIZATION] [ORGANIZATION] card. Can you take over the call, please? Yeah. Is she in her age, please? [PERSON_AGE]. All right, thank you. Okay, so you both have a great day from my side. Thank you. Hi, good morning, ma' am. My name is [PERSON_NAME] [PERSON_NAME]. I'll be the [OCCUPATION] [OCCUPATION] [OCCUPATION] helping out today. How are you doing? Not too good today. Not too good. How come? I don't feel. I just feel good. I think it's my. Might be my kidney. I help. Oh, no. Oh, you did? How long ago did you have that? It's been that [DURATION] [DURATION]. Okay, well, I understand you're looking for life insurance for final expenses. Yes, I've been looking for. All right. You currently have any coverage now, ma' am? No, I don't. Okay. And what would be the main purpose of the coverage? What do you. Who are you looking to protect? Who would this money be going to? My son. Your son. Okay. Well, tell you a little bit about what I do. I'm what you call a [OCCUPATION] [OCCUPATION] [OCCUPATION]. I work with a lot of the top carriers in your state of [LOCATION]. So what I try to do is find you the best options for you based on your health and your age. What I do is pretty simple. I just ask you a few basic health questions, see where your health is at, and then come up with some options for you. And if we can find something that fits your budget. That's the whole idea. Because most people I speak with on fixed incomes try to find something reasonable is seeing if we can get you approved. And we do that right over the phone. And we typically know by the end of the call if you got approved or not, which is nice. Now, are you a smoker or non smoker, ma' am? Non smoker. All right. Any [MEDICAL_CONDITION] [MEDICAL_CONDITION] or [MEDICAL_CONDITION] or [INJURY], any of those things? No. Are you [MEDICAL_CONDITION]? No. All right, any [MEDICAL_CONDITION] [MEDICAL_CONDITION] like [MEDICAL_CONDITION] or [MEDICAL_CONDITION] [MEDICAL_CONDITION] or [MEDICAL_CONDITION]? No. All right, what type of medications are you on for anything, ma' am? [DRUG] [DRUG] [DRUG]. All right. I think everybody's on [DRUG] [DRUG]. I used to take a lot. I don't take that many now. Okay. Yeah, I'm [PERSON_AGE]. And I'm on [DRUG] [DRUG] [DRUG] [DRUG]. I think everybody is these days. As far as cycles, how tall are you, ma' am? [PHYSICAL_ATTRIBUTE], [PHYSICAL_ATTRIBUTE]. All right, and what do you weigh, roughly? I weigh [PHYSICAL_ATTRIBUTE] [PHYSICAL_ATTRIBUTE]. All right. Now, did you have an idea how much coverage you might be interested in? You know, if you're looking at standard funeral burial, typically that's between, you know, [MONEY_AMOUNT] [MONEY_AMOUNT] [MONEY_AMOUNT]. If you're looking at less than that for cremation or something, you can get by with usually less than [MONEY_AMOUNT]. It just depends on, you know, what you're looking for and affordability wise and things. Because like I said, most people I speak with are on fixed income. So we try to find you the best options for you. What is your date of birth, ma' am? First. [DATE_OF_BIRTH], [DATE_OF_BIRTH]. [DATE_OF_BIRTH] [DATE_OF_BIRTH], [DATE_OF_BIRTH]. [DATE_OF_BIRTH] [DATE_OF_BIRTH]. [DATE_OF_BIRTH] [DATE_OF_BIRTH]. All right. [DATE_OF_BIRTH] [DATE_OF_BIRTH], [DATE_OF_BIRTH]. All right. Did you have an idea how much coverage you might be looking for? And what I can do is try to find you the best options for you here. Well, it's kind of hard. I don't know. My granddaughter told me about [DURATION] [DURATION] ago that I had a plot like that to my [MARITAL_STATUS]. Okay, so you don't need that taken care of? You don't need that part taken care of then? Are you thinking maybe around. Maybe around [MONEY_AMOUNT], something like that? That's usually around the average I help people with, yeah. All right, well, we'll see what we can come up with for you. So you're [PERSON_AGE] years old, is that correct? No, [PERSON_AGE]. Yes, [PERSON_AGE]. Yeah. Yeah. How was [DATE_OF_BIRTH]? Yep, [DATE_OF_BIRTH]. So you'd be [PERSON_AGE] and you're non tobacco and you're a [GENDER_SEXUALITY]. So now for [MONEY_AMOUNT], now, this rate would never go up. This would cover you until you pass, and you'd be covered immediately. We'd be looking at $[MONEY_AMOUNT] [DURATION] [DURATION]. And that's with a company called [ORGANIZATION], and they're going to be the best option for you. If you want to kind of compare it to like when you see colonial pen on TV and they say [MONEY_AMOUNT], well, that's per thousand [MONEY_AMOUNT]. So if you need a $[MONEY_AMOUNT] policy at [MONEY_AMOUNT] per thousand, it's almost $[MONEY_AMOUNT] [DURATION] [DURATION]. It's one of the more expensive ones out there, but they make it a little deceiving on TV as far as that goes. Make it sound good. Yeah. So for [MONEY_AMOUNT], you'd be looking at [MONEY_AMOUNT], which is almost half the price. And you'd be covered immediately. And then the rate would never go up. And that would cover you until you pass. Now, if that's too high, we can go down a little bit. Or if you want to move it up, that's great. Or if that's about perfect, that's even better. The next step would be seeing if we can get you approved. And we do that right over the phone. And we typically know by the end of the call if you got approved or not. And then as far as payment goes, it's either out of a checking savings or off a card. And you can choose whichever option works best for you. And we try to match it up with your [ORGANIZATION] [ORGANIZATION]. That way you don't have to worry about missing payments. And then once you get approved, Sbli would mail out and email out the policy to you. And I would also send out a little thank you card with my business card magnet. And then you can put that right on your fridge. That way you know how to get a hold of me. Your family knows how to get a hold of me. It's right there. Okay. Does that seem reasonable for you? The [MONEY_AMOUNT] for [MONEY_AMOUNT]? Yes, it's out. I've been checking into [DURATION] [DURATION], but, yeah, it sounds about right. Yeah, that's pretty reasonable. If we can get you approved. Do you want to see if we can get you approved now? [PERSON_NAME], I said I just don't feel like it right now. Okay. Do you want me to try to maybe call you later? You can. Okay. Is your first name. Your first name again? Ma' am? Darling. And your last name? [PERSON_NAME] [PERSON_NAME] [PERSON_NAME], [PERSON_NAME] [PERSON_NAME]. That's my first [PERSON_NAME]. All right. [PERSON_NAME] [PERSON_NAME] [PERSON_NAME] [PERSON_NAME] [PERSON_NAME] [PERSON_NAME]. [PERSON_NAME]. [PERSON_NAME] [PERSON_NAME] [PERSON_NAME] [PERSON_NAME] [PERSON_NAME] [PERSON_NAME] [PERSON_NAME]. Yes. All right. My name is [PERSON_NAME] [PERSON_NAME]. I'll be calling from a [PHONE_NUMBER] number. I'm located in [LOCATION], so that's where I'm at. And I would. I'll give you a call later this afternoon and, you know, think about it, and then we can see if we can get you approved. Okay? All right. All right. I hope you feel a little better. All right, thank you.","OPENING, NEEDS_ANALYSIS, PRODUCT_PITCH, WARM_LEAD",0.95,True,Greeting present; agent asks about current coverage and beneficiaries; agent pitches their ability to find the best insurance options.,customer_service_general_inbound.zip,customer_service_general_inbound/recording-public_905_transcript.json,customer_service,inbound,484.0,0.95859915,1262,7416,121,DATE_OF_BIRTH|DRUG|DURATION|GENDER_SEXUALITY|INJURY|LOCATION|MARITAL_STATUS|MEDICAL_CONDITION|MONEY_AMOUNT|OCCUPATION|ORGANIZATION|PERSON_AGE|PERSON_NAME|PHONE_NUMBER|PHYSICAL_ATTRIBUTE
callcenteren,train,6106702089_transcript,1e2c4183901de5e674a939d59ba121175ea20391533bdc658bb295498762b9c7,"Hello? Yes, hi miss, this is [PERSON_NAME] [PERSON_NAME] from [ORGANIZATION] [ORGANIZATION]. How you doing? Okay, that sounds great. God bless you. So Miss, the reason I'm calling you today is because your Medicare insurance is getting upgraded for this year. And also miss, you are receiving some additional Medicare benefits and this will be at no additional cost to you. So I hope it sounds good to you, ma' am. Yes, yes it does. And what insurance is that, dear? This is not any kind of new insurance and neither. This is not any kind of advantage plan. This is the benefit you are getting from your existing insurance that you already have. That's why, ma' am, you are getting this benefit at [MONEY_AMOUNT] [MONEY_AMOUNT] premium. You don't have to pay anything for this. And also Ms. [PERSON_NAME], after this upgradation, you will also start receiving up to [MONEY_AMOUNT] [MONEY_AMOUNT] money back in your [ORGANIZATION] Security as well. That sounds impossible. Yes dear, because this is the benefit you are qualified from your existing insurance. So that's why ma' am. And you will be getting it by check, ma' am, in your. Oh my word. Oh my word. Yeah, I'm paying out over a [MONEY_AMOUNT] [MONEY_AMOUNT] here on homeowners insurance today. I have to pay almost [MONEY_AMOUNT] [MONEY_AMOUNT] [MONEY_AMOUNT]. [MONEY_AMOUNT] [MONEY_AMOUNT] [MONEY_AMOUNT]? That's a lot of money you are paying. I know, it is ridiculous so. But that's what I have to pay. But at least I'm getting. Getting relief on this you're telling me about, right? So Ms. [PERSON_NAME], for the upgradation, I do believe, dear, you have both Medicare part A and part B active, right? Yes. Okay, I guess I do. I'm getting old, but I'm pretty sure I do. That's great. God Bless you. And Ms. [PERSON_NAME], I do believe regarding Medicare you make your own decisions, right? Yes. Okay. And here just for the confirmation, ma' am, I can see here you are residing in [LOCATION] [LOCATION] [LOCATION], [LOCATION], [LOCATION], and your zip code is [LOCATION], right, ma' am? Yes. Okay. And Ms. [PERSON_NAME], your date of birth is near. Correct me If I'm wrong, it's [DATE_OF_BIRTH] [DATE_OF_BIRTH]. Is that correct, ma' am? That's absolutely right. Okay. And Ms. [PERSON_NAME], I do believe you have the red, white and blue card with you, ma' am, The Medicare ID card. Yes, I do. Okay, so can you grab it? I'll hold the line for you. Yeah. Okay. Okay. Okay. Yes, it says Medicare health insurance. Right. So Ms. [PERSON_NAME], like first of all, a very big congratulations to you ma' am, because as I can see here, you are already qualified to get this benefit. So Ms. [PERSON_NAME], what I'm going to do is now I'll get you connected to my [OCCUPATION] [OCCUPATION] [OCCUPATION]. And ma' am, we will be from your same area with the same zip code. That is [LOCATION]. So Ms. [PERSON_NAME], like he will be taking your pre shift [DURATION] [DURATION] [DURATION] [DURATION] and he will just explain you what exactly the free benefits you are getting and when and how you will be receiving the paperwork so that you can read about the benefits as well. Okay? Okay. Okay. And Ms. [PERSON_NAME], like once the [OCCUPATION] [OCCUPATION] [OCCUPATION] will pick up the call, he will ask you for your Medicare ID number. So just provide the ID number to him and he will assist you further. Okay. Okay. That's the number in the middle of the card, right? Right just below your name? Yes. Okay, so Ms. [PERSON_NAME], I really appreciate your time and patience here, dear. So I'm getting your calls connected. Okay. Okay, thank you. Yeah, thank you so much, ma' am. Here we go. Your call is getting connected. Okay, Call blocked. Okay, it's getting connected. And like how was your morning so far, ma' am? Kind of slow. I'm not moving too fast this morning. Okay. And like, you had your breakfast, ma' am? Had my. Yes, but it's been [DURATION] [DURATION] ago, so I'm getting hungry. Almost for lunch. Oh, almost for lunch. Okay, okay, okay. So dear, I'm here on the line with you, dear. I'll introduce you to my [OCCUPATION]. Okay, so just a moment. Okay, the number you have, the number you have. [ORGANIZATION] [ORGANIZATION]. Like, do you have like apart from Medicare, do you have Medicaid as well, ma' am? No. No. So you just have Medicare. Awesome, awesome, awesome. Thank you for your interest on Medicare. Thank you for calling [ORGANIZATION]. And my name is [PERSON_NAME] [PERSON_NAME]. My P Sec with [PERSON_NAME] [PERSON_NAME]. That's [DATE_INTERVAL] now for quality and training purposes.","OPENING, PRODUCT_PITCH, NEEDS_ANALYSIS, FEE_DISCUSSION, WARM_LEAD",0.95,True,"Agent opens the call, pitches Medicare benefits, conducts eligibility verification, discusses costs, and the customer is highly cooperative, indicating a warm lead.",insurance_outbound.zip,insurance_outbound/6106702089_transcript.json,insurance,outbound,383.0,0.95509905,780,4561,57,DATE_INTERVAL|DATE_OF_BIRTH|DURATION|LOCATION|MONEY_AMOUNT|OCCUPATION|ORGANIZATION|PERSON_NAME
callcenteren,train,b894fe31bc184e8f8a736d8cb6ef99b5_transcript,1e3ef0496cd6865d48351732a86b3add0589a8362dcea19012f9c14d001a6ce2,"It's a great day. Missister [PERSON_NAME] and [ORGANIZATION] [ORGANIZATION] [ORGANIZATION]. This is [PERSON_NAME], how can I help you? Hi, I need to get a [OCCUPATION] at my house as soon as possible. We have a drain down in our basement backed up with like sewage and whatnot. Sure, I mean I truly sory to listen that inconvenience. However, you have called the right place so I can certain only assist you. May I have your first and last name please? [PERSON_NAME] [PERSON_NAME]. [PERSON_NAME] [PERSON_NAME]. Thank you very much. I show the number you are calling on. Is this the best number to reach you? Yes, thank you very much. And I guess that I have found your profile. Is Your address the [LOCATION] [LOCATION]? Yes, thank you very much. Yes, one moment. Yes, so you have a drain down in your basement back up like with sewage? Yes. Okay, you just want to make sure. Do you consider this is an emergency, [PERSON_NAME]? Yeah, because we can't flush our toilet or anything until that's clear. Well, yeah, sorry to listen, but have you used Mr. [PERSON_NAME] before? Yes, for the same exact reason. Oh, really? How many time ago? How much time ago? Sorry, I don't remember the last time it was, but it was probably over [DURATION] [DURATION] ago at least. Oh yeah, I see, I see. Thank you. Well, we are happy to hear that you are trusting us with your home again. May I have your email for confirmation of your appointment? Thank you. To confirm this is for our residential property, right? Yes, yes, thank you. Okay, we will be happy to assist you with the trainaining basement back up. Just one moment. Okay. We have a low diagnostic and trip fee of only $[MONEY_AMOUNT] for our [OCCUPATION] to diagnose the problem and provide you with an upfront price before any work is in this case, those $[MONEY_AMOUNT] can be waived or will be waived basically if you choose to have the word completed. So yes, nothing to worry about. Okay, [PERSON_NAME]. Also, I will let your [OCCUPATION] know that this is an emergency or policies to put emergencies at the top of the list. I will send all of your information and your request for immediate service over to ourpatchure who will call you back as soon possible. Just allow me one moment while I just finish off writing those details, okay? Okay, perfect. Thank you very much. Yes, one moment'am one moment. Okay, [PERSON_NAME]. Well, once your request is confirmed, your appointment should appear in the [ORGANIZATION] app. How you download the Neighborly app? No, she to send you a link by email or text to download the app. That's fine. Okay. By email or by text? Text is fine. Okay. Just before we end our calle today we would like to remind you that were performed by all [ORGANIZATION] [ORGANIZATION] [ORGANIZATION] programs. He's backed by your [ORGANIZATION] Don'write promise. Please visit neighborly.comform more information. Is there anything else I can help you with? No, that's all. Okay. Thank you for calling Mr. [PERSON_NAME] and [ORGANIZATION] [ORGANIZATION]. We appreciate your best loss. Have a good one. Thank you.","OPENING, NEEDS_ANALYSIS, SUCCESSFUL_SALE",0.95,True,Greeting present; agent collects extensive customer and situation details; call ends with the confirmation of an appointment.,home_ervice_inbound&telecom _outbound.zip,home_ervice_inbound&telecom _outbound/b894fe31bc184e8f8a736d8cb6ef99b5_transcript.json,home_service_telecom,outbound,341.0,0.87598926,534,3083,30,DURATION|LOCATION|MONEY_AMOUNT|OCCUPATION|ORGANIZATION|PERSON_NAME
callcenteren,train,93d59d4e928f470b8098604b8269d5142303312_transcript,1ed94f7f89efb1afc9a87c92464198618c6509a7d576e6b772bafceed60e19d7,"[ORGANIZATION] [ORGANIZATION] [ORGANIZATION]. This is [PERSON_NAME]. How may I help you? Hi, good morning. I'm just calling to make an appointment. Yes, ma'am. And then whatstocker can it, [PERSON_NAME]. Yes. And then are you a patient with them already or would you be considered a new patient? No, I'm patient with you guys already. Oay. And then what is your first and last name? [PERSON_NAME] [PERSON_NAME] [PERSON_NAME]. And then what's the appointment going to be for that you're needing Just check up [MEDICAL_PROCESS]. And then would you for mornings or afternoons? Afternoon. So I was looking towards the [DATE_INTERVAL] [DATE_INTERVAL] [DATE_INTERVAL] maybe next. Let me check and see what we have. I'll. Right now they don't have anything for the [DATE_INTERVAL] [DATE_INTERVAL] [DATE_INTERVAL] [DATE_INTERVAL] or the [DATE_INTERVAL] [DATE_INTERVAL] [DATE_INTERVAL] [DATE_INTERVAL] [DATE_INTERVAL]. They don't have anything open in [DATE_INTERVAL] at all? As of right now they don't. They have a few openings for [DATE_INTERVAL], though. So do you have like [DATE_INTERVAL] late [TIME] [TIME] afternoon? Let me check. You said it looks like they only have morning appointments left in [DATE_INTERVAL]. I do have [DATE] [DATE] [DATE] and it's going to be at [TIME]. Hold on. Give me one second. Hold on. Okay, I'm back. Okay. So it looks like it's going to be [DATE] to [TIME] is going to be the next available. They have [MEDICAL_PROCESS] and you said that. What would be the time? One more time. And it's [DATE_INTERVAL] [DATE_OF_BIRTH]. It's on a Tuesday at that [TIME] [TIME] [TIME] [TIME]. Oh, no, it's birthday. Anything in [DATE_INTERVAL], I just check and see. I don't see anything for [DATE_INTERVAL]. Thank you. No. Wow. I can put you on their list. If anybody cancels or falls off the schedule, they can always call you. And you try to grab one of these spots for e [DATE_INTERVAL], [DATE_INTERVAL] or [DATE_INTERVAL]. Okay. Yeah. Yeah. Because I'm just trying to see if I can get like my daughter and I together. She's in school sometime to see if I can schedule her for summertime. Kind of like get the two of us together. I've been taking my whole family there for [DURATION], so been just trying to coordinate that. But yeah, we app. Go ahead. I can add you to that cancellation list. And they send out text all the time about spots opening. So all you have to do is respond to the text and try to grab one of those o see so much. And if I want my daughter to go with me the [DURATION] that is opening, do I have to put her in a waiting list as well? Is she already a patient with us? Yes. Y. I can put her on the waiting list. Too. And I'll make a note. They are trying to come for the same [DURATION], too, just to make it a little bit easier as well. Awesome. Yeah. Her name is [PERSON_NAME] [PERSON_NAME]. Perect. I'll go ahead and add her to that list, too. But if anybody cancels, we'll try to put them for the same [DURATION]. Okay, Perfect. Perfect. We'll do that. Thank you so much. Bye. You're welcome. Bye.","OPENING, NEEDS_ANALYSIS, ACTIVE_LISTENING, SUCCESSFUL_SALE",0.85,True,Greeting present; agent gathers patient info and appointment needs; confirms dates; results in a scheduled appointment (commitment).,medicare_inbound.zip,medicare_inbound/93d59d4e928f470b8098604b8269d5142303312_transcript.json,medicare,inbound,322.0,0.86339915,528,3042,51,DATE|DATE_INTERVAL|DATE_OF_BIRTH|DURATION|MEDICAL_PROCESS|ORGANIZATION|PERSON_NAME|TIME
callcenteren,train,deaaa1e7e34b4de8b29ca292a6da5845_transcript,1f103e3119449ee44f76be3098f9b3bdc220808da8f776d806efb99b44d2b8e6,"Thank you for calling [ORGANIZATION] [ORGANIZATION]. This is [PERSON_NAME]. How can I help you? Yes, hi, I have low pressure air in my tires. Can you come in and get it checked? We actually don't do that, unfortunately. You will probably have to have it towed to the dealership. No, because I can still drive it. Okay. I can still drive it. I just need, you know, someone. I bet another car is less than [DURATION] [DURATION] and it's low pressure tire already. I don't understand. Okay, let me give you. Let me give you a phone number to [ORGANIZATION] [ORGANIZATION], because I see you do have a 23Q3, right? Yeah, I mean, I can still drive the car. I just need to get the air in. And if it's okay, if I can just do it the dealership or if it's. Or should I just go to any places that you can recommend? I mean, if you around, if you're not too far from us, you can come and then we'll, you know, we'll see why you're getting up high pressure. But if you're not, you could go to. If you have like a different dealership that, I mean, another [ORGANIZATION] dealership that's close to you, you could go. Or if you want to add some air so you can. If you can make. So that you can make it here, that's also an option. But if you do call the [OCCUPATION] [OCCUPATION], they will either put the air or tow the vehicle here. It's up to you. All right. Is that going to cost extra for the. No, because it's still under [ORGANIZATION] care and it's a part of it. Oh, I see. Is it possible? Because I'm in [LOCATION] right now. You're in [LOCATION]? Okay, so you're like [DURATION] [DURATION] [DURATION] [DURATION] from us. Let me give you the number to the [ORGANIZATION] [ORGANIZATION]. All right, you ready? Hold on one second. Okay, I'm ready. All right, so it is. Okay. [PHONE_NUMBER]. Okay. All right, great. Thank you so much. I'm not sure if there's like, sorry, I just had a car and I'm not sure how many percentage per tire or whatnot is. Should be included. I don't want to blow up the tire if I go to another location. Right. Okay. So it is best that you call [ORGANIZATION] [ORGANIZATION]. They'll be able to help you with that. Okay. Thank you so much. You're welcome. Bye. Bye. Bye.","OPENING, OBJECTION_HANDLING, FEE_DISCUSSION, SOFT_REJECTION",0.9,True,"Includes greeting, initial rejection of service, handling of customer's resistance to towing, and discussion regarding costs under warranty.",automotive_inbound.zip,automotive_inbound/deaaa1e7e34b4de8b29ca292a6da5845_transcript.json,automotive,inbound,206.0,0.95396286,413,2191,22,DURATION|LOCATION|OCCUPATION|ORGANIZATION|PERSON_NAME|PHONE_NUMBER
callcenteren,train,DMEMED_rmbpo19_20211102-145157_2566388742_3833602-all_transcript,1f301e08e1af0c72310db409ab6df3ffaa57a04ca459a3b345fae51665a8cfea,"Hello? Hi, this is [PERSON_NAME] [PERSON_NAME] from [ORGANIZATION] [ORGANIZATION]. How are you? I'm not feeling too good. Yeah. But the reason of my call here is to provide your additional benefits at no cost to you. Okay? Okay. So may ask, do you have [MEDICAL_CONDITION] [MEDICAL_CONDITION] [MEDICAL_CONDITION], [MEDICAL_CONDITION] [MEDICAL_CONDITION] or [MEDICAL_CONDITION]? Well, if I have, they didn't say nothing about it in the hospital. Yeah, but I have all the information here. [PERSON_NAME] [PERSON_NAME], right? Yeah, I'm [PERSON_NAME] [PERSON_NAME]. Okay. Yeah. So as I find here that you are qualified to receive this, and I have all your information that I need here. Okay. Okay. Yeah. And your [OCCUPATION] name is [PERSON_NAME] [PERSON_NAME], right? Yeah. And [PERSON_NAME]. Yeah. [PERSON_NAME], your date of birth is to [DATE_OF_BIRTH], correct? Stay on the line. Okay, yeah. So [PERSON_NAME], your last name is [PERSON_NAME], spells with [PERSON_NAME], [PERSON_NAME], [PERSON_NAME], [PERSON_NAME], [PERSON_NAME], [PERSON_NAME], [PERSON_NAME]. Right? Okay. And I have your Medicare ID number here. It's [HEALTHCARE_NUMBER] [HEALTHCARE_NUMBER] [HEALTHCARE_NUMBER] [HEALTHCARE_NUMBER] [HEALTHCARE_NUMBER]. Right? Yeah. It's okay. So do you have any body pain, like lower back pain, knee pain or wrist pain? I have back pain a lot. Oh, I'm sorry to hear that, [PERSON_NAME] here that you are much qualified to receive this. And [PERSON_NAME], are you still located at [LOCATION] [LOCATION] [LOCATION], [LOCATION], [LOCATION] [LOCATION]? Right. Yes, ma' am. Okay, so it's good to hear. And I have all the information that I need here. So, [PERSON_NAME], what. What I'm going to do now is to fill up your online form here for you to qualify to receive this additional benefits. Okay? Stay on the line. So I have your phone number. It's [PHONE_NUMBER]. Right. So what I'm going to do now, [PERSON_NAME], is to transfer you over to the [OCCUPATION] [OCCUPATION] which is in your area right now. Okay? Okay. So stay on the line, [PERSON_NAME]. I am going to connect you now. And if the [OCCUPATION] will pick up the phone call, let them know your first name, your last name and your zip code, okay? Okay, so here we go. [PERSON_NAME], I'll be with you here. Okay. To stay on the line. Here we go. You're the next. Hello, this is [PERSON_NAME] from the [ORGANIZATION] [ORGANIZATION] [ORGANIZATION]. How are you today? Oh, fair. Just fair is all I am. I'm not doing no running races or nothing. Okay, I do understand. Well, it's Medicare open enrollment, so there have been some changes with the plans and rates in your area. Okay, What I'll do is get a [OCCUPATION] [OCCUPATION] on the line to go over this with you and they'll check if you qualify for plans. They will take care of copays and deductibles not covered by Medicare. Okay. Okay. Okay. Now, you do have Medicare part A and B in place, Right? Okay. And you are over the age of [PERSON_AGE], is that correct? I'm afraid so. I'm afraid I'm [PERSON_AGE]. Okay, well, that's good in this case, ma' am. And just to confirm, now, you're not looking for Medicaid state coverage, correct? Sure. Okay. Now, along with your Medicare A and B, do you have any additional health insurance like [ORGANIZATION], [ORGANIZATION] [ORGANIZATION] and [ORGANIZATION] [ORGANIZATION], or any advantage of supplement plans? I got [ORGANIZATION] [ORGANIZATION]. Okay, and do you pay a monthly premium for that or do you get it free? No, I pay monthly. Okay, so is it like $[MONEY_AMOUNT] or more? Like $[MONEY_AMOUNT] [DURATION] [DURATION]? $[MONEY_AMOUNT], I think. I'm not sure. Okay, well, that means that is a supplement plan. Well, see, I've been sick and I can't remember all this stuff. I understand, ma' am, but no worries. Supplement plans are the best plans. Okay, so can I have your zip code to make sure I'm having you transferred to the right area? [LOCATION]. Thank you very much. I see you're in [LOCATION], [LOCATION], correct? Right. [LOCATION] [LOCATION]. G. Okay, I just need to read this disclaimer before I bring the [OCCUPATION] on the line. The disclaimer I'll be reading will simply be saying that the company would probably send you some messages or give you a call back. Okay. Okay. Now please listen. As I read by agreeing to procedure providing your consent to be connected to the company and its affiliates and to authorize them to contact you with offers about their services at the provided phone number using automated technology, including auto dialers, pre recorded messages and text messages. Even if your telephone or mobile number is listed on any state, federal or corporate do not call list. However, it is not required for you to give your consent as a condition of service. And. And you may revoke your consent at any time. Text span data rates may apply. If you consent to be connected now or contacted back under these terms, please state, I agree. I agree. Wonderful. Now, you'll be hearing me. Press a couple of buttons as I get to the correct [OCCUPATION]. And can I have your name so I can introduce you when they pick up? [PERSON_NAME] [PERSON_NAME]. Thank you very much, Miss [PERSON_NAME]. Could you please spell your last name to make sure I get it have it correct? [PERSON_NAME], [PERSON_NAME], [PERSON_NAME], [PERSON_NAME], [PERSON_NAME], [PERSON_NAME], [PERSON_NAME]. Thank you very much. Ms. [PERSON_NAME]. One moment. Let me get the [OCCUPATION] online. And remember, I will introduce you when they pick up. Okay. One moment, please.","OPENING, PRODUCT_PITCH, NEEDS_ANALYSIS, PASSIVE_AGREEMENT",0.9,True,"Greeting, offer of additional benefits, medical screening questions, and customer confirming personal details.",medical_equipment_outbound.zip,medical_equipment_outbound/DMEMED_rmbpo19_20211102-145157_2566388742_3833602-all_transcript.json,medical_equipment,outbound,443.0,0.95492077,908,5535,89,DATE_OF_BIRTH|DURATION|HEALTHCARE_NUMBER|LOCATION|MEDICAL_CONDITION|MONEY_AMOUNT|OCCUPATION|ORGANIZATION|PERSON_AGE|PERSON_NAME|PHONE_NUMBER
callcenteren,train,3182818825_transcript,1f3d96bd1cdfaaa8c7cebaabf2940aff579d9880766095442b3f5f33bb013491,"Hello. Hello. Hi, this is [PERSON_NAME]. How are you doing today? I'm fine. That's great. So the purpose of my call is to let you know that your Medicare is getting updated today. And you were also qualified to receive some additional benefits with no additional cost. Hope that sound good. Yes. So ma' am like for the upgradation, I do believe you have a Medicare with part A and part B active. Yeah. That's great. And you make your own healthcare decisions, right? Yes, I do. That's great. So you are totally eligible to receive benefits like [PERSON_NAME]. [PERSON_NAME], [PERSON_NAME] [PERSON_NAME] and hospital fees. So whenever you visit any [OCCUPATION] or or specialist, you don't need to know co payments to them. And also you are getting the dental, the vision and the hearing. And apart from this you were also qualified to receive the medication co payments benefit. So whenever you visit to your drugstore, you don't need to pay for your prescriptions. And also we are providing you up to $[MONEY_AMOUNT] money back on your [ORGANIZATION] [ORGANIZATION] check. This benefits will be directly added to your existing Medicare Plan [DATE_INTERVAL]. And this benefits will be a [MONEY_AMOUNT] [MONEY_AMOUNT] premium to you ma' am. Hope that sounds good. Yeah, that's great. So ma' am like for the confirmation, you live in [LOCATION], right? Yes. Your primary residence is like [LOCATION] [LOCATION] [LOCATION], [LOCATION] [LOCATION] [LOCATION]? Correct. That's great. And ma' am, for the confirmation, do you make any changes in your medicare in last [DURATION] [DURATION]? Do I make any payments in my Medicare? No. No. I'm asking you, do you make any changes in your Medicare? No. Okay. And your last name is spell as [PERSON_NAME] [PERSON_NAME], [PERSON_NAME], [PERSON_NAME], [PERSON_NAME], [PERSON_NAME], [PERSON_NAME], [PERSON_NAME], [PERSON_NAME]. Correct? Correct. And your first name is [PERSON_NAME]. It's [PERSON_NAME], [PERSON_NAME], [PERSON_NAME], [PERSON_NAME]. Correct. That's great. And for the last confirmation, Ms. [PERSON_NAME], can you please help me with your date of birth? Your birth date. I can hardly hear you. Your date of birth. Ma' Am, Your birth date when you were born. [DATE_OF_BIRTH] [DATE_OF_BIRTH]. [DATE_OF_BIRTH] [DATE_OF_BIRTH]. That's great. And Ms. [PERSON_NAME], I do believe you have understood that this call is for your additional Medicare benefits, right? Yeah. That's great. So as I told you Ms. [PERSON_NAME], you are totally eligible to receive these benefits, Ma' am. So what will I do? I will connect your call to the [OCCUPATION] [OCCUPATION] of Medicare who is from [LOCATION], [LOCATION]. They are the nearest with you. They will provide you the benefits and they will send you every single thing in written to your mailing address so you can Read about the benefits as well, and I'm there with you on the line. I will introduce you to them, so please be online. Okay? Yeah, I'm getting a bad connection. I can hardly understand you. Okay, I will tell you. I'm saying you, ma' am. I will connect your call to the [OCCUPATION] [OCCUPATION] of Medicare, ma' am, who is from [LOCATION]. They will provide you, and they will send you every single thing in written, okay? Yes. And, Ms. [PERSON_NAME], do you have the red, white and blue Medicare health insurance card with you handy? No, I don't have it with me handy. Is there any possibility you can grab your card, ma' am, just a moment. Okay? You can take your time it. Hello? You got your card. Hello? Hello? Hello? Hello? I'm back. Yeah. Yeah. So please stay on the line. I'm connecting your call. Okay? Yeah. Okay. Here we go. The line is getting connected. Thank you for holding. This is our [OCCUPATION] [OCCUPATION], [PERSON_NAME] [PERSON_NAME] with the [ORGANIZATION] [ORGANIZATION]. Do I have the pleasure of speaking with [PERSON_NAME] [PERSON_NAME]? Yes. Hi, [PERSON_NAME]. How are you doing today? Fine. Just a second, ma' am, and sorry for the inconvenience. Thanks for calling the [ORGANIZATION] [ORGANIZATION]. This is [OCCUPATION] [OCCUPATION] [PERSON_NAME] [PERSON_NAME]. Am I speaking to [PERSON_NAME]? This is [PERSON_NAME]. All right, Mrs. [PERSON_NAME]. How's your day going so far? Fine. Awesome. All right. So you got transferred over to me to make sure you have the best Medicare plan to pay your needs. That way you're not missing out on any benefits or savings. Is that your understanding of the call, Ms. [PERSON_NAME]? Is that your understanding of the call? Yeah.","OPENING, PRODUCT_PITCH, ENTHUSIASTIC_AGREEMENT, NEEDS_ANALYSIS, FEE_DISCUSSION",0.95,True,Agent pitches Medicare benefits and no-cost upgrades; customer responds positively while agent verifies eligibility and residence.,insurance_outbound.zip,insurance_outbound/3182818825_transcript.json,insurance,outbound,415.0,0.9466606,732,4502,69,DATE_INTERVAL|DATE_OF_BIRTH|DURATION|LOCATION|MONEY_AMOUNT|OCCUPATION|ORGANIZATION|PERSON_NAME
callcenteren,train,72a80a19bbda463eb6b98f9d2b02b416_transcript,1f4f760131d471f09de272874fad913f9a1cf35d869e21b4e3020da0d8f01d2f,"Thank you for calling [ORGANIZATION] [ORGANIZATION] [ORGANIZATION], home of the car dock. Press [PHONE_NUMBER] for [ORGANIZATION], press [PHONE_NUMBER] for [ORGANIZATION], press [PHONE_NUMBER] for [ORGANIZATION], press [PHONE_NUMBER] for yes. Thank you. Thank you. At [ORGANIZATION] [ORGANIZATION] [ORGANIZATION] [ORGANIZATION], you'll probably recognize the people who change your oil or help you pick out your next new or used vehicle. That's because our employees are your neighbors. They're active members of our community. You'll see them at the grocery store, at the next high school game, or volunteering in the community. We work with many nonprofit organizations because we're proud to be a member of our community. Foreign love. To continue the conversation via our Facebook page, click over to our Facebook page for exclusive offers, fun contests and prizes, insider looks at new vehicles, and more. Also, you can now rate and review your dealership experience online via [URL] or [ORGANIZATION]. Don't let that warning light on your dash ruin your day. Turn to the pros at [ORGANIZATION] [ORGANIZATION] [ORGANIZATION] [ORGANIZATION]. Our [ORGANIZATION] [ORGANIZATION] has the latest diagnostic equipment necessary to identify the problem. And our certified and factory trained [OCCUPATION] fix it right the first time. So when something goes wrong or you're ready to perform preventative maintenance, call the people who know how to make it right. Let us know how we can help you when we return to your call. Yeah, I was just calling to see. I have a [DATE_INTERVAL] [ORGANIZATION] Highlander and I just wanted to see like roundabout, how much? I think it's drum brakes in the rear of this thing. So like what, what it costs you. I know they don't need to normally be replaced, but getting kind of like a rubbing sound in the rear, like rear passenger side. So I was just wondering like how much normally that costs to replace for pads rotors. What do you mean? I mean, I would think it'd be just the pads. I don't think it's. I mean, do drums. They take pads. Also. I'm not seeing an option for drums. I see for [DATE_INTERVAL]. 500. It says pads. Oh, is it, is it the disc in the rear of these things? Like, I don't know. I, I've never changed the rears in this thing, so I know the front. You might have drums. I would need a VIN number to see if you have drums. If you want to be specific on it. But if I'm just doing a generic lookup on a [DATE_INTERVAL] Highlander, it tells me it has pads. Okay, cool. Roundabout, like what does that cost to replace that normally? Because I, I have. Yeah, I can get, I can get on. I can give you a price on the Pads. I would have to transfer you the [ORGANIZATION] together for you to get a quote on how much labor will cost. Okay. What's that? What are the pads? A [MONEY_AMOUNT] [MONEY_AMOUNT] [MONEY_AMOUNT]. The pads for the rear are [MONEY_AMOUNT] before taxes. Okay, cool. And then [ORGANIZATION], it'll probably be like [MONEY_AMOUNT] [MONEY_AMOUNT] all around. Most likely somewhere in that range. Well, somewhere around that range for it. I can turn to the [ORGANIZATION] if you like. Okay, cool. Good morning. Thank you for calling [ORGANIZATION] [ORGANIZATION] [ORGANIZATION] [ORGANIZATION] [ORGANIZATION]. How can I help you? Hi, I am just calling. I was wanting getting the rear rear brakes fixed in my. I mean I think it's just pads for my Highlander. Huh. Okay, I'm gonna go ahead and put your number in. This is for the [DATE_INTERVAL] [ORGANIZATION] Corolla. Oh, the Highlander you said. I'm sorry, it's a [DATE_INTERVAL]. [DATE_INTERVAL]. Okay, I'm just gonna make a note and you said you wanted to get your rear brake replaced. I usually do my own brakes but I've never, never had the rears done so since I bought it. So it's, you know, we've put about 85,000 miles on it since we bought it, so. Or yeah, maybe a little less than that, but it's probably time for these get replaced. Okay, Just making a note. Okay. And when would you like to come in? I just wanted to see like what how much it's going to be because I got. I have a credit and I just wanted to know if I could put it towards that because I don't really want to pay more than a [MONEY_AMOUNT] [MONEY_AMOUNT] [MONEY_AMOUNT] if I, you know, if I have to pay over the. But it's under. Oh, and nobody ever did [ORGANIZATION] ever answer the phone for you? They, they did, but they, they just transferred me to [ORGANIZATION]. Oh. So. Yeah, I know and I don't know why because yeah, that was an email blast that came that went out last night and today. So I know that's something that they were promoting. It's some. It pretty much would go towards a new. Purchasing a new car. Really? Because the email doesn't say that. I know. So I'm, I'm going to go ahead and try to. I can have an [OCCUPATION] reach out to you to let you know how much that would cost and then I will if I can just put you on a brief hold so I can have somebody in [ORGANIZATION] talk to you. Sure. Okay. Just one moment. Okay, no problem. Turn to the pros at [ORGANIZATION] [ORGANIZATION] [ORGANIZATION] our [ORGANIZATION] [ORGANIZATION] has the latest diagnostic equipment necessary to Identify the problem and our certified and factory trained [OCCUPATION] fix it right the first time. So when something goes wrong or you're ready to perform preventative maintenance, call the people who know how to make it right. Let us know how we can help you when we return to your call. Buying a car is a big decision and for most of us it's one of the biggest purchases we make. It can be a stressful decision, but it doesn't have to be. At [ORGANIZATION] [ORGANIZATION] [ORGANIZATION] [ORGANIZATION], we know how to help you make a decision without the hype and pressure most people [OCCUPATION] with buying a car, new or used. We'll help you find exactly what you need to fit your lifestyle and your budget. Let us show you how easy it can be at [ORGANIZATION] [ORGANIZATION]. Why buy from us? In a word? Okay, two words. Our people. We have a ridiculously friendly team, most of which grew up right here in this area. This team is the [ORGANIZATION] [ORGANIZATION] difference and why you should buy here. Each [OCCUPATION] is committed to your comfort and providing the absolute best customer experience. Your wish is our command. We'll work with your budget, schedule and preference. Whatever it takes, give us a chance. You'll leave our dealership feeling great. From our professional and passionate [ORGANIZATION] [ORGANIZATION] to our [ORGANIZATION] [ORGANIZATION] [ORGANIZATION] [ORGANIZATION], [ORGANIZATION] [ORGANIZATION] puts the focus on you and it's easy with our great selection of new and used vehicles in the area. At [ORGANIZATION] [ORGANIZATION] [ORGANIZATION] [ORGANIZATION], we're proud to introduce our new premier membership and maintenance program, Car Dock. Created to maximize your vehicle's performance and resale value and minimize your out of [ORGANIZATION] expenses. The Car Doc program is available with any new, used, leased or diesel vehicle. So whether you're buying a brand new vehicle or a new to you vehicle, the Car Doc program will provide you with membership, amenities and peace of mind for miles to go. A few examples of customers.","OPENING, PRODUCT_PITCH",0.8,True,Contains an IVR opening and an automated pitch for automotive diagnostic and maintenance services.,automotive_inbound.zip,automotive_inbound/72a80a19bbda463eb6b98f9d2b02b416_transcript.json,automotive,inbound,578.0,0.9618691,1251,7270,81,DATE_INTERVAL|MONEY_AMOUNT|OCCUPATION|ORGANIZATION|PHONE_NUMBER|URL
callcenteren,train,2df25b567ced49ac8e1c08b6e51b9d24_transcript,1f997bc29285220a6b5c082bd572b08428426eda61064ade4bdfe6f7500ac2cb,"Thank you for calling [ORGANIZATION] [ORGANIZATION]. Please hold for the next available [OCCUPATION]. If your windshield needs replacing. Don't be misled. Many companies save money by using cheap windshield replacements that could be dangerous if you're in an accident. [ORGANIZATION] [ORGANIZATION] recommends windshields that are original equipment manufacturer quality and we use the same adhesives that carma makers do. Glass is a key component in the structural integrity of your vehicle. Insist on first quality glass and adhesives. [ORGANIZATION] [ORGANIZATION] believe your safety is more important than price when glass breaks. Called [ORGANIZATION] [ORGANIZATION] First. We're the experts at auto, home and business glass replacement. You can depend on us for fast and friendly service. Even [DURATION] [DURATION] service for emergencies. And you'll always know the price upront before we start. We appreciate your patience. Please continue to hold for the next available [OCCUPATION]. Fog insulated windows and patio doors, storefronts, entry doors and door closures. Tableops laminated or tempered safety glass Mobile service credit Good afternoon. Thanks for callinglass doctor. This is [PERSON_NAME]. May I help you? Yeah, hi. I'm calling because I have a broken transom window above my front door. Was calling and I called my [OCCUPATION] [OCCUPATION] and they said to call you. Okay. Yes, ma'am. Yeah. What is your name? Do you have some. It's [PERSON_NAME]. First name is [PERSON_NAME]. Last name [PERSON_NAME]. [PERSON_NAME], [PERSON_NAME], [PERSON_NAME], [PERSON_NAME]. And what is the zip code of your property? [LOCATION] [LOCATION] [LOCATION]. Now, is there a way, if I send you a text message, would you be able to take a picture of your window in your home just so we can both look at it together and I can give you a quote on getting that replaced? Yeah, sure. Okay. Because unfortunately, Ms. [PERSON_NAME], it's a whole lot easier to kind of give you a price on something if we're both looking at the same thing. Yeah. Okay, well, know, I don't give a darn what it is. I need to have it fix, so don't worry about it. I got. Yeah. I still don't know how it happened, but it's not an emergency by any means because it's been a oay. It happened right before I went on vacation. I came home to get it done. Okay. Do you want to text me? I just did. Okay. Sen it. All right. See it up there? Looks like a. Like a small rock. Hit it. Yeah, but it's so weird because I do have. Like the front door is covered. Not covered, but, you know, there's a. It's just a really weird thing. I don't know how it happened. I don't. You know, I Never heard anything so I don't know. But I think there's rocks by my front door and maybe the guys with the blowers did it. I don't know, maybe all. Now, are those grids, are they on the inside portion of the glass or are they external? Let me take a look. I don't even know. I don't care about grids. I don't need them. You know, Look, I don't care if it's a ple window O. It looks like the grids are on the outside. Okay, I thought so. Yeah, I don't really. You know, it doesn't. One double pane glass insert would be fine. I don't care about the grids. Well, it looks like your glass is just single pane up top there. Yes, the only one in the house would single. It doesn't need to be double. Looking at price wise it'going to be about with material labor in tax about $[MONEY_AMOUNT] to replace. Okay, that'reasonable that'fine I don. Yeah, I just need to get it done. Yes, ma'am. Now, the earliest availability I have. Let me just look at the schedule is not going to be until Wednesday. I'm fully booked. Oh, no, o. It would be tomorrow. I can get this some for you tomorrow. Oh, great. Okay, you got it. All I would require is just a half down deposit to get you place on schedule. The other half would be payable to [OCCUPATION] upon completion. And I do need your address. Okay, the address is [LOCATION] [LOCATION] [LOCATION]. It's [LOCATION] [LOCATION] [LOCATION] [LOCATION] [LOCATION] [LOCATION] [LOCATION] [LOCATION] [LOCATION] [LOCATION] and [LOCATION] [LOCATION]. Nothing. [LOCATION] [LOCATION]? Yeah, [LOCATION]. Okay, and then I can take a debit or credit card for you if you'd like. You copy the receipt, whatever. No, that's not. Don't worry about that. I'll give you my credit card number. Yes, ma'am. Okay, it's [ORGANIZATION] [DURATION] [DURATION] [DURATION] [DURATION] for the expiration [CREDIT_CARD_EXPIRATION] and then the three digit security number [CREDIT_CARD_CVV]. All right, I will put this on schedule for tomorrow. I have the [OCCUPATION] give you a call first thing in the morning to let you know exactly what time will be there. Excellent, thank you. No'about that's my number. Yes, ma'am. No problem. We'll see you tomorrow. All right, great. Thank you. Thank you, ma'am. Okay, bye.","OPENING, PRODUCT_PITCH, NEEDS_ANALYSIS",0.9,True,"Contains an IVR product pitch, a formal agent greeting, and the start of gathering customer information regarding a broken window.",home_ervice_inbound&telecom _outbound.zip,home_ervice_inbound&telecom _outbound/2df25b567ced49ac8e1c08b6e51b9d24_transcript.json,home_service_telecom,outbound,425.0,0.89538556,835,4872,54,CREDIT_CARD_CVV|CREDIT_CARD_EXPIRATION|DURATION|LOCATION|MONEY_AMOUNT|OCCUPATION|ORGANIZATION|PERSON_NAME
callcenteren,train,ff7193b060a348a5a5dd4b26a61ea0b0_transcript,1fed64b31079609ecc80a543b6143756528d774f894469d5702689457ede1ec6,"Thank you for calling [ORGANIZATION], [ORGANIZATION] [ORGANIZATION] [ORGANIZATION] [ORGANIZATION]. If you are experiencing a medical emergency, please hang up and dial. Please listen carefully as our options have recently changed. To schedule or reschedule an appointment, please. If you would like to make a no, please hold for the next available staff member. Thank you. Thank you for calling [ORGANIZATION] [ORGANIZATION], [ORGANIZATION] [ORGANIZATION] [ORGANIZATION]. This is [PERSON_NAME]. How may I help you? Hi, I need to make an appointment for my mom. Okay. When's last time she was in the office? She's actually going to be a new patient. Okay, the last name? [PERSON_NAME] [PERSON_NAME] [PERSON_NAME] [PERSON_NAME] [PERSON_NAME] [PERSON_NAME] [PERSON_NAME]. First name? [PERSON_NAME] [PERSON_NAME] [PERSON_NAME] [PERSON_NAME] [PERSON_NAME] [PERSON_NAME] [PERSON_NAME]. [PERSON_NAME] [PERSON_NAME] [PERSON_NAME] [PERSON_NAME] [PERSON_NAME] [PERSON_NAME] [PERSON_NAME]. Yes. Date of birth, [DATE_OF_BIRTH] [DATE_OF_BIRTH]. Home address, [LOCATION] [LOCATION] [LOCATION], [LOCATION] [LOCATION], [LOCATION] [LOCATION]. A good phone number and is there a good email you want to keep on file? You can use [EMAIL_ADDRESS]. [EMAIL_ADDRESS]. Which insurance would you be using? So she has two. She has Medicare, but we need to know we give you a good safe estimate of what the charges would be. Me know what you'coming in. Do you have the member ID number? Yes, it's [HEALTHCARE_NUMBER] [HEALTHCARE_NUMBER] [HEALTHCARE_NUMBER] [HEALTHCARE_NUMBER]. Okay, that was [HEALTHCARE_NUMBER]. [HEALTHCARE_NUMBER] [HEALTHCARE_NUMBER] [HEALTHCARE_NUMBER] [HEALTHCARE_NUMBER], [HEALTHCARE_NUMBER] [HEALTHCARE_NUMBER] [HEALTHCARE_NUMBER] [HEALTHCARE_NUMBER], [HEALTHCARE_NUMBER]. [HEALTHCARE_NUMBER] [HEALTHCARE_NUMBER] [HEALTHCARE_NUMBER] [HEALTHCARE_NUMBER], [HEALTHCARE_NUMBER] [HEALTHCARE_NUMBER]. [HEALTHCARE_NUMBER] [HEALTHCARE_NUMBER] [HEALTHCARE_NUMBER] [HEALTHCARE_NUMBER], [HEALTHCARE_NUMBER] [HEALTHCARE_NUMBER] [HEALTHCARE_NUMBER] [HEALTHCARE_NUMBER], [PERSON_AGE] ye. Okay, and when would she like to come in? Okay, so does thator sorrow have anything in the later afternoon? Let me take a look here. Right Now I have [TIME] on [DATE] [DATE]. Okay, did she work on Saturday? No, just Monday through Friday. Okay, that would be the latest appointment. [TIME]? Yes. Okay, well what does she have earlier? Because my mom has already diagnosed [MEDICAL_CONDITION] [MEDICAL_CONDITION]. It just I did not like the last practice. So what is [PERSON_NAME]. [PERSON_NAME] has, I guess the earliest available. Does she have [DATE] [DATE] available? No, the first available as of right now is the [DATE]. Okay, [DATE] [DATE]. What time? Let see. Actually, [DATE], [DATE] [DATE]. Is that [DATE_INTERVAL]? I'm sorry, [DATE] [DATE]. [DATE] [DATE] [DATE]. Oh, [DATE] [DATE]. Okay, that's the earliest. What time? [TIME]. Okay, let me make that one right now and I'll see if my sister can takeve her. If not, I'll call back to do the [DATE]. Okay, so can we put her in the [TIME]? At [TIME]? You said [TIME]? Yes, [TIME]. Okay. All right, perfect. I have her end. We'll see you then. Thank you. You're welcome.","OPENING, NEEDS_ANALYSIS, FEE_DISCUSSION",0.95,True,"Contains a greeting, agent collects patient demographics and insurance details, and mentions providing a cost estimate for charges.",medicare_inbound.zip,medicare_inbound/ff7193b060a348a5a5dd4b26a61ea0b0_transcript.json,medicare,inbound,429.0,0.88099855,435,3196,102,DATE|DATE_INTERVAL|DATE_OF_BIRTH|EMAIL_ADDRESS|HEALTHCARE_NUMBER|LOCATION|MEDICAL_CONDITION|ORGANIZATION|PERSON_AGE|PERSON_NAME|TIME
callcenteren,train,a417a0fc8a48465cb21dddfea8c32423_transcript,20109c24c8e57469e4ba473806eea6805856869da3eb514b8eab947a713c49ff,"How can I help you? Hello? Hello? Yes. Hey, I was calling to inquire about a vehicle, if you had it available still. Yes. Which vehicle were you looking at? You know what's funny? I. I lost the Zen. I just screenshot of it on my phone. It's called the [DATE_INTERVAL] [ORGANIZATION] i3. Let me take a look at that for you. Yeah. And who do I have the pleasure of speaking with? [PERSON_NAME]. The [DATE_INTERVAL] [ORGANIZATION] i3. Yes. This one with 26,000 miles on it. Yes. 26,780. 780. Yes. Yes, that vehicle is at the moment it is available. Yes. Okay, got you. Interesting. Do you guys have an address? Yes. Do you have your phone? Do you want me to. Since your phone number is popping up here, [PHONE_NUMBER]. Is that a good number to send you the address, text it to you? Yes. Okay. And were you trying. Were you coming in today? Possibly. You know, I can come in today. It's just I live in [LOCATION] [LOCATION]. Okay. Okay. Wait a minute. Are you, like, [DURATION] [DURATION] away? We're in [LOCATION]. Yes, up north. Oh, you're actually [TIME]. So I wouldn't be able to come visit you today, then. Wow. I think I interrupted you. No, no. If you'd like. We work deals online, too. I'm not sure if you're interested in. We do sell or send vehicles nationally, so we're part of a large auto group. How much would it cost to send the vehicle? I can get those numbers worked out for you. What's your zip code? [OCCUPATION]. So I could do the tax tag and title with you guys, right? Yes, certainly. Yeah. All right, I'm going to send you some information on that text message to your number, and then I'll send you some questions as well, if you can answer. And then we'll see if we can get, like, an estimate on how much the delivery cost is also. Okay, Sounds good. Okay. All right. Thank you. Thanks so much. Bye.","OPENING, NEEDS_ANALYSIS, PRODUCT_PITCH, FEE_DISCUSSION",0.9,True,"Greeting present, agent qualifies the customer, pitches national shipping services, and discusses potential shipping costs.",automotive_inbound.zip,automotive_inbound/a417a0fc8a48465cb21dddfea8c32423_transcript.json,automotive,inbound,218.0,0.9539182,340,1820,13,DATE_INTERVAL|DURATION|LOCATION|OCCUPATION|ORGANIZATION|PERSON_NAME|PHONE_NUMBER|TIME
callcenteren,train,0aa891dd966141b1a3aeb070d6edd641_transcript,2052abf2562368cfadb5d02c9a3c6f10e96cbb35a53127f75f143bf9e7f0baf5,"Thank you for calling [ORGANIZATION] [ORGANIZATION]. This is [PERSON_NAME], how may I help you? Hey, I was sorry, I'm looking for any typ. See what these deals you guys have going on for the Cayenne. For the Cayenne, Yeah. Let me pull up and see what we have on our lease special right now. And do you guys least used cars? Do we lease use cars like you guys like would you guys le like could use hn? Yeah, we can put down. It's not like a standard lease. It's something that's more customizable that we can create a used car lease. All right, I'm down for that too. Usually the new car lease is pencil out a little bit better than used car lease. That's why you don't see too many used car leases. What you got allgh so let's go under here newlyase offers. I got a couple lease specials going on right now. I have one on a white one in stock and one on a gray coupe. The white one I have is a [DATE_INTERVAL]. It let me click on the details exactly. It's [MONEY_AMOUNT] down. So [MONEY_AMOUNT], just about [MONEY_AMOUNT] down. It's based on 10,000 miles [DURATION] [DURATION], [DURATION] [DURATION] [DURATION] lease and the payment is [MONEY_AMOUNT] [MONEY_AMOUNT] [MONEY_AMOUNT] plus tax. Okay. I'm looking for way more. I need like at least 15. At least 15,000 [DURATION] [DURATION]. At least 15,000 miles [DURATION] [DURATION]. So yeah, we have to, you know we can. What we can do is if that'it would change your payment but we can keep the structure the same and just change the term. Yeah. And I'm also looking for more like a [DURATION] [DURATION] lease because [DURATION] [DURATION] down, like about [DURATION] [DURATION] [DURATION] [DURATION] [DURATION] down line. I'm going to be looking. I'm going to be in the market of like a different car. Ye for [DURATION] [DURATION]. Yeah. So we can customize the lease for a shorter term and keep like the similar discounts and stuff on those particular cars. Did you want to come in and take a look at the vehicle? Not a white one, man. I'm going to want a black, black on black. Okay. Yeah, we have some black ones in stock. I'm confident to come down and find one that works for you. We can put something together for you that might work. Okay. And if I did it through business, do I get additional like what's maxim milage you guys give me? Actually before we even talk about that, 15,000 miles [DURATION] [DURATION] is our max mileage structure that they give us through [ORGANIZATION]. You might Be able to buy leastase miles ahead of time. But if you're only doing [DURATION] [DURATION], you're going to be allotted 30,000 miles. Most people in that case would start getting rid of the vehicle around 30,000 miles even if you're a little early on the lease term. So what is that? So how does that work out? Like how would I get rid of the lease year? So you're going to get a residual. Like when you walk in there and you get numbers, they're always going to have a residual that's going to be your guaranteed buyout price. So you have a couple of different options at whether you're in the middle of the lease or you're at the end of the lease. It's going to be at the end of lease would be the exact residual amount. If you got out of it early, it'be residual plus whatever payment you have left. And then you can either trade it in, buy it out or sell it to a [OCCUPATION] or sell a private party. There's several different options you have on a lease. Okay, okay. See that's something a lot you familiar with when it comes to leasing the vehicle. You might. Yeah, the easiest way is, easiest way is you can pull your payoff on a lease and then you ask the [OCCUPATION] how much your car is worth. And if it's more or less, you get money to get out of it or you get money back to get out of it. I got you. It's just like an auto loan. Just like if you had a balance on there, what is my balance and what is my car value worth? Okay, right. So what like between the Caenn and the Macan? Because I'NEVER I've never owned the PO before. What's like that? Like how, how much bigger is the Cayenne than the thecon? Seating capacity is exactly the same. Overall you're going to have more cubic space in the back for cargo and then you're going to have more legro room for the passengers. So I don't knowact. Yeah, it's a reasonable amount. You know, if you have a lot of passengers that are driving on the back with you, it's definitely more comfortable Being a Cayenne. It's considered a full SUV. MCL's considered like a mid size SUV. So there they are pretty different in size. Nothing like crazy if you're just going to be the [OCCUPATION] and passenger. But if you are going to have additional passengers in the second row, it is something that you start noticing. Plus if you have a lot of Equipment and stuff like that makes a difference, right? Yeah. So what's the lease option on Thecona? Let's see. Let me go back to that page here. And the [ORGANIZATION] special we have is. Let's see, the one we have up right now is about 5,000 down, 10,000 miles [DURATION] [DURATION], [DURATION] [DURATION], and that's [MONEY_AMOUNT] [MONEY_AMOUNT] plus tax, [MONEY_AMOUNT] plus tax. That's how much for 15,000. Do all those parameters we got to put together, these are all just advertise lease specials. So we can customize lease. We just need to, you know, find the right car you'looking at, put it all together for you, but all those things can be plugged in. Okay, we can go over all those options. You did. You want to get like set appointment for the weekend, come in, take a look at both Cayenne, Macon, and kind of see which one works best for you, and then we can put something together for you. Not a problem. So I'm out here in the city, Ma. It'snna be a little difficult for me to get out there within the next couple of days. We could do text, email, all that stuffill. We could find something that works out and I come out. Then I can head out over there and test. Test driveiver, see if I like it and go from there. All right, if that works for you. If it doesn't, then, you know, it's not a big deal. No, no. I'll get your information, shoot you a little link, text message, and then we'll try to find a car that works for you, and then coordinate a time for you to come take a look at it and put the numbers together and go from there. Sounds good. The number you called on is a good number for you? Yeah, it's my cell phone. And then your full name, first name is [PERSON_NAME] [PERSON_NAME] [PERSON_NAME] [PERSON_NAME] [PERSON_NAME] [PERSON_NAME] [PERSON_NAME] [PERSON_NAME]. Last name is [PERSON_NAME] [PERSON_NAME] [PERSON_NAME] [PERSON_NAME] [PERSON_NAME]. And my email is [EMAIL_ADDRESS] [EMAIL_ADDRESS] [EMAIL_ADDRESS] [EMAIL_ADDRESS]. Perfect. I got your call id, first, last name. So which one is your first name? [PERSON_NAME] [PERSON_NAME] [PERSON_NAME] [PERSON_NAME] [PERSON_NAME] [EMAIL_ADDRESS] [EMAIL_ADDRESS]. We'll put you in the system, shoot you over a link, start a little dialogue, and try to coordinate finds on the [LOCATION] [LOCATION]. Okay? Sounds good, man. And my name is [PERSON_NAME]. I am the [OCCUPATION] [OCCUPATION] here. I'm going to get you set up with one of my guys and they'll shoot you a link over here shortly this evening. Okay? Thank you so much, man. I appreciate that. My pleasure. Thanks for callinge. Bye.","OPENING, PRODUCT_PITCH, FEE_DISCUSSION, NEEDS_ANALYSIS, OBJECTION_HANDLING",0.9,True,"Contains greeting, specific lease offer with pricing, discussion of mileage needs, and agent adjusting the offer to meet customer requirements.",automotive_and_healthcare_insurance_inbound.zip,automotive_and_healthcare_insurance_inbound/0aa891dd966141b1a3aeb070d6edd641_transcript.json,insurance,inbound,457.0,0.88235193,1331,7322,75,DATE_INTERVAL|DURATION|EMAIL_ADDRESS|LOCATION|MONEY_AMOUNT|OCCUPATION|ORGANIZATION|PERSON_NAME
callcenteren,train,f9f88bed9cc243a3bb0a8372c7fc2259_transcript,205c3b2c9d620d5309ecfaa10f3482e5ef12780ac45ec77bc9dacc32aeb14db6,"Thank you for calling [ORGANIZATION] [ORGANIZATION] [ORGANIZATION] in the [ORGANIZATION] [ORGANIZATION] for [LANGUAGE] for [LANGUAGE]. Thank you for callge [ORGANIZATION] [ORGANIZATION] [ORGANIZATION] [ORGANIZATION]. This is [PERSON_NAME], how may I help you? Hi, was calling to the for. I'm trying to see if I have a appointment coming up. Okay, what's your date of birth? It's [DATE_OF_BIRTH] [DATE_OF_BIRTH]. Okay, and what's your first and last name? [PERSON_NAME] [PERSON_NAME]. Thank you. Okay, so you actually had an appointment today at [TIME] [TIME]. Oh my God, I can't believe I missed it. Okay, don't worry, let me see if we can get you in soon. Could you go to the north book your location, right? Yes, ma'am. Okay, hold on, let me see if we can get you in. And were you cominging in for or something for your retainers, if anything. I think they were going to takec out my braces and talk about that, but I'm not quite sure. Got you. Okay, so I'm just checking to see when they would have the next availability for you. Bear with me just a second. Okay, so I just went through the remainder of [DATE_INTERVAL] and they don't have any availability. So I am checking into [DATE_INTERVAL] for you. Okay, so the first appointment I see would be for [DATE_INTERVAL] [DATE]. That's the Tuesday for [TIME]. Okay. For [TIME] you said? Yeah. Do you want to go ahead and reserve that seat? Because I know like you miss an [OCCUPATION] appointment, it's kind of really hard to get back in. Yeah, yeah. Know you can always call back and just see if someone canceleed so we can get you in sooner. Okay, so like. Okay, I'll just call poly weekly just to see if there's anything. Yeah, definitely. But I as of now, you're set for [DATE] [DATE_INTERVAL] [DATE] at [TIME]. Okay, got it. Thank you so much. No problem. Thank you for your patience. And you have a good day. You too. Bye.","OPENING, NEEDS_ANALYSIS, PRODUCT_PITCH",0.85,True,"Greeting present, agent verifies identity/DOB, and agent actively offers a specific appointment slot to the customer.",medicare_inbound.zip,medicare_inbound/f9f88bed9cc243a3bb0a8372c7fc2259_transcript.json,medicare,inbound,191.0,0.8748166,331,1881,29,DATE|DATE_INTERVAL|DATE_OF_BIRTH|LANGUAGE|OCCUPATION|ORGANIZATION|PERSON_NAME|TIME
callcenteren,train,9f2dcc94722c4250843b4e4296ef3671_transcript,20a0591fbf1e65f9263868670ad4bb95ff964928d68f06c1f36d94306bdb877c,"[OCCUPATION] [OCCUPATION] we [ORGANIZATION] [ORGANIZATION] to ensure the highest level of customer satisfaction. This call may be recorded. You may dial your party's extension at any time. For an auto glass quote, please press [PHONE_NUMBER] to replace glass in your home or business, press [PHONE_NUMBER] to check class. [PERSON_NAME]. [PERSON_NAME] [PERSON_NAME], this is [PERSON_NAME]. Hey, how you doing today? I'm good, how are you? Fine. What? I'm in [OCCUPATION] but I called you to basically to find out how much I need [PHONE_NUMBER] pieces of fixed glass. And what I want is the of course insulated glass. It has to be tempered and low E. And each piece is 18 and a half by 77 and a half. Okay, and you're just going to pick them up to install yourself? Yes, I pick them up and install myself. I'd come over there and pick them up and well, I've had proably come lear them, give you some money first. Anyway, but anyway, just sort of curious what it cost, how many of them. I got [PHONE_NUMBER], [PHONE_NUMBER] pieces. Two pieces of glass. 18 and a half by 77 and a half. You said they were low E. Yep. You want tempered. How thick do you need them? Well, you know, I'm just putting them in [PHONE_NUMBER], four jams or [PHONE_NUMBER] the. But you know, I don't know whatever the standard width with bi. I'm you know, putting stop on each side so it don't really make any difference for me. Okay. There's not technically like a standard size. We would just need you to let us know what the thickness is because we have to go off your measurements if you're doing material only. So if you want to, if you want to figure out what that is and let us know, then we get a quote together. It just say is a glass thickness, what, eighth of an inch or something other? Well, they vary. So are you framing around? Well, obviously you're not framing around the glass. You said you just wanted the glass. So you have a sash already, Right, I got the size and like I say the thingin, you know. Well, [PHONE_NUMBER] pieces of glass that. With a little space in the middle, I mean, you know, three quarter of an inch. So you want the 18 and a half by 77 and a half, three quarter inch thick? Yes. Okay. Do they have grids in them? No. No. Okay, 18 half by 77 a half. 3 quarter inch thick. Low E tempered glass with no grids. Right. All right. And what is your name? [PERSON_NAME], [PERSON_NAME]. [PERSON_NAME] [PERSON_NAME] [PERSON_NAME] [PERSON_NAME] [PERSON_NAME] [PERSON_NAME] [PERSON_NAME] [PERSON_NAME] [PERSON_NAME] [PERSON_NAME] [PERSON_NAME], [PERSON_NAME]. All right, and what's a good phone number to reach you at [PHONE_NUMBER] [PHONE_NUMBER]. Okay. And typically they email the quote. Do you have an email address we can email it to? No, if you would just leave me a. I don't know when you plan on getting back with, but if not, just leave me a message. Okay. All right, we'll do. And are in [OCCUPATION], you said, right? Yep, I'm in [OCCUPATION]. All right, honey. I do appreciate it. You're welcome. Bye.","OPENING, NEEDS_ANALYSIS, FEE_DISCUSSION",0.9,True,Contains greeting; agent gathers specific glass measurements and requirements; customer asks about the cost.,home_ervice_inbound&telecom _outbound.zip,home_ervice_inbound&telecom _outbound/9f2dcc94722c4250843b4e4296ef3671_transcript.json,home_service_telecom,outbound,267.0,0.8884882,538,3015,35,OCCUPATION|ORGANIZATION|PERSON_NAME|PHONE_NUMBER
callcenteren,train,2020-09-15-20-23-12_a0229647-2133-4c2f-a2ae-9b2ef08cc709_v2JY5dK-1s1kzXDEDd-38IwHwk_KOgQrLG55DkRgIkC2lPBH_TeyILoA_transcript,20b5e4c52e8e2640cf2f2f0f44088f7fcb6a57d95e2718be814b9c6cd0f6b2b4,"This call may be recorded for quality assurance. Hi, this is [PERSON_NAME] with [ORGANIZATION], and it looks like you were connected to me to compare rates on auto insurance today. Correct. I'm looking for some guys that's giving away free codes today. Okay, well, sir, we're not affiliated with that, but I can't give you a free quote. Okay, what kind of code? No, a quote. What you gonna quote me? Oh, well, it looks like you were connected to me for auto insurance today. Oh, well, I've already got auto. All right, sir, well, this is solid quote. And we are affiliated with several of the top national carriers, so let's see if we can find you some statements today. Okay. Hello? Okay, so in order for me to connect you to the right [OCCUPATION], I need to quickly verify some of your information. May I have your name, please? That's [PERSON_NAME]. And, [PERSON_NAME], what is your last name? [PERSON_NAME]. All right. And who is your current auto insurance provider? That's our [ORGANIZATION] man. Okay, and what is your zip code? [LOCATION]. Okay, you said [ORGANIZATION]. How long have you been insured with [ORGANIZATION]? [DURATION] [DURATION]. All right. And do you own your home, sir? What's that got to do with. Well, we do offer home. We do offer home and auto insurance together if you would like to receive a free quote. Okay, so we're going to go ahead and finish taking these questions in, and I'll get you over to a [OCCUPATION] [OCCUPATION] who can provide you with that answer. Okay? Okay. Can you please confirm your date of birth? [DATE_OF_BIRTH] [DATE_OF_BIRTH], [DATE_OF_BIRTH]. All right. In the past [DURATION] [DURATION], have you had any DUIs, SR22s, or at fall accidents? Oh, no, I don't drink when I'm driving. Okay. And have you had two or more tickets in the past [DURATION] [DURATION]? Oh, no, I don't get no ticket. And have you or your [MARITAL_STATUS] ever honorably served in [ORGANIZATION] [ORGANIZATION] [ORGANIZATION]? Not yet. Not yet. All right. All right. Thank you, [PERSON_NAME]. That is all the information that I need. I'm searching now for your best match. Also, while your consent is not required to receive a quote, may we have your permission to send you an automatic text message to this number to ensure that you are satisfied with the coverage options you receive and to provide you with other quote options? No, I don't need no text, ma' am. Not a problem. One moment, please. All right, [PERSON_NAME], this should take [DURATION] [DURATION] [DURATION] [DURATION] to go over the coverage options available. One moment while I connect you. Please stay on the line while we connect you. You have been kicked from this conference. Okay. Thank you.","OPENING, SOFT_REJECTION, OBJECTION_HANDLING, NEEDS_ANALYSIS, MISUNDERSTANDING",0.95,True,"Includes greeting, a misunderstanding about 'codes' vs 'quotes', a soft rejection regarding existing insurance, and agent's attempt to pivot to needs analysis.",auto_insurance_customer_service_inbound.zip,auto_insurance_customer_service_inbound/2020-09-15-20-23-12_a0229647-2133-4c2f-a2ae-9b2ef08cc709_v2JY5dK-1s1kzXDEDd-38IwHwk_KOgQrLG55DkRgIkC2lPBH_TeyILoA_transcript.json,insurance,inbound,254.0,0.9609866,463,2700,31,DATE_OF_BIRTH|DURATION|LOCATION|MARITAL_STATUS|OCCUPATION|ORGANIZATION|PERSON_NAME
callcenteren,train,2802a721c4964e79923d013f43c204f1_transcript,20cef025a85bdf0609672791e0a80c1dfc19608acc95ec87ecb5df9b2f022965,"This call is being recorded for quality assurance. [ORGANIZATION] [ORGANIZATION]. Thank you for calling [ORGANIZATION] [ORGANIZATION] [ORGANIZATION] [ORGANIZATION]. We fixed your pain. This is [PERSON_NAME]. Hey, good morning. I requested a quote online and you'all got back to me today with that. And I just wanted to set up a time to get my windshield replaced. Okay. What is your name, ma'am? It's [PERSON_NAME] [PERSON_NAME]. [PERSON_NAME] [PERSON_NAME] [PERSON_NAME] [PERSON_NAME] [PERSON_NAME] [PERSON_NAME] [PERSON_NAME] [PERSON_NAME] [PERSON_NAME]. All right, that is for the [DATE_INTERVAL] [ORGANIZATION] Rogue. Yep. Okay. And it's for the back glass? No, the front glass. Okay, so that was an estimate for a back glass. I must have accidentally done that. Sorry. Yeah, you had. No, that's okay. It said that you were needing a replacement for your back glass, so you need a quote for your windshield. Is that correct? Windshield, yes. Okay. And do you have the VIN number available? I actually do now. I did not last night. Ok, let's see. It's in your car somewhere, right? It is. If you get your registration, it's on there. Or if it's on the dash on the driver's side, you can see it through the windshield. Got it. Okay. It's [VEHICLE_ID] [VEHICLE_ID] [VEHICLE_ID] [VEHICLE_ID] [VEHICLE_ID] [VEHICLE_ID]. All right. I. I don't have something. Correct. So I have [VEHICLE_ID] [VEHICLE_ID] [VEHICLE_ID] [VEHICLE_ID], [VEHICLE_ID] [VEHICLE_ID] [VEHICLE_ID] [VEHICLE_ID], [VEHICLE_ID] [VEHICLE_ID] [VEHICLE_ID] [VEHICLE_ID], [VEHICLE_ID] [VEHICLE_ID] [VEHICLE_ID] [VEHICLE_ID], [VEHICLE_ID] [VEHICLE_ID] [VEHICLE_ID] [VEHICLE_ID] [VEHICLE_ID], not [VEHICLE_ID] [VEHICLE_ID] [VEHICLE_ID] [VEHICLE_ID] [VEHICLE_ID] [VEHICLE_ID]. Key is [VEHICLE_ID] [VEHICLE_ID]. Oay. Sorry, I don't know the. No, that's okay. Give me just a second here. I'm getting that decoded, so bear with me one moment. Okay, thank you. Yes, ma'am. All right. So I was able to pull that up here and get it decoded. Awes ye. So it looks like with all materials, the removal, disposal, installation, taxes included, you're looking at [MONEY_AMOUNT] [MONEY_AMOUNT] [MONEY_AMOUNT] [MONEY_AMOUNT]. So I think it was right around the same price. It is right around the same. Okay. Yeah, wely so. Yeah, we definitely want to get that scheduled then. It's way cheaper than at [DURATION] flight. Yeah. All right, let's see here. And it doesn't look like this vehicle needs to be recalibrated because there's no cameras or anything in there, correct? No, it's very basic. Ok, perfect. Just wanted to make sure. And you're in [LOCATION]. Give me just a second. Let me take a look at our schedule here. Okay. All right. So my first available [DURATION] as of right now would be [DATE] [DATE] [DATE]. So not this Wednesday, but the following Wednesday. So I can definitely get you on for that [DURATION]. And if something comes open sooner, I can give you a call and get you in sooner. But that is our first opening. Okay, do you guys, like, come to me or do I, like, go to your garage or whatever? Ye. We come right to you. So if you're at work or home that [DURATION], we would come to you? Yes, ma'am. Ye. I've got two kids for. That is perfect. Okay. I mean, get us on the schedule, definitely. And yeah, I mean, as soon as possible would be better. The problem, we have to get our inspected, move from out of state. So I'm, like, driving around an uninsfected car right now. Yeah. And then what I'll do as well is we do require a $[MONEY_AMOUNT] deposit to get on the schedule. So as soon as I collect that, I will actually email you over a copy of this. That way, if for some reason you do get pulled over for your inspection or something like that, you'll have that to show them, like, hey, I do have an appointment. Just can't get in just yet. So that will be okay. Okay, cool. That will be helpful. Thank you. Absolutely. And like I said, if something comes open sooner and I can get you in sooner, I'll certainly give you a call and do that. Okay, great. Thank you. Yeah. And let's see here now, the address I have is [LOCATION] there in [LOCATION], Is that right? That's correct. Okay. And then for the $[MONEY_AMOUNT] deposit today, did you want to use a Visa Master or Discover to do that? Discover, please. Okay. And call anything with us. And is it going to be your name that's on the card, ma'am? Yes. Okay. And I am ready for that card number whenever you are. And the expiration, It's. And security code. And then the zip code associated with that card. [CREDIT_CARD_CVV]. [CREDIT_CARD_CVV]. All right, perfect. I went ahead and process. Sorry, I think it'a different card to pay for the balance, right? Oh, yeah, absolutely. Okay, cool. All right, cool. So I just processed that through. I'll go ahead and email you a copy of this. That way you have the correct one, and then you have that for your records. I have you on the schedule for [DATE] [DATE]. And like I said, if something comes open sooner, I'll give you a call and get you in sooner. Okay, great. Thank you so much for your help. You're welcome, [PERSON_NAME]. Thank you. And I hope you have a great rest of your [DURATION]. You too. Bye. Thanks. Bye.","OPENING, NEEDS_ANALYSIS",0.9,True,Contains a greeting and the agent gathers specific vehicle details and VIN for a service quote.,home_ervice_inbound&telecom _outbound.zip,home_ervice_inbound&telecom _outbound/2802a721c4964e79923d013f43c204f1_transcript.json,home_service_telecom,outbound,509.0,0.89397734,885,5200,77,CREDIT_CARD_CVV|DATE|DATE_INTERVAL|DURATION|LOCATION|MONEY_AMOUNT|ORGANIZATION|PERSON_NAME|VEHICLE_ID
callcenteren,train,db528ddf690a4f9aa0b1b317ae400d1e_transcript,20e10e181becb1e296974fc6f3254b2e67847d7ec65e3a9090728d73eefdad65,"All calls are recorded for quality and training purposes. Thank you for calling your locally owned [OCCUPATION] [OCCUPATION] where we fix all your pains. Your [OCCUPATION] is currently assisting another caller. Please stay on the line. I'll be happy to assist you with all your glass needs. Thank you for calling [ORGANIZATION] [ORGANIZATION] [ORGANIZATION] [ORGANIZATION] [ORGANIZATION]. We fix your pains. This is [PERSON_NAME]. Hi, my name is [PERSON_NAME] [PERSON_NAME] and last night someone broke the passenger side front window out of my car. Is there any way that you guys could repair that today? I'm very sorry to hear about the damage la to the vehicle. We can definitely get a quote pulled up here for the replacement. Unfortunately, there wouldn be. There would not be any service available over the weekend though because we do have to get the glass from our [OCCUPATION] and they'closed typically on Saturday and Sunday. But I could definitely have my dispatch follow up about availability for you if you'd like. So do I bring the car to you or do you come to me or how does it work? I think it varies based upon on the area there. What is your zip code please? I can check. [LOCATION]. [LOCATION] [LOCATION]. Right. My apologies for the wait there. That's okay. And yes, we do have a mobile service available, so we would be able to mobile out to you for that replacement. Okay. Do they. What do they do about the tening because it has a heavy tent on it. Do they do that too or how do we do that? Was that 10 a factory 10 or was that like an aftermarket 10? It was, it was. I had it done after. Okay. If it were an aftermarket tent, we can get the glass. If it has tint on it, that would be like a factory 10. We unfortunately don't do any like aftermarket sensing though, so if it. So I'd have to go back. I'd have to go back to where I had it done and have them do that one. Yes, unfortunately. Is that right? Okay. No, that's okay. They're not far from me. Okay. I just wanted to know what I needed to do. So can you have someone call me back? Yeah, I can help you out with that cost and get the quote. Let's just do it. Perfect. [PERSON_NAME] [PERSON_NAME], [PERSON_NAME] [PERSON_NAME]. Thank you. So [PERSON_NAME] [PERSON_NAME] [PERSON_NAME] [PERSON_NAME], yh Huh? And you said [PERSON_NAME], is it? [PERSON_NAME] [PERSON_NAME], [PERSON_NAME], [PERSON_NAME], [PERSON_NAME]. Right. Thank you. And then your information with us here is stored under your phone number. It serves as the reference number. What would be a good phone number for you there, please? Right. And then where did you find our phone number today? Just off the Phone. I just googled it. Perfect. And let me see here. That was the [LOCATION] [LOCATION] [LOCATION]. And then for the vehicle, do you have the VIN number for that vehicle? I do not, but it'it's a [DATE_INTERVAL] [ORGANIZATION] K5. [DATE_INTERVAL] [ORGANIZATION] K5. Right. Perfect. Thank you. And you said it was the passenger side, rear, the passenger. No, passenger, front. Passenger front. Thank you. And the K5 of the 4DOR sedan, correct? Right. And was that replacement going to be going through any insurance coverage at all or just looking for the out noe? I have two high deductible. Just pay for it. Understood, thank you. And then I located to the glass here. I'm just double checking with my [OCCUPATION] on the price, so I apologize for the wait. There'll be just a. No, that's okay. I'm fine. All right. And then here with us said [OCCUPATION] [OCCUPATION], we have been in business since [DATE_INTERVAL]. All of our [OCCUPATION] are trained, licensed and certified. You are backed with a lifetime installation warranty covering any wind, noises or water leaks for as long as you own the vehicle. And then I'm showing for that [DATE_INTERVAL] [ORGANIZATION] K5 there for the passenger side front door glass replacement. It's going to be $[MONEY_AMOUNT] plus tax. And then I can have dispatch follow up about that availability for you. Okay, and what would be the address for you there in [LOCATION] [LOCATION] for The mobile service? It [LOCATION] [LOCATION] [LOCATION] [LOCATION] [LOCATION] [LOCATION] [LOCATION]. Perfect, thank you. So [LOCATION] [LOCATION] [LOCATION] [LOCATION] [LOCATION] [LOCATION] [LOCATION]. Right. And aside from the. Is there any alternate phone number number you'd like to list as well? No, but I'm [OCCUPATION]. I always have it with me. So they'll get me. Perfect. And then for any confirmations or invoicing. What was the good email address for you, please? [EMAIL_ADDRESS] [EMAIL_ADDRESS]. Thank you. So first name, last names. Right. Perfect. And then would there be any gate codes or any kind of special instructions for the [OCCUPATION] one coming out there? No, no, I'll be there. All right, perfect. Well, I do want to thank you for giving us a call here at [OCCUPATION] [OCCUPATION] [ORGANIZATION] scheduling with us today. We are available to assist you with all of your glass needs, including flat glass. I do have that request in here. Dispatch will be following up Monday once we step back in and can assist with that further for you. Okay. All right. Have a great day. You too. Thank you. You're welcome.","OPENING, NEEDS_ANALYSIS, FEE_DISCUSSION, CURIOUS_EXPLORATION",0.85,True,"Call opens with greeting; agent asks for zip code and tint details (needs analysis), mentions providing a quote (fee discussion), and customer asks about the process.",home_service_inbound.zip,home_service_inbound/db528ddf690a4f9aa0b1b317ae400d1e_transcript.json,home_service_telecom,inbound,487.0,0.9071415,899,5213,67,DATE_INTERVAL|EMAIL_ADDRESS|LOCATION|MONEY_AMOUNT|OCCUPATION|ORGANIZATION|PERSON_NAME
callcenteren,train,dc1bd081a0e44ce79b5e8d5448e2a5e4_transcript,20ef4b68901437007acc45c60b38cc6d472b32f4dd37870547fb4d884f28761d,"Thank you for calling [ORGANIZATION] [ORGANIZATION] in [LOCATION]. For quality assurance, this call may be monitored or recorded. Please listen as our menu options have changed. If you know your party's extension, you may dial it at any time. Press [PHONE_NUMBER] for [ORGANIZATION], [PHONE_NUMBER] for [ORGANIZATION]. [PHONE_NUMBER] for [ORGANIZATION], press [PHONE_NUMBER] for [ORGANIZATION]. Thank you for calling [ORGANIZATION] [ORGANIZATION] [ORGANIZATION]. This is [PERSON_NAME]. Hey, [PERSON_NAME], this is [PERSON_NAME] [PERSON_NAME]. I need to speak to somebody. I guess in [ORGANIZATION]. This is [ORGANIZATION]. Okay, we are scheduled to take delivery of our new rv. And I think our [OCCUPATION] said you guys should have called us yesterday. And he was going to leave a message since we didn't hear from anybody to call us this morning. So we can schedule the date and the time. I need to know what [DURATION] that RV is going to be ready to be picked up. All right, I'll have to pull up your work order and see what I can find out. What's the last name? [PERSON_NAME]. First name? [PERSON_NAME]. And [PERSON_NAME]. Probably under [PERSON_NAME]. All right, bear with me here just a moment. All right. So Ms. [PERSON_NAME] is actually your [ORGANIZATION] [OCCUPATION]. According to the notes in the work order, the work, the pre delivery inspection has been complete, but it has not been. Has not been QC'd yet. It looks to be probably tomorrow. It should be QCED. I can send Ms. [PERSON_NAME] a message and ask her to touch base with you tomorrow about scheduling. Right, because we need [DURATION] [DURATION], so we want to come pick it up on Friday. But I have a [DURATION] [DURATION] drive there and a [DURATION] [DURATION] drive back, so I need to hear from her first thing in the morning. Okay, and you're bringing in a trade unit as well? We've already dropped off the trade unit. We're just picking. You already dropped it off. Okay, we need. Yeah, we're supposed to get a full walkthrough including showing everything as functional, including the generator, et cetera, et cetera, and then we should be able to take delivery. Okay, let me double check on something. Can I put you on hold for just a moment? I'm going to check with the [OCCUPATION] and see if it's been QC'd yet. Okay, thanks. You're welcome. Hold on. Hi, [PERSON_NAME]. All right, Ms. [PERSON_NAME]. Yes, Ma' am. Okay, so I actually just got off the radio with the [OCCUPATION] [OCCUPATION] just to double check on it. He said the unit has been qced and is ready to go. So I can actually go ahead and schedule you now while we're on the phone. Okay, let me make. Let me call my [MARITAL_STATUS] because we. Again, we were planning for Friday and. Yes, and Friday, the only time slot I have available is [TIME] well, we're a [DURATION] [DURATION] drive away and the guys knew that last week. So what do you have on Saturday? Saturday I have a [PHONE_NUMBER] [TIME] [TIME]. All right. And you guys are open on Sunday? No ma' am. [ORGANIZATION] [ORGANIZATION] [ORGANIZATION] is closed on Sunday. All right, what about Monday? Monday I have [TIME] [TIME], [PHONE_NUMBER] or [PHONE_NUMBER]. All right. [TIME] [TIME], [PHONE_NUMBER] and [PHONE_NUMBER]. And Monday being a holiday, you guys are going to be open and doing delivery, right? Yes, we're open on [EVENT] [EVENT]. Okay. All right, so our options are [TIME] [TIME] [TIME] on Friday, [PHONE_NUMBER] [TIME] [TIME] on Saturday, [TIME] or [PHONE_NUMBER] on Monday, right? Correct. [TIME] on Friday, [PHONE_NUMBER] on Saturday or [TIME] or [PHONE_NUMBER] on Monday. All right, I tell you what, pencil is in for Saturday at [PHONE_NUMBER]. Okay. And I will call you back if that's a change. Okay. I'll put you down. Thanks. Bye. Bye. You're welcome. Bye. Bye.","OPENING, CURIOUS_EXPLORATION, ACTIVE_LISTENING",0.8,True,"Agent opens the call. Customer explores the status of an RV delivery, and the agent actively listens and checks the work order.",automotive_inbound.zip,automotive_inbound/dc1bd081a0e44ce79b5e8d5448e2a5e4_transcript.json,automotive,inbound,346.0,0.96284866,637,3792,74,DURATION|EVENT|LOCATION|MARITAL_STATUS|OCCUPATION|ORGANIZATION|PERSON_NAME|PHONE_NUMBER|TIME
callcenteren,train,c88e129706d042faae30dd245d28fe03_transcript,210d58eeb5dacd6be4dab92bed23de44c8add7435097ca1d0a681b8d65798f50,"Hello, I'm planning [ORGANIZATION] Santa Fe. Can you help me with that? You're breaking up just a little bit. I'm planning to buy a [ORGANIZATION] Santa Fe. Okay. Can you help me with the price? Yeah. What type. What type of sanitary are you looking for? Gas and gas are hybrid. Based on the price, I'll decide, basically. Yeah. The trim level I'm looking at is if it is a gas, I'm looking at select with premium. SEL Premium. Okay. And even in the hybrid as well, the same. We have this sel, the midterm. Right. I think SEL Premium. Again, that. Okay, I'm gonna put you on a brief code just to check and see what we have. Hold on real quick. With the Hampton Gray color. Oh, that's the only color you want? That's the only color I want this. Gotcha. Okay. Hold on real. All right. Sir, are you back? Are you there? Yes. By the way, my name is [PERSON_NAME]. What was your name? This is [PERSON_NAME]. Okay. So looking at my inventory, we do have a SEO premium hybrid. It is the blue. Like the blue. The deep sea color with beige interior. That's actually on our lot right now. Not the blue. I'm looking for Hampton Gray. Gotcha. Yeah. So what I can do, I kind of have you test driven the Santa Fe already. Yeah, I have already test driven the vehicle. Got you. So you're just looking for just the color and the price I'm looking for. Yeah. Exact price, you know, the price, the final price so that I can come and, you know, take it out immediately. Okay, well, let me gather your information and I can kind of see if there may be a Hampton Gray in the near future coming into our inventory for either gas or hybrid and kind of go from there. Okay, sure. How much time will you take? Can you check quickly now or. No? I would be able to check now. Yeah, I had to check on my [OCCUPATION]. I'll be online. Can you check now itself? Correct. It's not online. That's how I have to check my incoming units. Okay. Okay. How much time is take? Well, I have to kind. It is Saturday, so I have to kind of see how busy my [OCCUPATION] is right now. But I will be able to get back with you at least by the end of the day today. Okay. Okay. What is a good email for you? Email id? Can you. Can you text me on [DATE_INTERVAL]? I'll just, you know. Yeah, email will be better. So I can send you over more information, huh? Correct. Especially if you want quotes and stuff. Okay. [LOCATION] [LOCATION] [LOCATION] [LOCATION]. I'm sorry. What was the last part? [LOCATION] [LOCATION]. Okay. Come. Okay. And this is a good callback number for you. This is the first time. All right. I will keep you in mind. And I definitely will let you know what we have coming in after I speak with them, okay? Okay, sure. Thank you.","OPENING, PRODUCT_PITCH, NEEDS_ANALYSIS, FEE_DISCUSSION, OBJECTION_HANDLING",0.9,True,"Greeting present, agent pitches a specific hybrid, asks about trim/color, discusses final price, and handles the color rejection.",automotive_inbound.zip,automotive_inbound/c88e129706d042faae30dd245d28fe03_transcript.json,automotive,inbound,269.0,0.94594574,521,2702,13,DATE_INTERVAL|LOCATION|OCCUPATION|ORGANIZATION|PERSON_NAME
callcenteren,train,6067234454_transcript,2110faf273dce4829324de010f13283c4d2d9c76098310e15497ab3ac30c9388,"Hello. Hello. Hi, my name is [PERSON_NAME], how are you doing today? Okay, that's good to know. Like this call is just to inform that like today your medicare is getting upgraded. So that's why you are getting some extra benefits from your medicare at zero additional cost. You hope that sounds good to you. Yes. Okay. So sir, the benefits you will be receiving after this, sir, you don't have to pay anything for your medications or prescriptions. You don't have to pay no co pays when you visit to your [OCCUPATION] or the specialist. And also sir you will receive like dental, vision, hearing, transportation services. And also sir you can receive up to [MONEY_AMOUNT] [MONEY_AMOUNT] [MONEY_AMOUNT] [MONEY_AMOUNT] money back your [ORGANIZATION] Security check as well. Okay. Okay. So sir, to get this benefit, sir, I will just ask you two to three qualifying questions like is your Medicare part A and part B is active right now. I think so. That's good to know. And sir, for the confirmation like you live in [LOCATION] [LOCATION], your zip code is [LOCATION], is that correct? Yes. And sir, can you please like confirm, do you make your own decisions about your Medicare? Yes, but I sometimes have failed. Oh, okay. And for the confirmation, your full name with respect, [PERSON_NAME] [PERSON_NAME]. [PERSON_NAME], etc. Yes. And your date of birth with Ms. Like [DATE_OF_BIRTH] [DATE_OF_BIRTH], [DATE_OF_BIRTH], is that correct? Yes. Okay sir, and sir, like have you done any kind of changes in your medicare insurance in the last [DURATION] [DURATION]? I don't think so. Hello. So sir, you are qualified to get this extra benefiture. So right now what I will do sir, I will just connect your call to the [OCCUPATION] [OCCUPATION]. He will just going to verify some of the details. And after that he will just connect your call to the [OCCUPATION] [OCCUPATION] who is from your same area, from the same zip code. He will just going to like explain you the benefits sir. And he will just going to let you know when you will be receiving the paperwork about this benefit so you can read about the benefits as well. Okay. Okay. Okay. And Mr. [PERSON_NAME], I do believe that you understood this call is for your additional medicare benefits. Yeah. Okay, so sir, just give me [DURATION] [DURATION]. Sir, your call is getting connected. I appreciate your time and patience. Please be in the line. Thank you. Just [DURATION] [DURATION]. [PERSON_NAME], please be on the line. Just [DURATION] [DURATION]. Okay. This is [PERSON_NAME] of [ORGANIZATION] [ORGANIZATION] [ORGANIZATION] [ORGANIZATION] [ORGANIZATION] calling about free medicare insurance code. Am I speaking with [PERSON_NAME]? No, I'm [PERSON_NAME]. Okay, so she's not available right now. Thank you so much and have a great day. Okay. Hello Mrs. [PERSON_NAME], can you hear me? Yes. Okay, when, when they will ask you like Are you [PERSON_NAME]? So just say. No, she's. She's your [MARITAL_STATUS], correct? Yes. Oh, okay. Okay, so just say that I need the benefits, okay? Just say she's deceased. Just say I need the benefits, okay? Because I think they have a system issue. They have her name from your name, okay? So just say I am [PERSON_NAME]. She. She. She's my [MARITAL_STATUS] and she's deceased and I need the benefits, okay? Just say that. Okay, sir. Yeah, I will connect your call. Once again, please be okay. Hello, [PERSON_NAME] [PERSON_NAME]. Thank you for your interest about Medicare advice. Just [DURATION] [DURATION]. Foreign. Thanks for calling. The [ORGANIZATION] [ORGANIZATION] [ORGANIZATION]. This is [PERSON_NAME]. Am I speaking with [PERSON_NAME] [PERSON_NAME]? Yes. Good afternoon, and this is [PERSON_NAME] with [ORGANIZATION] [ORGANIZATION] [ORGANIZATION]. And based on the online information received, your Phone number is [PHONE_NUMBER]. Is that correct? Yes. Thank you.","OPENING, PRODUCT_PITCH, NEEDS_ANALYSIS, FEE_DISCUSSION",0.95,True,"Greeting present; agent pitches Medicare benefits, discusses zero cost, and asks qualifying eligibility questions.",insurance_outbound.zip,insurance_outbound/6067234454_transcript.json,insurance,outbound,424.0,0.9489686,632,3859,58,DATE_OF_BIRTH|DURATION|LOCATION|MARITAL_STATUS|MONEY_AMOUNT|OCCUPATION|ORGANIZATION|PERSON_NAME|PHONE_NUMBER
callcenteren,train,d1d97008e48743ae977d60b0cacbe4de_transcript,215b10e1d4abc223281d6912f9eefbf9951243eaf433c2cc1aebd6c442fa377b,"[ORGANIZATION] [ORGANIZATION] [ORGANIZATION]. This is [PERSON_NAME]. How may I help you? Hi, [PERSON_NAME], this is [PERSON_NAME] [PERSON_NAME]. I'm calling to see if I can make an appointment for a cleanup, but also a. So I just got my. Not just, but I put. [DURATION] [DURATION] ago I got my crown, but it still doesn't feel right. So I want to see if it can get adjusted. Yeah, of course. [PERSON_NAME], may I get your date of birth? [DATE_OF_BIRTH], [DATE_OF_BIRTH]. And that crown, was it located on your upper right? Lower left. It's in the front. The front. Is it the number your upper front? Correct. With [PERSON_NAME]. [PERSON_NAME]? Yeah. And did you prefer morning or afternoon to get that adjusted? Afternoon. O. [PERSON_NAME], we're booking a little ways out. Do you mind if I see if her treatment coordinat is available? So we can try to get you in as soon as possible or in the morninge just whenever y I can make it work. You got it. Let me see if she's available. She's a little bit more savvy with that schedule. And I'll be right back. Okay. Are you someone who avoids [OCCUPATION] appointments? Would you prefer to sleep through your next visit to the [OCCUPATION]? If this describes you, [ORGANIZATION] [ORGANIZATION] [ORGANIZATION] is proud to offer you [MEDICAL_PROCESS]. [MEDICAL_PROCESS] [MEDICAL_PROCESS] may be the perfect alternative for you if you are highly anxious about seeing the [OCCUPATION]. You've had troublesome or traumatic dental experiences in the past. If you have difficulty getting numb, if you have a strong gag reflex. If you have [MEDICAL_CONDITION] troubles and can't open your mouth for extended periods. If you're afraid of needles or have sensitive teeth. Do you hate the noises and or smells associated with [MEDICAL_PROCESS] [MEDICAL_PROCESS]? Or simply don't have time for multiple visits? But you have extensive work to be done, then one of our [MEDICAL_PROCESS] options may be right for you. Our first priority is to help you feel comfortable and relaxed during any [MEDICAL_PROCESS] [MEDICAL_PROCESS]. [ORGANIZATION] [ORGANIZATION] [ORGANIZATION] has served the dental health needs of the [LOCATION] [LOCATION] area for over [DURATION] [DURATION]. Our caring one on one [OCCUPATION] helps our patients achieve a lifetime of excellent oral health and natural beautiful smiles. [PERSON_NAME], are you still there? [PERSON_NAME], can you still hear me? Yes. I'm so sorry about that long hold. She's just trying to finish up with a patient. You mind if I have her give you a call back? Yeah, that's fine. Okay, perfect. Her name is [PERSON_NAME] and she should be following up with you today. Okay, thank you. Of coursee. Good day. Bye. Thanks. Bye.","OPENING, NEEDS_ANALYSIS, PRODUCT_PITCH",0.9,True,"Contains a greeting, agent asks for patient details and crown location, and ends with a pitch for sedation services.",medicare_inbound.zip,medicare_inbound/d1d97008e48743ae977d60b0cacbe4de_transcript.json,medicare,inbound,229.0,0.9193632,443,2703,41,DATE_OF_BIRTH|DURATION|LOCATION|MEDICAL_CONDITION|MEDICAL_PROCESS|OCCUPATION|ORGANIZATION|PERSON_NAME
callcenteren,train,a890a4cfbe6143919d0d3f79a6328024_transcript,215feac4d3d7565781ee7aacd2b8b14739f39bd901039f7cfa48e1df06c8d935,"[ORGANIZATION] [ORGANIZATION], how may ire your call. I have a medical question. Okay, I'll put you through to the [OCCUPATION] [OCCUPATION]. Thank you. [ORGANIZATION] [ORGANIZATION] [ORGANIZATION], this is [PERSON_NAME]. May I help you? Yes, I had a question. My daughter had to put in about [DURATION] [DURATION] ago. I took her to her [OCCUPATION] [OCCUPATION] Yesterday she'got a [MEDICAL_CONDITION] [MEDICAL_CONDITION] and it's been [MEDICAL_PROCESS] and now I'm noticing there's some blood when it's drainage. I don't know if that's normal because of [MEDICAL_CONDITION]. It can be. Yes, ma'am. Okay. Because I like. I don't know because I'noticing pus as well. Yes. And did they treat your child? She's on an [DRUG]. Drops or oral? Or oral. And then I still have the drops from her. Once you have her twol in, can I get your child's date of birth and her name? [PERSON_NAME] [PERSON_NAME]. So it's only been what, [DURATION] [DURATION] that you were see in our office and everything looked good, right? Yes. She had her [DURATION] [DURATION] follow up. I really wish that we could get her in to let our [OCCUPATION] take a look just to see whats going on. But if youre comfortable with the process, with giving her the [DRUG] and just watching and see how it goes. But yes, it is normal to see that. And when the [MEDICAL_PROCESS] are in place, it allows that stuff to come out instead of holding it in there and building. So you notice it more I with the [MEDICAL_PROCESS] in place when they're draining like that? Yes, because it's been draining for a couple [DURATION] now. Do you want to bring her into the office and let our [OCCUPATION] take a look? If you think I need to. I got to take my son to the [OCCUPATION] here in about [DURATION] [DURATION]. I really do. I think that you know when these [MEDICAL_PROCESS] are in place and so this is, you know, kind of their field of specialty. Did [PERSON_NAME]. [PERSON_NAME] do the [MEDICAL_PROCESS]? [PERSON_NAME]. [PERSON_NAME]? [PERSON_NAME]. [PERSON_NAME]? Yes. Let's just look and see because like I said, my son's had too before. Never had that issue. And then hers is just draining and she says her ears hurt. [PERSON_NAME]. [PERSON_NAME] actually has an appointment this afternoon at [TIME]. Could you do that? Yes, that's fine. Okay. Both ears. It is her right ear. Right ear? Yeah. I just wanted to call y'all to make sure because like I said, it's draining and the there's some boood draining and it's just. You can tell us. Got a low grade fever. So Ive ve been treating that well. I just would feel better if our [OCCUPATION] take a look at it. Okay. You know, that way if they need to put something on board with what the [OCCUPATION] already added, then we know that weve got everything covered. Okay. Okay. Thats why I was called. I was like, I dont know if this is normal. I dont have a clue. It absolutely can be normal. But, you know, we just need to make sure that we get the best and most appropriate treatment to make sure that we get it cleared up. Okay. Yes, I do all. You're quite welcome, dear. And we'll see you this afternoon in the [LOCATION] Location with [PERSON_NAME]. [PERSON_NAME]. All right. Thank you so much. Thank you. And bye.","OPENING, NEEDS_ANALYSIS, ACTIVE_LISTENING",0.8,True,Greeting followed by the agent asking diagnostic questions about the patient's condition and providing supportive responses.,medicare_inbound.zip,medicare_inbound/a890a4cfbe6143919d0d3f79a6328024_transcript.json,medicare,inbound,264.0,0.8670909,566,3225,48,DRUG|DURATION|LOCATION|MEDICAL_CONDITION|MEDICAL_PROCESS|OCCUPATION|ORGANIZATION|PERSON_NAME|TIME
callcenteren,train,2020-05-07-15-32-54_59136b3e-3bc1-4f24-b676-ee06a1b10f95_v2DsZUYmGBOSK00zKgQVrl47DoXiqHvqVaCbygLXPf9VAkSnUoc8GApA_transcript,219f1415d659a1b2029c6c4d1f500a66dc6f391633f37b609a89275fe5203fb6,"Thank you. Your call is being transferred to one of our trusted insurance partners. This call will be recorded for quality assurance purposes. Hi, this is [PERSON_NAME] with [ORGANIZATION]. Yes, [PERSON_NAME], how you doing? This is [PERSON_NAME]. I'm trying to get some rates from you guys. Yeah, here, let me. Go ahead. Got you, man. Here, let me see. How are you doing today, by the way, man? Not too bad. It's another day that's better than a lot of news I've been getting lately. So it's [PERSON_NAME], [PERSON_NAME], [PERSON_NAME], [PERSON_NAME], [PERSON_NAME]. Yes. Okay. And the last name, sir? [PERSON_NAME]. [PERSON_NAME] [PERSON_NAME], [PERSON_NAME], [PERSON_NAME], [PERSON_NAME], [PERSON_NAME], [PERSON_NAME], [PERSON_NAME]. Cool. Let's see. And your birthday? My birthday is that we ask. Okay. Yes, sir. Are you. Are you gonna run any type of credit score or anything like that? No, we don't look at the credit score. We just do, like, a motor vehicle report. It does do a soft check where it doesn't work. Yeah, it doesn't show us an actual credit number, anything like that. Okay. But, yeah, we wouldn't need a Social Security, just your birthday, your home address and stuff like that. Okay. [US_SOCIAL_SECURITY_NUMBER] [US_SOCIAL_SECURITY_NUMBER]. Right. And your home address, it's [LOCATION] [LOCATION] [LOCATION], [LOCATION], [LOCATION], [LOCATION]. He said [LOCATION] [LOCATION]. Yes, [LOCATION]. It's [LOCATION], [LOCATION] [LOCATION], [LOCATION], [LOCATION] [LOCATION], [LOCATION], [LOCATION]. Got you. All right, cool. And is this your home or your cell phone number? That's my cell phone number. And that number is [PHONE_NUMBER]. Yeah, [ORGANIZATION], they raised my rates, so before, I was paying $[MONEY_AMOUNT] per [DURATION]. No, no. Yeah, I've been hearing that with [ORGANIZATION] and [ORGANIZATION]. Yeah. No one. I want to get something cheaper because, I mean, I. All I do is I go to work, go home, go to work, go home. I mean, I don't go anywhere else. Yeah, I understand. Sorry about that. No, that's okay. No, it's not your fault. And do you have your driver's license number on hand? I'm sorry. Your driver's license number? What? Do you have your driver's license? I'm sorry. Do you have your driver's license on you? Not. Not handy. I. I was walking out and someone called me. I have. It's all good, man. Let me see. And it's a [ORGANIZATION] Moreno. [ORGANIZATION] Murano [DATE_INTERVAL]. Yep. Got you. Let's see. Yep. I'm trying to see if I can lower the rate. I'm paying too much on this car. No, I got you. Let me see. And do you have full coverage or just liability? No, I have a full coverage, but I want to get. I want you to give me options as a liability and a full coverage. Yeah, let's see. And do you have your homeowners insurance for them, too? I do, but I think I'm thinking about changing that too, because it seems like every year they keep raising it up and I need to have some evaluation of the house because these people, they just assess. I don't know how to get this information from. I don't know where they get it from the county or someone else. I don't know how they assess that. They have to raise the rate. I mean, the insurance for the house. So I don't understand how they do that. But you went up a little bit by $[MONEY_AMOUNT], $[MONEY_AMOUNT]. I think I got you. It looks like. Oh, it looks like the last time they quoted you over here, it was just liability, and it came back for about $[MONEY_AMOUNT] [DURATION] [DURATION]. [MONEY_AMOUNT] liabilities. It looks like I'm being full cover. $[MONEY_AMOUNT]. [MONEY_AMOUNT] for full coverage. The only thing is, is I would just need the. That license number to go. Your driver's license number to go ahead and finish the quote. So it would be more accurate. So that's probably what it is, honestly, is without the motor vehicle report we're showing with the clean driving and everything, it probably would give you a lot less of a price. So what I can do is just go ahead and save the number to give you a call back. You said the [PHONE_NUMBER]? Yeah. [PHONE_NUMBER]. Got you. All right. So that's it. All right. And what would be a good time to call back the driver's license? Just paying too much for them. I'm sorry. Yeah. Would be a good time to call back to get the driver's license number. Why don't you give me a call back in like, in [DURATION] [DURATION] or so, maybe [DURATION] [DURATION], let's say. I'll give you a call back around then. Okay, sounds good. All right. And also, if you'd like, I can just go ahead and pull up the home insurance and see what we could do there with the price as well as see what the bundle discount would do together. Yeah. Yep. That'll be okay. Okay, I got you, man. I'll reach out to you later. Bye. Bye. Thanks. Bye.","OPENING, NEEDS_ANALYSIS, WARM_LEAD, CURIOUS_EXPLORATION",0.9,True,"Contains greeting, agent gathering personal details for a quote, and customer inquiring about credit check procedures.",auto_insurance_customer_service_inbound.zip,auto_insurance_customer_service_inbound/2020-05-07-15-32-54_59136b3e-3bc1-4f24-b676-ee06a1b10f95_v2DsZUYmGBOSK00zKgQVrl47DoXiqHvqVaCbygLXPf9VAkSnUoc8GApA_transcript.json,insurance,inbound,471.0,0.9446339,832,4785,60,DATE_INTERVAL|DURATION|LOCATION|MONEY_AMOUNT|ORGANIZATION|PERSON_NAME|PHONE_NUMBER|US_SOCIAL_SECURITY_NUMBER
callcenteren,train,e81dda62af3d4a36adb87c4c3b9d3c9f (2)_transcript,21c74a261245366f752feffa941ba94f1ae5da6b6672a61214a03a25e39c5fea,"All calls are recorded for quality and training purposes. You have reached [ORGANIZATION] [ORGANIZATION]. All of our lines are currently tied up assisting other customers. Please stay on the line and that [OCCUPATION] will be with you shortly. Thank you for calling [ORGANIZATION]. [ORGANIZATION]. [ORGANIZATION] [ORGANIZATION] answering service. This is [PERSON_NAME]. Can I help you? Yeah, I'm just trying to get a quote on a rear window estimate and I'm doing it on your online. Yeah, I'm on your online deal and I just put in all the information while I was waiting. Unfortunately, I don't have access to that since I am still with their service. But I can get a quote pulled up for over the phone. What is your. What is your zip code please? [LOCATION] [LOCATION]. I just got the email with the. I guess your zip code. Isk ye [LOCATION] [LOCATION]. Yes. I'm really sorry we don't service your area, sir. We're based out of [LOCATION]. Are you wanting to for service and shop? Well, it depends what the quote will be. That's why I'm shopping around now. What is your name please? [PERSON_NAME]. [PERSON_NAME] [PERSON_NAME] [PERSON_NAME] [PERSON_NAME] [PERSON_NAME] [PERSON_NAME]. [PERSON_NAME]. Your last name too. [PERSON_NAME]. All right, that's [PERSON_NAME] [PERSON_NAME] [PERSON_NAME] [PERSON_NAME] [PERSON_NAME] [PERSON_NAME] [PERSON_NAME] [PERSON_NAME] [PERSON_NAME] [PERSON_NAME] [PERSON_NAME] [PERSON_NAME]. Yes. And sir, can I ask for your phone number please? Thank you. 1 yes. I'm sorry I'm having to ask for this information twice since I can't see the online forums. But I'll still help. What is the year, make and model on on the vehicle please? [DATE_INTERVAL] [ORGANIZATION] Trailblazer. 4 door [DATE_INTERVAL] [ORGANIZATION] Trailblazer. You said it was the back glass like opposite of the wind. Yes, yes, the back glass. You going through insurance at all or list the out of pocket? Out of pocket. I'm really sorry that you have damage to your vehicle, sir. But we will get you on the roadway safely using a original equipment quality glass. Do you not if your back gl is heated, would it have the defrost grid lines that run across the back? Yes, ma'am. Thank you. All right, I see it's privacy, [PERSON_NAME]. So just give me one more moment here and I'll have that price quote pulled up for us today. All right. It suv so I have to use almost no r. Prices come back now for insh service that's 532do40plus tax after tax. You're coming to a total of [MONEY_AMOUNT]. [MONEY_AMOUNT], sir. Sounds good. So when can we schedule this? I mean I drive dump truck during the [DURATION], so my off [DURATION] are kind of shifty. As far as when I get off, how soon could you have it? Do you have to order? We do have to order it. Dispatch would be returning your call to go over availability and schedule the appointment from here so they can go [DURATION] and times that are open and set something up that works for both you and the [OCCUPATION]. Okay. I'm going to ask someone to call you back then so we can review the in shop availability and then s. Did you want to get your address or an email on file for the quote today? Yes, my email. Since I'm coming to you, you won't need my address, I guess. But I mean everything is in the email. Yeah, you have everything on the online deal. But yeah, the email. Yes, sir. Yes, [EMAIL_ADDRESS] [EMAIL_ADDRESS] [EMAIL_ADDRESS]. I put the request. Yeah, it was. It was my fault. I was okay. Was my fault. Stupid mistake. I backed into the tree in my drive and on the grass. So hopefully you had a better weekend than me. Yeah, that's what I felt like. Same thing. Yeah. And I knew better. I knew the tree was there. Yeah. All right. Thank you so. Thank you so much. Oh yeah. Oh yeah. I like. Yeah. All right. Thank you. Bye. Bye. Bye. Have a great day.","OPENING, NEEDS_ANALYSIS, FEE_DISCUSSION, SOFT_REJECTION",0.8,True,"Greeting present, agent collects location/contact info, customer mentions quotes, and agent rejects service due to area.",home_service_inbound.zip,home_service_inbound/e81dda62af3d4a36adb87c4c3b9d3c9f (2)_transcript.json,home_service_telecom,inbound,564.0,0.8771642,667,3813,48,DATE_INTERVAL|DURATION|EMAIL_ADDRESS|LOCATION|MONEY_AMOUNT|OCCUPATION|ORGANIZATION|PERSON_NAME
callcenteren,train,8125227415_transcript,21c8c8b764eaad04cc91bbd25f98a34bdab656f99a5b5cf6e114fb10b6e5f1fd,"Hello? Yes, good morning, ma' am. My name is [PERSON_NAME] [PERSON_NAME]. How are you doing today? Very good. That's wonderful, sir. And sir, the reason for my call is to let you know that your Medicare is getting updated for this year and you are receiving much more additional Medicare benefits at no additional cost to you. So, sir, like, I do believe you can make your own decisions regarding your Medicare, right? Yeah. Okay. And sir, I do believe your Medicare part A and part B both are active right now, correct? Yeah. That's wonderful, sir. And like, sir, can you just spell me out your first name and your last name? My first name is [PERSON_NAME]. And your last name is [PERSON_NAME]. [PERSON_NAME], correct. Yeah. Okay, that's wonderful, sir. And, sir, can you just spell me out your mailing address, your physical mailing address? [LOCATION] [LOCATION] [LOCATION], [LOCATION], [LOCATION]. What's the zip code? I don't know. I ain't never heard that. What's your zip code? Zip code? What is your zip code? I don't know. You don't know your zip code, dear? No. Okay, let me see for you. What's the zip code of your area? Answer, like, while you visit your [OCCUPATION] and to your medical store, do you carry the red, white and blue Medicare card with you? I don't. My [OCCUPATION], mine. Okay, so do you pay it from your pocket? I don't know. Okay, no problem, sir. Let me see over here. How can I help you, [PERSON_NAME]? So as you stated, like, can you please help me with your mailing address? You like, right now? You told me our mailing address. [LOCATION] [LOCATION] [LOCATION]. Okay, it's [LOCATION], right? [LOCATION] [LOCATION] [LOCATION] [LOCATION]. Same your [LOCATION]. And the zip code is [LOCATION] [LOCATION]. Okay, that's great. And what's your date of birth? [DATE_OF_BIRTH]. I beg your pardon? [DATE_OF_BIRTH]. Know your full date of birth. What's your full date of birth? [DATE_OF_BIRTH] [DATE_OF_BIRTH], [DATE_OF_BIRTH]. Oh, but sir, to be really honest with you, you really sound too young. You don't sound like you're born in [DATE_OF_BIRTH]. Like, how do you do that? Like, do you practice any kind of exercise or something like that? I don't know. So how do you got. Oh, that's great, sir. May God bless you. And Mr. [PERSON_NAME], like, as you stated me, your date of birth is [DATE_OF_BIRTH] [DATE_OF_BIRTH]. [DATE_OF_BIRTH]. Right. Okay, that's great, sir. And like, you reside in the state of [LOCATION], correct? Yeah. Yeah. Okay, that's great. So, sir, like, first of all, very much congratulations to you sir, because over here I can see you're totally eligible and qualified to get this benefits. And sir, if we get disconnected, the best number to reach you back is [PHONE_NUMBER]. And it's [PHONE_NUMBER], correct. Okay, that's great, sir. Okay, answer like, first of all, very much congratulations to you because over here I can see you're totally eligible and qualified to get this benefits. Now I will get your call connected to the [OCCUPATION] [OCCUPATION] who will be from your CN zip code that is [LOCATION]. And he will be the right person to let you know what benefits you are entitled to at no additional cost to you. So please stay on the line, do not disconnect the call in between and talk with the verification. Yeah, I do really appreciate your time and patience, so please stay on the line. I am getting your call connected. Do not disconnect the call from your side. Okay. And here we go. Please stay on the line, Mr. [PERSON_NAME]. Okay, thank you for holding. This is [PERSON_NAME] with [ORGANIZATION] [ORGANIZATION], who do I have the pleasure of speaking with. Hey, [PERSON_NAME]. At [ORGANIZATION] [ORGANIZATION], we work with all the major A rated Medicare carriers. My job is to ask you a few simple questions and help you find a plan that best suits your needs. Okay, [PERSON_NAME], you're insured now with Medicare's parts A and B. Yeah.","OPENING, PRODUCT_PITCH, NEEDS_ANALYSIS, OVERWHELMED_CONFUSION",0.9,True,"Contains greeting, pitch for Medicare benefits, verification of eligibility/details, and customer confusion regarding their zip code.",insurance_outbound.zip,insurance_outbound/8125227415_transcript.json,insurance,outbound,330.0,0.9600068,669,3909,48,DATE_OF_BIRTH|LOCATION|OCCUPATION|ORGANIZATION|PERSON_NAME|PHONE_NUMBER
callcenteren,train,1fb0f596b57e4058a462252d735cd049_transcript,21cfbb41b3632caeb0b356f34994648524ce6db5ca3134435ce8e69f2e039b87,"Thank you for going to [ORGANIZATION]. [ORGANIZATION] [ORGANIZATION] it Can we help you? Hi, can I speak with [PERSON_NAME] in the business office? Sure. Hold on a second. Thank you. This [PERSON_NAME]. Hi [PERSON_NAME], it's [PERSON_NAME] [PERSON_NAME]. I'm calling you back from yesterday about the. My [ORGANIZATION] Prius. I guess getting that liability paper you had said that [PERSON_NAME] would call me back. Liability? Yeah, I gave it Sunday to call you back. She does that. Okay, hold on. Thanks. Apartment Just a second. I have to go upstairs, see if she's still here. Hold on. Thanks. It's. Are you still there? Yes. Okay. She swears that I didn't give her any of the information to call you back. Okay, hold on. I'm getting my. She said I wrote it down somewhere. Oh yeah. [PERSON_NAME] was your last name [PERSON_NAME]. [PERSON_NAME]. [PERSON_NAME]. [PERSON_NAME] [PERSON_NAME] [PERSON_NAME] [PERSON_NAME] [PERSON_NAME] [PERSON_NAME] [PERSON_NAME] [PERSON_NAME] [PERSON_NAME] hi, is this [PERSON_NAME] [PERSON_NAME]? Sunday. Yeah. I'd like to say. Oh, did I. I'm sorry. I misheard [PERSON_NAME] when she said. She said it was. I heard. I apologize. Sunday so she forwarded me to you about a. The release of liability. Yeah. She said you wanted to speak to me. Yeah, go ahead. Because I don't have anything. Oh, okay. Great. So my name is [PERSON_NAME] with a [PERSON_NAME] and my last name is [PERSON_NAME]. [PERSON_NAME] [PERSON_NAME] [PERSON_NAME] [PERSON_NAME] [PERSON_NAME] [PERSON_NAME] [PERSON_NAME] [PERSON_NAME] [PERSON_NAME] And I sold you my. You guys my Prius. I can give you the last six of the VIN number if that. That's What? The last eight. Okay, we count backwards. [VEHICLE_ID], [VEHICLE_ID], [VEHICLE_ID], [VEHICLE_ID]. Okay. [VEHICLE_ID], [VEHICLE_ID], [VEHICLE_ID], [VEHICLE_ID], [VEHICLE_ID], [VEHICLE_ID], [VEHICLE_ID]. [VEHICLE_ID]. [VEHICLE_ID], [VEHICLE_ID] [VEHICLE_ID], [VEHICLE_ID], [VEHICLE_ID], [VEHICLE_ID]. Correct. Two to the four. Last. Last eight of the VIN. Yeah. The last eight of the VIN. Yeah. [VEHICLE_ID], [VEHICLE_ID], [VEHICLE_ID], [VEHICLE_ID] [VEHICLE_ID], [VEHICLE_ID], [VEHICLE_ID], [VEHICLE_ID]. Okay, give me one. Okay. One second. Sorry. It's just taking a while for the system to pull up the information. Okay, you just wanted a copy of the Reduce the liability. Correct. Well, the issue is that I'm getting renewal notices still from the [ORGANIZATION] and so I guess evidently they never got the release liability from you guys back in [DATE_INTERVAL]. So I'm just trying to I guess, close this. Tie this up, close this loophole up. I don't get these notices. Sorry. Give me one quick second. This is for a [DATE_INTERVAL] [ORGANIZATION] Prius. Correct. Okay. Just waiting for the system to pull up more information. Okay, [PERSON_NAME]. So yeah, I don't see that there is a release of liability process for this. So I'm going to try. It's most likely by tomorrow. I can go ahead and Send you a copy of the release of liability. Great. Can I have your email, please? Yes, it's my name, [PERSON_NAME] [PERSON_NAME] [PERSON_NAME] [PERSON_NAME] [PERSON_NAME]. Okay. So just expect an email from me tomorrow. You'll have the reduce the liability attached. So you can send those together with your notices and they'll say that you don't own the vehicle anymore. Right? That's not something that you can send to them. I have to send that to them? Yes. So. So I'm going to process it. So it's going to go in the system already. But when you get the notices, it's always good to send them because it's not good to ignore them. It would be in the system. But it's always good to have that with you because your children will probably be getting. Also, like, if the person gets tickets, you're going to be receiving them until they register their car. Okay. And so you would have a copy of the business liability to show them. Oh, I don't know. Own discord anymore. Right. That's. That's how it works. We're not really able to do much about that. Okay. And. And this is something that I. Can I upload this on the [ORGANIZATION] website or is this something that I have to physically mail into them or do you know, when I do it, it should automatically go to [ORGANIZATION] already. It says I'm going to just give you a copy for yourself. So whenever you get. Oh, I don't have to send anything to that. No, you don't. Just if you got like tickets or anything like that that you didn't get, it was probably obviously the new owner. Then you could just send a copy of the release of liability, showing them that you don't know you no longer own the car anymore. Oh, I see, I see, I see. Yeah, I haven't. Luckily I haven't gotten any tickets on this car. Does it happen? Yeah, it does. And it doesn't go away from the system until the person registers the car. So when it's their time to do so, then. Then that's when your name will come out. Oh, so. But. So it's. But you're sending it so it will be processed and it. That. That should end the whole problem, correct or. No? No, they have to register their car in order for your name to come off. Oh, I see. So my name's going to be on this car forever until someone registers themselves on it. Yeah. Okay. That's weird. Yeah, I know. But that's how the [ORGANIZATION] is. But it's just to show non ownership. Okay. Oh, that's good to know. So I don't have to do anything unless if there is an issue. So I'm going to keep getting these registration renewal notices until somebody else registers the car. Yes. Okay. Yeah, it's weird, I know. That's totally crazy. Well, I'm glad. I'm glad to know this information. I appreciate it. Yes, of course. And. Okay then I will be hearing from me tomorrow. Great. Thank you so much. Sunday. You're welcome. Have a great day. You too. Bye. Bye.","OPENING, CURIOUS_EXPLORATION, MISUNDERSTANDING",0.85,True,"Greeting present, customer inquiring about liability papers, and confusion regarding whether contact information was previously provided.",automotive_inbound.zip,automotive_inbound/1fb0f596b57e4058a462252d735cd049_transcript.json,automotive,inbound,756.0,0.94380593,984,5787,77,DATE_INTERVAL|ORGANIZATION|PERSON_NAME|VEHICLE_ID
callcenteren,train,44c7bde7da004f9ba42722bb79b0712e_transcript,22b8ad563d931369763752099ad3a8ee42707e952ce5673dbb7b04e3709a07fd,"Thank you for calling [ORGANIZATION] [ORGANIZATION] [ORGANIZATION] [ORGANIZATION]. If you're a new patient, please. If you're an existing patient and need to schedule [ORGANIZATION] [ORGANIZATION] [ORGANIZATION], this is [PERSON_NAME]. How may I help you? Hi, [PERSON_NAME]. By any chance, is Ky available, please? We have a couple in the office. Did you know which one? Yes, I have [PERSON_NAME] [PERSON_NAME] [PERSON_NAME]. Yeah, give me one second. May I ask who's calling? Yes, my name is [PERSON_NAME] [PERSON_NAME]. All right, give me one second. [PERSON_NAME]. Thank you. My pleasure. In the most comforting environment. Our team has extensive training in [MEDICAL_PROCESS] [MEDICAL_PROCESS] which significantly reduces [MEDICAL_CONDITION] [MEDICAL_CONDITION]. Ask about our [MEDICAL_PROCESS] services today. We appreciate your patience and we'll be right with you. [ORGANIZATION] [ORGANIZATION] [ORGANIZATION] [ORGANIZATION] offers the very best in [MEDICAL_PROCESS] [MEDICAL_PROCESS] [MEDICAL_PROCESS] for everyone, adults and children of all ages. We are accepting new patients and referring your friends or family is the best compliment you can give us. Your smile is one of the first things people notice. At [ORGANIZATION] [ORGANIZATION] [ORGANIZATION] [ORGANIZATION], we offer many Zoom whitening packages. You can enjoy a wider and brighter smile in just about [DURATION] [DURATION]. Ask for more details. Thank you for holding. We'll be right with you. Giving back to the community is a fundamental part of [ORGANIZATION] [ORGANIZATION] [ORGANIZATION] [ORGANIZATION] core values. Each year we donate a large portion of our proceeds and our time to local charitable organizations. Do you have a local charity that is near and dear to your heart? Let us know. We would love to consider it for a future featured charity sponsorship. Help your child eat, sleep. Thank you so much for holding. [PERSON_NAME] is actually with another patient at the moment, but is there anything else I could help you with? Let me think. May I get your name again, please? [PERSON_NAME] [PERSON_NAME]. Yeah, I was just referred to [PERSON_NAME] for scheduling an appointment. I was hoping to come in into the fit for a [OCCUPATION] guard and get pricing, please. Okay, wonderful. How did you hear about the office? One of my friends, her name is. Now I'm blanking. Care poian. Okay, perfect. And then would you prefer to come into our [LOCATION] or our [LOCATION] [LOCATION] location? [LOCATION] [LOCATION], please. All right, wonderful. And then do you prefer mornings or afternoons to be seen? Let's do morning, please. Okay, let's see here. Would you prefer [DATE], [DATE] [DATE] at [TIME] or at [TIME] oh, both. Good times. Let me see. Which one works better with work. If I should leave early for lunch or come in a little bit late, may I do that first and I will call you back? Okay, and what is your first name and a good contact phone number so I can follow up with you to make sure your dental needs have been met. It is [PERSON_NAME]. All right, perfect. [PERSON_NAME], thank you so much. I appreciate that, and I look forward to hearing back from you. Thank you. And really quick, do you have, by chance, a guesstimate on what [OCCUPATION] guards run? So every patient's needs are different. Once you do come into our office, our [OCCUPATION] will help you create a treatment plan to get you a good price range for your [OCCUPATION] guard. Got it. Okay, well, let me check on that date in those times, and I will call you right back. All right, perfect. Have a great day. Thank you. You, too. Bye.","OPENING, PRODUCT_PITCH, STALLING_FOR_TIME",0.8,True,"Opening greeting is present, agent puts caller on hold (stalling), and the hold recording actively pitches whitening packages.",medicare_inbound.zip,medicare_inbound/44c7bde7da004f9ba42722bb79b0712e_transcript.json,medicare,inbound,297.0,0.93934846,586,3601,57,DATE|DURATION|LOCATION|MEDICAL_CONDITION|MEDICAL_PROCESS|OCCUPATION|ORGANIZATION|PERSON_NAME|TIME
callcenteren,train,ac5288e471f743be801f17402c778e04_transcript,22cfd6309276a6518274e0969c6b70a32169c4eed0ae50c72f2830a1e85a42a4,"Thank you for calling [ORGANIZATION] [ORGANIZATION]. Again. [ORGANIZATION], press [PHONE_NUMBER] for [ORGANIZATION], press [PHONE_NUMBER] for [ORGANIZATION], press [PHONE_NUMBER] for [ORGANIZATION] [ORGANIZATION]. For [OCCUPATION]. Good morning, [ORGANIZATION]. [ORGANIZATION] [ORGANIZATION]. How can I direct your call? Hi, this is [PERSON_NAME] from [ORGANIZATION]. I need to talk with your [ORGANIZATION], please. Okay, I'm sorry, who's calling? My name is [PERSON_NAME]. I'm calling from [ORGANIZATION] [ORGANIZATION]. Okay. I can't really hear where you're calling from, but you need [ORGANIZATION]. I'm calling from [ORGANIZATION]. [ORGANIZATION] [ORGANIZATION] [ORGANIZATION] [ORGANIZATION] [ORGANIZATION] [ORGANIZATION]. [ORGANIZATION] [ORGANIZATION]. I need to talk with the [ORGANIZATION]. Thank you. Okay. Oh, [ORGANIZATION]. [ORGANIZATION] [ORGANIZATION] [ORGANIZATION] [ORGANIZATION] [ORGANIZATION] [ORGANIZATION]. Yes. Okay. Is it regarding a mutual customer? Yep. This is regarding a deal that is up for funding. I'm actually looking for [PERSON_NAME] [PERSON_NAME]. Who are you looking for? [PERSON_NAME] [PERSON_NAME] is the person in contact. Okay, hold on. Let me see. If you can just transfer me to the [ORGANIZATION] [ORGANIZATION], I would highly appreciate it. Yeah, let me see if they're available. Hold on. Thank you. Hi, they are not available at the moment. Could I get a phone number? All right, phone number is aaa. Okay. And who was the mutual customer? [PERSON_NAME] [PERSON_NAME]. [PERSON_NAME], last name is [ORGANIZATION], [ORGANIZATION], [ORGANIZATION], [ORGANIZATION], [ORGANIZATION], [ORGANIZATION], [ORGANIZATION], [ORGANIZATION], [ORGANIZATION]. And then the application ID is [NUMBER_SEQUENCE] [NUMBER_SEQUENCE]. Oh, okay. Hold on, please. All right, what is the application number? [NUMBER_SEQUENCE]. All right. [NUMBER_SEQUENCE]. Yes. And please let them know that this deal is up for funding. We just need [PHONE_NUMBER] more documents. A gap agreement and a [ORGANIZATION] contract or [ORGANIZATION] agreement. All right, so the gap agreement and the [ORGANIZATION] agreement. Yes, ma' am. And they can send it to our email. The word. Yeah, Docs short for. All right. Okay. Sorry, didn't get your first name. I'm [PERSON_NAME]. [PERSON_NAME]. Thank you. Go ahead. Bye. Bye.","OPENING, PASSIVE_AGREEMENT, ACTIVE_LISTENING",0.8,True,The call begins with a greeting and involves a request for transfer and basic information gathering.,automotive_inbound.zip,automotive_inbound/ac5288e471f743be801f17402c778e04_transcript.json,automotive,inbound,211.0,0.95173484,314,2317,66,NUMBER_SEQUENCE|OCCUPATION|ORGANIZATION|PERSON_NAME|PHONE_NUMBER
callcenteren,train,6ae4590a-e764-48bb-a257-582a58fa7ab8_transcript,22f4b4b31b281e88ffafe8e923d90e0c81b8b79ea2e95a9f266e1aba5e658e32,"[PERSON_NAME] [PERSON_NAME]. Hi, [PERSON_NAME], this is [PERSON_NAME]. How may I help you? Hi, [PERSON_NAME], my name is [PERSON_NAME]. I'm calling for my son, [PERSON_NAME] [PERSON_NAME]. He got his classes broken today a recess and I'm pretty sure we have like a [DURATION] [DURATION] coverage on them. I'm hoping so. I was wondering if you can look that up for me as sure can let me get him pulled up here. It'in our other system so I'PUT you on hold for just a second here. Okay? Okay, thank you. Honey, they have toy waiting in the office. Yeah'my room. I'm on hold with the [ORGANIZATION]. I'm on the phone. On the phone. Honey, I'm on the phone. Yari cover. Bring the gold black back. Okay. Sorry about that. Weit there. So it does look like they would be covered here year. So we would have to schedule to see them and get a couple signatures. Is that okay? Yeah. Am I able to drop them off any. Any corners or do I need to come. Actually, I can come up there tomorrow. Do you want to schedule for tomorrow? Do you prefer mornings or afternoons? I need to schedule an appointment just to drop them off. Yes, we prefer you to. Just because they'not fixable and then if we dont have the frame, wed have to pick them out and all of that. Okay, I can do tomorrow morning. All right. Do you prefer a [TIME] or a [TIME] or [TIME]? Let's do [TIME]. All right. Got you guys scheduled in our book. You did want in [LOCATION], right? Yeah, and I just need to bring his glasses and just me I need. Sure, right. Yes. Unless we have to pick out a new frame. Then you might need to. It just kind of depends. Well, I'm not going to pull them out of school. Are you guys able to see if you have the frames? I mean, I'm not going to pull them out of school for what if it's not reasonable? Let me go check and see if we do. Okay. Okay, thank you. Okay, so it looks like we do have that frame, just not in the exact color he got. They don't have clear. And can they be ordered? Because that's what she's going to want. I'm not sure. I'll have to get with the [OCCUPATION] here and then can I give you a call back with it? Yeah, that would be perfect. He has a secondaryair. So I will still keep the appointment and bring those in. But we would. We just want the same exact GLSS as ordered. Okay. All right, well, I'll get back with you. And his good phone number. Yes. All right. And then we have him scheduled for tomorrow at [TIME]. All right, thank you. Thank you. By bye.","OPENING, NEEDS_ANALYSIS, SUCCESSFUL_SALE",0.9,True,"Contains a greeting, agent verifies coverage and needs, and successfully schedules an appointment.",medicare_inbound.zip,medicare_inbound/6ae4590a-e764-48bb-a257-582a58fa7ab8_transcript.json,medicare,inbound,500.0,0.8884262,478,2465,18,DURATION|LOCATION|OCCUPATION|ORGANIZATION|PERSON_NAME|TIME
callcenteren,train,4236989453_transcript,2319c22f22b4a22004b386323414cf2911e3e7a0e7ed076aba6c9d110d69b54b,"Hello. Hello, Good afternoon, this is [PERSON_NAME]. How are you today? Good. That's great. The reason of my call is to let you know that your Medicare is getting upgraded and you are receiving some additional Medicare benefits at no additional cost to you. I hope that sounds Good to you, Ms. [PERSON_NAME]. Yes, it does, dear. For the subredditation I do believe you have Medicare with part A and part B both, right? Correct. I also do believe you make your own decisions regarding Medicare, right? Yes. Miss. Apart from Medicare, do you have any kind of employer or retirement benefits from your previous job? Like you are from [LOCATION] [LOCATION], right? Correct. The benefits that you are entitled to receive will cover your [OCCUPATION] co pays your specialist co pays your hospital. It will also cover your dental, your vision, blast, spreading and passportation coverages like emergency ambulance coverages. And here whenever you visit your drugstore. You don't need to pay for your medications nor for your prescriptions. And your last name is spelt as [PERSON_NAME], right? Yes. Can you Please confirm your first name, Ms. [PERSON_NAME]? Like dear, have you made any kind of changes in your Medicare Plan in last [DURATION] [DURATION]? Have you made any kind of changes in your Medicare plan in last [DURATION] [DURATION]? Changes? No, I haven't. Can you please help me out with your date of birth? For the birth date [DATE_OF_BIRTH] [DATE_OF_BIRTH]. [DATE_OF_BIRTH] [DATE_OF_BIRTH]. Yes. And Ms. [PERSON_NAME], I do have a mailing address with you. Just correct me if I'm wrong. It's [LOCATION] [LOCATION] [LOCATION]. It's in [LOCATION] [LOCATION], right? Correct. Here, apart from Medicare, do you have any insurance like VA or TRICARE? No, I don't. Ms. [PERSON_NAME] has a [OCCUPATION] here. You are all qualified to receive all this benefit at [MONEY_AMOUNT] [MONEY_AMOUNT] premium to you. After the subgration your all expenses will be taken care by your medicare. And the last thing I need to ask you. I do believe you had a red, white and blue Medicare card with you. Yes, Miss [PERSON_NAME]. Is it possible for you to get it here? I can hold the line for you. Can you get it? So you weren't meant to get the card? Yes, [PERSON_NAME]. Can you get the card? Hold on. Take your time. Hello, my name is [PERSON_NAME]. How are you Miss [PERSON_NAME]? Hello, [PERSON_NAME]. Miss [PERSON_NAME], do you can hear me? Hello? Hello, Miss [PERSON_NAME]? Hello, Miss [PERSON_NAME], can you hear me, dear? Hello? Hello? Miss [PERSON_NAME], Dear, are you there? Hello? That. Hello, Miss [PERSON_NAME]? Miss [PERSON_NAME]? Hello? Hello? It.","OPENING, PRODUCT_PITCH, FEE_DISCUSSION, NEEDS_ANALYSIS",0.95,True,"Greeting present, pitch for Medicare benefits, discussion of co-pays and costs, and eligibility questioning.",insurance_outbound.zip,insurance_outbound/4236989453_transcript.json,insurance,outbound,569.0,0.93243384,437,2644,36,DATE_OF_BIRTH|DURATION|LOCATION|MONEY_AMOUNT|OCCUPATION|PERSON_NAME
callcenteren,train,ba8e4eef59dd4382b397ef40657e26c3_transcript,2337a7eaa23cb438a3c07010801bb466343f7bd05f4f207175f1a63d4dc27a6d,"Thank you for calling For [ORGANIZATION]. [ORGANIZATION] [ORGANIZATION] [ORGANIZATION], how may I help you? Yeah, I have a raccoon in my bathroom. Oh, all right. That's a way to start the day. Great'a great thing to wake up, too. Like a ceiling. A ceiling tile just fell and I thought someone was trying to break in my house. When I look around, everything's fine. I go to the bathroom and there's just a. A big one. Real big one. Yeah. Okay. Goodness. All right, let me grab your information. What is your name, please? [PERSON_NAME]. [PERSON_NAME] [PERSON_NAME] [PERSON_NAME] [PERSON_NAME] [PERSON_NAME]. Right. [PERSON_NAME] [PERSON_NAME] [PERSON_NAME] [PERSON_NAME] [PERSON_NAME]. Thank you, I am sure. Is that correct? Yes, thank you. I'm going to send this right over to the guys and we will get a call back for you as soon as I can. So that way we can help get this raccoon out of there. Yeah. Thank you. All right. Thank you. Thank you for calling. Please let us know how we may assist you when a [OCCUPATION] returns to the line in just a moment. Because of the personal attention given every caller, you may experience a brief delay. Please remain on the line. A [OCCUPATION] will assist you momentarily. We appreciate your call and your patience.","OPENING, NEEDS_ANALYSIS, ACTIVE_LISTENING",0.9,True,"Contains greeting, agent collects customer information to address the specific pest problem reported.",home_service_inbound.zip,home_service_inbound/ba8e4eef59dd4382b397ef40657e26c3_transcript.json,home_service_telecom,inbound,169.0,0.917841,216,1257,17,OCCUPATION|ORGANIZATION|PERSON_NAME
callcenteren,train,a975444563b44224933ac469071e9a12_transcript,235fda3f5740ba9f3af67dc068470294d2a3a16cf7beb288012ef5a37872663d,"Thank you for calling [ORGANIZATION] [ORGANIZATION] [ORGANIZATION] [ORGANIZATION]. If you are calling for information about autog glass, please. For all other Glass inquiries. [ORGANIZATION] [ORGANIZATION], this is [PERSON_NAME]. Hi, [PERSON_NAME]. I'm wondering if you were able to provide estimates over the phone or if I needed to do that online. What was the easiest way to do that? I was just interested in what maybe I would be looking at to have a windshield replace. I can quote it over the phone for youay. What's a good phone number to save the quote under? And your first and last name? My first name is [PERSON_NAME]. [PERSON_NAME], [PERSON_NAME], [PERSON_NAME] [PERSON_NAME], [PERSON_NAME], [PERSON_NAME] [PERSON_NAME] last name is [PERSON_NAME]. [PERSON_NAME] [PERSON_NAME], [PERSON_NAME], [PERSON_NAME] [PERSON_NAME], [PERSON_NAME]. All right, and what's the year, make, model of the vehicle? It's a [DATE_INTERVAL] [ORGANIZATION] NX300. And it's not the NX300h? Correct. Do you have the VIN number handy? I do not have it handy. Okay. Because there's four different windshields. Do you have the feature that displays the speed on the glass? Potentially. Hang on just a second. I'm going to see if my [MARITAL_STATUS] can grab my insurance card because I know it's got the VIN number on it and that might just be the easiest way to do it. Hang on just a second. Thank you. My [MARITAL_STATUS] is grabbing it right now. He is on his way in. Thank you. All right. Okay, I've got it. All right, the VIN is [VEHICLE_ID] [VEHICLE_ID] [VEHICLE_ID] [VEHICLE_ID], [VEHICLE_ID] [VEHICLE_ID] [VEHICLE_ID] [VEHICLE_ID], [VEHICLE_ID] [VEHICLE_ID] [VEHICLE_ID] [VEHICLE_ID], [VEHICLE_ID] [VEHICLE_ID] [VEHICLE_ID] [VEHICLE_ID], [VEHICLE_ID] [VEHICLE_ID] [VEHICLE_ID] [VEHICLE_ID], [VEHICLE_ID] [VEHICLE_ID] [VEHICLE_ID] [VEHICLE_ID], [VEHICLE_ID] [VEHICLE_ID] [VEHICLE_ID] [VEHICLE_ID], [VEHICLE_ID] [VEHICLE_ID] [VEHICLE_ID] [VEHICLE_ID], [VEHICLE_ID] [VEHICLE_ID] [VEHICLE_ID] [VEHICLE_ID]. [VEHICLE_ID]. Give me one moment. Sorry, I got a little one in the background here. All right, so you have the [ORGANIZATION] departure warning system, pedestrian avoidance, FL forward collision alert, a heated wiper, park area and a condensation sensor. And all that has to be recalibrated, which we do as well. It would have to be brought to our shop and hold on. Total, if you were to bring it to us, you'd be looking at [MONEY_AMOUNT], [MONEY_AMOUNT], and that's including tax. Okaykay. Around [MONEY_AMOUNT]. Okay. All right, thank you so much. I appreciate it. Just kind of wanted to get an idea of what we'd be looking at. All right, I'll save this for you in our system. Thank you. Okay, great. Appreciate it.","OPENING, NEEDS_ANALYSIS, FEE_DISCUSSION, CURIOUS_EXPLORATION",0.9,True,"Agent opens the call, asks for vehicle details and VIN (needs analysis), offers a phone quote (fee discussion), and customer asks about estimate methods.",home_ervice_inbound&telecom _outbound.zip,home_ervice_inbound&telecom _outbound/a975444563b44224933ac469071e9a12_transcript.json,home_service_telecom,outbound,360.0,0.905772,409,2712,68,DATE_INTERVAL|MARITAL_STATUS|MONEY_AMOUNT|ORGANIZATION|PERSON_NAME|VEHICLE_ID
callcenteren,train,ea2284ef410e41ad831435eb6c78d7b0_transcript,2391a03ea73260a6343a5d66189f05c84aacbfe1b5acd14050c25c754243bc42,"Thank you for calling [ORGANIZATION] [ORGANIZATION] community of [OCCUPATION] [OCCUPATION] [OCCUPATION]. We make finding trusted [OCCUPATION] [OCCUPATION]. Thank you for calling [ORGANIZATION] your source for local [ORGANIZATION] [ORGANIZATION] [OCCUPATION]. This is [PERSON_NAME]. How can I help you? Yeah, I was wondering if you have an [OCCUPATION] in the [LOCATION] area for yellow jackets. Yellow jackets. Okay. Thank you very much. I will be the more than happy to assist you. I can certainly assist you with that. May I have please your personalized name? It's [PERSON_NAME] [PERSON_NAME] [PERSON_NAME] [PERSON_NAME] [PERSON_NAME] [PERSON_NAME] [PERSON_NAME] [PERSON_NAME] Last name is [PERSON_NAME] [PERSON_NAME] [PERSON_NAME] [PERSON_NAME] [PERSON_NAME] [PERSON_NAME] [PERSON_NAME]. Let me see, let me see if I got it. Okay, can you still for me the first name again? I'm surer [PERSON_NAME] [PERSON_NAME] [PERSON_NAME] [PERSON_NAME] [PERSON_NAME] [PERSON_NAME] [PERSON_NAME]. Thank you. And the last name [PERSON_NAME] [PERSON_NAME] [PERSON_NAME] [PERSON_NAME] in [PERSON_NAME] [PERSON_NAME] [PERSON_NAME] [PERSON_NAME] [PERSON_NAME] [PERSON_NAME] [PERSON_NAME] [PERSON_NAME] [PERSON_NAME] [PERSON_NAME] [PERSON_NAME] [PERSON_NAME] Mr. [PERSON_NAME] [PERSON_NAME] thank you. Okay, I understand that you're calling because you're looking for [OCCUPATION] who can assist you, Right? We yellow jackets. Is that. That's correct. Let me see. Let me take all the details for you right now. Just give me one second. Let's goite and open this. Okay man. Please I show the number that you're call in on today. Is this the best number to reach you? Yes, thank you. Is this a mobile phone? Yes, it is. Thank you. And the last thing that I will need in this case is your zip code. May I know please your zip code? [LOCATION] Perfect. I'm going to update all your information and we be back as soon as possible. Do you mind if a ple and hold phone number [DURATION] [DURATION]. Okay, that's fine. Thank you. Be with me on the line. I'll re back as soon as possible. Thank you. Thank much for perfect. My system just allowed me to continue with your request at preced your patient. Have you ever used our service before? Sir, I believe the air conditioning company I use is affiliated with you. Oh, okay, thank you. But now with [ORGANIZATION] Y maybe with another brand like [ORGANIZATION]. [ORGANIZATION], [ORGANIZATION]. [ORGANIZATION]. Okay, thank you. Let's say that no with us with [ORGANIZATION] Y But let's go ahead and continue. Okay. May I have please the street address where the services is to be performed? Okay. Am I going to be able to talk to these people first? Yes, but being honest with you, I'm asking you those questions because I need to make sure that we have availability on that area before pass your information on. You don't have any idea what this would cost. We don't hand the lastimate What I can do is send your information with all the details that you are providing me and they will reach you back. Okay. Okay. With the address [LOCATION] [LOCATION] [LOCATION] [LOCATION] [LOCATION] [LOCATION] [LOCATION] [LOCATION] [LOCATION] [LOCATION] [LOCATION] [LOCATION]. [LOCATION] [LOCATION] [LOCATION] [PERSON_NAME] [PERSON_NAME] [LOCATION] [LOCATION] [LOCATION]. Thank you. Of course. [LOCATION] [LOCATION] [LOCATION] [LOCATION]. Okay. And the last thing that I will be just for confirmation in case they need to reach by case or email. Hold on. That the system is [LOCATION]. No, it's [LOCATION]. You want to try that? Huh? O yes. Thank you. Let me change that information right now. Okay perfect. I got it now. And the last thing that it would be just to reach back in case by email. Do you have an email for confirmation? Thank you very much. Thank you. Yes, that's correct. Okay, let's go ahead and continue with this. With you. Just give me one second. Just to confirm this is going to be for residential property. Yes. And as you mention you're accounting for yellow jacket control. Yes. Okay, let me see. Okay, thank you Mr. [PERSON_NAME]. We have provided this information to the [OCCUPATION] and you will be hearing from then shortly. Usually within around like [DURATION] [DURATION] of the next business days. If you have a question before then feel free to visitcwww.mosquitojo.com okay. OK I can do for you. Remember before we our call today we would like to remind you that we're performed by your neighboly [ORGANIZATION] [ORGANIZATION]. [ORGANIZATION] is backed by your neighborly done right promise. So is [URL] for more information and you will be contact as soon as possible. Any other question I can assist you? No, that'll do it. Thank you. Oay. Thank you very much for calling [ORGANIZATION] [ORGANIZATION] [ORGANIZATION]. We appreciate your business. Take care Oay. Bye.","OPENING, NEEDS_ANALYSIS, CURIOUS_EXPLORATION",0.9,True,"Greeting present, customer inquires about pest control services, and agent gathers contact information.",home_ervice_inbound&telecom _outbound.zip,home_ervice_inbound&telecom _outbound/ea2284ef410e41ad831435eb6c78d7b0_transcript.json,home_service_telecom,outbound,556.0,0.8721838,766,4814,101,DURATION|LOCATION|OCCUPATION|ORGANIZATION|PERSON_NAME|URL
callcenteren,train,6142531749_transcript,23a34fa7183ab02ca80a77c326a42620cc89456c469ad24e6f0c9ab72176a88d,"Hello? Hello, Miss, my name is [PERSON_NAME]. How are you doing today? Fine. So the reason for my call is to let you know your medicare insurance has been upgraded and you will be receiving more benefit from your Medicare plan at no additional cost. So I hope that sound good, right? Yeah. So the benefit which you are entitled to receive today include your [OCCUPATION]. Co payment. Once we provide you the benefit, you no longer have to pay no co payment to your [OCCUPATION], be a specialist, neither to your hospital. And you also qualified to receive no co payments for your medications and neither for your prescription. And you will be receiving. Yeah. And you will be also receiving dental, vision, hearing glasses, transportation benefit which will help you in getting pickup and drop services from the ambulance in emergency. And all this benefit will be added to your Medicare plan at no additional cost. So am I speaking to Ms. [PERSON_NAME]? Yes. How do you pronounce your first name? Is it [PERSON_NAME] [PERSON_NAME]. [PERSON_NAME]? Yes. I do have your mailing address with me, miss, correct me if I'm wrong, it's [LOCATION] [LOCATION] [LOCATION], [LOCATION], [LOCATION]. And your zip code will be [LOCATION], right? Yeah. Okay. What's your date of birth, miss? Your birth date. [PERSON_NAME] already had it. I do have all the information. Miss, you're born [DATE_OF_BIRTH], right? Yeah. Okay, so can you please help me with your full date of birth? Your birthday again here Your. Your date of birth means your birth date, [DATE_OF_BIRTH]. Okay. [DATE_OF_BIRTH] [DATE_OF_BIRTH], [DATE_OF_BIRTH], right? Yeah. Okay. So Mr. [PERSON_NAME], I believe you have Medicare part A and Medicare part B both active, right? Yeah. And do you make your own decisions regarding your Medicare? Yeah. Okay. And miss, in last [DURATION] [DURATION], have you ever changed your Medicare plan? Like, have you ever changed your Medicare plan? Oh, no. Okay, so miss, [PERSON_NAME] here. I can see you are totally qualified to get this benefit. Now what I will do, I will just quickly connect your call to my [OCCUPATION] [OCCUPATION] and my [OCCUPATION] will just explain you in detail, like what all benefits you will be getting this year from your Medicare plan and regarding your paperwork. And miss, they will be just taking your [DURATION] [DURATION] [DURATION] [DURATION], not more than that. Okay? Yeah, yeah. And miss, paper connecting your call. Do you have the red, white and blue color card with you? The party for hospital and the part B for medical. Do you have that card? It's around here somewhere. Oh, okay, no problem. So is that possible to grab your card handy? No, it's not handy right now. Okay, no problem. If you can't find your Medicare car. Oh, okay, no problem. No problem. Miss. So like do you remember your socials? Your socials. Do you remember your socials? What is switching your [ORGANIZATION] [ORGANIZATION] number? Do you remember your [ORGANIZATION] [ORGANIZATION]. No. No. Okay, the problem, Miss. So, Miss, here we go. The call is getting connected and I will introduce you to them. Okay? Okay. Okay. And miss, before connecting your call, like, do you get. Apart from Medicare, do you get any retirement or any employment benefits? No. Okay. And I hope you understood this call is all about your Additional Medicare benefits, right? Yeah. Okay. Okay. So. Yes, miss, that's the reason I'm connecting your call to my [OCCUPATION] [OCCUPATION]. So here we go. The call is getting connected. I really appreciate your time and patience. Please stay online. I will introduce you to them. Thanks for holding the line. My name is [PERSON_NAME] [PERSON_NAME]. I'm a [OCCUPATION] [OCCUPATION]. I have Ms. [PERSON_NAME] so with me. Her zip code is [LOCATION], and she is interested in Additional Medicare benefits. You can take over the call. Okay. Thank you so much. I will take the call from here. Hi, [PERSON_NAME]. Hello. Hi. Hello. Hi, good morning. It's nice to have you on the line. How are you doing today? So far? Doing good. So far, so good. Yep. Yep. All right. That's great to hear. Pleasure in speaking with you. [PERSON_NAME], as you state said, you have Medicare with part A and B, correct? Yeah.","OPENING, PRODUCT_PITCH, NEEDS_ANALYSIS",0.9,True,"Agent opens the call, pitches upgraded Medicare benefits, and verifies the customer's personal information.",insurance_outbound.zip,insurance_outbound/6142531749_transcript.json,insurance,outbound,325.0,0.95542526,715,4230,44,DATE_OF_BIRTH|DURATION|LOCATION|OCCUPATION|ORGANIZATION|PERSON_NAME
callcenteren,train,8819da3c672a428ea0688197c5ad8685_transcript,23ae44cc2b30f6ff2f2f0e108d9bf87121b0a883060afe1d0bec2f8410ceae25,"[ORGANIZATION] [ORGANIZATION] [ORGANIZATION] [ORGANIZATION]. [ORGANIZATION] [ORGANIZATION] [ORGANIZATION] [ORGANIZATION] [ORGANIZATION] [ORGANIZATION]. My name is [PERSON_NAME]. Are you calling for service? Yeah. All right. Have you ever serviced your location before? Yes. You have. Okay, and can I get the address please? [LOCATION] [LOCATION] [LOCATION], [LOCATION] [LOCATION]. All right. And what is your name? My name is [PERSON_NAME] [PERSON_NAME]. Okay. That's right. Okay. And what can I do for you? I just said had a dishwasher delivered. Okay. There was two guys and I got the dishwasher sitting on the floor here. They don't apparently don't know what the hell they're doing because they said I need to have a [OCCUPATION]. Okay. So anyways, diser sit front the floor. So you, you need someone to come and bookook up this dishwasher for me. Okay. So I apologize, I am kind of new here so I'm just going to quick put you on a brief hold. I'm just going to ask and make sure that that's something that we do. I haven't dealt with this yet so I'm just going to put you on a hold, ask and then I will get right back on. Sure. Okay. All right. Thank you. Jesus Christ. Thank you for calling [ORGANIZATION] [ORGANIZATION], [ORGANIZATION], [ORGANIZATION] [ORGANIZATION] [ORGANIZATION]. We've been proudly serving [LOCATION] [LOCATION] since [DATE_INTERVAL]. Our motto is 100% satisfaction. Okay. That is something that we can help you with. So let me get a call created here for you. All right? Here, create that call. And is this something that you're looking to get done today? Yes. Dish waser sit right in the middle of the floor right now. We want to get it out of there. I totally understand. Here. Well, it's a new one and they took the old one so I mean they was. They didn't take it. Yeah, whatever. Yeah. We just need to get this dish washer hooked up. Okay. Um, so let me just get some notes in here. Get dishwasher hooked up. Okay. So it looks like we can get you in today. We do schedule for the [DURATION]. We can get you on the schedule for today. We do schedule for the [DURATION]. So I don't know exactly what time we are going to get there but we will definitely give you a heads up call and let you know when we are headed over to your location. I'm going to quote you that $[MONEY_AMOUNT] service charge to get the [OCCUPATION] there. Depending on kind of the work that he has to do, it might be a little bit more. He will go over all those options with you when he gets to your location. Won'do any work until you approve of that sometimes I know that they will waive that [MONEY_AMOUNT] if youe going to do the work going to reimburse your [MONEY_AMOUNT] back for them who is MH they're going to put it back on your card okay. Sorry ma'am oh no, no, you're fine But I just like to tell you about that service charge to get that [OCCUPATION] there and diagnose what's going on and see what it is Again I'm not too sure what that price is but he'll go over that with you when he gets there. We do take cash card checks also so any questions? No all right. Yes. We'll give you a call when they're headed over there okay, you got my number? That's correct. That's myself Then it'be on me. Okay, perfect. All right Will you have a [ORGANIZATION] [ORGANIZATION] and give we'll talk to you soon. Thank you. You're welcome. Bye. By know.","OPENING, NEEDS_ANALYSIS, ACTIVE_LISTENING, CURIOUS_EXPLORATION",0.85,True,"Greeting present, agent gathers address and service needs (needs analysis), and confirms the ability to help (active listening).",home_ervice_inbound&telecom _outbound.zip,home_ervice_inbound&telecom _outbound/8819da3c672a428ea0688197c5ad8685_transcript.json,home_service_telecom,outbound,271.0,0.8862588,606,3354,37,DATE_INTERVAL|DURATION|LOCATION|MONEY_AMOUNT|OCCUPATION|ORGANIZATION|PERSON_NAME
