dataset_name,external_id,text_hash,source_zip,source_entry,source_domain,call_direction,call_transcript,audio_duration,confidence,word_count,char_count,pii_token_count,pii_types,model_call_code,model_call_code_confidence,model_name,has_existing_pseudo_label,pseudo_call_code_existing,pseudo_label_confidence_existing,should_use_for_training,pseudo_label_rationale
callcenteren,f19aa08525534c4aa60ca1d3a50b62ec_transcript,5a4862449b2a039f0e5b0eecd2763f8731f603e295a4359da13f019913e7d8c9,automotive_inbound.zip,automotive_inbound/f19aa08525534c4aa60ca1d3a50b62ec_transcript.json,automotive,inbound,"Thanks for holding. We strive to provide quality service to every one of our callers. We want you to know that your call is important to us and an [OCCUPATION] will be with you. Okay, I'm gonna say let back there. You feel that, everybody? Oh, I guess I could open the fan. [OCCUPATION] [PERSON_NAME]. Yeah. We were talking, I think, with [PERSON_NAME] last week about getting our. Our Tacoma fix. And he was going to call us once he Talked with [ORGANIZATION] [ORGANIZATION] [ORGANIZATION] and then let us know exactly what we'll have to pay, like with taxes and everything, to see if we were going to be able to afford to do it. Of course, let me transfer you to any [OCCUPATION] [OCCUPATION] because I believe he is not here today. Okay. And anybody can really help you out and then. Or find somebody that can give you the right answers. Okay, perfect. We are working to keep your hold time to a minimum. Please stay on the line. It [ORGANIZATION] [ORGANIZATION] [ORGANIZATION]. Hi, this is [PERSON_NAME] [PERSON_NAME] [PERSON_NAME], and we were waiting for a callback. We talked with, I think, [PERSON_NAME] on Friday, and he was going to get a hold of [ORGANIZATION] [ORGANIZATION] and then call us and let us know exactly how much we would be responsible for with taxes and everything, or a rough estimate of what we would be responsible for after [ORGANIZATION] [ORGANIZATION] [DURATION]. Okay. [PERSON_NAME] is currently at lunch right now. He should be back in the next [DURATION] [DURATION]. I can write down some information and stick it on his desk and then remind him when I see him. Okay. I just don't have any access to any of that. What is a good phone number for you and then first and last name? Mine's [PERSON_NAME], but it's under my [MARITAL_STATUS] [PERSON_NAME] [PERSON_NAME] [PERSON_NAME]. And how do you spell that last name? [PERSON_NAME] [PERSON_NAME], [PERSON_NAME], [PERSON_NAME] [PERSON_NAME], [PERSON_NAME], [PERSON_NAME] [PERSON_NAME], [PERSON_NAME]. Okay. And you said [ORGANIZATION] [ORGANIZATION]? Yeah, the insurance for our warranty. Okay. I will pass this note on to him. And you should be receiving a call here soon. Okay. I believe. I don't know if it would help him, but I believe the [ORGANIZATION] [ORGANIZATION] [OCCUPATION] that's got the case is [PERSON_NAME], I think is what his name was. You said [PERSON_NAME]. Yeah, I think it's like [PERSON_NAME] is what it sounds like. [PERSON_NAME]. That's what it sounds like when he says his name. Okay. All right, I'll mark that down here. Okay. Okay, thank you. I'll remind him and then. Yep, you should be receiving a call here soon, hopefully. Okay. Thank you. Yep. Thank you. Bye. Bye.",277.0,0.9558743,452,2680,47,DURATION|MARITAL_STATUS|OCCUPATION|ORGANIZATION|PERSON_NAME,"OPENING, CURIOUS_EXPLORATION, NEEDS_ANALYSIS, PRODUCT_PITCH",0.6188,tfidf_word_char_lr_threshold,True,"OPENING, FEE_DISCUSSION, PASSIVE_AGREEMENT",0.85,True,"Contains a greeting, discussion about taxes and payment for a vehicle fix, and customer agreement to be transferred."
callcenteren,0e944caa01e24ff68d34c68edf8d89b2_transcript,85c03e3d5f937c06295f7207ca12199f6f0a3a716c0c3eb1b1b8709dd9404a02,automotive_and_healthcare_insurance_inbound.zip,automotive_and_healthcare_insurance_inbound/0e944caa01e24ff68d34c68edf8d89b2_transcript.json,insurance,inbound,"Thank you for calling [ORGANIZATION] [ORGANIZATION] [ORGANIZATION]. Your call is important to us. Our menu options have changed. Please listen to all options before selecting. Press [PHONE_NUMBER]. For service, press [PHONE_NUMBER]. For new vehicle sales, press [PHONE_NUMBER]. Thank you for choosing [ORGANIZATION] [ORGANIZATION] [ORGANIZATION] [ORGANIZATION]. [PERSON_NAME], may I help you? Yes, I just got a detection on my phone that said my car has been hit. Can you get [PERSON_NAME] and see what's going on? Okay. The side of my car just got here. That's what it said. Okay, Hope for just a moment. Hey, thanks for holding. I just spoke with [PERSON_NAME]. He said because they are doing replacing that backup camera, they have to take off the bumper. So it's throwing some of those sensors off, but it's perfly Fine. Okay. I mean, all I know is I looked at my phone and said you just had a collision. Oh, yeah, because they have the tamper. Is some of those sensors on the bumper in order to get to where thear review camera is. So he did say that you're perfectly fine. All right. Everything's okay. Okay. Just asking. Thank you very much. I'm sorry. You're welcome. No. Okay, good.",246.0,0.90855694,202,1191,13,ORGANIZATION|PERSON_NAME|PHONE_NUMBER,"OPENING, NEEDS_ANALYSIS, CURIOUS_EXPLORATION, ACTIVE_LISTENING",0.637,tfidf_word_char_lr_threshold,True,"OPENING, CURIOUS_EXPLORATION, PASSIVE_AGREEMENT",0.9,True,"Includes a formal opening, customer inquiring about a collision alert, and agreement that the situation is fine."
callcenteren,4056850239_P2_transcript,579b8eace29c4560324a1178f16936d689bba0cd1625aca87f4c1b41fb7e0fe7,insurance_outbound.zip,insurance_outbound/4056850239_P2_transcript.json,insurance,outbound,"Where's the young lady? Is somebody on the line? Thank you for holding. This is our [OCCUPATION] [OCCUPATION] [PERSON_NAME] [PERSON_NAME] with the Medicare basics. Do I have the [PERSON_NAME] [PERSON_NAME]? Correct. Hi, [PERSON_NAME]. How are you doing today? Doing great. I have had seven jillion calls from Medicare, from [LOCATION], trying to get through. Yeah. Oh, oh, so this is the last one? Correct. All right, bring it on. Yeah, I'm the last step in here. Okay. All right. So I see you got transferred over just so we can review, like, your plan out in [LOCATION], just to make sure you're on the best plan. Was that your understanding of this call, too? Correct. Okay. All right. Now, [PERSON_NAME], the only way I could be able to take a look at your plan that you're on right now and also the plans that are available in your area. Do you happen to have, like, your red, white and blue card, your Medicare card with you? Right here in front of me. Okay. And what's your member ID number on there, please? Member ID number? I guess that's that one. Must be this one. [HEALTHCARE_NUMBER]. It's like numbers and letters. [HEALTHCARE_NUMBER] [HEALTHCARE_NUMBER] [HEALTHCARE_NUMBER] [HEALTHCARE_NUMBER] [HEALTHCARE_NUMBER]. [HEALTHCARE_NUMBER] [HEALTHCARE_NUMBER] [HEALTHCARE_NUMBER] [HEALTHCARE_NUMBER]. [HEALTHCARE_NUMBER] [HEALTHCARE_NUMBER] [HEALTHCARE_NUMBER] [HEALTHCARE_NUMBER], [HEALTHCARE_NUMBER] [HEALTHCARE_NUMBER] [HEALTHCARE_NUMBER] [HEALTHCARE_NUMBER]. [HEALTHCARE_NUMBER] [HEALTHCARE_NUMBER] [HEALTHCARE_NUMBER] [HEALTHCARE_NUMBER]. Good. [HEALTHCARE_NUMBER]. Okay. All right. And I do have your date of birth here as [DATE_OF_BIRTH] [DATE_OF_BIRTH], [DATE_OF_BIRTH]. Correct. Okay. And it looks like both your part A and your part B start date is [DATE] [DATE] [DATE]. Is that correct? That's right. Okay, perfect. All right. And I don't see it here, but I just want to confirm that with you. Do you get, like, any assistance right now through the state of [LOCATION]? Do you receive, like, any type of Medicaid? Nothing like that. Okay. And of course, you do make your own healthcare decisions, right? Okay, Now, [PERSON_NAME], do you get, like, right now, how many [OCCUPATION] would you say you're seeing right now throughout the year? I don't go to the [OCCUPATION] very often. Gosh, how many [OCCUPATION] do I see? Maybe one, two a year. That's it. One or two, like your [OCCUPATION] [OCCUPATION] and maybe like, a specialist. If they refer you out to one [OCCUPATION] [OCCUPATION] and if they send me off to another one, that would be it. I've been healthy. [MEDICAL_PROCESS] or [MEDICAL_PROCESS]. Well, that's good to hear. Now, do you also. How about this? How is. Do you need to get, like, any [MEDICAL_PROCESS] [MEDICAL_PROCESS] done? Any work on your teeth or, like, vision? I do go to the [OCCUPATION] once a year. I go to the [OCCUPATION] [OCCUPATION] once a year. That's it. Okay. All right. Now, did you ever have to wear eyeglasses in the past or anything like that? I have. I do wear eyeglasses for reading. Okay. Now, did your plan help you pay for those eyeglasses, or did you just pick up, like, a cheap pair somewhere? I just picked up get went where they sent me, and that's what I got, what they had. Okay. All right. Very good. All right. So I see right now that you're actually with, like, [ORGANIZATION] [ORGANIZATION] [ORGANIZATION] [ORGANIZATION]. It looks like it's like, an employer or, like, a supplement plan that you may have. It's an employer. Well, yeah, an employer. Do you pay? No, I do an employer coverage. Okay. So. All right, so with that plan right there, that's, like, one of the best plans you could possibly get. I would keep everything just the way it is. I wouldn't take these calls anymore. Don't let anybody ever, ever take you off of that plan. Because if you come off of that plan, you can never go back on it. Okay? Yeah. Understand that. Okay. Well, [PERSON_NAME], we're all set over here. You have a wonderful day. Okay? Does this mean I won't get.",269.0,0.9551206,660,4024,60,DATE|DATE_OF_BIRTH|HEALTHCARE_NUMBER|LOCATION|MEDICAL_PROCESS|OCCUPATION|ORGANIZATION|PERSON_NAME,"OPENING, NEEDS_ANALYSIS, PRODUCT_PITCH, PASSIVE_AGREEMENT",0.697,tfidf_word_char_lr_threshold,True,"OPENING, NEEDS_ANALYSIS, PASSIVE_AGREEMENT, CURIOUS_EXPLORATION",0.95,True,Greeting present; agent analyzes current plan and requests ID; customer asks if this is the last call and agrees to proceed.
callcenteren,e206c590ae394c159887ab47ff9b095a_transcript,dad0accbf55b2173b15591ec146635979d13e58866f05e29f927b7a613133199,medicare_inbound.zip,medicare_inbound/e206c590ae394c159887ab47ff9b095a_transcript.json,medicare,inbound,"Thank you for calling [ORGANIZATION] [ORGANIZATION]. If you're a new patient please press [PHONE_NUMBER]. If you're an existing patient, press [PHONE_NUMBER]. Good afternoon. [PERSON_NAME], this [PERSON_NAME]. Hi [PERSON_NAME]. [PERSON_NAME] [PERSON_NAME] and I was there this morning with my [MONEY_AMOUNT] my [PERSON_NAME] [PERSON_NAME] [PERSON_NAME] and they gave us a referral for [MEDICAL_PROCESS] and they told us. Hold on, sorry, what was the name? [PERSON_NAME] [PERSON_NAME]. [PERSON_NAME] [PERSON_NAME] [PERSON_NAME] [PERSON_NAME] [PERSON_NAME] [PERSON_NAME]. [PERSON_NAME]. [PERSON_NAME] [PERSON_NAME] [PERSON_NAME]. Yeah, let me double check. Who did you see? Let me look at the schedule. [PERSON_NAME] at [TIME] [TIME] this morning. Oh, there you are. Ye ma. Yes, and she gave us a referral to [ORGANIZATION] [ORGANIZATION] [ORGANIZATION] and so I called the insurance company this morning just to make sure that it wasn't cost and anything to do and she said well, did they send a referral over to [PERSON_NAME]. [PERSON_NAME] and [PERSON_NAME] first to make sure they don't. They might cover or they may not, it's very limited. And I said no, she said it wasn't covered and I was just curious if we could send a referral to [PERSON_NAME]. [PERSON_NAME] and [PERSON_NAME] just to see if we could possibly get it covered. Okay, so you wanted. You wanted to [OCCUPATION] what was it? [PERSON_NAME] and [PERSON_NAME]. What's the. How do you spell his name? [PERSON_NAME] [PERSON_NAME] [PERSON_NAME] [PERSON_NAME] [PERSON_NAME] [PERSON_NAME] [PERSON_NAME] [PERSON_NAME] [PERSON_NAME], [PERSON_NAME]. Okay, me see what? Oh yeah. They may or may not cover it, but ohb sometimes. Well, it's limited but she said they may or may not get her in the insurance. May or may not o it the ycc ye is. So you called the insurance? Yes, and they said that's the only [OCCUPATION] in the county that they can go to but it's limited on what they go through. But she said it's worth trying. Yeah. Okay, so when we do the referral it normally goes to the call center and then the call center will decide where it goes to. Okayite? Yeah. Would you happen? Yeah, I think they're the ones that decide where it goes to. Not us on our end. But let me. Okay, what's the phone number to the [OCCUPATION]? I don't have that because when I pull up his name it comes up in [LOCATION] and she said that it was insane. Okay, let me put you on a brief hold. Okay, hold on. Okay, so don't be afraid to do something good for yourself. Ask our [OCCUPATION] [OCCUPATION] [OCCUPATION] about our zero interest plans. Thank you for holding, we'll be right with you. Oh, I found him. Since many dental insurance plans do not Cover all services. We recommend you examine your policy before your initial visit so that you may know what your coverage is at. Dental. Dental payment is due at the time of service. We'll do our very best to estimate just how much your dental plan covers and what your out of pocket expenses might be. We accept cash, check and all major credit cards and also bill your insurance company for you. We can also help you with financing to ensure you'll receive outstanding care and our highest quality services. Our team of professionals dedicate themselves to learning through continuing education classes and seminars. It's our pleasure and passion to care for your Smile will be with you shortly. Okay, thank you for holding. Okay, I did talk to her [OCCUPATION] [OCCUPATION] and normally its where your insurance decides to where it's going to go. So once the referral is out, you might want to call the insurance company and see where it's going to get referred to and maybe you could suggest having it sent that way. I was just. I did talk to them and they said they haven't received anything. Well, no, not yet because it's still probably on her desk right now. Still. Oh, so once they get the referral. Yes, once they get the referral, then'notify you where it's going to get sent to. And then before it gets sent out, you might want to call them and see if they can refer it out there to this [OCCUPATION]. Okay. Because she referred me to [ORGANIZATION] [ORGANIZATION] [ORGANIZATION] and then I called insurance company and they said no, they want hear but they said she the [OCCUPATION] has to refer [PERSON_NAME] to them or they won't. Okay, I'll just wa to see what I hear from someone and then I'll give you a call back if there's a problem. Oay. Okay, thank you. Bye.",365.0,0.90871614,763,4478,65,LOCATION|MEDICAL_PROCESS|MONEY_AMOUNT|OCCUPATION|ORGANIZATION|PERSON_NAME|PHONE_NUMBER|TIME,"OPENING, NEEDS_ANALYSIS, CURIOUS_EXPLORATION",0.705,tfidf_word_char_lr_threshold,True,"OPENING, FEE_DISCUSSION, NEEDS_ANALYSIS, CURIOUS_EXPLORATION",0.8,True,Greeting present; customer asks about insurance coverage/costs; agent asks for details about the provider and spelling of names.
callcenteren,687a676edc4846259fb0d0645cfd7c9e_transcript,d8411f5d49f373e3a2de0cc17b0beddead5143b1a5bba5280603f131511d87a7,automotive_inbound.zip,automotive_inbound/687a676edc4846259fb0d0645cfd7c9e_transcript.json,automotive,inbound,"Good afternoon, the [ORGANIZATION] [ORGANIZATION] [ORGANIZATION]. This is [PERSON_NAME] [PERSON_NAME] and [OCCUPATION] call. Yeah, [PERSON_NAME], somebody called me. Okay. Do you have a vehicle in service? Are you looking for a part or are you in the market for a new vehicle? Yeah, I was asking for a price for F150. Okay, perfect. And was it on this number ending [PHONE_NUMBER]? Yes. Okay, perfect. Give me one moment and let me see. What is your name, sir? Yeah, okay, perfect. Let me see if [PERSON_NAME] is available. One moment. Our knowledgeable [OCCUPATION] [OCCUPATION] today for [ORGANIZATION] [ORGANIZATION] [ORGANIZATION] support [OCCUPATION] [OCCUPATION]. I joined the [ORGANIZATION] [ORGANIZATION] [ORGANIZATION] family. I want to tell you it was one of the best decisions and best experience experiences that I've had compared to other [OCCUPATION]. And I'm not the only one. [URL] is named [ORGANIZATION] [ORGANIZATION] [ORGANIZATION] one of the top 100 dealerships in the country based on online customer reviews. And that's a big deal. [ORGANIZATION] [ORGANIZATION] values your time and your business. Go check them out. Hello, this is [PERSON_NAME]. Yes, this is. Yeah, I think you called me for. I was asking for F150 price. Okay, let me get this info pulled up for you. Yeah. Are you the one who called or somebody looks like my [OCCUPATION] called you. Let's see here. But yeah, let me look. Let me see if he's available. I'm gonna put you on a rovery full. Okay, I'm gonna go check for him. Yeah. Today for details on our special inspection offer at [ORGANIZATION] [ORGANIZATION]. Our goal is to offer incredible service, superior knowledge and a buying experience that makes every customer feel relaxed and confident, knowing we value their time and their business. So when [URL] makes [ORGANIZATION] [ORGANIZATION] one of the top chips in the country based on online customer reviews, that's a big deal. Customers are taking the time to share their experience experiences with others. We invite you to come join the [PERSON_NAME] family. It is [PERSON_NAME] with [ORGANIZATION] [ORGANIZATION]. How can I help you? Hello? Yes, yes, hey, this is [PERSON_NAME] with [ORGANIZATION] [ORGANIZATION]. How can I help you? Yeah, I was actually calling retaining your call. I was looking for 150 for my friend. F150. Okay. Did you know I think you called me, right? You have my email at all? Yeah, I got your. Yeah. So what information you want? What is he looking for? What are you looking? 152 wheel and four door white color. And I give all the. All the other details too. Yeah. Okay. Echo booster some at 2.7. Okay. Okay, I do see that friend looking for F150 ecobooster white color. Seminole rock bottom white color. I said though, right? You want the white color? Yes, sir. Let me see. Let me check my inventory for you. Yeah, so you take your time and just send to me the email because I'm. And I need to. I will. Based on the information, I will talk to my friend and he can come today or tomorrow to buy, but before that he need to get a price. Okay, that sounds great. I'll shoot you. They need outdoor prices, by the way. Okay, sounds good. I will shoot you info on our units that we have available. Yes. Okay. Thank you, sir. Thank you. Bye. Bye.",232.0,0.9356693,561,3274,40,OCCUPATION|ORGANIZATION|PERSON_NAME|PHONE_NUMBER|URL,"OPENING, CURIOUS_EXPLORATION, NEEDS_ANALYSIS",0.7058,tfidf_word_char_lr_threshold,True,"OPENING, FEE_DISCUSSION, NEEDS_ANALYSIS, PASSIVE_AGREEMENT",0.9,True,Greeting present; customer asks for F150 price; agent asks if they are in the market for a new vehicle.
callcenteren,aa6fe8aa221d479089ac65de160ca54d_transcript,6dd2d0598090d3b23682941914024d95de6a04e097719389fcebb97925d22d1f,medicare_inbound.zip,medicare_inbound/aa6fe8aa221d479089ac65de160ca54d_transcript.json,medicare,inbound,"Thank you for calling [ORGANIZATION] [ORGANIZATION]. If you're a new patient, please. If you're an existing patient. [ORGANIZATION] [ORGANIZATION] Dono. How can I help you? Yeah, my name was [PERSON_NAME] [PERSON_NAME]. I want. I thought I had rescheduled my son'soint but I may have forgotten to do that. It's [PERSON_NAME] [PERSON_NAME]. No, I remember. You did? Yes. Oh, thank God. Maybe I didn't change the calendar on my s. Well, we didn't reschedule it, but I know that you called to get them off the schedule for today. When did you want to reschedule it? Oh, never is available. This. It's [OCCUPATION]. I [PERSON_NAME]. [PERSON_NAME]. Let. Let's see what's up next [DURATION]. Sorry, I'm seeing if I can fit you in right here. I'm going to put you on hold for one second and I'm going to ask [OCCUPATION] a question. Okay, thank you. Ye and Discover cards. We do our best to make excellent [OCCUPATION] affordable. Please continue to hold as every effort is being made to answer your call as soon as possible. Thank you. Do you have stained dark teeth? Would you like a younger, wider smile? Only a [OCCUPATION] can get your teeth their whiteidest. We can whiten and brighten your teeth. Let [OCCUPATION] [OCCUPATION] give you a makeover smile. You'll like the difference in your smile. We appreciate your patience and we will be with you shortly. You don't have today you. At [ORGANIZATION] [ORGANIZATION]. We recommend children have an evaluation. We also include a complimentary evaluation for adults. Please stay on the line and ask for details when we join you shortly. All right. Are you there? Yes. Okay, so it looks like next [DURATION] we got a [TIME] available if that works for you. Yeah, that'perfect. Yeah, perfect. Next Thursday, right? Next Thursday. Next Thursday, yes. Ye. Okay. That'for not nothing on that [DURATION]. Thank you so much. You are very welcome. Have a good [DURATION]. You too. By bye. Thanks, bye.",215.0,0.8829853,329,1940,23,DURATION|OCCUPATION|ORGANIZATION|PERSON_NAME|TIME,"OPENING, NEEDS_ANALYSIS, CURIOUS_EXPLORATION",0.6864,tfidf_word_char_lr_threshold,True,"OPENING, NEEDS_ANALYSIS, PRODUCT_PITCH, ACTIVE_LISTENING",0.8,True,"Contains a greeting, agent asks for rescheduling details (needs analysis), and hold music pitches dental services (product pitch)."
callcenteren,7ab6af487ccf4948bbaa052e8d4f1c51_transcript,e462606606a4089a38556aa9639143d62b002156e4382097f86f8688fff97d61,home_ervice_inbound&telecom _outbound.zip,home_ervice_inbound&telecom _outbound/7ab6af487ccf4948bbaa052e8d4f1c51_transcript.json,home_service_telecom,outbound,"'A great day, [ORGANIZATION]. [ORGANIZATION] [ORGANIZATION] [ORGANIZATION] [ORGANIZATION]. This is [PERSON_NAME]. How can I help you? Hi, I hope you can. I had a appliance delivered from [ORGANIZATION] [ORGANIZATION] on Thursday. It's a gas dryer. I don't know why I didn't get the gas to conversion kit with it. However, I'm not able to connect it, use it without it. So I need somebody to come out and maybe get me the. I guess I have to order the kit or hopefully you have the kit and then can service that for me. It's brand new. I'BE glad to help you with that. I'm really sorry for the inconvenience you are facing with that. So basically you got the dryer but you didn't get the conversion kit. Conversion kit? Yeah. Yes. Let me ask you, have you come to the orig tood the. So the manufacturerag [ORGANIZATION] came out today and told me I need a [OCCUPATION] and a conversion kit. That's what they told me. So they were not any help at all. Okay. Don wor you. You guys do that? Yeah, that's okay. Yes, we can send a [OCCUPATION] to help you with that. Let me see. I see that you're calling from the. Is this the best number to reach you? Right. Yes, it is. Thank you. Is this a mobile phone number or residential phone number? It's a mobile phone number. Thank you. May I have your first and last name, please? It's [PERSON_NAME] [PERSON_NAME]. [PERSON_NAME] [PERSON_NAME] [PERSON_NAME] [PERSON_NAME] [PERSON_NAME] [PERSON_NAME] [PERSON_NAME]. Thank you. [PERSON_NAME]. May I have Your address? It's [LOCATION]. [LOCATION] [LOCATION] [LOCATION] [LOCATION] [LOCATION] [LOCATION] [LOCATION] and that's in [LOCATION]. [LOCATION] [LOCATION] [LOCATION] [LOCATION] [LOCATION] [LOCATION] [LOCATION] [LOCATION] [LOCATION] [LOCATION] [LOCATION]. Thank you. May I have the zip code, please? [LOCATION]. Thank you. One moment please. I'm working on the report. Thanks. Thank you. Okay. Am I'm trul Sorry for the inconvenience. I was checking the information related to the office and it shows that the office does not sell any type of parts. So in this case you will need to get in contact with the original provider. With what? With who? With [ORGANIZATION] because this local office doesn't bring parts. Doesn't sell parts. Why is that? Why? I don't understand. How can somebody service an appliance and not have parts? I'm so confused. They do fix. Yeah, but how do they do their job properly without having any parts? It can't be done. It just can't be done. Yes. Maybe you should put that in the suggestion box. I will, and I'm sorry about it, but. Yes. They don't sell parts. They't. All right. Thank you. I need to get somewhere before they close. I appreciate it. Thanks.",241.0,0.88750964,457,2676,43,LOCATION|OCCUPATION|ORGANIZATION|PERSON_NAME,"OPENING, NEEDS_ANALYSIS, CURIOUS_EXPLORATION",0.7274,tfidf_word_char_lr_threshold,True,"OPENING, NEEDS_ANALYSIS, ACTIVE_LISTENING, CURIOUS_EXPLORATION",0.9,True,"Greeting present, agent verifies customer identity and address (needs analysis), and summarizes the issue (active listening)."
callcenteren,2020-10-02-17-19-37_53c8d09e-71a3-47a5-8aac-c4ca8b7c20ab_v2WzgrTziLcNaORdaJ3LqWC7U9TxAvM4xUk1_udzW2iyqpAtkXBwd6Xg_transcript,81f7f3cc284cdbe58d1c459f13eb56f77a0d52d3e37bbcd9ad72028e36c49db2,auto_insurance_customer_service_inbound.zip,auto_insurance_customer_service_inbound/2020-10-02-17-19-37_53c8d09e-71a3-47a5-8aac-c4ca8b7c20ab_v2WzgrTziLcNaORdaJ3LqWC7U9TxAvM4xUk1_udzW2iyqpAtkXBwd6Xg_transcript.json,insurance,inbound,"This call may be recorded for quality assurance. Hello, this is [PERSON_NAME] with [ORGANIZATION] [ORGANIZATION]. It looks like you were connected to make a. Connected to me to compare rates on auto insurance today. Is that right? Yeah. Fantastic. In order to connect you with the right [OCCUPATION], I do need to verify a little information. I'll try to make it as brief as I can. Let's see what they sent over. May I have your first and last name, please? [PERSON_NAME] [PERSON_NAME]. [PERSON_NAME]. [PERSON_NAME], [PERSON_NAME], [PERSON_NAME], [PERSON_NAME], [PERSON_NAME], [PERSON_NAME], [PERSON_NAME]. [PERSON_NAME]. Yeah. Okay. [PERSON_NAME]. Spelled the usual way, except for that I put too many eyes in there. [PERSON_NAME]. [PERSON_NAME]. All right. And the phone number in case we're disconnected, that I have is [PHONE_NUMBER]. Is that a good one to reach you at, [PERSON_NAME]? Yeah, that's it. Thank you so much. Could you verify your zip code, please? Yes, [LOCATION]. Okay, so you are in [LOCATION]. Awesome. Who's your current insurance provider? Just says other [ORGANIZATION]. Okay. And you've been with them for [DURATION] [DURATION]? Yeah, I guess. Okay. Would you please verify your date of birth? Pardon? Oh, your date of birth. [DATE_OF_BIRTH]. [DATE_OF_BIRTH]. Thank you very much. In the last [DURATION] [DURATION], have you had any at fault accidents, DUIs, required, an SR22, anything like that? Never had an accident. I've had one ticket since [DATE_INTERVAL], except for driving unsuspended. I had a couple of those. Oh, my. Okay. Do you currently have a good driver's license? Yeah. Okay. Excellent. Okay. Is it nothing, though, in the last [DURATION] [DURATION]? Not bad. No. Excellent. Are you looking for more coverage than [LOCATION] requires you to carry or just the minimum? Just a minimum. Okay. Would you say your credit's excellent? Good, fair or poor? Honey, I don't have credit. I pay cash for everything. Ah, unknown. Gotcha. And have you or your [MARITAL_STATUS] ever honorably served in [ORGANIZATION] [ORGANIZATION]. [ORGANIZATION]? No. And that is all the information? Yeah, they didn't want me either. Too short, they said. Huh. They missed me by one number on the lottery. Ah, okay. Yeah, there was a. Back in [DATE_INTERVAL]. All right, well, I'm gonna run a search now for your best match, [PERSON_NAME], and why your consents not request to receive a quote. May we have your permission to send automated text messages to this number to ensure that you're satisfied with the coverage options you receive and provide you with other quote options? I don't know. I have a real problem with. Like I said. Yeah, we don't have to send them. That's why we ask if you'll stay on the line, though. I'll get you over to a [OCCUPATION] [OCCUPATION] right away. Okay. Okay. One moment. Please stay on the line while we connect you. Please stay on the line while we connect you. [PERSON_NAME]. Yes, thanks for holding. I have [PERSON_NAME] here. She's going to help you. You two have a wonderful day. You is welcome. Okay. Hi, [PERSON_NAME]. How are you today? I'm okay. Good. Again, my name is [PERSON_NAME]. I am with [ORGANIZATION]. I'm going to help you finish up the quote. But before we get started, I've got a couple of questions to go over with you just to make sure that you meet our underwriting guidelines. First question is, are you the registered owner of the vehicles that we'll be looking at today? Of the vehicle, yes. Pardon? Yes, I am. Yes. Okay. In the last [DURATION] [DURATION], have you had a DUI? No. Okay. And in the last [DURATION] [DURATION], have you had more than one asphalt accident or ticket? I've never had an accident. Perfect. And do you have a valid driver's license at this point? Yes, I do. Okay. Perfect. Well, definitely sounds like you meet our guidelines. I'm going to go ahead and just open up my quoting platform so we can get this going for you. While I'm doing that, can you tell me a little bit more about your situation and what had you shopping for insurance today? I'm not really shopping. I just got a phone call. I'm happy with the insurance I've got.",415.0,0.9641638,699,4139,50,DATE_INTERVAL|DATE_OF_BIRTH|DURATION|LOCATION|MARITAL_STATUS|OCCUPATION|ORGANIZATION|PERSON_NAME|PHONE_NUMBER,"OPENING, NEEDS_ANALYSIS, FEE_DISCUSSION, PRODUCT_PITCH, OBJECTION_HANDLING",0.6647,tfidf_word_char_lr_threshold,True,"OPENING, NEEDS_ANALYSIS, PRODUCT_PITCH, ACTIVE_LISTENING",0.95,True,"Greeting present, agent pitches rate comparison (product pitch) and conducts a detailed intake of insurance history (needs analysis)."
callcenteren,8819da3c672a428ea0688197c5ad8685_transcript,23ae44cc2b30f6ff2f2f0e108d9bf87121b0a883060afe1d0bec2f8410ceae25,home_ervice_inbound&telecom _outbound.zip,home_ervice_inbound&telecom _outbound/8819da3c672a428ea0688197c5ad8685_transcript.json,home_service_telecom,outbound,"[ORGANIZATION] [ORGANIZATION] [ORGANIZATION] [ORGANIZATION]. [ORGANIZATION] [ORGANIZATION] [ORGANIZATION] [ORGANIZATION] [ORGANIZATION] [ORGANIZATION]. My name is [PERSON_NAME]. Are you calling for service? Yeah. All right. Have you ever serviced your location before? Yes. You have. Okay, and can I get the address please? [LOCATION] [LOCATION] [LOCATION], [LOCATION] [LOCATION]. All right. And what is your name? My name is [PERSON_NAME] [PERSON_NAME]. Okay. That's right. Okay. And what can I do for you? I just said had a dishwasher delivered. Okay. There was two guys and I got the dishwasher sitting on the floor here. They don't apparently don't know what the hell they're doing because they said I need to have a [OCCUPATION]. Okay. So anyways, diser sit front the floor. So you, you need someone to come and bookook up this dishwasher for me. Okay. So I apologize, I am kind of new here so I'm just going to quick put you on a brief hold. I'm just going to ask and make sure that that's something that we do. I haven't dealt with this yet so I'm just going to put you on a hold, ask and then I will get right back on. Sure. Okay. All right. Thank you. Jesus Christ. Thank you for calling [ORGANIZATION] [ORGANIZATION], [ORGANIZATION], [ORGANIZATION] [ORGANIZATION] [ORGANIZATION]. We've been proudly serving [LOCATION] [LOCATION] since [DATE_INTERVAL]. Our motto is 100% satisfaction. Okay. That is something that we can help you with. So let me get a call created here for you. All right? Here, create that call. And is this something that you're looking to get done today? Yes. Dish waser sit right in the middle of the floor right now. We want to get it out of there. I totally understand. Here. Well, it's a new one and they took the old one so I mean they was. They didn't take it. Yeah, whatever. Yeah. We just need to get this dish washer hooked up. Okay. Um, so let me just get some notes in here. Get dishwasher hooked up. Okay. So it looks like we can get you in today. We do schedule for the [DURATION]. We can get you on the schedule for today. We do schedule for the [DURATION]. So I don't know exactly what time we are going to get there but we will definitely give you a heads up call and let you know when we are headed over to your location. I'm going to quote you that $[MONEY_AMOUNT] service charge to get the [OCCUPATION] there. Depending on kind of the work that he has to do, it might be a little bit more. He will go over all those options with you when he gets to your location. Won'do any work until you approve of that sometimes I know that they will waive that [MONEY_AMOUNT] if youe going to do the work going to reimburse your [MONEY_AMOUNT] back for them who is MH they're going to put it back on your card okay. Sorry ma'am oh no, no, you're fine But I just like to tell you about that service charge to get that [OCCUPATION] there and diagnose what's going on and see what it is Again I'm not too sure what that price is but he'll go over that with you when he gets there. We do take cash card checks also so any questions? No all right. Yes. We'll give you a call when they're headed over there okay, you got my number? That's correct. That's myself Then it'be on me. Okay, perfect. All right Will you have a [ORGANIZATION] [ORGANIZATION] and give we'll talk to you soon. Thank you. You're welcome. Bye. By know.",271.0,0.8862588,606,3354,37,DATE_INTERVAL|DURATION|LOCATION|MONEY_AMOUNT|OCCUPATION|ORGANIZATION|PERSON_NAME,"OPENING, NEEDS_ANALYSIS, FEE_DISCUSSION, CURIOUS_EXPLORATION, PRODUCT_PITCH",0.6244,tfidf_word_char_lr_threshold,True,"OPENING, NEEDS_ANALYSIS, ACTIVE_LISTENING, CURIOUS_EXPLORATION",0.85,True,"Greeting present, agent gathers address and service needs (needs analysis), and confirms the ability to help (active listening)."
callcenteren,3b40d8db364f421180e3e82f9b0c7c9f_transcript,fd9cb0c35ecff73bc4d7dfaa812a31a132d0927bf633702a845deb0766c0713a,automotive_and_healthcare_insurance_inbound.zip,automotive_and_healthcare_insurance_inbound/3b40d8db364f421180e3e82f9b0c7c9f_transcript.json,insurance,inbound,"Thank you for calling [ORGANIZATION] [ORGANIZATION] [ORGANIZATION] [ORGANIZATION]. For [ORGANIZATION], press [PHONE_NUMBER] for [ORGANIZATION] [ORGANIZATION] [ORGANIZATION]. Thank you for calling [ORGANIZATION] [ORGANIZATION] [ORGANIZATION]. This is [PERSON_NAME], how can I help you? Hey [PERSON_NAME], I'm trying to get in touch with [PERSON_NAME] at the [ORGANIZATION] [ORGANIZATION] [ORGANIZATION] [ORGANIZATION]. All right. You said you're trying to get in touch with who again? [PERSON_NAME]. [PERSON_NAME]. All right, let me get you in touch. Okay. Thank you for calling [ORGANIZATION] [ORGANIZATION] [ORGANIZATION] where we're always here to help. Whether you're shopping for a new or pre owned vehicle, looking to schedule maintenance for your current vehicle, or needing to ask a question, our staff is dedicated to exceeding your expectations with the highest level of customer service. Whether you need more space for family or more room for fun filled adventures, we have the perfect vehicle for you. Too busy, don't worry. Ask about getting a test drive delivered to you. That's right. We can bring the vehicle you're looking for right to your front door, easy and hassle free. It's just another way that we guarantee your experience with [ORGANIZATION] [ORGANIZATION] will be second to none. Because everything we do is driven by you. And that's not just a tagline. It's a commitment to making sure you are provided with excellent service that is fast, friendly and convenient. Did you know that you can schedule your service, buy a car or sell your car online? At [ORGANIZATION] [ORGANIZATION] [ORGANIZATION] we're doing the small things, the big things and everything in between. The ease of our online experience helps us serve you better. No matter where you are, you can stop by any of our locations, call or chat with us online. No matter where you are, there will always be a person read. Yes, sir. So I was just informed that Mr. [PERSON_NAME] is going to be out until Monday. But Ms. [PERSON_NAME] is available. You're willing to speak with her? Sure. All right, give me one second. Let me get you sent. Thank you for calling [ORGANIZATION] [ORGANIZATION] [ORGANIZATION]. [ORGANIZATION] [ORGANIZATION] [ORGANIZATION]. This is [PERSON_NAME]. How many I help you? Hey [PERSON_NAME], My. My name is [PERSON_NAME]. How are you doing? Doing well. How are you doing? All right, thank you. So [PERSON_NAME] had our GMC coming trailered in yesterday afternoon and I was curious to know if anybody had a chance to look at yesterday or the more and give me an update on. No, absolutely. So I do see here that we did have a [OCCUPATION] look at it. Your concern was that your check engine light is on. Customer states that vehicle feels sluggish. Just had torque converter replaced. All right. And with that our take, he's recommending replacing your O2 sensor. You had a code pop up that was P0135. That means the housing two heater performance bank one sensor one is what's causing the issue. So they are recommended replacing that O2 sensor. Do you have any type of re warranties or anything with your vehicle? I do. It's through [ORGANIZATION]. Through [ORGANIZATION]? Yes, sir. All right, so what I'm going to do is I'm going to go ahead and get on the phone with [ORGANIZATION], contact them, let them know what's going on with your vehicle, the concern and the recommendation that we have, and I can call you back with an update. Yeah, I appreciate it. It's normally a little bit of a lightg kind on hear back from them with [ORGANIZATION]. Yeah, well, as soon as I get them on the phone, I should be able to go ahead and get an answer out of them today as to whether or not they'll cover it. But, I mean, it may take me [DURATION] [DURATION] [DURATION] to get on the phone with them just because their wait times, sometimes they are a little bit longer. So if you don't mind giving me [DURATION] [DURATION] [DURATION] and I can call you back and let you know. Yeah, I appreciate a callack. Yes, sir. Absolutely. So is this a good callback number? Yes, it is. All right, well, thank you, Mr. [PERSON_NAME]. I'm going to go ahead and give [ORGANIZATION] a call, and I can call you back. Okay, thank you. Thank you, sir. You have a good day.",293.0,0.91655535,722,4259,54,DURATION|OCCUPATION|ORGANIZATION|PERSON_NAME|PHONE_NUMBER,"OPENING, CURIOUS_EXPLORATION, NEEDS_ANALYSIS",0.6685,tfidf_word_char_lr_threshold,True,"OPENING, PRODUCT_PITCH, ACTIVE_LISTENING",0.8,True,"Greeting present, agent clarifies the customer's request (active listening), and hold music pitches vehicle sales (product pitch)."
callcenteren,75c686d534664484b4185078ab2e8d11_transcript,fd6cb2e15cfe9e933b29abf45894a0183653af06033ad506a4bdf596bc9efe8d,home_ervice_inbound&telecom _outbound.zip,home_ervice_inbound&telecom _outbound/75c686d534664484b4185078ab2e8d11_transcript.json,home_service_telecom,outbound,"At [ORGANIZATION] [ORGANIZATION]. We fix your pains. For new service press [PHONE_NUMBER]. For existing auto glass orders, press [PHONE_NUMBER]. For existing residential glass. For aut glass for service on your home. For commercial glass talkor we fix your pains. This is [PERSON_NAME]. Yes, you, yes. Can you hear me? Hello? Yes ma'am, I can. How can I hear you? How can I help you? Well I was calling to see if you replace glass panes in homes. Yes ma'am, we do that all the time. What can we do for you? Well I just have a few windows that are fogged and I'd like to have the glass replaced and defly to get an estimate for that. Okay, well we can definitely help you with that. You call the right place. Let me start with your phone number. I'll be happy to schedule a [OCCUPATION] to come out and get your quote. Okay. It's [PHONE_NUMBER]. Okay. Yes. All right. And your name in? [PERSON_NAME] [PERSON_NAME]. [PERSON_NAME] [PERSON_NAME] [PERSON_NAME] [PERSON_NAME] [PERSON_NAME] [PERSON_NAME]. And Ms. [PERSON_NAME], what is the address you have us come to? [LOCATION] [LOCATION]. [LOCATION] [LOCATION] [LOCATION] [LOCATION] [LOCATION] [LOCATION] [LOCATION] [LOCATION]. And what is that zip code? It'seven6015. And if I may get an email address for you. [EMAIL_ADDRESS] [EMAIL_ADDRESS] [EMAIL_ADDRESS] [EMAIL_ADDRESS] [EMAIL_ADDRESS]. Okay, there go. Now is your home a one story or two story? It's a two story, two story. Okay. Yes but I think that I just need one replacement upstairs and I believe there are three down. Okay. Small. A small house. All right, let's take a look at our schedule. Now were you needing anything other than glass replace? Were you needing any screens or any mirrors or. Okay, I don't think so. Yeah, I'll think about screens at some point. I may want some information on that. Yeah, my son in law took the screens off when I bought this house [DURATION] [DURATION] ago and the screens were horrible so he just took them all off and I don't have screens right now. Oh, okay. All right, no problem. Well now I am currently scheduling for [OCCUPATION] to come out [DATE] [DATE] [DATE] or any [DURATION] later next [DURATION]. Would that be soon enough for you? I can't do [DATE] [DATE]. I can do the [DATE]. Okay, not a problem. And do that. And what hours can you be available? Just in the morning for mid morning but just in the morning. Ok. Okay. Can you give me a time frame that it would be in? Well what's going to happen? You will receive a on the date on actually tomorrow once they start to do the routing and everything they're going to send you a text and that text is going to let you know a time frame it's going to let you know that morning time frame and then it's also going to let you know the name of the [OCCUPATION] [OCCUPATION] [OCCUPATION] that's coming out to the location. Okay? Okay. Now all of our [OCCUPATION] just let you know all of our [OCCUPATION], they work for us. We don't subcontract out These are our people background check, [MEDICAL_PROCESS] [MEDICAL_PROCESS] so you don't have to worry at all who's coming out to your home. Okay and then that [OCCUPATION] when he's in out he's going to give you about a [DURATION] [DURATION] heads up and he'll get out there, take measurements. Any questions you have please don't hesitate to ask. He'll be happy to answer them and we'll get you taken care of. Okay? Okay that sounds good. Yes. All right [PERSON_NAME], if you need anything else just let us know. Otherwise, we will see you on Monday. All right thank you than you for to glad to talk to you Have a good weekend. You too. Bye.",358.0,0.8886676,638,3598,53,DATE|DURATION|EMAIL_ADDRESS|LOCATION|MEDICAL_PROCESS|OCCUPATION|ORGANIZATION|PERSON_NAME|PHONE_NUMBER,"OPENING, NEEDS_ANALYSIS, ACTIVE_LISTENING",0.7026,tfidf_word_char_lr_threshold,False,,,,
callcenteren,4935224dd3034e3488f1d70eb697b41b_transcript,e9797addc7d6aaabb0ada08d9a0116dec601f6f4a778546f9ec6d75bc0881609,medicare_inbound.zip,medicare_inbound/4935224dd3034e3488f1d70eb697b41b_transcript.json,medicare,inbound,"Thank you for calling [ORGANIZATION] [ORGANIZATION] [TIME] [ORGANIZATION] [ORGANIZATION] [ORGANIZATION] for [LANGUAGE], for [LANGUAGE]. Thank you for calling [ORGANIZATION] [ORGANIZATION] [ORGANIZATION] [ORGANIZATION] [ORGANIZATION] [ORGANIZATION]. This is [PERSON_NAME]. How can I make you smile? Hi, I was calling to see if I make a. I missed my last prom so I want to reschedule it. Okay. Would this be for braces or for general braces? Okay. Can I get your date of birth, you said? Yes, ma'am. And your first last name? [PERSON_NAME] [PERSON_NAME]. Okay. When are you looking to reschedule this appointment? What [DURATION] do I have any available for next [DURATION]? Let me see if we have anything. Let's see. I'm just taking a look really quickly to see if we have anything. And you go to the one on [LOCATION] [LOCATION] in [LOCATION], correct? Yes, I have one for the [DATE] [DATE] [DATE] and it's going to be at [TIME] [TIME] [TIME] [TIME], like [TIME] or [TIME]. Okay, let me see. I'm still taking a look. It looks like it's going to be pretty far out just because a lot of these appointments were booked out pretty early on. So let me see 'some [DURATION] that the [OCCUPATION] wouldn't be in. So my next available would be [DATE] at [TIME]. [DATE]. Yes. Other than [DATE], that's my next available. We do mailing and I'll just see. If not, then I can just call back to because. Okay, so I do go ahead and get you in for that [DATE]. Is there may be anything else I can assist you with today? Good. All right. We have a wonderful [DURATION] and thank you for calling. Thank you.",308.0,0.88287,278,1590,39,DATE|DURATION|LANGUAGE|LOCATION|OCCUPATION|ORGANIZATION|PERSON_NAME|TIME,"OPENING, NEEDS_ANALYSIS, ACTIVE_LISTENING, PASSIVE_AGREEMENT",0.6341,tfidf_word_char_lr_threshold,False,,,,
callcenteren,DMEMED_rmbpo06_20211115-161653_9108493140_4802496-all_transcript,930a52ad9b65b97112efd61bfa6a5c2c790b0b6583fe6122db61489dfef0806b,medical_equipment_outbound.zip,medical_equipment_outbound/DMEMED_rmbpo06_20211115-161653_9108493140_4802496-all_transcript.json,medical_equipment,outbound,"Hello? Yeah. Hello, [PERSON_NAME]. I'm going to connect you now. Okay? All right. Yeah. Thank you for calling [ORGANIZATION] [ORGANIZATION] [ORGANIZATION] [ORGANIZATION]. This is [PERSON_NAME]. May I have the patient phone number? The phone number of the patient is [PHONE_NUMBER]. Right. All right. And whose center is this? [OCCUPATION] okay, I am. Okay, I'm just going to pull up the information. Okay, hold on for a second. Okay, just hold on for a moment, [PERSON_NAME]. Okay. All right. All right. I'm still pulling up the information. Okay, hold on for a second, all right? Yeah, just take your time, ma' am. All right. Ma' am, I am sick. I've been sick the [DURATION] [DURATION]. Sorry. And from what center is this again? It's [ORGANIZATION] [ORGANIZATION] Yeah. [ORGANIZATION] [ORGANIZATION] [ORGANIZATION] [ORGANIZATION], [ORGANIZATION] [ORGANIZATION] [ORGANIZATION]. Oh, all right, hold it. Just hold it for a moment, [PERSON_NAME], because they're just going to find your information here, okay? All right. All right. What is the name of [ORGANIZATION] [ORGANIZATION]? It's [ORGANIZATION] [ORGANIZATION] [ORGANIZATION]. Let me check [ORGANIZATION] [ORGANIZATION]. I'm just going to check here, all right? I just. I just put here the name of [ORGANIZATION] [ORGANIZATION] is [ORGANIZATION] all right? I don't know. Just one second, ma' am. Just hold on for a moment, [PERSON_NAME], because they're just fine. They're just going to pull up your information here, okay? Okay, yeah, they're just finding [ORGANIZATION] [ORGANIZATION] name. All right, I'm still holding up the information. Let me just hold in for a moment. That's right. It ain't. It ain't none of your business or that drugstore ladies either. I'm telling you. Just like I told her. Okay, so this is for [PERSON_NAME]. Yeah, [PERSON_NAME], ticket. Okay, so this is for her left knee and both ankles. Exactly. All right, so I already got. Now the information. You may transfer to call now. Okay? Yeah. Thank you. Bye, [PERSON_NAME]. Good luck to the both of you. Okay. All right, thank you.",200.0,0.93299884,328,2065,37,DURATION|OCCUPATION|ORGANIZATION|PERSON_NAME|PHONE_NUMBER,"OPENING, NEEDS_ANALYSIS, FEE_DISCUSSION",0.6924,tfidf_word_char_lr_threshold,False,,,,
callcenteren,2caf47572a304505b3d52a67cd27fa7f_transcript,262e37ec187f53602572e439b5383dc5ddbacdc7cff9b10a9a1f3d8f09367e14,automotive_and_healthcare_insurance_inbound.zip,automotive_and_healthcare_insurance_inbound/2caf47572a304505b3d52a67cd27fa7f_transcript.json,insurance,inbound,"Thank you for calling [ORGANIZATION] [ORGANIZATION] [ORGANIZATION] [ORGANIZATION]. Thank you for calling [ORGANIZATION] [ORGANIZATION]. This is [PERSON_NAME] speaking. Yes, I was looking to speak to someone about possibly trading in the car that I currently have in the shop there. Okay, what are you looking to trade it in for? So you guys don't have it on your lot but I was looking at the [ORGANIZATION] [DATE_INTERVAL] Outback Wilderness. The [DATE_INTERVAL]? The new one? Yeaheah. I have a stock number here. I wouldn't be able to sell you a new [ORGANIZATION] here unfortunately. Even if it was from like a different [PERSON_NAME]. Yeah would. We can't sell a new [ORGANIZATION] out a [ORGANIZATION] dealership. The [ORGANIZATION] dealership would have to sell it to you unfortunately. I wish I could sell you a new [ORGANIZATION] but unfortunately I can't. I can tell you what I have for free on Subarus. Would they be able to price that out? Yeah, definitely. Of course, yeah. If you give them a call they will be able to give you numbers on the new one. Get you a rough estimate on what your vehicle is worth as well. And do you know if it would be the same for any car? Like if it was like a [ORGANIZATION], if it was like a brand new [ORGANIZATION] you wouldn't be able to do that. What do you mean like if it was like there was like another car as well as a fore runner but it was think it was also. Yeah, if it's brand new you'd have to go to that manufacturer. Yeah, unfortunately unless you were open to pre owned I could see what we have for pre owned options. If it was a pre owned vehicle at my other location I would have no problem bringing it here. But if it's a new car we don't swap new cars unfortunately. What kind of fore runner are you looking for? It was a fore runner actually. I don't know if maybe. Maybe the Outback would have like a pre owned one. Yeah, let me take a look. I know I have a couple of Outbacks here on my lot. Let me just take a look and see. I think one to [DATE_INTERVAL]. See what I got. I got a [DATE_INTERVAL] Limited fully loaded with 52,000 miles going over [DATE_INTERVAL] nine and I also have a [DATE_INTERVAL] [ORGANIZATION] Outback Limited with 67,000 miles going for [DATE_INTERVAL]. I mean I was looking for theack wilderness that's why I was. I gota. Yeah, I don't have any of those. There is one I'm seeing right here. It's actually being sold out of a [ORGANIZATION] [LOCATION]. Again from the government website. Let'say gray magnetite, gray metallic exterior. It's [DATE_INTERVAL] still but it, it has like 2,300 miles. So it's definly pre owned. Yeah, we could bring that. Yeah, I could get that brought here for you. Let me take a look. Yeah, could you price that up? [MONEY_AMOUNT] outpack wilderness. Yeah'the stock number is BN Ye. So what are you looking to do? You just looking to finance it? Pay cash? Probably pay cash, but saw I wanted to see how much the difference would be, I guess. Okay, and what's your vehicle? It's the [DATE_INTERVAL] [ORGANIZATION] Stinger that's in your shop. All right, how many miles? I think it had like 23,000 miles last time I checked. All right, let's take a look here. I'm going to do a KBV on it right now. I know [PERSON_NAME], he said that he would help me out a little bit since the car has been there for a very long time. All right. And I'm sorry, could you just remind me of the mileage one more time? Yes. Like 23,000 miles. All right. Is it premium GT1, GT, GTA, G1, GT1? Is it all wheel drive? Yep. Let's see. Blind spot monitor on it. Oh yeah, it's got everything. Awesome. What color is it? He said white, ceramic, silver. Ceramic, silver. Sorry. All right, let's see. Just waiting for KBV to load this real quick. All KVV is coming back around [MONEY_AMOUNT]. Is the vehicle paid off or. No, it's not paid off. All right, let's see. [MONEY_AMOUNT], 7:54 as where it's coming back right around there. And how much do you currently owe on it? [MONEY_AMOUNT] do, but I feel like that's pretty low. Like [MONEY_AMOUNT] per trade. In trade in range [MONEY_AMOUNT], [MONEY_AMOUNT]. And let's see. It does range up to [MONEY_AMOUNT]. Mean we would have to take a look at it. So [PERSON_NAME] willing to step up to the highest trade in value. I'd have to chat with him and see if he's willing to do that for you, but. Right. Able to do, I guess. So let's see if we gave you [MONEY_AMOUNT] for [MONEY_AMOUNT]. So you have about 7,000 do in equity. So let's take a look here on this werness. You got [MONEY_AMOUNT], 7:50. You got a doc FE. Here's what I'll do. I'll put the numbers together and I'll just give you a call right back. All right? [PERSON_NAME], Is it [PERSON_NAME]? It's [PERSON_NAME]. [PERSON_NAME]. All right, Sorry. I see [PERSON_NAME] on the caller ID Here. [PERSON_NAME] is the last name. [PERSON_NAME] [PERSON_NAME] [PERSON_NAME] [PERSON_NAME] [PERSON_NAME], [PERSON_NAME], [PERSON_NAME], [PERSON_NAME]. All right, [PERSON_NAME], I'm going to put some numbers together and I'll call you right back, all right? Yeah, definitely. Talk to [PERSON_NAME]. He. He knows everything about that car. Okay, sounds good. I will have a chat with him. All right. Thank you. Thank youike.",440.0,0.8777853,933,5206,58,DATE_INTERVAL|LOCATION|MONEY_AMOUNT|ORGANIZATION|PERSON_NAME,"OPENING, FEE_DISCUSSION, CURIOUS_EXPLORATION, SOFT_REJECTION, NEEDS_ANALYSIS",0.6668,tfidf_word_char_lr_threshold,False,,,,
callcenteren,7320b25cabec4bc198fbd7f9bc139385_transcript,dc650753b328a556d280513f66ce5763feb87927546a1687e473c51ee518232e,home_service_inbound.zip,home_service_inbound/7320b25cabec4bc198fbd7f9bc139385_transcript.json,home_service_telecom,inbound,"Thanks for calling the [ORGANIZATION] [ORGANIZATION]. We fix your pains. Please hang on the line while we connect you with one of our team members. Or if you know your party's extension, you can dial it at any time. Connecting. This call may be recorded for quality and training assurance. H thank you for calling the [ORGANIZATION] [ORGANIZATION]. [PERSON_NAME]. How can I help you? Hey, [PERSON_NAME], how you doing? This is [PERSON_NAME] [PERSON_NAME]. I spoke to you Thursday about a window and I was going to call you back Friday but some stuff come up Friday because I need to make the deposit. So I didn't call you Friday. Okay, So I want to get that letull. Let me pull you up real quick so we're both on the same page. Yeah. All right. All right. Here you are for your [DATE_INTERVAL] Elantra. Correct. So it would be. It's the right rear. That is correct. Okay. All right. So y. I will need to get $[MONEY_AMOUNT] down from you. Did you want to use a Visa, Massacare or [NATIONALITY] Express? It'be Visa. Okay. It's number is. Okay. My computer is not having very good today with my credit card processing. Okay. Okay, go ahead with that number. Restation is three digit code. And what's your zip code with that card? What's that? What's your zip code with that card, oh, [LOCATION]. Perfect. All right, let's see when we can get you in. All right, so it looks like I could get you in tomorrow at [TIME] [TIME] [TIME]. How about. Because I won't be able to do it tomorrow. You get anything open Wednesday? Wednesday I have an [TIME] [TIME] or a [TIME] or a [TIME]. Yeah, let'let's do a [TIME]. And then how long does it usually take? Do I leave the car there or just wait and it should take about [DURATION] [DURATION], [DURATION] [DURATION] [DURATION] [DURATION]. Okay. Yeah, let's do the [TIME]. All right, perfect. I got you down and you're good to go. All right, good deal. Thank you. You're so welcome. Have a good day. Okay. Okay, you too. Bye. By Bye.",232.0,0.8850243,357,1968,27,DATE_INTERVAL|DURATION|LOCATION|MONEY_AMOUNT|NATIONALITY|ORGANIZATION|PERSON_NAME|TIME,"OPENING, NEEDS_ANALYSIS, SUCCESSFUL_SALE",0.662,tfidf_word_char_lr_threshold,False,,,,
callcenteren,8288fb9fd617400fa2607833b4c87add35568197_transcript,2650d55f709108490914059fc80774ea99bdfa50fba393f7d1a9782d1bd53fd6,medicare_inbound.zip,medicare_inbound/8288fb9fd617400fa2607833b4c87add35568197_transcript.json,medicare,inbound,"'[URL] how can I help you? Hi there. Just calling to check on your availability for some date. All right, what is. Let's see. Give me one second. Okay. What'sone number on your profile? I don't think we have one. We were just referred to you guys. Oh, okay. Which space would you be looking for? Yeah, yeah. So it would be next. It would start next [DATE] [DATE] [DATE], and then potentially all the way through to us picking them up Monday to [TIME] [TIME] or [DATE] [DATE] [DATE]. Sorry, [DATE]. [DATE] [DATE] [DATE]. Is that this [DURATION]? Oh, I'm totally looking at the wrong [DURATION]. I'm sorry. I'm sorry. It would would be [DATE] [DATE] [DATE] and then picking them up [DATE] [DATE] [DATE]. Yes, this [DURATION]. Got. All right, let's see. So we actually would not have any rooms for those dates. It looks like we would only have availability from [DATE] [DATE] to the [DATE], but nothing until the [DATE]. We did fill up pretty quickly for [EVENT] [EVENT]. Right. Okay. So we would. You would be able to possibly take him if we came and picked him up [DATE] [DATE] [DATE]? Yeah, actually, that would work. The only thing there is, if you guys have never used our services before, we would need you to create a profile online, a new customer registration, and then we would have to get your pups in here for an evaluation to make sure that this would be a good facility for them before we can get them in for boarding. Got you. Is that possible between now and then? I think it is possible if you're looking to drop off on [DATE] [DATE] [DATE]. So the only thing is, we don't do evaluations on Thursdays or Fridays, and I think we're booked up this coming weekend. But if you really did need the room and you made a profile today, I believe I could get you guys in for an evaluation On [DATE] [DATE] [DATE], if that would work for you. Okay, absolutely. That would absolutely work. So would I go make that profile on your website and you give your call back? Yep. So just go to Google and type in [LOCATION] [LOCATION], [LOCATION], and then click on our website. That pops up. There's not going to be a button that says create a profile, but you will see on the home screen, there's going to be a purple button that says book now. And whenever you click book now, it will say sign in or create a new profile. And that's where you'll create that profile. Now, I do tell all new clients we have to go in and manually put in the vaccine records. And because of that, it's not going to let you do anything on your profile at first. So I always suggest creating the profile and then giving us a call back, and I can go ahead and set up that evaluation for you as well as make that boarding reservation for you. Okay, perfect. I will absolutely go give that a try. All right, well, I will wait to hear back from you. Okay, well, thank you so much. Of course. Bye.",202.0,0.91729033,541,2868,40,DATE|DURATION|EVENT|LOCATION|TIME|URL,"OPENING, NEEDS_ANALYSIS, FEE_DISCUSSION, ACTIVE_LISTENING",0.6578,tfidf_word_char_lr_threshold,True,"OPENING, NEEDS_ANALYSIS, CURIOUS_EXPLORATION",0.9,True,"Contains a greeting, agent asks for dates and registration details, and the customer is inquiring about service availability."
callcenteren,DMEMED_rmbpo11_20211104-164037_8437265335_4684162-all_transcript,7d065b45afe516d1e25e553db7d3440d57b237d7959413c8c7426dcdc297032b,medical_equipment_outbound.zip,medical_equipment_outbound/DMEMED_rmbpo11_20211104-164037_8437265335_4684162-all_transcript.json,medical_equipment,outbound,"Hello? Hello, [PERSON_NAME]. I'm so sorry for the disconnection call. I see me again. [PERSON_NAME]. It happened. Thank you so much for that, for picking up this call again. So what I'm going to do now is to transfer you for my [OCCUPATION] [OCCUPATION]. Okay. Okay, here we go. Now I'm going to connect you. Just let them wait. Let's wait for the [OCCUPATION]. Okay. Oh, yes, ma' am. I'm in here floundering around in my sewing room. Okay. What I can get into. Okay, just hold on. Okay, just hold on for a moment. Oh, yes, ma' am. I'm plundering in my sword. Okay, just hold on for a moment. Okay, hold on. I'm going to try. I'm going to connect you again. Thank you for calling. [ORGANIZATION] [ORGANIZATION]. Senior calls may be monitored and recorded for quality assurance. Hi, this is [PERSON_NAME] on recorded line. Yes, hi, ma' am. You say [OCCUPATION] [OCCUPATION] [OCCUPATION]. I just wanted to confirm if you have Medicare parts and. Yes, I'm on both that part A, B and G. G is for the prescriptions. Okay, great. Are you frustrated with your plan benefits or think you're paying too much? No, I'm doing real well with what I've got. Most people say I do pretty good. They thought comparison to them, you know, it would not be the best resource for you. Please call [PHONE_NUMBER]. Have a nice day now. You too. All right.",194.0,0.942701,241,1332,12,OCCUPATION|ORGANIZATION|PERSON_NAME|PHONE_NUMBER,"OPENING, NEEDS_ANALYSIS, PRODUCT_PITCH",0.709,tfidf_word_char_lr_threshold,True,"OPENING, NEEDS_ANALYSIS, FEE_DISCUSSION, SOFT_REJECTION",0.9,True,"Greeting present, agent asks about Medicare plans and costs, and the customer politely declines the offer."
callcenteren,1beb5da4db0d4cab85e067af5fd9209e_transcript,571b5f312de2d4ba3c3714aa0914af1f2daba2c37ad3f19d2cc2514b1be1e8f4,automotive_and_healthcare_insurance_inbound.zip,automotive_and_healthcare_insurance_inbound/1beb5da4db0d4cab85e067af5fd9209e_transcript.json,insurance,inbound,"Thank you for calling [ORGANIZATION] [ORGANIZATION] [ORGANIZATION]. My name is [PERSON_NAME]. How may I help you? I need to speak to a [OCCUPATION] [OCCUPATION]. Okay. Are you looking for [ORGANIZATION] or Volkswagen? Hello? Are you still with me? I am. Okay. Are you looking for a [ORGANIZATION] or Volkswagen? [OCCUPATION] [OCCUPATION]? I said [ORGANIZATION]. Okay. It looks like the phone was cut out. I didnt hear that. Let me get you over to my [OCCUPATION] [OCCUPATION]. [PERSON_NAME]. Good afternoon. [PERSON_NAME]. Throw it on, though. Is this [PERSON_NAME]? Yes, Sir. This gene Junior'The [OCCUPATION] [OCCUPATION]? I am, sir. How are you? I am fine. Well, I'm not fine, but I knew if I asked for the [ORGANIZATION] [ORGANIZATION], somebody would pick up. Because I've been trying to reach your [OCCUPATION] [OCCUPATION], [PERSON_NAME] [PERSON_NAME], for the last [DURATION] [DURATION] [DURATION]. Of course he's not picking up his phone. But I knew someone in the [ORGANIZATION] [ORGANIZATION] would pick up. Because you want to sell a car, right? Well, my mother's car was in your [ORGANIZATION] [ORGANIZATION]. And I tried to reach [PERSON_NAME] four times this afternoon, and [PERSON_NAME] hasn't returned my call. And neither has Mr. [PERSON_NAME]. But of course you would pick up in the [ORGANIZATION] [ORGANIZATION], because the [ORGANIZATION] [ORGANIZATION] is. The [ORGANIZATION] [ORGANIZATION] will answer the call. So y. Yeah. And I'm more readily. Yes. Yes. I believe [PERSON_NAME], [PERSON_NAME], and [PERSON_NAME] and [PERSON_NAME] are all in the same meeting. They do it every Tuesday to kind of close off the month. But I'll gladly help you. What's your name, sir? Well, my name is [PERSON_NAME] [PERSON_NAME]. Because my mother's car is in your [ORGANIZATION] [ORGANIZATION]. And all I did was. I did the same call that she would do if she wanted to find a status of her car. Okay. I went through the status protocol first. M. Hmm. And I couldn't get any information. So that means my mother, who was almost [PERSON_AGE] years old, cannot get any information that she calls in there on her car that'there and pretty soon somebody's gonna call her to want to pick it up. This is true. Now, do you know who her [OCCUPATION] [OCCUPATION] might be? [PERSON_NAME]. I left him two messages. Okay. Okay. I ve. I thought you said [PERSON_NAME]. Okay, I'll get. I'll get with [PERSON_NAME]. My fault. Okay. Okay. I find out what's going on with [PERSON_NAME]. I know I'm speaking [LANGUAGE]. Yes, yes. But I misheard you once. You mentioned [PERSON_NAME] [PERSON_NAME] because [PERSON_NAME] will answer your calls. I automatically figured it's the same gentlememan that normally have their meetings. And what's a good number for you, [PERSON_NAME]? Because I want to get with [PERSON_NAME]. I want to dial you back [PHONE_NUMBER], [PHONE_NUMBER], [PHONE_NUMBER]. And look, [PERSON_NAME], I'm sorry to go off on you, but it's almost. It's almost and. And she, she's not gonna be able to come any later than. And, you know, a certain time and she doesn't understand what, she't understand what's going on with her car. So I need to get an explanation. I'm not trying to stop the work. You know, if you guys want to get paid, we work got to get done. I get that. I used to run a dealership, but here's the problem. The problem is if she can't get a status, then that's a problem. Because now I'm calling to get the information, I get it back to her and nobody can give me the answer. Right? So I'm not sure why no one's answering the call, but no one is definitely not avoiding the call. You know, they might just have a little bit more volume coming in, but I don't know. But I'll definitely see if I can track [PERSON_NAME] down. Appreiate you the call. Yes, sir. And same last name as yours. Your mom? No, her name is [PERSON_NAME] [ORGANIZATION]. [PERSON_NAME] okay. And she's [PERSON_AGE]. She's at an [ORGANIZATION] [ORGANIZATION]. But if somebody asked her to buy a new car, I'm going to tell her not to buy it there because you can't get any information. I mean, it's crazy. I've been calling for the last hour. Yes. I don't know what's going on with. That's. That's not a normal thing for us because we do have a department that specifically answers to call. But I'll definitely track [PERSON_NAME] down. And I spoke to [PERSON_NAME] over there and she was very nice. And, you know, nobody'nobody's been rude. I just don't understand why you can't get a status at this time of the day when prety [OCCUPATION] somebodn me calling her to pick up the car. Yes, again, I'm not too sure. I don't know if [PERSON_NAME] is tied up. I don't know if there's an emergency, but I'll at least see what I can find out. And if [PERSON_NAME] can't give us an answer, which is who I would definitely go to because he's the [OCCUPATION] [OCCUPATION]. I'll try to find someone else that might know a little bit more about this Ramsey'vehicle thank you. Je. But they, they don't, they don't avoid calls if there's, for some reason they're not, you know, we can't reach them. There's definitely something going on back there you know okay because they all sit in the same area all right right well you you managed to call me down which is a great job good job so and I'm darling you is your number I should dial Ms. [ORGANIZATION] as well well no because she needs an explanation that that's why I'm trying to get to [PERSON_NAME] attention that she doesn't if your customer does not understand what's going on with the car so give me the information so I can and give it to her that's all I'm trying to help right right [LOCATION] [LOCATION] I'm in [LOCATION] [LOCATION] I'm got you I understand okay well Mr. [PERSON_NAME] let me run with this now boy if see what I can find out and if for some reason I can't find [PERSON_NAME] I'll try to find someone else and I'll dial you back myself you're a good man and I wish I wish you another [DURATION] [DURATION] before it today is done I appreciate you Mr. [PERSON_NAME] we'll talk soon all.",427.0,0.88932204,1048,6043,90,DURATION|LANGUAGE|LOCATION|OCCUPATION|ORGANIZATION|PERSON_AGE|PERSON_NAME|PHONE_NUMBER,"OPENING, NEEDS_ANALYSIS, CURIOUS_EXPLORATION",0.6977,tfidf_word_char_lr_threshold,True,"OPENING, MISUNDERSTANDING, DEFENSIVE_POSTURE",0.8,True,"Greeting present, initial confusion regarding the company name, and the customer is confrontational about unreturned calls."
callcenteren,a417a0fc8a48465cb21dddfea8c32423_transcript,20109c24c8e57469e4ba473806eea6805856869da3eb514b8eab947a713c49ff,automotive_inbound.zip,automotive_inbound/a417a0fc8a48465cb21dddfea8c32423_transcript.json,automotive,inbound,"How can I help you? Hello? Hello? Yes. Hey, I was calling to inquire about a vehicle, if you had it available still. Yes. Which vehicle were you looking at? You know what's funny? I. I lost the Zen. I just screenshot of it on my phone. It's called the [DATE_INTERVAL] [ORGANIZATION] i3. Let me take a look at that for you. Yeah. And who do I have the pleasure of speaking with? [PERSON_NAME]. The [DATE_INTERVAL] [ORGANIZATION] i3. Yes. This one with 26,000 miles on it. Yes. 26,780. 780. Yes. Yes, that vehicle is at the moment it is available. Yes. Okay, got you. Interesting. Do you guys have an address? Yes. Do you have your phone? Do you want me to. Since your phone number is popping up here, [PHONE_NUMBER]. Is that a good number to send you the address, text it to you? Yes. Okay. And were you trying. Were you coming in today? Possibly. You know, I can come in today. It's just I live in [LOCATION] [LOCATION]. Okay. Okay. Wait a minute. Are you, like, [DURATION] [DURATION] away? We're in [LOCATION]. Yes, up north. Oh, you're actually [TIME]. So I wouldn't be able to come visit you today, then. Wow. I think I interrupted you. No, no. If you'd like. We work deals online, too. I'm not sure if you're interested in. We do sell or send vehicles nationally, so we're part of a large auto group. How much would it cost to send the vehicle? I can get those numbers worked out for you. What's your zip code? [OCCUPATION]. So I could do the tax tag and title with you guys, right? Yes, certainly. Yeah. All right, I'm going to send you some information on that text message to your number, and then I'll send you some questions as well, if you can answer. And then we'll see if we can get, like, an estimate on how much the delivery cost is also. Okay, Sounds good. Okay. All right. Thank you. Thanks so much. Bye.",218.0,0.9539182,340,1820,13,DATE_INTERVAL|DURATION|LOCATION|OCCUPATION|ORGANIZATION|PERSON_NAME|PHONE_NUMBER|TIME,"OPENING, NEEDS_ANALYSIS, FEE_DISCUSSION, CURIOUS_EXPLORATION",0.6872,tfidf_word_char_lr_threshold,True,"OPENING, NEEDS_ANALYSIS, PRODUCT_PITCH, FEE_DISCUSSION",0.9,True,"Greeting present, agent qualifies the customer, pitches national shipping services, and discusses potential shipping costs."
callcenteren,2020-07-06-17-51-29_251d4362-3c5a-42df-9cdd-4d38ffd392f0_v2bfubQJiWuz-47OE8yMLJwfnSiRgPuVRH5BZQjhpyLdvr9DxaJwpQGw_transcript,fddd73e1693dc3dbfe8acc0efc1b2d053ee04f11604104ba297b099325bb940c,auto_insurance_customer_service_inbound.zip,auto_insurance_customer_service_inbound/2020-07-06-17-51-29_251d4362-3c5a-42df-9cdd-4d38ffd392f0_v2bfubQJiWuz-47OE8yMLJwfnSiRgPuVRH5BZQjhpyLdvr9DxaJwpQGw_transcript.json,insurance,inbound,"Thank you for calling [ORGANIZATION]. This is [PERSON_NAME] speaking. Hello. Thank you for calling [ORGANIZATION]. Hi. Okay. Okay. Hi. Hi. Were you looking to get a quote on your auto insurance today? Well, somebody called me and told me that the rates had dropped and so on, and I. I told him that I had recently done a comparison, not with [ORGANIZATION], with a different company, and I was getting a really good rate with the insurance I have. So I didn't want to waste his time or anybody's time. So I don't really. Okay. I went ahead and let him put me through, but I'm getting. Okay, so if I can save you some money and bring you to [ORGANIZATION], is that something you'd be interested in? I would at least like to know. Okay. So who's your. Who do you have your insurance with now? I have it with a company called [PERSON_NAME]. [PERSON_NAME] [PERSON_NAME], [PERSON_NAME], [PERSON_NAME]. Yeah, I know [PERSON_NAME]. Sure, I know [PERSON_NAME]. They've been around for a long time. How long have you been with [PERSON_NAME]? Oh, a long time. More than [DURATION] [DURATION]. Okay, that's great. Could you tell me your name as it appears on your driver's license? It's [PERSON_NAME]. [PERSON_NAME], [PERSON_NAME], [PERSON_NAME], [PERSON_NAME], [PERSON_NAME]. Last name? [PERSON_NAME]. [PERSON_NAME], [PERSON_NAME], [PERSON_NAME], [PERSON_NAME], [PERSON_NAME]. [PERSON_NAME] [PERSON_NAME]. [PERSON_NAME]. [PERSON_NAME], [PERSON_NAME], [PERSON_NAME], [PERSON_NAME] [PERSON_NAME] [PERSON_NAME]. There was two [PERSON_NAME] at the end, right? Yes. Okay. Thank you. And, [PERSON_NAME], what's your date of birth, please? [DATE_OF_BIRTH] [DATE_OF_BIRTH], [DATE_OF_BIRTH]. Okay. And what's the address where you keep your car? [LOCATION] [LOCATION] [LOCATION], [LOCATION] [PERSON_NAME] [PERSON_NAME] [LOCATION] [LOCATION], [LOCATION] [LOCATION], [LOCATION], [LOCATION] [LOCATION]. [LOCATION]. [LOCATION]. Terrific. How long have you lived at that address? Long time. It will be [DURATION] [DURATION] in [DATE_INTERVAL]. Wow. That's awesome. That is awesome. And, [PERSON_NAME], what's your best contact phone number? This one. [PHONE_NUMBER]. Terrific. And by any chance, do you have your driver's license number handy? No, but I could get it if you hang on just a second. I sure will. Thank you. So. Okay, I do have it, but why do you need it? I'm a little cautious. Okay, so with your driver's license number, that will tell us about any tickets or accidents on your driving record. Okay, so My driver's license ID number is [DRIVERS_LICENSE]. Okay. [DRIVERS_LICENSE]. Perfect. Are there any other [OCCUPATION] in your house, or is it just you? No, they used to be, but my son is grown now. He has his own car and whatever. Wonderful. Wonderful. So tell me about your car. What's the year, make and model of the car you drive? I have two cars. One is, I still have a [DATE_INTERVAL] [ORGANIZATION] Civic hatchback. And the other car is a [DATE_INTERVAL] [ORGANIZATION] Forester LL Bean Edition. I like that one. Thank you. I like it, too. Yeah. Okay. And by any chance, have you taken defensive driving in the last [DURATION] [DURATION]? No, I have not. Okay. So that's something I will recommend that you do going forward. You can do it online now. It costs maybe [MONEY_AMOUNT] [MONEY_AMOUNT] [MONEY_AMOUNT] [MONEY_AMOUNT], and it'll save you 10%, regardless of what insurance carrier you're with. Okay. Okay. And [LOCATION] [LOCATION] [LOCATION]. Do you own that home or you rent? No, I own the home. Me and the bank. The bank still owns. Yeah, the bank still. You and me both, [PERSON_NAME], let me tell you. Okay, so that's fine. That's all the information that I need. I need [DURATION] [DURATION] [DURATION] to go ahead and run the quote for you, and then I'll give you a call back at this [PHONE_NUMBER]. [PHONE_NUMBER]. Is that okay? Okay, that's fine. Okay, perfect. And then hopefully I can save you money. I'll let you know. Okay, thank you. Okay. Thank you, [PERSON_NAME]. Bye. Bye. Okay.",314.0,0.9627985,641,4003,84,DATE_INTERVAL|DATE_OF_BIRTH|DRIVERS_LICENSE|DURATION|LOCATION|MONEY_AMOUNT|OCCUPATION|ORGANIZATION|PERSON_NAME|PHONE_NUMBER,"OPENING, NEEDS_ANALYSIS, FEE_DISCUSSION",0.7843,tfidf_word_char_lr_threshold,True,"OPENING, SOFT_REJECTION, OBJECTION_HANDLING, NEEDS_ANALYSIS",0.9,True,"Greeting present, customer initially resists, agent handles the objection to keep them on the line, then begins gathering data."
callcenteren,2814e5381d4a4756bce96456b30063ea2463188_transcript,c8157153fc42b2096f1e2605559ce61743d2432480d3ce62952b7b1064720ec3,medicare_inbound.zip,medicare_inbound/2814e5381d4a4756bce96456b30063ea2463188_transcript.json,medicare,inbound,"How may I help you? Hi, yeah, this is [PERSON_NAME] [PERSON_NAME]. I'm doing my T for [DATE_INTERVAL] and in the past you've been able to run me off something that shows my out of pocket and email to me. Yeah, I can actually hand it to you in person. I do need to go ahead and also schedule you for an [MEDICAL_PROCESS]. We needed to do a [MEDICAL_PROCESS] [MEDICAL_PROCESS] for you as well. [MEDICAL_PROCESS] [MEDICAL_PROCESS] [MEDICAL_PROCESS] let me know that you had been cleared and finished up with them. So if you want I can get you scheduled here soon and then I can have that all printed out for you and hand it to you in person. Well, I'DOING my taxes though. Are you able to email to me though? Unfortunately, I am not as of right now. Okay, well, maybe I'll come by and pick it up. Yeah, I'm trying to figure out how'm going. How much is this crown going to be? Is my insurance going to cover anything? I'd have to. Look, I believe you have [ORGANIZATION] [ORGANIZATION], is that correct? Yes, that's correct. So what they're going to do is they're going to send you a check within [DURATION] [DURATION] of the appointment for whatever their covered amount is for [MEDICAL_PROCESS]. Usually that could be around 50% up to your maximum. So it also depends on how much you have in remaining benefits. I wouldn't know. You'd have to call [ORGANIZATION] [ORGANIZATION] directly to get that from them. Let me back up. I'm coming in for a crown. Correct. We have to start for the impressions first. You have the [MEDICAL_PROCESS] done by [MEDICAL_PROCESS] [MEDICAL_PROCESS] [MEDICAL_PROCESS]. So we just have to do the tooth portion of it. So make the tooth for you on the [MEDICAL_PROCESS]. Oh, so you have to do an impression. How much does that cost? So we'd be charging for the actual [MEDICAL_PROCESS] crown at the time of that first appointment. So let me pull that up for you and then I'd get you an answer. I'm going to look at your treatment plan. So it looks like it'll be [MONEY_AMOUNT], I believe is what's left over for that crown there. Hello? Yeah. What's that? Yeah, did you hear me? No, I did. Okay. I said [MONEY_AMOUNT] for T number four. Okay, well, I'm still trying to pay off the last thing. I don't know if I can come in right away. Are you able to find out how much my insurance is going to cover? No, you'd have to call them directly. I can't believe this. What do I tell them? You'd want to call and let them Know that you're going through an [MEDICAL_PROCESS] CR you and let them know it's for tooth number four. If you want, I can email you a treatment plan. The treatment plan that was left over for that too. And it has those [ORGANIZATION] codes. You can let them know you're going to do that and then ask them for the coverage on that. You would be considered out of network. So basically you'pay the full price up front in office and then they are going to reimburse you for your covered amount up to your maximum within [DURATION] [DURATION] of the appointment. It wasn't like this before is you're not covering [ORGANIZATION] [ORGANIZATION] anymore. Is that what's going on? We are. So we still bill everything out to [ORGANIZATION] [ORGANIZATION]. They're just no longer accepting assignment of benefits. So that basically means that when they don't accept assignment of benefits, we will bill them and then they reimburse the patient rather than the office. So you would just pay the full amount in the office and they're going to reimburse you up to your covered amount and up to your maximum for that appointment within [DURATION] [DURATION] after it's been built. Yeah. Well, email me. I need to investigate this, figure out how many afford pay for this. Then meanwhile you'll have my taxes for [MONEY_AMOUNT], [MONEY_AMOUNT]. I can drop [MONEY_AMOUNT]. Yeah, print. It would basically be like an itemized receipt. And I can print that itemized receipt out for you and hand it to you. Okay. You don't have to include that in the email. I cannot. All right. If I might try to come by the [DURATION], would it be ready today or. I will do my best to get it ready as soon as possible. Okay. All right. Well, I'll check before I come by. All right. Anyway, if you can help me that online too. Appreciate it. Sounds good. I will go ahead and send you that treatment plan. Okay. All right. If you have any questions, feel free to give me a call back. Otherwise, we look forward to hearing from you later. Okay.",378.0,0.9158987,807,4450,38,DATE_INTERVAL|DURATION|MEDICAL_PROCESS|MONEY_AMOUNT|ORGANIZATION|PERSON_NAME,"OPENING, NEEDS_ANALYSIS, FEE_DISCUSSION, PRODUCT_PITCH, ACTIVE_LISTENING",0.6303,tfidf_word_char_lr_threshold,True,"OPENING, NEEDS_ANALYSIS, FEE_DISCUSSION",0.9,True,"Contains a greeting, agent asks about insurance provider, and customer asks about the cost of a crown."
callcenteren,c6ed80b7a41247838f0b600f777862c4_transcript,587d0c2945bf1888d212b0ffc45b903da175592db6daa28b52e48518f2f02cf5,home_service_inbound.zip,home_service_inbound/c6ed80b7a41247838f0b600f777862c4_transcript.json,home_service_telecom,inbound,"Thank you for calling [ORGANIZATION] [ORGANIZATION] where we really do fix your pains. For auto glass service for home and business service. For existing orders, press [PHONE_NUMBER]. For all other. Thanks for calling, [PERSON_NAME]. [PERSON_NAME]. How can I help you? Hello, can you hear me? Yes, I can hear you. I'm just calling to get her quote for a new windshield on the [DATE_INTERVAL] [ORGANIZATION] Sierra. All right, give me just a moment. What's a good contact number for you? [PHONE_NUMBER]. And your first last name? [PERSON_NAME] [PERSON_NAME]. [PERSON_NAME] [PERSON_NAME] [PERSON_NAME] [PERSON_NAME] [PERSON_NAME] [PERSON_NAME] [PERSON_NAME] [PERSON_NAME] [PERSON_NAME] [PERSON_NAME] [PERSON_NAME]. Got it. All right, give me a few moments here. Okay, so for that Sierra is [TIME]. 2, 500. 3,500. Do [TIME]. It's just the [TIME], not the 1,500. HD. Yeah, not the HD. Okay. And you said how many doors? Four door. Four door. Okay. All right, give me just a few moments here. I'm trying to pull in pricing. No problem. Do do a mobile repair. Like we all come to me, so. Unfortunately, we don't offer mobile repair. Everything has to be done here in shop. Okay. Because I just last night. Okay. But we're willing to, you know, if you. If you need a ride somewhere or something, we're happy to help you out. Okay. The only issue is, like, I can't drive it. Ohay. What I was want to do is I got a big hole on my windshield. I was wanting to get it fixed before I take the truckion the shop. Just so way it sits outside, you know, rained on and stuff. Yeah, I mean, I might have to ask the owner about it out of the office today because usually we need to come in here at least if. I mean, another option. I don't know if this will work for you or not. A lot of insurances will tellw your vehicle within a certain amount of miles. That might be an option, depending on where you live, to get it towed over here. And then we. You change out the windshield and then do it that way. So that should just be part of your regular insurance plan. There shouldn't be any kind of additional things needed with that one. Okay. So it looks like pricing on that windshield, including taxes and everything, you're looking at [MONEY_AMOUNT] [MONEY_AMOUNT] [MONEY_AMOUNT] [MONEY_AMOUNT]. Okay. You said [MONEY_AMOUNT] [MONEY_AMOUNT]. That's okay. If I can get it towed up there or anything, I'll give you a call back. Okay. All right, thanks so much. Thank you.",235.0,0.88014334,430,2454,30,DATE_INTERVAL|MONEY_AMOUNT|ORGANIZATION|PERSON_NAME|PHONE_NUMBER|TIME,"OPENING, FEE_DISCUSSION, NEEDS_ANALYSIS, CURIOUS_EXPLORATION, SOFT_REJECTION",0.6591,tfidf_word_char_lr_threshold,True,"OPENING, NEEDS_ANALYSIS, FEE_DISCUSSION, OBJECTION_HANDLING",0.95,True,"Greeting present, agent collects vehicle details, provides pricing, and handles the customer's request for mobile repair."
callcenteren,673ad0b2fb3d4e089874bd50d3c5000a_transcript,0ffd1e8e9f5e125d42425034f845906cbe8df7156432365862153442f9fc730f,automotive_inbound.zip,automotive_inbound/673ad0b2fb3d4e089874bd50d3c5000a_transcript.json,automotive,inbound,"Referral lead from [ORGANIZATION]. Thank you for calling [ORGANIZATION]. Please select from the following options. For [ORGANIZATION], press [PHONE_NUMBER]. [ORGANIZATION], press [PHONE_NUMBER]. To hear these options again, press. Thank you for choosing [ORGANIZATION] [ORGANIZATION]. This is [PERSON_NAME] [PERSON_NAME], [OCCUPATION]. Hey, I saw a Suburban that you guys have for sale online. It says coming soon. There are no more photos or no photos yet. I just have some questions about it. Okay. That Suburban, do you got a stock number for that vehicle? I'm sorry? You got a stock number to that vehicle? You said you see it in seeing it online. I don't have a number for it. I just know that it's [DATE_INTERVAL] LT4 wheel drive with 138,000 miles. Just bear with me. I'm pulling it up right now. I'm seeing it here. [DATE_INTERVAL] [ORGANIZATION] Suburban for drive. Man. That's actually an excellent choice of actually. Received multiple calls on this Suburban already today. So I don't want to waste any of your time. Let me go check and see if this is available. It's going to take me about [DURATION] [DURATION] to run out there and put my hands on it just to make sure it's available for you. Like I said. What's the number I can give you? Call back at all right. How to spell your last name? [PERSON_NAME] [PERSON_NAME] [PERSON_NAME] [PERSON_NAME] [PERSON_NAME]. All right. And your first name? [PERSON_NAME] [PERSON_NAME] [PERSON_NAME] [PERSON_NAME] [PERSON_NAME] [PERSON_NAME] [PERSON_NAME] [PERSON_NAME] [PERSON_NAME] [PERSON_NAME]. How do you say your first name? [PERSON_NAME]. [PERSON_NAME]. [PERSON_NAME]. Okay. Sort of thought, but I just didn't want to butcher it. But Ms. [PERSON_NAME], while I'm checking on this outside, is this the only one you're interested in or would you be open to other options? Especially at some. I just am looking for Suburban with [OCCUPATION] chairs. Okay, so is that. What is your question that have we had [OCCUPATION] chairs? Yeah, I'm trying to stay under like 30,000. I gotcha. I got you. Like I said, I want to make sure this thing's available for you and there's Nothing taking about [DURATION] [DURATION] to walk out there but actually hiding. My [OCCUPATION] [OCCUPATION] walking in from the lot right now. Let me flag them down. Let me say those [DURATION] [DURATION] ago. I'm just placing brief order. Get you this information now. Okay, thank you. While also offering the remainder of the [DURATION] [DURATION] 100,000 mile limited powertrain warranty, towing, rental and travel reimbursement coverage, 24.7roadside assistance and a [DURATION] [DURATION] SiriusXM subscription. All come standard on all CPO vehicles. See all of our new and certified. Visit us at our temporary location. [LOCATION] [LOCATION] [LOCATION] [LOCATION] in [LOCATION]. [ORGANIZATION] [ORGANIZATION] is open Monday through Saturday, [TIME] to [TIME] and the last two Sundays of each month from [TIME] [TIME] to [TIME] you can also visit us 24. 7 online@couragekia.com Shop with confidence Make [ORGANIZATION] [ORGANIZATION] your first and last stop when it's time to buy [URL] thank you for calling [ORGANIZATION] [ORGANIZATION] the home of no Fear pricing. Whether you're looking for a new or used vehicle, have no fear. When shopping at [ORGANIZATION] [ORGANIZATION], our knowledgeable and friendly staff is always ready to assist in making your car buying experience an enjoyable one. [ORGANIZATION] is the number one mass market brand in initial quality [DURATION] [DURATION] in a row. And [ORGANIZATION] backs that confidence with our industry leading [DURATION] [DURATION] 100,000 mile warranty program. And only at [ORGANIZATION] [ORGANIZATION], each new [ORGANIZATION] purchase comes with our [ORGANIZATION] [ORGANIZATION] Advantage. Hey Ms. [PERSON_NAME], you still there? Yes. Hey, so I do like some news. My [OCCUPATION] [OCCUPATION] said that that vehicle is still at our reconditioning facility. So what that means is anything that's off brand. Since we're a [ORGANIZATION] dealership, we send it to an off site reconditioning facility where they go over the whole vehicle, make sure it's ready to be sold. But I did double check on the [OCCUPATION] chairs. We it appears that this does have the second row bench. Okay, I'll keep looking then. Or if you're able to call or message if you get another one in. I can just keep checking the website or something. Okay. So I mean, is that the only thing that's holding you back is that it doesn't have cap insurance? Yes, I have a Tahoe that has a bench row in the middle and we have four car seats. So it's a really big pain to get a child in the back seat without being able to fold the middle row down. Gotcha. I gotcha. Well, like I said, I mean I got this sheet of paper, please. Like the window stick or so it says it has the bench. But once it comes back from it, I'll double check on it for sure. But I do want to send you some more information on the one I have. You know, just to see. Oh, okay. You like it? What's a good email I can send you this information to? Sure. It's [EMAIL_ADDRESS] and. Okay. And Ms. [PERSON_NAME], how did you hear about us? I always like to ask [ORGANIZATION] online. Okay. And do you know where [ORGANIZATION] [ORGANIZATION] is located at? I see you're calling from the [PHONE_NUMBER] number. Yeah, it says [LOCATION]. Is that correct? Yes, right here in [LOCATION], right off [LOCATION], [LOCATION] [LOCATION]. But whereabouts are you located at? We're in [LOCATION]. Okay, I know exactly what it says right up [LOCATION], but, yeah, let me just get some more information out there on this vehicle. I'll double check if I have anything else. I mean, so you're just looking for Suburban, or are you looking for, like, a Tahoe sill? I want to do the Suburban. Probably something bigger. The only other thing would maybe be a Yukon xl. We're just still looking for the [OCCUPATION] chairs and a bigger trunk. I got you. I got you. I'll wait for this vehicle to get back and, you know, just touch base with you once it comes back. So if it does have the [OCCUPATION] chairs, you know, you can come out this way, but I think it has the bench seat from what I'm reading on this paper. Okay, thank you for checking into that. Yep, no problem. Thank you. Either one.",441.0,0.94456065,1057,6298,97,DATE_INTERVAL|DURATION|EMAIL_ADDRESS|LOCATION|OCCUPATION|ORGANIZATION|PERSON_NAME|PHONE_NUMBER|TIME|URL,"OPENING, NEEDS_ANALYSIS, CURIOUS_EXPLORATION",0.76,tfidf_word_char_lr_threshold,True,"OPENING, NEEDS_ANALYSIS, PRODUCT_PITCH",0.85,True,"Greeting present, agent asks for stock number, and pitches the vehicle's desirability due to high demand."
callcenteren,2b8cf4bd90c44bbc9b81ae2494e7a268_transcript,3c5666910b0b28370c269cb348b9f99a193566849ac850b2f536139c39bccded,home_ervice_inbound&telecom _outbound.zip,home_ervice_inbound&telecom _outbound/2b8cf4bd90c44bbc9b81ae2494e7a268_transcript.json,home_service_telecom,outbound,"Thank you for calling [ORGANIZATION] [ORGANIZATION] [ORGANIZATION] [ORGANIZATION]. For [ORGANIZATION] [ORGANIZATION] please press [PHONE_NUMBER] for all other inquiries. Thank you for calling [ORGANIZATION] [ORGANIZATION] [ORGANIZATION] [ORGANIZATION]. Please hold for the next available [OCCUPATION]. We don't lock the door. Thank you. Calllass [ORGANIZATION] [ORGANIZATION] [ORGANIZATION] [ORGANIZATION]. This is [PERSON_NAME], how can I help you? Hi [PERSON_NAME], my name is [PERSON_NAME] [PERSON_NAME]. I'm calling on behalf of [ORGANIZATION] [ORGANIZATION] [ORGANIZATION] [ORGANIZATION] [ORGANIZATION] [ORGANIZATION]. On last [DURATION] we were given a call concerning our glass and I'm just doing a follow up to see if our glasses came in today or not. Ye did we have to order new glass or something? Yes, one of my colleagues was told that the glass end up breaking and one of the work so we have to end up having to get another one ordered. Okay, let's see here. Oh actually it's the [DATE], which is today. We should be getting it this afternoon. Okay, great. Okay, great. Awome awesome. Do I need to. So once it comes an appointment with you all now or what? No, once it comes in. Once it comes in I'll call you back and we'll set up an appointment for my team to come out next [DURATION] and get that installed. Awesome. That will work. Thank you so much. You're welcome. You're welcome. I'll make some notes and if it gets here after. Actually you know what, I wonder if we could. Let me see. Since it's going to be here, let me see what we have available next [DURATION]. Let me just reserve a spot because I promise you they're filling up so fast. Yeah, actually you know I going to get. I'm going to reserve a spot for next [DATE] [DATE] [DATE] [DATE] for my team to come out. That works. That works great. And I don't. And so far we've got, you know, we've gotten a word that the glass is okay. It's due to be here. Sometimes they deliver after we're closed but nonetheless I'll get notification when it gets delivered and I'll reach out to you probably in the morning or something. Okay. Okay. So you haven't set a time, you just reserved the spot. That's right. Well it will ll probably be in the morning. Got. Got you. Okay, that will work. All right, thanks so much. Will talk soon. Will probably talk tomorrow. Okay, great. Thank you. Youre welcome. Bye. By.",290.0,0.85250497,408,2380,34,DATE|DURATION|OCCUPATION|ORGANIZATION|PERSON_NAME|PHONE_NUMBER,"OPENING, NEEDS_ANALYSIS, CURIOUS_EXPLORATION, ACTIVE_LISTENING",0.6453,tfidf_word_char_lr_threshold,True,"OPENING, SUCCESSFUL_SALE",0.8,True,Greeting present and customer explicitly agrees to the proposed appointment for glass installation.
callcenteren,47958272918c489bb8a3f9f5ac6930dc36597095_transcript,5172f3c5b1aaec12931730341a1c29c0c84f775dce7c00fe57b3b1f12e361712,medicare_inbound.zip,medicare_inbound/47958272918c489bb8a3f9f5ac6930dc36597095_transcript.json,medicare,inbound,"Thank you for calling. This is [PERSON_NAME], how can I help you? Hey [PERSON_NAME], have quick question. Can I get like a [MEDICAL_PROCESS] [MEDICAL_PROCESS] if I have. If it's [MEDICAL_CONDITION]? It depend. I mean there's so many different factors that could play into that. It depends on how bad the [MEDICAL_CONDITION] is. It depends. The thing is, is with an [MEDICAL_CONDITION], it's hard to [MEDICAL_PROCESS]. The [MEDICAL_CONDITION] will block the numbing agents. So that's why they always usually recommend to take your [DRUG] for [DURATION] [DURATION] [DURATION] [DURATION]. We get that [MEDICAL_CONDITION] down, so that way we [MEDICAL_PROCESS] you and you don't feel the [MEDICAL_PROCESS] because it's going to hurt way worse. Yeah. Another question I have is if I was to go to [ORGANIZATION] [ORGANIZATION], could they give me an [DRUG] for my two. Yeah. Okay, cool. That's pretty much all that they would do for you. Yeah, I would use an [DRUG] gel and I'up propen and my side of my left side a certain so bad I thought, oh God, maybe I'm thinking it's [MEDICAL_CONDITION] again. So. Okay. For a little bit of pain relief, I can also recommend swishing warm salt water. I can recommend clove oil as well. That seems to help out a lot as far as that goes. And then you can also rotate [DRUG] and [DRUG] every [DURATION] [DURATION]. So take [DRUG] and [DURATION] [DURATION] later take [DRUG] and [DURATION] [DURATION] later. So that also helps too. Okay. Okay. [PERSON_NAME]. Well, thank you for that, [PERSON_NAME]. Not a problem. Good luck. Is this just miles by any chance? It is, yes. Are you over there by [ORGANIZATION] [ORGANIZATION] on [LOCATION] [LOCATION]? Yeah. Okay, another question. Can you guys [MEDICAL_PROCESS] [MEDICAL_PROCESS] [MEDICAL_PROCESS] [MEDICAL_PROCESS] for me? We should, yeah. I mean, I can't guarantee any treatment because obviously the circumstances. But yeah, we do [MEDICAL_PROCESS] here. You're okay. Would I have to make an appointment or should I walk in? You would have to make an appointment. Would I have to have a consultation first before it gets taken out? So would if there's time, their first same day treatment, they would just. And I would put you in a spot that potentially there could be time. They would do like an exam, [MEDICAL_PROCESS] [MEDICAL_PROCESS] and then we would get an estimate together for you and then we could potentially pull the twoth at the same day. Yeah, because I have an appointment, but it's not until [DATE] [DATE] and I don't think I can wait that long because I've already been waiting quite a while. So. Yeah. Okay. Because I live right here behind [ORGANIZATION] and [PERSON_NAME] like my [MARITAL_STATUS] like, why don't you just go to just smile. Yeah. So, well, let me get over to [ORGANIZATION] [ORGANIZATION] and have them, you know, at least get me an [DRUG] to, you know, get rid of the [MEDICAL_CONDITION]. Yeah, yeah, no, that's absolutely fine. And then just give us a call. Okay. All right. Thank you so much. Not a problem. Bye.",199.0,0.90667653,509,3033,54,DATE|DRUG|DURATION|LOCATION|MARITAL_STATUS|MEDICAL_CONDITION|MEDICAL_PROCESS|ORGANIZATION|PERSON_NAME,"OPENING, NEEDS_ANALYSIS, ACTIVE_LISTENING, PASSIVE_AGREEMENT, MISUNDERSTANDING",0.561,tfidf_word_char_lr_threshold,True,"OPENING, NEEDS_ANALYSIS, CURIOUS_EXPLORATION",0.85,True,"Greeting present, agent analyzes the customer's medical condition, and customer asks several exploratory questions about treatment."
callcenteren,4193827084_transcript,363f96dc1b214d4db68c33f1460a9743d101e436474db8b0df1d1b9c0870ac4a,insurance_outbound.zip,insurance_outbound/4193827084_transcript.json,insurance,outbound,"Hello? Hello? Yes, Hi dear, a very good morning to you. My name is [PERSON_NAME] [PERSON_NAME]. How are you doing? Not too good, miss. Okay, no problem ma' am. So ma' am, the reason behind this call is to let you know that your existing Medicare plan is going to upgrade it for this year. And also ma' am, you are receiving some additional Medicare benefits at no additional cost to you. Hope that sound good? If it was true, it would. Perfect. And ma' am, the benefits that you are receiving today include your [OCCUPATION] copies, your specialist copies and many more. It will also cover your dental visions, glasses hearings and transportation benefits. And once we provided you the benefits, you have to know cost to pay your [OCCUPATION], your specialist and neither your hospital. With Ms. [PERSON_NAME] and Ms. [PERSON_NAME], the best part is this, all these benefits will be added in your Medicare at zero additional cost to you. And Ms. [PERSON_NAME], you can receiving maybe up to $[MONEY_AMOUNT] money back in your [ORGANIZATION] [ORGANIZATION]. And the best part is this, all these benefits will be added in your medicare at zero additional cost. You hope that sound good? Hello? Hello? It sounds very good. Perfect. And Miss [PERSON_NAME], for this upgradation I do believe your Medicare part A and part B is both are active. It's active, ma' am. Your Medicare part E and part B, do I have part B and part no, ma' am. Ma' Am, I'm seeing that. I do believe your Medicare part A and part B is both are active. And ma' am, I also do believe you make your own decision regarding your Medicare. Perfect. And ma' am, do you receive any supplementary employment or retirement benefit from your previous job? No, I don't have no. Perfect. So ma' am, the last thing I would like to confirm with you, have you made any kind of changes in your Medicare plan in last [DURATION] [DURATION]? No, I haven't. Perfect. So ma' am, a big congratulation to you. As I can see you are fully qualified to receive all these benefits at [MONEY_AMOUNT] [MONEY_AMOUNT] premium to you. What I will do, I will just connect your call to the [OCCUPATION] [OCCUPATION] who is from your own city with the same zip code. He will take your precious [DURATION] [DURATION] [DURATION] [DURATION], not more than that. And he will let you know when and how you will receive the paperwork regarding the benefits. Okay. It ain't no good, ain't no but a trick. He comes to the phone, he say what he want to say and then. Okay. So ma' am, Miss [PERSON_NAME], can you please help me out? What's your date of birth? Your happy birthday? Ma' am, can you please help me out? What's your date of birth? Ma' am, could you please help me out? What's your date of birth? Your happy birthday. Thank you. Hello. Thank you. Hello. Hello, Miss [PERSON_NAME]. You born on [DATE_OF_BIRTH] [DATE_OF_BIRTH], [DATE_OF_BIRTH] is correct. No, I'm not. So, ma' am, could you please help me? What's your date of birth? [DATE_OF_BIRTH] [DATE_OF_BIRTH]. [DATE_OF_BIRTH] [DATE_OF_BIRTH] [DATE_OF_BIRTH]? Yeah. You night qualified. Because I was. I'm [PERSON_AGE] years old. I can take. No problem, ma' am. No problem. Ma' am, you are fully qualified to receive these benefits at [MONEY_AMOUNT] [MONEY_AMOUNT] premium to you. Okay, Ma' am. Ma' Am, you're born on [DATE_OF_BIRTH] [DATE_OF_BIRTH], [DATE_OF_BIRTH] is correct. [DATE_OF_BIRTH] [DATE_OF_BIRTH], [DATE_OF_BIRTH]. Perfect. [DATE_OF_BIRTH] [DATE_OF_BIRTH], [DATE_OF_BIRTH] is correct, ma' am. Perfect. And ma' am, I am just connecting your call to the [OCCUPATION] [OCCUPATION] who is from your own city with the same zip code. He will take your precious [DURATION] [DURATION] [DURATION] [DURATION], not more than that. And he will let you know when and how you will receive the paperwork regarding the benefits. And he will send it all the paperworks in your mailing address. Okay? So ma' am, please be online. I appreciate your time and patience, ma' am. Here we go. Ma' am, your call is getting connected. I appreciate your time and patience, Ms. [PERSON_NAME]. Please be online, ma' am. Hello, [PERSON_NAME]. Hello. Please be online, ma' am. It takes [DURATION] [DURATION] to connect your call, ma' am. Ma' Am, your first name is [PERSON_NAME] [PERSON_NAME] [PERSON_NAME] [PERSON_NAME]. Hello? Hello, [PERSON_NAME]. This is [PERSON_NAME] from [ORGANIZATION] [ORGANIZATION]. This call will be monitored and recorded for quality and training purposes.",330.0,0.9466501,747,4456,61,DATE_OF_BIRTH|DURATION|MONEY_AMOUNT|OCCUPATION|ORGANIZATION|PERSON_AGE|PERSON_NAME,"OPENING, NEEDS_ANALYSIS, PRODUCT_PITCH, FEE_DISCUSSION, PASSIVE_AGREEMENT",0.7202,tfidf_word_char_lr_threshold,True,"OPENING, PRODUCT_PITCH, NEEDS_ANALYSIS, FEE_DISCUSSION",0.9,True,"Contains greeting, pitch for Medicare upgrades, checking eligibility for Part A/B, and mentions of zero additional cost."
callcenteren,0a9e2a95a14e450f9867cd9f5f221649_transcript,23da6c2823d942d7018e2c5cb00cfb5d037439d5a5f37b4f5c0a11867c3c2bef,home_ervice_inbound&telecom _outbound.zip,home_ervice_inbound&telecom _outbound/0a9e2a95a14e450f9867cd9f5f221649_transcript.json,home_service_telecom,outbound,"Good afternoon. [ORGANIZATION] [ORGANIZATION]. Yes, hi, I am meeting. I have just purchased a property and one of the windows is crack and I just need to see if you all might be able to just replace the pane. The window panint. Yes ma'am, we can do that for you. What's the process? The process is we come out, we give you an estimate if you choose for us to do the work. Depending on what type of glass it is. Single pane, double pane. Depends on the return date to fix it. Okay, what's the address? [LOCATION] [LOCATION]. [LOCATION] [LOCATION]. #[LOCATION] and your name? My name is [PERSON_NAME]. [PERSON_NAME] [PERSON_NAME] [PERSON_NAME] [PERSON_NAME] [PERSON_NAME] Last name? [PERSON_NAME] [PERSON_NAME] [PERSON_NAME] [PERSON_NAME] [PERSON_NAME] [PERSON_NAME] [PERSON_NAME]. All right. On a phone number? M phone [PHONE_NUMBER]. Okay, that sounds fine. Iy give you a [DURATION] [DURATION] call ahead. All right, thank you. Thank you. Bye.",105.0,0.8906371,151,943,23,DURATION|LOCATION|ORGANIZATION|PERSON_NAME|PHONE_NUMBER,"OPENING, NEEDS_ANALYSIS, SUCCESSFUL_SALE",0.6848,tfidf_word_char_lr_threshold,True,"OPENING, NEEDS_ANALYSIS, PRODUCT_PITCH",0.85,True,"Greeting present, agent analyzes the customer's window repair needs and explains the service process/estimate."
callcenteren,4fc9f65edca54254b26848c2d48b6bdf_transcript,9593184f35ffd1887b63ccf0578aa39937331141c0357437b5012386d3dac455,home_service_inbound.zip,home_service_inbound/4fc9f65edca54254b26848c2d48b6bdf_transcript.json,home_service_telecom,inbound,"[ORGANIZATION] [ORGANIZATION] [ORGANIZATION] [ORGANIZATION], [ORGANIZATION] [ORGANIZATION] [ORGANIZATION] [ORGANIZATION]. This is [PERSON_NAME]. How can I help you? Yes, I like someone to come out and look at my oven. Sure, ma'am. Let me go ahead and set up the appointment for you to have the [OCCUPATION] as soon as possible. May I have your first and last name please? Yes, [PERSON_NAME] [PERSON_NAME]. Thank you. Ms. [PERSON_NAME]. I show the number you'calling on today? No, it's. Yes. OK, perfect. Thank you. Ms. [PERSON_NAME], does it cost for someone to come out? Well, ma'am, I will be able to get that information once I finished to confirm your information. Okay, yes, thank you. Just to confirm, I show the zip code [LOCATION]. Is that correct? That's correct. Okay, great. Thank you. Is this the first time you request a service from Mr. [PERSON_NAME]? Yes. How you heard about us today, ma'am? I looked it up on the website. Okay, thank you ma'am. Appreciate it. We appreciate the opportunity for the service as well. Just to confirm, M. [PERSON_NAME], I showed the address. [LOCATION] [LOCATION] [LOCATION] [LOCATION]. Is that correctct? Yes, Perfect. Thank you. May I have your email please? Thank you. This is your residential property, correct? Yes, thank you. May I know the brand for the oven? [ORGANIZATION]. Could you please provide me a brief description of the issue? It doesn't work, you know like I could. The top part works like I could, you know, boil water or something like that. But the oven itself does not work. I can hear it like when you. You know when you press like bake and then you press like the temperatures you want and then you press start. Well, it just doesn't start. Okay, when did the issue just begin? Last night. Thank you. How old is the applying? I would say I've had it probably [DURATION] [DURATION]. No more than that. Okay, thank you, ma'am. Now once we send our professional to your home, he would diagnose the problem and give you a quote for the repair. In case you decide not to continue the repair with your [OCCUPATION], then you will have to pay a diagnostic fee which is going to be $[MONEY_AMOUNT]. You only pay diagnostic fee if you decide not to continue with the repair. Otherwise you just pay for the service. Next ma'am, is going to be this comment. [DATE], [DATE] [DATE]. Could be morning or in the afternoon. So they come out for [MONEY_AMOUNT] [MONEY_AMOUNT]. If I'm just curious won if it's just maybe just. Let's just say something is just loose and needs to be tightened. Wonder if it something just that simple. Well, you will be provide it with More details. Some of them you only charge you for. The drip fee is probably less than the diagnostic FE that was repaired. But that information is going to be in the event that that happens. What time do you have open? Yes, what time do you have open for Monday? You request a morning business is from [TIME] to [TIME]. If you said now, the time frame is from [TIME], [TIME], [TIME]. Okay. I think I'rather have the afternoon for [TIME] to [TIME]. So you guys aren'open on Saturdays? We do not. We are close for the weekend. O. Okay. Excellent. Thank you, ma'am. Let me send you an email confirmation with all the details about your appointment. This information is also uploaded in the Neighborly app. If you want to download it, just let me know because I can send you a link. Okay? Okay. And if I decide to cancel, I can cancel? Yes, definitely. If you need to make any update on your appointment request, you just give a call back and request either to reschedule or cancel the appointment. Okay. All right. Excellent. Thank you, ma'am. Before we enter call today, we would like to remind you that work performed by all [ORGANIZATION] [ORGANIZATION] [ORGANIZATION] brand is backed by your [ORGANIZATION] don. I promise. Please visitneighborly.com for more information. Is there anything else I can help you with? No, that's it. Okay, perfect. Thank you, ma'am. You might receive a two question survey at the end of the call. We appreciate your feedback. Have a great day. Thank you for calling, Mr. Applyian. All right, thank you. You're welcome. Bye.",464.0,0.8893723,729,4178,42,DATE|DURATION|LOCATION|MONEY_AMOUNT|OCCUPATION|ORGANIZATION|PERSON_NAME|TIME,"OPENING, NEEDS_ANALYSIS",0.8507,tfidf_word_char_lr_threshold,True,"OPENING, NEEDS_ANALYSIS, FEE_DISCUSSION",0.9,True,"Greeting present, extensive needs analysis regarding the oven issue, and a specific question about the cost of the visit."
callcenteren,2020-09-16-22-02-00_f79dbe6d-9c8c-45e8-8ece-0a93ea462018_v27IQ-fJCo7zU2FbZphkJ6WnA829GVxXQKG6TbRPu_5-fP5TDe8CVaaw_transcript,7ea2e5417e9cf6009884fb17c8f00ae745c3ca1fc5400b4dbe9e0cf569ffd2bb,auto_insurance_customer_service_inbound.zip,auto_insurance_customer_service_inbound/2020-09-16-22-02-00_f79dbe6d-9c8c-45e8-8ece-0a93ea462018_v27IQ-fJCo7zU2FbZphkJ6WnA829GVxXQKG6TbRPu_5-fP5TDe8CVaaw_transcript.json,insurance,inbound,"Great. Good, Good. This call may be recorded for quality assurance. There you go. You don't have accidents, right? Hi. Hi, this is [PERSON_NAME]. Just a solid call. It looks like you're connected to me to compare rates on auto insurance today. Correct? Correct. All right, great. In order. In order to connect you to the right [OCCUPATION], I need to quickly verify some of the information. May I have your name, please? [PERSON_NAME] [PERSON_NAME] [PERSON_NAME]. All right, [PERSON_NAME], I got it. And can you Please confirm your zip code? [LOCATION] in the state of [LOCATION] [LOCATION]. And [PERSON_NAME], who is your auto insurance provider? [ORGANIZATION]. All right, and how long have you been with them? [DURATION] [DURATION]. All right, and what do you currently pay per [DURATION] for your insurance? $[MONEY_AMOUNT]. On both cars? Yes, ma' am. This [DURATION] I only paid [MONEY_AMOUNT]. I got a discount and it took it all off this [DURATION] payment. So I guess I've had it [DURATION] [DURATION]. All right, there's. All right. And. Okay, but your. Your normal payment is [MONEY_AMOUNT]. All right, five of those at [MONEY_AMOUNT]. And then that one I told you about this [DURATION]. Yes, ma' am. All right. Do you own your home? I do. You do. All right, [PERSON_NAME], would you be interested in saving money by bundling a home auto insurance policy? That's. That's what I already have. And yes. I mean, that's the only way I would want with. Yes, ma' am. Got it. And can you please confirm Your date of birth? [DATE_OF_BIRTH] [DATE_OF_BIRTH]. Okay. [DATE_OF_BIRTH] [DATE_OF_BIRTH], [DATE_OF_BIRTH]. Correct. [DATE_OF_BIRTH]. [DATE_OF_BIRTH]. All right, got it? Yeah, I got it. I'm sorry. I didn't understand you. All right, [PERSON_NAME], in the past. In the past [DURATION] [DURATION], have you had any DUIs, SR22s, or at fault accidents? No. All right, fantastic. All right, [PERSON_NAME], the system seems to have slowed down. Thank you for your patience. Okay. All right, here we go. Are you seeking coverage above the state minimum requirement? No, I get the hundred. 150, 100, something like that. All right, got it. Okay. Okay. And would you say your credit is excellent, good, fair or poor? It's not too great right now. So what would you say, huh? Maybe fair, maybe I don't know. Yes, ma' am. Okay, let me go back to that other question. Are you seeking coverage above the statement of requirements? Sound like you already have it. I already have it. All right. And you want to. You want to keep it, correct? That's correct. All right. All right. To make sure I had it answered correctly. Thank you. [PERSON_NAME], have you or your [MARITAL_STATUS] ever honorably served in [ORGANIZATION] [ORGANIZATION]. [ORGANIZATION]. [ORGANIZATION]? No, ma' am. All right, noted. All right, thanks, [PERSON_NAME]. That's all the information I need. I'm searching now for your test match. Also, while your consent is not required to receive a quote, may we have your permission to send you automated text messages to this number to ensure you are satisfied with the coverage options you receive and provide you with other cold options? Yeah, that's fine. All right, thank you. Please hold. Who am I holding for? For the [OCCUPATION] [OCCUPATION] that I'm going to connect you with. [PERSON_NAME], it should take [DURATION] [DURATION] [DURATION] [DURATION] to go over the coverage options available. I'm sure that [ORGANIZATION] is your best available option. One moment while I connect you to a [OCCUPATION] [OCCUPATION] [OCCUPATION]. Okay. Okay. Please hold. Please stay on the line while we connect you. You have been kicked from this conference.",368.0,0.9507064,602,3659,53,DATE_OF_BIRTH|DURATION|LOCATION|MARITAL_STATUS|MONEY_AMOUNT|OCCUPATION|ORGANIZATION|PERSON_NAME,"OPENING, NEEDS_ANALYSIS, FEE_DISCUSSION, OBJECTION_HANDLING, PRODUCT_PITCH",0.7403,tfidf_word_char_lr_threshold,True,"OPENING, NEEDS_ANALYSIS, FEE_DISCUSSION, PRODUCT_PITCH",0.9,True,"Greeting present, agent collects current insurance details and costs, and pitches a home/auto bundle."
callcenteren,DMEMED_rmbpo17_20211108-160313_9182580105_4615139-all_transcript,cd00b7a372c7645fca63a793a6ac7d7a1edbdc85b5a53ac3f85bedddf0979a30,medical_equipment_outbound.zip,medical_equipment_outbound/DMEMED_rmbpo17_20211108-160313_9182580105_4615139-all_transcript.json,medical_equipment,outbound,"Hello? Hello? Hello, Good afternoon, this is [PERSON_NAME] [PERSON_NAME] from [ORGANIZATION] [ORGANIZATION]. How are you? I'm fine. What do you need? Okay, so the reason why I'm calling you today is because you may be eligible to receive additional benefits at no cost to you. Okay, I'm listening. Okay, so here's the possible benefits that you're going to receive. Okay, so the first benefit is getting that television hearing coverage. The second benefit is reducing premiums and copies up to [MONEY_AMOUNT]. The third benefit is reducing prescription cost. And the last benefit is extra benefits, like money back on Part B premium up to $[MONEY_AMOUNT]. Okay, tell me those last two again. Okay, the last benefit is extra benefit, like money back on Part B premium up to $[MONEY_AMOUNT]. Okay. All right, go ahead. All right, so I believe you are authorized to make decisions for your Medicare, right? That is correct. Okay, great. So since you're very much qualified here to receive your additional benefits at your costa year, so I'm going to fill up your form here now. And to begin with, may I have your first and last name? Why don't I already have these benefits? Come again, please. Are these additional benefits I'm getting? Yeah, this is at no cost here at all. Okay. All right, go ahead. Okay, so since you're very much qualified here to receive additional benefits at no cost here, so I'm going to fill up your forming here now. And to begin with, may have your first and last name. [PERSON_NAME] [PERSON_NAME] [PERSON_NAME] [PERSON_NAME] [PERSON_NAME] [PERSON_NAME] [PERSON_NAME]. [PERSON_NAME] [PERSON_NAME]. Is that correct? No. [PERSON_NAME], [PERSON_NAME], [PERSON_NAME] [PERSON_NAME] [PERSON_NAME] [PERSON_NAME]. All right. [PERSON_NAME] [PERSON_NAME]. [PERSON_NAME] [PERSON_NAME], [PERSON_NAME], [PERSON_NAME], [PERSON_NAME] [PERSON_NAME], [PERSON_NAME]. Okay. It's [PERSON_NAME] [PERSON_NAME], right? Correct. Okay, great. So, [PERSON_NAME], when is your date of birth? [DATE_OF_BIRTH] [MONEY_AMOUNT]. [DATE_OF_BIRTH] [MONEY_AMOUNT], right? Correct. Okay, great. So, [PERSON_NAME], can I have your physical address, please? [LOCATION] [LOCATION] [LOCATION] [LOCATION], [LOCATION] [LOCATION], [LOCATION] [LOCATION]. Okay. It's your zip code. It's [LOCATION], right? Correct. Okay, great. So, [PERSON_NAME], the last process. Okay, so I want you to know that you're going to receive your additional benefits at no cost to you. Okay, I'm listening. Go ahead. So, [PERSON_NAME], we're almost done here, so the last process that we're going to do now is I am going to connect you now to my current [OCCUPATION], and they're just going to explain explain to you how and when you get your additional benefits at no cost to you. Okay? Go ahead. All right, so just stay in the line, [PERSON_NAME], and please cooperate with them and just finish the process, okay? So just say okay. Just say in the line. [PERSON_NAME], you're the next. Hello? Hello, this is [PERSON_NAME] from [ORGANIZATION] [ORGANIZATION] [ORGANIZATION] [ORGANIZATION] to open your recent inquiry on how you can save on your Medicare. How are you today? I'm fine. Hello? Great. There has been recent changes with plans and needs in your area. During this open enrollment, you may be able to get lower rates or additional coverage. You can save up to [MONEY_AMOUNT] to $[MONEY_AMOUNT] on your plan. What I'll do is get a licensed airline to go [PERSON_AGE] [PERSON_AGE] possible lower rates and additional coverage with you and check qualifier for plans that will help with ops and deductible are not covered by Medicare. Can I ask you a few questions? I don't have any questions. No, I said, can I. Would it be okay if I asked you some of your questions to see. Do you ask me questions? Go ahead. Okay, great. Do you have an advantage or a supplement plan? Do I have what? I'm having a hard time hearing you. Do you have an advantage or a supplement plan? I think I have an advantage plan. Okay, that's great. Do you have your part A and B in there? I have A and B. That is correct. You have them. Okay, that's great. Can I please have your zip code in? My zip code? Yes, ma' am. [LOCATION]. Okay, got it. The following question I want to ask is, you are [PERSON_AGE] [PERSON_AGE] [PERSON_AGE] [PERSON_AGE] [PERSON_AGE]. Did you say that? I am what? You are [PERSON_AGE] [PERSON_AGE] [PERSON_AGE] [PERSON_AGE] [PERSON_AGE]. Correct. Okay, that's great. To confirm, you're not currently looking for Medicaid state coverage. Now, what about Medicaid? I said you're not currently looking for Medicaid to coverage, right? I am not looking for Medicaid coverage. Okay, that's great. Here. Now I have this short disclaimer to read to get your consent, I need a clear. I agree after. Okay. I am really having a hard time understanding you. Do you want me to go slower or is that me? Say that again. Do you want me to be a little slower for you? That. That's better. When you go slower. Okay, mom, no problem. I have this short disclaimer to read. To get your consent, I need a clear. I agree after. Okay, go ahead. Hello? Okay. To be connected to the company and its [OCCUPATION], and you authorize them to contact you with offers about their service at a provided phone number using automated technology, including auto dialers, pre recording messages and text messages. Even if the telephone or mobile number is listed on any state, federal or coordinate, do not call. You are not required to give your consent here as as a condition of service and may revoke your consent at any time. Text and data rates may apply. If you consent to be connected now or connected back under these terms, please state I agree. I am really having a hard time understanding you. What was the question? It's pretty much about Medicaid. It's a campaign that we're selling right now that helps you with Medicaid and it helps you with Medicaid and it's a coverage for it. And if you're interested, I would just like to go over this disclaimer.",605.0,0.94503593,999,5997,74,DATE_OF_BIRTH|LOCATION|MONEY_AMOUNT|OCCUPATION|ORGANIZATION|PERSON_AGE|PERSON_NAME,"OPENING, NEEDS_ANALYSIS, PRODUCT_PITCH, FEE_DISCUSSION",0.7601,tfidf_word_char_lr_threshold,True,"OPENING, PRODUCT_PITCH, FEE_DISCUSSION, NEEDS_ANALYSIS, CURIOUS_EXPLORATION",0.85,True,"Greeting present, pitch for Medicare benefits at no cost, eligibility check, and customer asking why they don't already have benefits."
callcenteren,8f72e7a5217e4c7d8c39c5edb8bc3444 (1)_transcript,094ce438522f463b28ec32977064c981287de16ac78c1c292afa35f344869e8b,home_service_inbound.zip,home_service_inbound/8f72e7a5217e4c7d8c39c5edb8bc3444 (1)_transcript.json,home_service_telecom,inbound,"It is a great [DURATION], Mr. [PERSON_NAME]. [ORGANIZATION] [ORGANIZATION]. This is [PERSON_NAME]. How can I help you today? Yes, I'll trying to put a price. I need plumbover work and I'll try to a price or something. So you want a price? Yeah, a price. Okay. And may I have your first and last name, sir? [PERSON_NAME] [PERSON_NAME]. I'm sorry? [PERSON_NAME] [PERSON_NAME]. [PERSON_NAME] [PERSON_NAME] [PERSON_NAME] [PERSON_NAME] [PERSON_NAME] [PERSON_NAME] thank you for that information, Mr. [PERSON_NAME]. And unfortunately we're not able to discuss prices over the phone. But what I can go ahead and do for you today is I can go ahead and book an appointment and have one of the professionals call you before they go to your house so you can discuss prices with them. Is that okay? Okay. Okay. Okay. And you said you wanted a price on what? I'm sorry. Well, well, I'm trying. I'm trying to get my. Our mainline drain pipe clean. The clean out. The pipe outside the clean out drain clean out. Just one second please. Yes, ma'so. This is to clean a pipe right outside. Yes, the main line drain up. Y. Okay. And I show the phone number you're calling in today. Would it be the. Yes, ma'am. And the zip code of the property you're calling about, would it be [LOCATION] [LOCATION]? I repeat that again? Sure. Does it go? Yes, I'm here. The zip code of the property would have been [LOCATION]. Yes, ma'am. Just one second. And have you used our service before, sir? No, mail. I never used the service. Great. And may I ask how you heard about us? Not so I was on my computer and it was a email on my computer and that's how I got it. Okay. And may I please have the street address where the service needs to be performed? Okay. It's [LOCATION] [LOCATION] [LOCATION] [LOCATION] [LOCATION] [LOCATION] [LOCATION] [LOCATION] [LOCATION] [LOCATION]. Okay. So that would have been [LOCATION] [LOCATION] [LOCATION] [LOCATION] [LOCATION] [LOCATION] [LOCATION]. Right. Okay. And may I have your email for confirmation of your appointment? [PERSON_NAME]. my last. Okay. And to confirm, this is for a residential or commercial property. Just private. So it's commercial. Sorry. Residential. Yeah. Rest. Perfect. We will be happy to assist you with this concern. So you say that you wanted to clean the main pipe, right? Yeses. Outside? Yes. Cle clean what? Mainline drain pipe, clean out pipe or whatever. Okay. We have a low diagnostic tre fee of only $[MONEY_AMOUNT] for our [OCCUPATION] to diagnose the problem and provide you with a different price before any work started. And what [DURATION] do you prefer for the Appointment this morning or afternoon works best for you, sir? It'more but I mean already. I mean. I mean I understand y'all do do that, that's okay too But I already know what the problem is. He can't tell me. No, you know know something Already know. But you know, I mean, you know you have to do what you have to do but you don't have to answer anything because I already know what needs to be done. I understand, don't worry. I can go ahead and put on the notes that you would like to be called before they arrive to your house. Is that okay? Yes, ma'am. Okay, so would you like to have it in the morning or afternoon? Your appointment? It did the morning because I worked I have to be in the morning. Okay, Mr. [PERSON_NAME], I have all your information and your prefer appointment time. I will turn this over to our [OCCUPATION] and you will get a return call as soon as possible to confirm. But before we end our call today we would like to remind you that the work performed by our [MEDICAL_CONDITION] home service brands is stuck by unly done by promise. Please disenable you that come for more information. Is there anything else be size that I can go ahead and do for you today, sir? No, ma'am, that was it. Okay, well thank you so much for calling Mr. [PERSON_NAME] and [ORGANIZATION] [ORGANIZATION]. We appreciate your business and at the end of the call you be transport to your survey question. Have a lovely [DURATION]. Okay, than your feedback is important to us. Thank you for answering this quick two question survey. On a scale of one to five with one being completely unsatisfied and five being completely satisfied how would you rate your call experience today? 5 on a scale of [PHONE_NUMBER] to 5 with [PHONE_NUMBER] being completely unsatisfied and 5 being completely satisfied how would you rate your call experience today? 5 on a scale of [PHONE_NUMBER] to 5 with [PHONE_NUMBER] being completely unsatisfied and 5 being completely satisfied how would you rate your call experience today? Is your inquiry resolved today? During the call please press [PHONE_NUMBER] for yes, [PHONE_NUMBER] for no. We appreciate your feedback. Have a great [DURATION].",480.0,0.8643344,833,4782,54,DURATION|LOCATION|MEDICAL_CONDITION|MONEY_AMOUNT|OCCUPATION|ORGANIZATION|PERSON_NAME|PHONE_NUMBER,"OPENING, NEEDS_ANALYSIS, ACTIVE_LISTENING",0.7089,tfidf_word_char_lr_threshold,False,,,,
callcenteren,recording-public_1000_transcript,ba10f34b1cba4dde88c67191c934c8782a59bfa2e40465cb13f62654702903bf,customer_service_general_inbound.zip,customer_service_general_inbound/recording-public_1000_transcript.json,customer_service,inbound,"Hello, [ORGANIZATION] [ORGANIZATION], this is [PERSON_NAME]. Yes, hi. This is [PERSON_NAME]. And I have here Ms. [PERSON_NAME] [PERSON_NAME] on the other line, and she is living in the state of [LOCATION], and she is interested for the Locust plan for final expense and looking for coverage. Please take it from here. Thank you. Thank you. Hello, Ms. [PERSON_NAME]. How are you this morning? I'm fine, thank you. And how are you? I'm doing quite well, thank you, ma' am. Yes, ma' am. So I was told that you're looking for something for final expense to protect your family. Well, really, I don't. I don't have any children, and I don't have any family, so I have to get. Get my. I have to bury myself. Oh, yes, ma' am. That's important. So you can have it done the way you want it. Okay. And. What? You know, when you don't have any. Have any family, you have to bury yourself. Yes, ma' am. Yes, ma' am. I hate to hear that, but I'm glad you're at least thinking about it, so. So you can have some peace of mind on that. Well, I'm [PERSON_AGE] years old. I better start making some arrangements. Yeah, that's right. It never hurts. I'm [PERSON_AGE], and I've already made my arrangement. You never know. You just never know. Yes, ma' am. Thank you. Well, I. I do. I have two, and they're [DURATION] [DURATION] apart. So that had a big. Yeah. Yes, ma' am. One went off to college, she's [PERSON_AGE]. And the other one is. She's about to be sick. Yes, ma' am. How old? Well, I have one that's [PERSON_AGE]. Is that right? So there's. Yeah, they're [DURATION] [DURATION] apart, so my. My daughter [PERSON_NAME] is [PERSON_AGE], about to be [PERSON_AGE]. And then my youngest, [PERSON_NAME], she's only [PERSON_AGE]. Oh, my. I bet you was surprised when you come up [MEDICAL_CONDITION], that last one. Oh, you could have scraped me off the floor. I couldn't believe it. I could not believe it. Aren't you so glad you got her? I really am. It's such a blessing this time around. You know, when I had my first one, I was so young, I didn't know what I was doing. And now I can really appreciate every moment. This one is a blessing to you. Yes. Yeah, they're both blessings, but, yes, a blessing in a whole different way. Yes. I couldn't have any children, so my [MARITAL_STATUS] died, and that just left me. I'm sorry. I'm sorry. Now, when he passed on, did you have some coverage for him? Or did you have to pay out of pocket for everything? No, I had coverage for. I had the coverage for him and I got covered for me, too, when I die. So. Excuse me, what is your plan? If. If anybody said, you know, die suddenly and you don't have a good plan, you're in trouble? Yes, ma' am, that's right. So I. I fixed that all up. And so when he died, I. I got. I buried him. And then when I die, I've got my. My funeral covered, too, so that's good. So. So you already have a little bit that's going to take care of your funeral arrangement? Yeah, I've got. I've got my funeral arrangements already arranged. Okay. Do you have enough so they have. Okay, that was my next question. Yeah. And I've got it. I've got it paid for. So they'll be able to just put me down there and bury me and say a few words and go on home. Yes, ma' am. So since you already have that paid for, were you looking for another policy that was going to take care of something else that would be left over, financial? No, no, I don't have any children, so. And then my [MARITAL_STATUS] died. Now, my [MARITAL_STATUS] died about [DURATION] [DURATION] ago. He died young. Now, with your funeral arrangements, did you do, like, a prepaid, or did you actually get some life insurance that's going to cover it? Well, I. I'm going. I'm just studying about what to do. Anyway, I buried my [MARITAL_STATUS] and he died so young, and I was so surprised. He got sick and. And in [DURATION] [DURATION], he was gone. He was in there. Oh, my God. [DURATION] [DURATION] he was gone. Sorry to hear that. I wouldn't want him to suffer for a long time, but. Oh, God, that was too quick. Yes, ma' am. Was it a [MEDICAL_CONDITION] [MEDICAL_CONDITION]? It sounds like it was something immediate. It was. It was something to do with his heart. That's what happened to my grandfather. It was immediate. So I want to go back to this. I just want to make sure you're taken care of. You said you already have the plan and you said you have your funeral arrangements and they're paid for. Did you do a prepaid funeral, like, where you pay on it and pay on it and pay on it? Kind of like layaway? Or did you actually get some life insurance that's supposed to pay out? I get. I got some life insurance to pay it off. Okay. How much life insurance is it supposed to pay out for your funeral? I got $[MONEY_AMOUNT]. Okay. Yes, ma' am. Then, Ms. [PERSON_NAME] it sounds to me like you are all taken care of. It sounds like you've got exactly what you need. Yes, ma' am. I. I couldn't have any children. And my [MARITAL_STATUS] died. And I buried him. And then I thought. I got to thinking. You know, you ain't got nobody to bury you, so you better get that arranged. So I arrived at the funeral, and. So they'll come and get me when I die. Perfect. It sounds like you've got everything taken care of. Honestly, I don't think you need to take another call. I think you're all set, ma' am. I think I am, too. Thank you. All right. You're welcome. Have a blessed day. Bye. Bye. You, too. Bye.",421.0,0.9579658,1019,5418,37,DURATION|LOCATION|MARITAL_STATUS|MEDICAL_CONDITION|MONEY_AMOUNT|ORGANIZATION|PERSON_AGE|PERSON_NAME,"OPENING, NEEDS_ANALYSIS, PRODUCT_PITCH, FEE_DISCUSSION, OBJECTION_HANDLING",0.6657,tfidf_word_char_lr_threshold,True,"OPENING, PRODUCT_PITCH, NEEDS_ANALYSIS",0.85,True,"Includes a greeting, mention of a final expense plan, and the customer sharing personal life situation and age."
callcenteren,332305210047899long_transcript,3e45f2c289dd621afa215ed50716ba6ba112f960d6ba6df18dc9b83934708d01,automotive_inbound.zip,automotive_inbound/332305210047899long_transcript.json,automotive,inbound,"Thank you for calling [ORGANIZATION] [ORGANIZATION]. [ORGANIZATION] [ORGANIZATION] [ORGANIZATION] [ORGANIZATION]. For the [ORGANIZATION] [ORGANIZATION], please press [PHONE_NUMBER]. For the [ORGANIZATION] [ORGANIZATION], please press [PHONE_NUMBER]. For the [ORGANIZATION] [ORGANIZATION], please press [PHONE_NUMBER]. This call will be monitored and recorded for quality assurance. Thank you for calling the [ORGANIZATION] [ORGANIZATION]. Currently, all of our lines are busy. However, we will be with you shortly. If you're looking for [ORGANIZATION] [ORGANIZATION] from [ORGANIZATION], how may I help you? Hi, I was wondering if you guys had any hybrid Camrys available. Let me check for you. I know that we have some other gas ones, but I'm not sure about the hybrids. Is there any specific trim level or. Just like, any hybrid Camry, preferably le, but also open to SE as well. Okay, let me see. So our system is on the hybrids. It's only showing an XSE and one SE in white. I can ask if the SE is still available. The white one. Give me. Do you have a price? When you're looking, does it show you the asking price? Yeah, it's [MONEY_AMOUNT], [MONEY_AMOUNT]. That's before taxes and licensing fees. Okay. And that already includes the [OCCUPATION] markup. Are. I mean, it doesn't. This card doesn't have a markup, but it does include. That's all of the [OCCUPATION] fees, like the accessories. Okay. Okay. Yeah. Yes, I would be very interested if it was still available. Let me see. I'm gonna. I'm gonna put you on a brief hold. Okay? Okay, thank you. Hi. Oh, yeah, so the se. That's the one that's available. The XSE has a deposit. Okay, cool. Could you send me, like, an official. Like, what would be the process to put a deposit down? Oh, it's easy. It's just a $[MONEY_AMOUNT] deposit. You would just have to stop at the dealership and either put it on a credit card, a debit card, or cash or a check. Okay. But I could. But I couldn't do it over the phone, huh? Correct. Yeah. We can only take the deposits in the store. Okay. And how later you guys open till today? [DURATION] [DURATION] [DURATION], so we'll be here till [TIME] okay. What was I gonna ask you? Can you. Can I get the final price tag? I'm gonna see if I can swing by today. And as long as I have the final numbers, I just have to run it by my [MARITAL_STATUS]. Oh. I mean, that's a. We would. We wouldn't be able to print you out. Like a total financing. I mean, they do the whole financing thing once the car actually arrives and you. After you check it out and if you do like it and want to Proceed, Move forward with it. That's when they will do the whole, like, negotiation and, like, the full price sheet when the cars are in transit. Yeah. All you can do is put a deposit on it. So if you reserve it, once it comes in you, it's held for you for [DURATION] [DURATION]. As long as you come in within the first [DURATION] [DURATION] of the arrival, you are the first person that can work out numbers on it and negotiate on the car. But, yeah, when they're in transit, we won't be able to do, like, a full price sheet. But the MSRP is. Is [MONEY_AMOUNT]. [MONEY_AMOUNT]. Okay. [MONEY_AMOUNT]. And that's the white. It's an ice cap color. Se Camry Hybrid [DATE_INTERVAL]. [MONEY_AMOUNT]. So I can print you out, like, the full spec sheet where it shows you, like, the MSRP price, the build of the car, but it's just like, we can't work out the numbers yet until the vehicle actually. Okay, so. So the [MONEY_AMOUNT] is. Is the MSRP, right? Well, that's the MSRP, including the [OCCUPATION] fees. So it's just before taxes and licensing fees. Okay, sure. Can you go ahead and text or email that to me? Yeah. Let me. What is your email address? It's [PERSON_NAME]. [PERSON_NAME] [PERSON_NAME] [PERSON_NAME] [PERSON_NAME] [PERSON_NAME], [PERSON_NAME] [PERSON_NAME] [PERSON_NAME] [EMAIL_ADDRESS] [EMAIL_ADDRESS] [EMAIL_ADDRESS] [EMAIL_ADDRESS] [EMAIL_ADDRESS] [EMAIL_ADDRESS] [EMAIL_ADDRESS] [EMAIL_ADDRESS] [EMAIL_ADDRESS] [EMAIL_ADDRESS] [EMAIL_ADDRESS] [EMAIL_ADDRESS] [EMAIL_ADDRESS]. Okay. And then I'm assuming your first name is [PERSON_NAME]? Yes. Okay. Okay. So [PERSON_NAME] [PERSON_NAME] [PERSON_NAME] [EMAIL_ADDRESS] [EMAIL_ADDRESS], [EMAIL_ADDRESS] [EMAIL_ADDRESS], [EMAIL_ADDRESS] [EMAIL_ADDRESS]. And then just make sure the [PERSON_NAME] has two [PERSON_NAME]. Yes. So [PERSON_NAME] [PERSON_NAME] [PERSON_NAME] [PERSON_NAME] [PERSON_NAME], [PERSON_NAME] [PERSON_NAME] [PERSON_NAME]. [PERSON_NAME] [PERSON_NAME] [EMAIL_ADDRESS] [EMAIL_ADDRESS] [EMAIL_ADDRESS] [EMAIL_ADDRESS]. That's perfect. Okay, sounds good. So I'll email you the specs. Were you planning on stopping by tonight for the deposit? I'm gonna call my [MARITAL_STATUS] right now, [EMAIL_ADDRESS] [EMAIL_ADDRESS] I can. I'll be in touch with you. But the deposit, if we decide that we can't agree on numbers, I could get that deposit back, like 100%, no questions asked. That. That's correct. Okay. All right. Sounds good. Okay, sounds good. Thank you very much. Of course. Yeah. Thank you, [PERSON_NAME]. Have a good one.",382.0,0.9635485,823,5074,93,DATE_INTERVAL|DURATION|EMAIL_ADDRESS|MARITAL_STATUS|MONEY_AMOUNT|OCCUPATION|ORGANIZATION|PERSON_NAME|PHONE_NUMBER|TIME,"OPENING, FEE_DISCUSSION, NEEDS_ANALYSIS, CURIOUS_EXPLORATION",0.6764,tfidf_word_char_lr_threshold,False,,,,
callcenteren,fce0847c543e447590d584d80157cc73_transcript,ca8cb0a7a550baf973b8fb7d6bef9cdb899c05cce69595316009cf3ec48f856b,home_service_inbound.zip,home_service_inbound/fce0847c543e447590d584d80157cc73_transcript.json,home_service_telecom,inbound,"All calls are recorded for quality and training purposes. [ORGANIZATION] [ORGANIZATION] [ORGANIZATION] [ORGANIZATION] and better assist to. What is the purpose of your call today? I'd like to cancel an appointment please for this morning. What do you have your claim number by chance? I don't have it right in front of me. What is the name that's on the claim? It would be [PERSON_NAME] and [PERSON_NAME] [PERSON_NAME]. [PERSON_NAME] [PERSON_NAME] [PERSON_NAME] [PERSON_NAME] [PERSON_NAME]. Thank you. One moment. Let me see if I can find the claim here for you. Sure. Thank you. I received a call yesterday from your company. Don't take your hand off the handlebars. I wouldn't want you to wave to me. And who is the insurance company? It's [ORGANIZATION] [ORGANIZATION]. [ORGANIZATION] [ORGANIZATION]. Trying to see if I can pull it up here by the name. And I'm not finding it by the name. What's the address? If you don't have the claim number, it is [LOCATION] and the [LOCATION] [LOCATION]. And I'll spell it for you. [LOCATION] [LOCATION], [LOCATION]. [LOCATION] [PERSON_NAME], [PERSON_NAME], [LOCATION], [LOCATION]. And that's in [LOCATION], [LOCATION]. Can find it by the address. I received an email from you all yesterday. It was [LOCATION], [LOCATION] [PERSON_NAME] [PERSON_NAME] [LOCATION] [LOCATION]. Correct. Not bringened up by the address either. You want the email address? I can't pull it up with the email address here. What was the zip code there for you? [LOCATION]. In the meanwhile, let me see if I can access my email and look at the [PHONE_NUMBER]. All right. Thank you. So I can give you the phone number here with the zip code. [LOCATION]. Okay. I have the office number. Of what? For the local [ORGANIZATION]. I see. Are you transferring me or. No, I have the number here for you. Oh, you're wanting to give it to me? The local number. That it? Yes. You can't just transfer me. I don't have a pen. Let me get back to where I can get a pen. I like to go back to my office. I don't know why they just give me the why they provided me with hundred number. If I'm supposed to call somebody locally, it doesn't make a whole lot of sense out my office. Let me grab a pen. So what is that number please? Okay. All right. [PHONE_NUMBER]. I'm sorry. So what was the last [DURATION] [DURATION]? [PHONE_NUMBER], [PHONE_NUMBER] [PHONE_NUMBER] [PHONE_NUMBER]. Okay, terrific. Thank you very much. I appreciate it. You're welcome. Have a good day. All right, bye.",347.0,0.9154363,422,2477,46,DURATION|LOCATION|ORGANIZATION|PERSON_NAME|PHONE_NUMBER,"OPENING, NEEDS_ANALYSIS",0.8238,tfidf_word_char_lr_threshold,False,,,,
callcenteren,0e1478d076f5411ebf0691225088ee62_transcript,8f2ac7e3697a2b56c26110ad82f25a3cac24f9c0c419f5db83805c7479fd5dbf,automotive_and_healthcare_insurance_inbound.zip,automotive_and_healthcare_insurance_inbound/0e1478d076f5411ebf0691225088ee62_transcript.json,insurance,inbound,"Thank you for calling [ORGANIZATION] [ORGANIZATION]. If you know your party's extension, you may dial it at any time, at any time to speak with an [OCCUPATION] or for part. Thank you for calling [ORGANIZATION] [ORGANIZATION] [ORGANIZATION]. This is [PERSON_NAME]. Hello, this is [PERSON_NAME]. I'm interested in in one of your staff. [PHONE_NUMBER] pickacup and just call to get more, you know, detailed information about the car. Yeah, I can help you with that. Do you have the stock number and I can pull that up for you. Yeah, yeah, yeah, yeah. I see they are two almost the same. So I can give you just one. Yah, true. Why like yellow two [NUMBER_SEQUENCE], [NUMBER_SEQUENCE], [NUMBER_SEQUENCE]. Okay, let me pull that one up real quick. Okay, okay. What's the second one? The second one is the same as this one. So I just, you know, I think I just will ask one is okay for me. And first question is I want to know the payload of the chart, you know. Okay, one second. Let me see if I can pull up the window sticker real quick. Yes, let's see. The window sticker is showing it's currently unavail available. Let me see if it has a GVWR rating in here real quick for you. Give me one second. I'm going to do a different search on the stock number. See if I can get the window sticker for you so I can see the payload, the capacity on the windows sper. It should have the GVWR rating on there. I'm going to see if I also get an invoice pulled up the GZWR. I see it's 10,100 pound. So I have no idea if the GVWR is, you know, 10,000 pound. What's the payload of the chart? Let's see. So the GVWR rating is the most weight allowed of both your trailer and cargo. So that would include like passengers and everything like that. So if it has like a 6000 GVWR rating, that means that is the max capacity including passengers and what you're towing. Yeah, yeah, yeah. But you know, I do not use it to a trailer. I just want to know how, how much or how many pounds the, you know, the trunk can load by itself. You know, if you leave a payload, I think it'if you have no idea should be on the, on the driver. Driver door. Yeah, there is a number on the driver door. You can see that, but I have t no idea. Okay, let me see if there's a picture because I can't pull up the window sticker. Let's see if it's in the description. Let me see if I can do a quick search. So let's see. I can try and go track this down and verify that. I'm pretty sure the payload is going to be between like 7 and 8,000 pounds depending on the vehicle. And this is a 6.2 liter so let me change that real quick. So this one is if use diesel, not gasz, right? Yeah. So I'm trying to get the 6.2 liter and I also see, see I don't think the windows here has the payload capacity. The payload capacity is £4,290. £4,290. Oh, for this one only for [DURATION] [DURATION] 0 pounds. Okay. And I have another, you know, require you'help me to find out the other one. I canock. It's white like yellow. 25 [MONEY_AMOUNT]. Okay, I have that one pulled up for you. ##ah the most important question is about the payload capacity. All right. St I have no idea where are to find it. Let's see. So this one actually has a 14,000 pound payload package on it. So that's including the I think the towing capacity. I just want to know the trun itself. You know, payload, the capacity of this car. The Last one is 4002 90. How about this one? All right, it's a regular. This one looks like it's 4000. Let's see. 4134 do. Okay. Smaller than the previous one. Okay, got it. So another question is I see the price the for the vehichold is it [MONEY_AMOUNT] so any discounts or promotion at you stor now currently we don't have any [OCCUPATION] discounts on these specific vehicles. So it will be MSRP price. We don't do any markups or allocation fees. So it would just be the price is shown plus tax, title and license. No any discount for the last year model either. Not on these specific ones. They're fleet vehicles. I'd have to see if they're still available, but those are sold at [ORGANIZATION]. Okay, okay, let me see if I have other Jaza. Just wait for a moment. Okast. No. So I see you also have some, you know, [OCCUPATION] that the rear wheel has a deal rear wheel. So that one will you know, have much larger payload capacity. Or are you talking about like a single wheel versus like a dually? Yeah, yeah, yeah. You know I see some. Some, you know, F350 has to build double and four wheels on the rear part so that one will have a larger payload capacity or. Yeah, so have a Lot more and then normally the ones that have the duallyies are going to be the 6.7 liter diesel engines which will have a higher payload as well so do you have any idea how much payow the capacity of that one the dual no Will one I have no idea what you call this Depends on year model and everything too as far as if it has like a towing package and stuff so there's a lot of different variables I just use it to deliver goods Something like that. So the basic model is okay for us we just you know want to have a idea what is the difference payload capacity between the single wheel one and the double wheel one and which is our f choice? Let me do a quick so we don't have any inventory I can do a quick reference on I just did a search to see if we had that will capacity due one in your store I see it seems. I see someone has the. Let me see Ye I see one has a double wheel on the back but I have no idea I can tell you the strong number it's [VEHICLE_ID] [VEHICLE_ID] [VEHICLE_ID] okay that one is a [PHONE_NUMBER] let's see all right, let me look at that one. All right let's see maximum payload is £8,000 o wow. So maybe this is a better choice Fars to choose what you call that one [PERSON_NAME] [PERSON_NAME] [PERSON_NAME] [PERSON_NAME] [PERSON_NAME] [PERSON_NAME] or is I think it's [PERSON_NAME] [PERSON_NAME] [PERSON_NAME] [PERSON_NAME] [PERSON_NAME] [PERSON_NAME] [PERSON_NAME] [PERSON_NAME] [PERSON_NAME] [PERSON_NAME] [PERSON_NAME] [PERSON_NAME] oay okay, Can I have your name and the contact number if I have, you know to make appointments? Yeah, My name is [PERSON_NAME] [PERSON_NAME] Last name [PERSON_NAME] [PERSON_NAME] [PERSON_NAME] [PERSON_NAME] HU number and then it's this phone number and it'd be extended extion okay okay okay. Thank you. Thank you for your help're welcome. You're wel. Thank you. If you have any other questions give me a call back and then I can. If I don't know the answers off the top of my head I'll definitely get with management and get those answers for you okay okay okay. Thank you. Thank you so much appciate your help Bye.",843.0,0.87026,1250,6613,47,DURATION|MONEY_AMOUNT|NUMBER_SEQUENCE|OCCUPATION|ORGANIZATION|PERSON_NAME|PHONE_NUMBER|VEHICLE_ID,"OPENING, FEE_DISCUSSION, CURIOUS_EXPLORATION, NEEDS_ANALYSIS, PRODUCT_PITCH",0.623,tfidf_word_char_lr_threshold,False,,,,
callcenteren,8312256834_transcript,fa6763388edbf23f0aa8e8a86eeb24be940a8934d0224115eae955993a3bad86,insurance_outbound.zip,insurance_outbound/8312256834_transcript.json,insurance,outbound,"Hello, A very good morning to you. This is [PERSON_NAME] calling you from [ORGANIZATION] [ORGANIZATION]. How are you doing today? Doing okay, I guess. What's up? Sir, the reason of my call is to inform you that your Medicare is getting upgraded for the year [DATE_INTERVAL] and you are all qualified to receive some additional Medicare benefits at [MONEY_AMOUNT] [MONEY_AMOUNT] cost to you. I hope that sounds good to you. No, it does. Definitely, definitely. Go ahead. Which you're receiving today includes all your [OCCUPATION] co pays, your specialist co pays and it will also cover your dental, vision, hearing and your transportation benefit. And like the best part, you don't have to pay anything. All these benefits are at [MONEY_AMOUNT] [MONEY_AMOUNT] premium to you. I hope that sounds good to you. Yeah, does it? Sounds great. Go ahead. For the [NATIONALITY]. And I do believe you have Medicare Part A and Part B, both are active. Yeah, that's true, I do. And I also believe you make your own decision regarding your Medicare, right? Yes sir, that's true. Also. Like, could you please verify me your zip code? [LOCATION]. And sir, like, do you receive any employment or retirement benefit from your previous job? No, I do not. Okay, and like you live in [LOCATION], [LOCATION], right? I live in [LOCATION], [LOCATION]. That's correct answer. Like do you receive any military insurance like [LOCATION] or [LOCATION]? Hello, [PERSON_NAME]? No, no, I don't. Okay, Mr. [PERSON_NAME] and sir, like did you made any kind of changes in your Medicare plan in the last [DURATION] [DURATION]? Any changes in my plan? No, I haven't. Okay, Mr. Like, just as I can see over here, you're all qualified to receive these benefits at $[MONEY_AMOUNT] premium to you. So sir, like could you please verify me? Like how do you spell your first and your last name? My first name is [PERSON_NAME], [PERSON_NAME], [PERSON_NAME], [PERSON_NAME], [PERSON_NAME]. My last name is [PERSON_NAME], [PERSON_NAME], [PERSON_NAME], [PERSON_NAME], [PERSON_NAME], [PERSON_NAME]. It's pronounced [PERSON_NAME]. Okay, [PERSON_NAME], [PERSON_NAME] and Mr. [PERSON_NAME], like you're all qualified to receive these benefits. So sir, like just for the last confirmation, like do you have the red, blue and white Medicare card with you? Yeah, I have it. It's in my room here. Yes, sure, yeah, like can you please get that card handy? I will hold the line for you, sir. Oh, you want me to get it? All right, hang on. I gotta go get get my wallet. Hang on sir, I'm gonna put the phone down. Just a minute. Hello, [PERSON_NAME], thank you for your interest. Okay, I got my card. Now what do I do? Okay, that's wonderful, sister. Like right now what I will do, I will just quickly get this Call connected to the [OCCUPATION] [OCCUPATION]. Like he will quickly verify some of your details and then he will get your call connected to the [OCCUPATION] [OCCUPATION] from [LOCATION], [LOCATION] with the same zip code of [LOCATION]. And sir like the [OCCUPATION] [OCCUPATION] is from your own city with the same zip code. He will be asking for your medicare ID number because sir, with the help of your number he will look into that like what all are the other more benefit you can receive on your existing medicare plan. Okay, well the only thing is you've got a little problem here then because Medicare told me when they gave me this card, never give that number out to anyone. Sir, like you don't need to give it to me sir like that you need to provide that number to the [OCCUPATION] [OCCUPATION] of [POLITICAL_AFFILIATION] [LOCATION]. And so like he has the authority to review your plans as well to help you to receive the best benefits. Okay, well whatever you say, but I was told not to give this number out to anyone. Go ahead. Yeah, and so like you to please help me out with your current mailing address. We can send you the paperwork regarding these benefit on your mailing address. Yeah, my mailing address is [LOCATION] [LOCATION] [LOCATION] [LOCATION] [LOCATION] [LOCATION] [LOCATION]. And it's like I said, [LOCATION], [LOCATION] [LOCATION]. Yeah, I got it sir. So sir like before getting this call connected, I believe you understood this call is all about your additional medicare benefits. Okay. Okay. And Mr. [PERSON_NAME], like could you please verify me your date of birth? What's your birthday? [DATE_OF_BIRTH]. [DATE_OF_BIRTH]. Okay, it's like [DATE_OF_BIRTH], [DATE_OF_BIRTH]. [DATE_OF_BIRTH]. That's right. Okay sir, and sir like the [OCCUPATION] [OCCUPATION] will ask you do you want to speak to license [ORGANIZATION]? Just simply tell him yes and he will be gonna connecting your call to the [OCCUPATION] [OCCUPATION] from your own city with the same zip code. And sir like as I told you, the [OCCUPATION] [OCCUPATION] will be asking for your medicare ID number because with the help of your number, he will be assisting you in a much better way as well. Sir, like he's the nearest person to you. He will also be sending you all the paperwork regarding these benefit at your mailing address. Okay, do best we can. That's all. Go ahead, please be on the line. I'm getting your call connected. Okay. And sir like it will just take [DURATION] [DURATION] [DURATION] [DURATION] to get the call connected. Please be on the line with me. I'm also there with you. Here we go. Okay, go ahead, go ahead. Hello [PERSON_NAME]. Thank you. Hello sir, like please be on the line. They were gonna pick up the call at any moment. All right, go ahead. I'm still here. I'm waiting on you, [PERSON_NAME]. Sa. How the heck did I do that? How the heck to come? Like, within [DURATION] [DURATION], they were gonna pick up the call. Go ahead. I'm still waiting. Oh, thank you for calling the [ORGANIZATION] [ORGANIZATION] [ORGANIZATION] [ORGANIZATION]. This. This is [PERSON_NAME] next speaking. Am I speaking with [PERSON_NAME] [PERSON_NAME]? Am I speaking with [PERSON_NAME] [PERSON_NAME]? Yes, that's who I am. Go ahead. Okay, [PERSON_NAME], so this call is all about the additional benefits for your Medicare insurance plan.",598.0,0.94484234,1028,6091,92,DATE_INTERVAL|DATE_OF_BIRTH|DURATION|LOCATION|MONEY_AMOUNT|NATIONALITY|OCCUPATION|ORGANIZATION|PERSON_NAME|POLITICAL_AFFILIATION,"OPENING, NEEDS_ANALYSIS, PRODUCT_PITCH, FEE_DISCUSSION, OBJECTION_HANDLING",0.7065,tfidf_word_char_lr_threshold,False,,,,
callcenteren,7a5e67cb40754462a4f9e03e0d72dc6d_transcript,a2bae6c3559c3ef20ed768d30f11837f15959a9ca075698dd13c0818eab44a57,automotive_inbound.zip,automotive_inbound/7a5e67cb40754462a4f9e03e0d72dc6d_transcript.json,automotive,inbound,"Thank you for calling on [ORGANIZATION] [ORGANIZATION]. This is [PERSON_NAME]. How can I assist you? Yes, I'm looking for a specific car and I want to know if you guys have it on a lot. Yes, which car will that be? It's a [DATE_INTERVAL] [ORGANIZATION] Wrangler, four door. High altitude. High altitude, yeah. What's your name, sir? My name is [PERSON_NAME]. [PERSON_NAME], I'm [PERSON_NAME] and I'm talking to you. I know we have. We have a High Tide that is available in white. What was that? High tie. Yes. All in white. Very pretty. And I know we have the one with the big engine, the V8 engine, the [MONEY_AMOUNT]. Yes. How much is that? It's over [MONEY_AMOUNT] [MONEY_AMOUNT] [MONEY_AMOUNT]. [MONEY_AMOUNT] [MONEY_AMOUNT] [MONEY_AMOUNT]? Over [MONEY_AMOUNT]. Yes. Yeah, those are for the rich. I'm not very expensive [ORGANIZATION]. I agree. I agree. Even if. Even if I didn't have [MONEY_AMOUNT], I don't think that I would. You would not invest in a [ORGANIZATION]. Yeah, And I think because of the engine, they're so rare, they even touch me like 20 over because you can't. Yeah, that's. That's. That's just [MEDICAL_CONDITION]. Oh, wow. Okay, so you guys don't have any high altitudes. Let me see. Did you see it in our website? No, I just called some [ORGANIZATION] [OCCUPATION] and seeing who they. If they have the car that I want, whoever has the car that I want, I'm going to go to them. What's the price range of that vehicle you're looking at? Is that the V6 engine? What was that? It has the V6. If you was asking. Okay, the price range, anywhere from, I think, [MONEY_AMOUNT] to [MONEY_AMOUNT]. Hold on for a second. Huh? Hello? Yes. Okay, so we have, you know, a lot of stock for Jeeps. Nobody has the Wranglers. First of all, I would like to invite you to come in to have a look at our inventory. But we do have Wranglers. Sajaras. We have the High Tides. We have the Rubicons. Yes. Yeah. Okay. Would you mind sending. Would you mind sending me a link to your guys's inventory? Because I'd like to look. All right, so what's your last name? [PERSON_NAME] [PERSON_NAME]. [PERSON_NAME] [PERSON_NAME] [PERSON_NAME], [PERSON_NAME] [PERSON_NAME] [PERSON_NAME], [PERSON_NAME]. [PERSON_NAME]. Okay. [PERSON_NAME], [PERSON_NAME] [PERSON_NAME] [PERSON_NAME], [PERSON_NAME] [PERSON_NAME]. And [PERSON_NAME]. [PERSON_NAME], [PERSON_NAME] [PERSON_NAME] [PERSON_NAME], [PERSON_NAME], [PERSON_NAME]. [PERSON_NAME]. Yep. Okay, perfect. And then you may have your email so I can send you the link so you can have a look at our inventory. Yes, my email. I'll give it to you about right now. Second. Yeah, my email is [EMAIL_ADDRESS]. [EMAIL_ADDRESS] [EMAIL_ADDRESS] [EMAIL_ADDRESS] [EMAIL_ADDRESS], [EMAIL_ADDRESS] [EMAIL_ADDRESS], [EMAIL_ADDRESS] [EMAIL_ADDRESS]. And what else?696gmail.com. Okay. Yep. All right. I'll send you a link with all our inventory, and then I'm going to text you my phone number if you want to come and have a look, because for that price range that you're telling me, I have a lot of inventory. If I come in while you're speaking to you. Yes. I'm actually. I work on the [LOCATION] [LOCATION], so I'm not just trying to bring you in. Okay. Okay. Well, if I come in. If I come in, I definitely want to talk to you because you're very nice. Oh, thank you. My name is [PERSON_NAME], like [PERSON_NAME] [PERSON_NAME]. And I'm. I'm going to send you a text very quickly so you can. Because this is the office and I'm not always sitting here, so you can contact me directly. Okay. Okay, great. Thank you so much, [PERSON_NAME]. My pleasure. Have a great day, [PERSON_NAME]. Bye. You too. Bye. Bye. Bye.",326.0,0.92642796,605,3630,64,DATE_INTERVAL|EMAIL_ADDRESS|LOCATION|MEDICAL_CONDITION|MONEY_AMOUNT|OCCUPATION|ORGANIZATION|PERSON_NAME,"OPENING, FEE_DISCUSSION, CURIOUS_EXPLORATION, NEEDS_ANALYSIS, PRODUCT_PITCH",0.6623,tfidf_word_char_lr_threshold,True,"OPENING, NEEDS_ANALYSIS, FEE_DISCUSSION, SOFT_REJECTION",0.9,True,"Contains greeting, inquiry about a specific car model, discussion of high prices, and customer stating they wouldn't invest in that expensive model."
callcenteren,054b22bca94a49d69ec4ac8bc442abaf_transcript,34b5ec470b3694e198512910c1cc13183159c4ff80c9d05b6e0b0449d441ed1d,medicare_inbound.zip,medicare_inbound/054b22bca94a49d69ec4ac8bc442abaf_transcript.json,medicare,inbound,"Hi, thank you for calling [ORGANIZATION] [ORGANIZATION] [ORGANIZATION]. This is [PERSON_NAME] speaking. How can I help you? I just want to know if you can take my dog in there on Saturday and put him in daycare on Sunday so I can come get him. I got to go out of town. Yeah. What's your pet's name? [PERSON_NAME] [PERSON_NAME]. [PERSON_NAME] [PERSON_NAME] [PERSON_NAME] [PERSON_NAME] [PERSON_NAME] [PERSON_NAME] [PERSON_NAME] He comes there. Yeah, we can board him, we said from Saturday night to Sunday. Yeah. And then put him a dick here on Sunday so I can come getting by [TIME]. At least that's how I used to do it. Is that right? Yes, but it looks like he hasn't been to daycare since [DATE_INTERVAL] [DATE_INTERVAL] [DATE_INTERVAL] [DATE_INTERVAL]. And we do have a [DURATION] [DURATION] policy, so would. We would have to ree evaluate him. I can take a look and see if we have any open. Oh, my God. No, I mean, I understand. It's a big to do. I just want to get my dog back. He don't want to be there, but he has to. It's nothing. You all do it. He actually acts good there, but, you know, he's old too. He's getting old now. He's much. He's not nearly as like he was, so he did pretty good. You have to do what you have to do. I'm getting his [MEDICAL_PROCESS] caught up and I'll bring those then because he needs [TIME] [MEDICAL_PROCESS]. I'm getting those today, so I will get that over to you and then you can just let me know. All right? Yeah, I'm sorry, just to confirm, you said you wanted to drop off on this Saturday to [TIME]. Yep. And pick up the [DATE]. Yeah, if he can do it. That's how we did it last time. I don't. I don't know if anything's changed because we won't be back until, you know, probably like [TIME], [TIME], something like that on Sunday. So. Yeah, I don't. I don't want to disrupt. You know, there's a process and there's other people involved, but if you can do it. He's gotten all good reports there, so, you know, I don't think anything would be, you know, but I'm not running a place. I don't. It's just one dog and me, my boyfriend, you know what I'm saying? So I can't even imagine. Girl. Yeah. Let me put you on a brief hold and pull it up for you and I'll let you know. We definitely should be able to board him, but let me talkck about daycare. Okay? All right, thank you. Hi, so yeah, we can totally board him from Saturday this Sunday. But during that time we probably wouldn't be able to send him to daycare just because of his age and the fact that he hasn't been in a while. We wouldn't want to overstimulate him for his stay. But we, we could do play times instead if that works. That's fine. I'll just be over there from a allowed to pick them up. You can just. You just say yes and then I'm done and I'm just go because it's. I don't know what's all involved. I don't know. Remember the cost. I don't remember any. I don't remember any. But I just know that this is the only place he's ever gone his whole life. So you know what I'm saying? And so. Yeah, and so you just take care of and let me have my dog bracket. I'll give you the money and then it'll be done. He's not going to have to probably go that much but I don't want to disrupt this place and all the issues and everything just because I want my dog back. It won't be even me picking up because I got to stay up in date and so it'be my boyfriend but just put me down for those days and then I'll either. Oh, what is the email address that if I do get the [MEDICAL_PROCESS] record because sometimes they email it. Yeah, it's contact. I love this place. I will see you on Saturday, [PERSON_NAME]. Bye.",283.0,0.9008141,695,3615,29,DATE|DATE_INTERVAL|DURATION|MEDICAL_PROCESS|ORGANIZATION|PERSON_NAME|TIME,"OPENING, NEEDS_ANALYSIS",0.798,tfidf_word_char_lr_threshold,True,"OPENING, NEEDS_ANALYSIS, PRODUCT_PITCH, WARM_LEAD",0.85,True,"Greeting present, agent analyzes boarding needs, offers the boarding service, and customer agrees to provide records for the appointment."
callcenteren,2020-09-29-14-44-37_85127510-a0c3-42ab-ba33-8b72d33100db_v2xovyqhfWCQdkGRwxr0G1ROrkFv0WMZXsUOQCCQ3TEvLH0g4FWvOtbg_transcript,52dc0f9680c82b92b6e0a0599fbfeb184c21a6492f93582814fe26380ef1194c,auto_insurance_customer_service_inbound.zip,auto_insurance_customer_service_inbound/2020-09-29-14-44-37_85127510-a0c3-42ab-ba33-8b72d33100db_v2xovyqhfWCQdkGRwxr0G1ROrkFv0WMZXsUOQCCQ3TEvLH0g4FWvOtbg_transcript.json,insurance,inbound,"This call may be recorded for quality assurance. Hi, this is [PERSON_NAME] with [ORGANIZATION]. It looks like you were connected to me to compare rates on auto insurance today. Is that correct? I believe so. Okay, so in order to connect you to the right [OCCUPATION], I need to quickly verify some of your information. Can I have your first name, please? [PERSON_NAME]. Okay. And your last name? [PERSON_NAME]. Okay, and I have your zip. No, I don't have your zip code. Can I have your zip code? [LOCATION]. That sounds like [LOCATION] [LOCATION], correct? Yes, it is. Okay, and who is your current insurance provider, if you have one? [ORGANIZATION]. Alrighty, let me get that in there. And how long have you been with [ORGANIZATION]? Oh, I couldn't say. It seems like forever. Okay, so is it more than [DURATION] [DURATION]? I would assume so. Okay, and what do you currently pay per [DURATION] for your insurance? Oh, that. I don't have any idea. Okay, let's see. Do you own your home, [PERSON_NAME]? Yes, I do. Okay. Would you be interested in saving money by bundling a home and auto insurance policy today? If the price is right. Well, I like to check it and check it with my son. Okay, so we'll get that for you. Thank you. You're welcome. And let's see here. Can you please tell me what is your date of birth, please? [DATE_OF_BIRTH] [DATE_OF_BIRTH], [DATE_OF_BIRTH] [DATE_OF_BIRTH], [DATE_OF_BIRTH] [DATE_OF_BIRTH]. Thank you for that. And let's see, in the past [DURATION] [DURATION], [PERSON_NAME], have you had any at fault accidents, DUI or SR22s? What's an SR22? It's a bond you have to put on your license if you're an at risk driver. And if you have to ask me, you don't have it. And let's see here. All right, [PERSON_NAME], that's all the information I need. I'm searching now for your best match. Do you do text messaging on your cell phone? No, I don't. Okay, so then we won't ask for your permission to do that. And let's see. I don't even know what it is. Oh, text messaging. It's like people send messages to each other in writing, you know, on their telephone, so that this way they can chat back and forth and not be on the phone. Got you. But no, I don't. Okay, so. All right, [PERSON_NAME], it should take about [DURATION] [DURATION] [DURATION] [DURATION] to go over the coverage options available. I'm showing that [ORGANIZATION] is your best available option. So if that's okay with you, I'm going to place you on hold and get you connected. Okay. No, right now I'm eating breakfast, so can I ask you to call back tomorrow? Later? Well, this will only take, like, [DURATION] [DURATION], [PERSON_NAME]. And we went through all this, and all that's left is to connect you to the [OCCUPATION], and it won't take long at all. Okay? What's that? All right, thank you. Yes, so just. Just so you know, sometimes they have an automated connection, and when that happens, you may miss the [OCCUPATION] introduction. So if it gets quiet in there, just say hello and you'll. You're there for an auto quote, all right? Otherwise. Otherwise, I'll be back for you. Thank you. Please stay on the line while we connect you. Sa Please stay on the line while we connect you. Please stay on the line while we connect you. Hi, [PERSON_NAME]? [PERSON_NAME]? Hello? I don't know if she's still there. Doesn't look like she's not there. Hello? [PERSON_NAME]? I don't think she's here anymore. Okay, I'm sorry. All right, bye.",447.0,0.9694465,605,3431,38,DATE_OF_BIRTH|DURATION|LOCATION|OCCUPATION|ORGANIZATION|PERSON_NAME,"OPENING, NEEDS_ANALYSIS, OBJECTION_HANDLING, FEE_DISCUSSION, PRODUCT_PITCH",0.6877,tfidf_word_char_lr_threshold,True,"OPENING, NEEDS_ANALYSIS, PRODUCT_PITCH, STALLING_FOR_TIME",0.9,True,"Greeting present, extensive data collection for insurance, pitch for bundling policies, and customer delaying decision to consult their son."
callcenteren,bdec41b3b45b4f1a903bf1558555bf49_transcript,5a36f207cd0941ec07d208a68c6a1689b9a9a5198786caf54a836b23575bf169,home_ervice_inbound&telecom _outbound.zip,home_ervice_inbound&telecom _outbound/bdec41b3b45b4f1a903bf1558555bf49_transcript.json,home_service_telecom,outbound,"[ORGANIZATION], [OCCUPATION], we fix your pains. To ensure the highest level of customer satisfaction. This call may be recorded. You may dial your party's extension at any time for an [ORGANIZATION] [ORGANIZATION] quote to replace glass in your home or business. To check on the status of a previously placed order, press class. [OCCUPATION], we fix your pains. This [PERSON_NAME]. Hey, [PERSON_NAME], my name'bill Wya I'm calling to if I get an estimate to fix a pain in my home. One moment. Last. [OCCUPATION], we fix your pains. This is [PERSON_NAME]. Hey, [PERSON_NAME], I'm calling a bike by getting a pain replaced in my home. Okay, I've got a seal. I've got a seal that's drop down and it's allowing moisture to get in around the window. What is your zip code? [LOCATION]. Okay. All right. I can get a [OCCUPATION] out. Let him get some measurements and get you a free quote. Okay, I would appreciate it. What's your telephone number? I'm sorry, what's your first name? [PERSON_NAME]. And what's your last name? [PERSON_NAME]. [PERSON_NAME] [PERSON_NAME] [PERSON_NAME] [PERSON_NAME] [PERSON_NAME]. What's your address? [LOCATION] [LOCATION] [LOCATION]. [LOCATION] [LOCATION] [LOCATION] [LOCATION] [LOCATION] [LOCATION] [LOCATION] [LOCATION] [LOCATION] [LOCATION]. All right, and what would be a good email to send a quotea a receipt to call? Is it just one window? Yes, it's one big window. All right, give me just a second. Let me look at the schedule. Okay. Okay, thank you. Still looking this time. Tt you here for a second? Okay, thank you. All right. It would be [DATE] [DATE] [DATE] and it looks like it would be if going to be in the morning. I think it is actually it be in the afternoon between [TIME] and [TIME]. Can't do that when. I'm sorry. That's okay. I have a doctor'sointment at [TIME] that [DURATION]. That's okay. Out all the [DURATION] I picked, right? Yeah. Yeah. All right. How about if we do [DATE] [DATE] [DATE]? That should be fine. Do that one in the morning. What time? We're talking between [TIME] and [TIME]. See? One second. Sure. Anything in the afternoon of [DURATION]? Let'see no, not on that [DURATION]. Let me look at the next one. That one'morning. Do you normally need afternoon or is that just. We were hitting the [DURATION] that you needed an afternoon. Probably need in afternoon after about [TIME]. Okay. We looked at [DATE] [DATE]. That's not a good [DURATION]. I'll tell you what, let's just do [DATE] [DATE]. I'll put it after [TIME] and I'll just try to work around it a little bit. We usually try to send them out further and work their way back. But I'll just try to. I'll just try to get this worked around on there because if not, it's going to be, you know, like the week of a 20 something. Okay, OB'll just say after [TIME] then I'm [DATE] U, huh? Okay. Thank you so much. Appreciate your help. You're welcome. You have a good weekend. You too. Bye.",475.0,0.869549,504,2909,57,DATE|DURATION|LOCATION|OCCUPATION|ORGANIZATION|PERSON_NAME|TIME,"OPENING, NEEDS_ANALYSIS, SUCCESSFUL_SALE, ACTIVE_LISTENING",0.6273,tfidf_word_char_lr_threshold,True,"OPENING, NEEDS_ANALYSIS, PRODUCT_PITCH, WARM_LEAD",0.85,True,"Greeting present, agent collects address and window details, offers a free quote/visit, and customer agrees to the schedule."
callcenteren,2f0e6d5fdc7149ddb105431c55dfb725_transcript,aafb27feaf55e2c18d410ca1a9b8cbe571ab3bcbb9ecc446ed99cf4dbec8ea9b,home_ervice_inbound&telecom _outbound.zip,home_ervice_inbound&telecom _outbound/2f0e6d5fdc7149ddb105431c55dfb725_transcript.json,home_service_telecom,outbound,"Thank you for calling, [ORGANIZATION]. [ORGANIZATION] [ORGANIZATION] [ORGANIZATION] [ORGANIZATION]. This is [PERSON_NAME]. How can I help you? Hi, [PERSON_NAME]. I had a question. I believe you all came out not long ago to service my washer and it's broken again. And I just wanted y'all s opinion on is it even worth trying to fix again or should I Do I need to just buy a new washer at this point? Okay, understood. And then. So sorry to that you're having the same issue with the washer. No, water is just still. Let me go ahead and verify some information here. One second. Okay. Am I speaking with [PERSON_NAME]. [PERSON_NAME]? Yes, sir, that is me. All right. Okay, excellent. And also I do see here phone number, which is that? Is this the best the contact number? Yes. Is this cell phone number? Yes. Okay, perfect. And let me see. I have a z cod in here, which is the [LOCATION]. This is theet code where the service was performed the last time. Yes. Okay. I believe it was all that came out. It was like probably like [DURATION] [DURATION] or [DURATION] [DURATION] [DURATION] [DURATION] [DURATION] ago or something like that. Okay. And yes, as I can see here, I can confirm that yes, you had two appointments with us. One that was on the [DATE] and the past [DURATION] [DURATION] the [DATE]. It was in [DATE_INTERVAL], as I can see the two appointments that I mentioned on the [DATE] and the [DATE]. But now worries. Let me follow up your case with them and I will send this information over to the office and you will be contact as soon as possible. Okay? Okay, sounds good. Okay. Do you have any additional question or anything else I can assist you? That's it. All right. Thank you for calling, [ORGANIZATION]. [ORGANIZATION] [ORGANIZATION] [ORGANIZATION]. Have a wonderful day awome. Thank you. You're welcome. Bye.",157.0,0.86936504,323,1829,28,DATE|DATE_INTERVAL|DURATION|LOCATION|ORGANIZATION|PERSON_NAME,"OPENING, NEEDS_ANALYSIS",0.7914,tfidf_word_char_lr_threshold,True,"OPENING, NEEDS_ANALYSIS, PASSIVE_AGREEMENT",0.8,True,"Greeting present, agent verifies customer identity and service history, and customer agrees to the proposed follow-up process."
callcenteren,8436682413_transcript,c8a1d4fd2dce867f3890131997a7710a6c73c1fefe1c366e80357394778f0477,insurance_outbound.zip,insurance_outbound/8436682413_transcript.json,insurance,outbound,"Hello? Hello. Hi dear. Very good afternoon. My name is [PERSON_NAME]. How are you doing today? I am okay, thank you. That sounds really good to me. God bless you always. So the reason of my call is to let you know your Medicare is getting upgraded and you are receiving some additional Medicare benefit at no additional cost to you. I hope that sounds good to you. Yeah. Okay. So dear, like for the upgradation, I do believe you have Medicare part A and B, both active. Correct. And I do believe you make your own healthcare decisions. Yeah. Wonderful, dear. Unlike when was the last time you visited a [OCCUPATION]? Not too long ago. Okay, that's great. Not a problem. Yeah. Oh and it's like the benefit we are all eligible to receive today include your [OCCUPATION] copies, your specialist copay. It will also cover your dental, vision, hearing and transportation. And the best part, you don't need to pay anything. Like all of this benefit will be at a [MONEY_AMOUNT] [MONEY_AMOUNT] premium to you. Okay, I hope that sound good to you. Thank you. Wonderful, dear, wonderful. Just be online. And Ms. Yeah, and Dear, do you receive any employment or retirement benefit from your previous job? No. No. Wonderful dear. And have you made any kind of changes in your Medicare plan in past [DURATION] [DURATION]? No, I don't change enough. Oh, I will. And your full name, it means Correct? Correct. Oh, wonderful Miss [PERSON_NAME]. And like how do you spell your first name? It's [PERSON_NAME], [PERSON_NAME], [PERSON_NAME], [PERSON_NAME], [PERSON_NAME], [PERSON_NAME], [PERSON_NAME], [PERSON_NAME]. Correct. Correct. Yeah, wonderful, dear. And Ms. Like your full mailing address with me, it's [LOCATION] [LOCATION] [LOCATION], [LOCATION], [LOCATION] [LOCATION] [LOCATION]. Correct. Yeah, correct. Wonderful dear. Ms. [PERSON_NAME] like [PERSON_NAME], after this accreditation you will be receiving some paperwork at your mailing address where you can have a look at it. And dear, like have you made any kind of changes in your Medicare plan in past [DURATION] [DURATION]? Yes. I don't understand. What, what is it have you made, have you made any kind of changes in your Medicare plan in past [DURATION] [DURATION]? No, I'm not changing nothing. Wonderful dear. Wonderful. Okay, like a big congratulations to you. You're fully qualified to receive all the benefit at $[MONEY_AMOUNT] premium to you. And they are like, what's your date of birth? Your birth date? [DATE_OF_BIRTH]. [DATE_OF_BIRTH] [DATE_OF_BIRTH]. [DATE_OF_BIRTH] [DATE_OF_BIRTH], [DATE_OF_BIRTH]. Yeah. Okay. Date, [DATE_OF_BIRTH] [DATE_OF_BIRTH], [DATE_OF_BIRTH]. Correct. Correct. Yeah, wonderful dear. Like I do say, you don't sound like you're from the year [DATE_OF_BIRTH], dear. And I do believe you don't look that old, Miss Bestie. Wonderful, dear. Okay dear, like now for the last confirmation. Do you have the red, white and blue metic card with you? Yes. Okay. Do you like. Is it handy? No, I got in my wall. Okay. Is it possible for you to grab. I can hold the line for you, dear. Well, I thought it. So I'm in the pocket right now. You know, even the last time somebody called me the same thing, I was aside. No, I'm. No, no, dear. Okay. I totally understood you, Ms. [PERSON_NAME]. And you're from [LOCATION] [LOCATION], [LOCATION], correct? Correct, Mom. Like, I just needed to grab your card handy so I can assist you for the deal. Is it possible I can hold the line for you? You call the liner for me. Well, I. Thank you. Want to know the truth? That's why I'm in the shower. So it's taking more than [DURATION] [DURATION] [DURATION]. Okay, I will give you a call back. Call back later. In like [DURATION] [DURATION] [DURATION]. Is it okay? Yes, it's okay. Yeah, mom, take a shower. Thank you very much. I will give you a call back. Just remember my name. [PERSON_NAME]. Ms. [PERSON_NAME]. Message. [USERNAME]. All right. Thank you very much. Okay, dear, have a great day. God bless you. I will give you a call back. All right.",276.0,0.92950225,672,4007,53,DATE_OF_BIRTH|DURATION|LOCATION|MONEY_AMOUNT|OCCUPATION|PERSON_NAME|USERNAME,"OPENING, NEEDS_ANALYSIS, PRODUCT_PITCH, FEE_DISCUSSION, OBJECTION_HANDLING",0.7153,tfidf_word_char_lr_threshold,True,"OPENING, PRODUCT_PITCH, NEEDS_ANALYSIS, FEE_DISCUSSION",0.95,True,"Agent greets the customer, pitches Medicare benefits, asks eligibility and health questions, and discusses the zero-cost premium."
callcenteren,3d08c5697ad44bfe99383c8031452756_transcript,b0b96e3e1ad6d17544e59741541e9fa405ebb246b08fec033b976b903359a72e,medicare_inbound.zip,medicare_inbound/3d08c5697ad44bfe99383c8031452756_transcript.json,medicare,inbound,"[ORGANIZATION] [ORGANIZATION] [ORGANIZATION] in [LOCATION] [LOCATION]. Can you hold, please? Sure. Thank you. You're welcome to replace the fluids they're losing. Seek immediate care. If possible, please bring in a small stool sample for analysis. We'll be right back. To assist you to provide exceptional care for your pet. Our [ORGANIZATION] [ORGANIZATION] is supported with extensive technological resources and leading edge equipment, including [MEDICAL_PROCESS] [MEDICAL_PROCESS] [MEDICAL_PROCESS] for precise diagnoses and treatment planning. [MEDICAL_PROCESS] [MEDICAL_PROCESS] [MEDICAL_PROCESS] provide a comfortable, safe glimpse of your pet'internal organs and bone structure to help us detect [MEDICAL_CONDITION], obstructions, evidence of disease or illness, even a litter of prenatal puppies on their way. To learn more about how we use advanced [MEDICAL_PROCESS] [MEDICAL_PROCESS] [MEDICAL_PROCESS] for the health of your pet, please ask or read more at [URL]. [PERSON_AGE] pets require special care to enjoy their golden [DURATION] in comfort. By visiting our clinic more frequently, we can detect and treat medical problems in early stages. One is less stressful on your pet and less costly for you. Common age related conditions in dogs and cats include [MEDICAL_CONDITION], [MEDICAL_CONDITION] [MEDICAL_CONDITION], [MEDICAL_CONDITION] [MEDICAL_CONDITION], [MEDICAL_CONDITION] [MEDICAL_CONDITION] and [MEDICAL_CONDITION] [MEDICAL_CONDITION]. In addition to a minimum of two exams a year for your [PERSON_AGE] pet, we encourage regular [MEDICAL_PROCESS] [MEDICAL_PROCESS] to monitor for conditions such as these. Excessive thirst, behavioral changes, reduced energy levels and loss of appetite are common problems in aging pets. As your beloved companions enter their golden [DURATION], we're here to help you enjoy many more [DURATION] of kisses, tail wags and companionships. Let's make this year your pets healthiest. Yet many pets are good at hiding signs of illness by the time they show outwards. Thank you for holding. How can I help you? Yes, I'd like to see if I can get [PERSON_NAME], my dog, in today for an [MEDICAL_CONDITION]. For a what? [MEDICAL_PROCESS] [MEDICAL_PROCESS]. O phone number one. You talking about a. A point? Yes, exactly. He had a really bad. Oh, sorry. Go ahead. That's correct. If that one didn't come up. Is there a different phone number? Yeah. Okay, there we go. We got [PERSON_NAME] [PERSON_NAME] in twice. What's the pet's name? [PERSON_NAME]. [PERSON_NAME]. Okay, I see what. Oh, there we are. Okay. Yeah, I can get you in this afternoon. It will be with the [OCCUPATION] though. O that's fine. Whatever we have to do. Okay. And he had hight side a point before. Yeah, so we had to take him to another ve time you had this reaction. You guys did. Okay. The [ORGANIZATION] [ORGANIZATION] in [LOCATION]. [ORGANIZATION] [ORGANIZATION]. Okay, okay, let'I can get you. Can you come in it too? Yeah, we'll make a point. All right. And when was he seen at [ORGANIZATION] [ORGANIZATION] for this last year. Okay. And I don't know the exact date. I could get all that for you. That's what I. That's okay. I'll call them for 2cl. And that's [PERSON_NAME]. [PERSON_NAME]. All right. Thank you so much. U hu. Bye.",285.0,0.91238153,498,3256,52,DURATION|LOCATION|MEDICAL_CONDITION|MEDICAL_PROCESS|OCCUPATION|ORGANIZATION|PERSON_AGE|PERSON_NAME|URL,"OPENING, NEEDS_ANALYSIS, PRODUCT_PITCH, ACTIVE_LISTENING, PASSIVE_AGREEMENT",0.621,tfidf_word_char_lr_threshold,True,"OPENING, PRODUCT_PITCH",0.6,False,Contains a brief opening followed by an automated recording pitching veterinary services and equipment.
callcenteren,9408723052_transcript,7b2acc5b289feaaaae906464deed4dcce87f6a60dc58c2baa1135d5fbb2b3ee8,insurance_outbound.zip,insurance_outbound/9408723052_transcript.json,insurance,outbound,"Hello? Yes, hi, my name is [PERSON_NAME], I'm calling you from [ORGANIZATION] [ORGANIZATION]. How are you doing today? I'm doing fine. That sounds good. So dear, the reason of my call to let you know that your Medicare is going upgrade for this year and you are also qualified to receive additional Medicare benefits with no additional cost to you. Hope that sound good to you? Me? Sounds good to me. Okay, so ma' am like for this upgradation I do believe you have Medicare part A and part B both. That's right. Hello [PERSON_NAME]. Yes. And you make your own health care decisions? I'm correct here. Okay, so Ms. [PERSON_NAME], like the benefit you're entitled to receive today, include your [OCCUPATION] copays, your specialist copies and many more. And it will gearing and transportation benefit. And you are also receiving medication co payment benefit. So ma' am, whenever you visit your drugstore, you don't need to pay for your prescription. And the best part of this ma' am is it at [MONEY_AMOUNT] [MONEY_AMOUNT] premium to you, you don't have to pay anything. Hope that sound good to you Miss. That sounds good. Okay, so ma' am like for the confirmation your primary residence is [LOCATION] [LOCATION] [LOCATION], [LOCATION], [LOCATION] with the zip code of [LOCATION]. Oh, that's correct. And your first name is [PERSON_NAME] and your last name is [PERSON_NAME] [PERSON_NAME] [PERSON_NAME] [PERSON_NAME] [PERSON_NAME] [PERSON_NAME]. That's correct dear. And what's your date of birth Miss [PERSON_NAME]? [DATE_OF_BIRTH] [DATE_OF_BIRTH], [DATE_OF_BIRTH]. I got it. And like ma' am, for the confirmation do you made any kind of changes in your medicare in last [DURATION] [DURATION]? No. Okay. And do you have any employer or retirement benefit from your previous job? No. Okay. So Ms. [PERSON_NAME], as I can see over here, you are totally qualified to receive all these benefits. So Ms. [PERSON_NAME], what I'm going to do, I will quickly get your call connected to the [OCCUPATION] [OCCUPATION] [OCCUPATION]. They gonna verify your some basic detail and they're gonna connect your call to the [OCCUPATION] [OCCUPATION] who is from your own city with the same zip code. And they will just take your precious [DURATION] [DURATION] [DURATION] [DURATION] to explain you all the things in detail. Hope that sound Good to you Ms. [PERSON_NAME]. Sounds, sounds good. Okay. And then before connecting this call, I hope you totally understood this call is all about your Medicare additional benefits. Okay. Okay. And ma' am like I do believe you have your red, white and blue medicare card with you. I'm correct, I have it, but I don't have it with me. Oh, so you have it. That's so ma, like, like it's not here. Okay. It's not a problem, ma' am. So, like, [OCCUPATION] [OCCUPATION] [OCCUPATION] asked you to get it, so don't worry about that, ma' am. So, Ma' am, Please be online. Your call is getting connected. I really appreciate your time and patient. Your call is getting connected. Please be online, you kind lady. Hello, [PERSON_NAME]. Yes, hello. Thank you for calling the [ORGANIZATION] [ORGANIZATION] [ORGANIZATION] [ORGANIZATION]. My name is [PERSON_NAME]. Now, based on the information received, am I speaking to [PERSON_NAME] [PERSON_NAME]? Yes. And I see it here that you are currently [PERSON_AGE] years old, correct? That's right. Okay. And now, for quality and training purposes, this call may be recorded. So before I connect you with a [OCCUPATION] [OCCUPATION] in your state for a no obligation code, I need to bear.",231.0,0.9536905,585,3539,53,DATE_OF_BIRTH|DURATION|LOCATION|MONEY_AMOUNT|OCCUPATION|ORGANIZATION|PERSON_AGE|PERSON_NAME,"OPENING, NEEDS_ANALYSIS, PRODUCT_PITCH, FEE_DISCUSSION, OBJECTION_HANDLING",0.7088,tfidf_word_char_lr_threshold,True,"OPENING, PRODUCT_PITCH, NEEDS_ANALYSIS, FEE_DISCUSSION",0.95,True,"Agent greets the customer, pitches a Medicare upgrade, verifies personal and eligibility details, and discusses the no-cost premium."
callcenteren,a033a9234160475da0ab68a700168330_transcript,576ae753d8397511e1b84723bc150fcb7c117e342fe4d5df7c9f48afeefe9b64,automotive_inbound.zip,automotive_inbound/a033a9234160475da0ab68a700168330_transcript.json,automotive,inbound,"Thank you for calling [ORGANIZATION] [ORGANIZATION]. Please press [PHONE_NUMBER] for [ORGANIZATION], [PHONE_NUMBER] for [ORGANIZATION], [PHONE_NUMBER] for [ORGANIZATION], [PHONE_NUMBER] for warranty, and your call is now first in line and will be answered by the next available [OCCUPATION]. Thank you for your patience. [PERSON_NAME] [PERSON_NAME], your call is now first in line and will be answered by the next available [OCCUPATION]. Thank you for your patience. [PERSON_NAME], your call is now first in line and will be answered by the next available [OCCUPATION]. Thank you for your patience. Your call is now first in line and will be answered by the next available [OCCUPATION]. Thank you for your patience. First in line and will be answered by the next. [PERSON_NAME] [PERSON_NAME], your call is now first in line and will be answered by the next available [OCCUPATION]. Thank you for your patience. Hi, good evening. Thank you for [PERSON_NAME] speaking. How much is you? Hi. I'm supposed to come this [DURATION] for a. What you call it now? Our change. Somebody called and told me about it and I didn't get the date. You said I should come in. Is it possible for you to let me know what date I'm supposed to come in? If they call is Ms. Who is calling? I can give you the phone number directly. It's a different [ORGANIZATION] [ORGANIZATION]. I can give you the phone number. The problem are going to be [PHONE_NUMBER], correct. Okay, thank you.",589.0,0.94968647,243,1457,24,DURATION|OCCUPATION|ORGANIZATION|PERSON_NAME|PHONE_NUMBER,"OPENING, CURIOUS_EXPLORATION, NEEDS_ANALYSIS, MISUNDERSTANDING",0.6064,tfidf_word_char_lr_threshold,True,"OPENING, CURIOUS_EXPLORATION, MISUNDERSTANDING",0.8,True,"Greeting followed by a customer inquiring about an appointment date, with some confusion regarding the specific organization involved."
callcenteren,recording-public_1054_transcript,b46e934f6f04e8d2f7d05ccd97dd9f82c52d742a503c3c78770d2bce4efc9c57,customer_service_general_inbound.zip,customer_service_general_inbound/recording-public_1054_transcript.json,customer_service,inbound,"So this is [PERSON_NAME]. Oh, hey, [PERSON_NAME]. Thanks for on the line. I have Ms. [PERSON_NAME] [PERSON_NAME] with me. She's from the state of [LOCATION] with the zip code [LOCATION]. Her date of birth is [DATE_OF_BIRTH] [DATE_OF_BIRTH], [DATE_OF_BIRTH]. She does not have any kind of life insurance policy in place at the moment, but she is interested to know the details on 5000 coverage plan. So can you please assist her further? Sure. Thank you. Hi, Ms. [PERSON_NAME]. Hello. How are you? Okay, good. Again, my name is [PERSON_NAME]. I'm a [OCCUPATION] [OCCUPATION] here in the [ORGANIZATION] [ORGANIZATION] [ORGANIZATION]. So you don't currently have a policy, but you're looking for about $[MONEY_AMOUNT] of coverage, is that correct? Right. Okay, so our rates range anywhere between $[MONEY_AMOUNT] [DURATION] [DURATION] to $[MONEY_AMOUNT] [DURATION] [DURATION], depending on the type of coverage you take out. Is that something that would be within your budget? Yes. Okay. And your date of birth is [DATE_OF_BIRTH]. Right. Okay. What is your height and weight? [PHYSICAL_ATTRIBUTE]. Okay. And are you currently taking medications for any medical conditions at all for [MEDICAL_CONDITION] [MEDICAL_CONDITION] [MEDICAL_CONDITION]? That's all. That's it. All right, great. Okay, so it looks like $[MONEY_AMOUNT] of coverage would be $[MONEY_AMOUNT] [DURATION] [DURATION], and $[MONEY_AMOUNT] of coverage would be $[MONEY_AMOUNT] [DURATION] [DURATION]. Which one of those do you feel best fits your needs and your budget? The [MONEY_AMOUNT]. Okay, so what we can do is get an application started for you, Ms. [PERSON_NAME], just to see if we can get you approved for the coverage in the first place. And you don't need to make a payment today. We do just have to schedule a payment for a future payment date. When do you want the first payment to draft out of your account? The [DATE] [DATE]. [DATE] [DATE]. All right. Okay. And then would it be coming out of a checking account, savings account, debit card or credit card? Checking account. All right. And you have the account information? Yes. Okay, perfect. And Ms. [PERSON_NAME], what is the address that you want the policy to be mailed out to? [LOCATION] [LOCATION] [LOCATION]. Number. What's the street name? [LOCATION] [LOCATION] [LOCATION]. Okay, and that's [LOCATION] [LOCATION]. Right. Okay. Ms. [LOCATION]. Thank you. Okay, and the best number to reach you is at the [PHONE_NUMBER]. Right. Okay. And Ms. [PERSON_NAME], is that a cell phone or a landline? It's a cell phone. It's the only phone I have. Perfect. Thank you. And do you have an email address? [EMAIL_ADDRESS] [EMAIL_ADDRESS] [EMAIL_ADDRESS] [EMAIL_ADDRESS] [EMAIL_ADDRESS] [EMAIL_ADDRESS] [EMAIL_ADDRESS] [EMAIL_ADDRESS]. [EMAIL_ADDRESS] [EMAIL_ADDRESS], Ms. [EMAIL_ADDRESS] [EMAIL_ADDRESS]. [EMAIL_ADDRESS]. Yes, ma' am. I love it. Okay, and what's your Social Security number? [US_SOCIAL_SECURITY_NUMBER]. [US_SOCIAL_SECURITY_NUMBER]. [US_SOCIAL_SECURITY_NUMBER]. [US_SOCIAL_SECURITY_NUMBER]. Yes. Okay, and then who do you want to list as your primary beneficiary? My son and daughter. [MONEY_AMOUNT]. [MONEY_AMOUNT] split. Right. Okay. And what's your son's first name? [PERSON_NAME]. And last name is? [PERSON_NAME]. [PERSON_NAME] [PERSON_NAME]. [PERSON_NAME] [PERSON_NAME], [PERSON_NAME], [PERSON_NAME], [PERSON_NAME], [PERSON_NAME], [PERSON_NAME], [PERSON_NAME] [PERSON_NAME], [PERSON_NAME], [PERSON_NAME]. Okay. Yep. And my daughter is [PERSON_NAME]. [PERSON_NAME], [PERSON_NAME], [PERSON_NAME], [PERSON_NAME], [PERSON_NAME], [PERSON_NAME], [PERSON_NAME]. And last name? [PERSON_NAME]. [PERSON_NAME] [PERSON_NAME], [PERSON_NAME], [PERSON_NAME], [PERSON_NAME] [PERSON_NAME], [PERSON_NAME]. Okay. [PERSON_NAME] is [PERSON_NAME]. I just want to make sure I got her down right. [PERSON_NAME], [PERSON_NAME], [PERSON_NAME], [PERSON_NAME], [PERSON_NAME], [PERSON_NAME], [PERSON_NAME]. Correct. Right. Okay. And then what's [PERSON_NAME] date of birth? [DATE_OF_BIRTH]. Okay. And what's [PERSON_NAME] date of birth? [DATE_OF_BIRTH] [DATE_OF_BIRTH]. Thank you. Okay. And then you said you want this to start the [DATE] [DATE], and we're going to start that. Do you want that to start this [DURATION]? Because we haven't hit the [DATE] [DATE] for [DATE_INTERVAL]. Is that okay? Okay, that'll be fine. Okay, perfect. And then it'll be the [DATE] [DATE] thereafter, and then it's going to be coming out of your checking account, you said. Right. Okay. And what bank is it? That's [ORGANIZATION]. [ORGANIZATION] [ORGANIZATION] [ORGANIZATION] Entry. [ORGANIZATION] [ORGANIZATION] [ORGANIZATION]. And what is the routing number? I don't have the routing number. Okay, that's okay. I can look that up. And what's the checking account number? I don't have it either. Oh, okay. Well, do you want to look for a bank statement or a checkbook to see if you can get it on there? I don't have one available right now. Okay. Do you want me to call you back this afternoon, or when do you think you would have it? Because we can't process your application, Ms. [PERSON_NAME], until tomorrow afternoon will be fine. Okay. I'll call you back. Tomorrow afternoon, then. Okay. All right. You have a wonderful day. Okay, thank you. Bye. You're. You're welcome. Bye. Bye.",388.0,0.96489584,771,5282,134,DATE|DATE_INTERVAL|DATE_OF_BIRTH|DURATION|EMAIL_ADDRESS|LOCATION|MEDICAL_CONDITION|MONEY_AMOUNT|OCCUPATION|ORGANIZATION|PERSON_NAME|PHONE_NUMBER|PHYSICAL_ATTRIBUTE|US_SOCIAL_SECURITY_NUMBER,"OPENING, NEEDS_ANALYSIS, FEE_DISCUSSION, PRODUCT_PITCH, OBJECTION_HANDLING",0.6753,tfidf_word_char_lr_threshold,True,"OPENING, PRODUCT_PITCH, FEE_DISCUSSION, NEEDS_ANALYSIS, SUCCESSFUL_SALE",0.98,True,"Greeting, pitch for coverage, discussion of rates/budget, health screening, and initiation of the application process."
callcenteren,7d42fa39e1b44220bd20a627ccf4fa41_transcript,ccc163d055a4647d02b48a346e3a2b34aac5cc138fd639152f4721e7214088fd,automotive_inbound.zip,automotive_inbound/7d42fa39e1b44220bd20a627ccf4fa41_transcript.json,automotive,inbound,"[ORGANIZATION] [ORGANIZATION] [ORGANIZATION]. This is [PERSON_NAME]. Who am I speaking with please? Hi, [PERSON_NAME], my name is [PERSON_NAME] [PERSON_NAME]. Hi, how can I help you? I'm looking at [ORGANIZATION] [ORGANIZATION] Page on the Internet. I see that you have a [DATE_INTERVAL] [ORGANIZATION] that's new with only 800 miles on it. Okay, you need a number or something off this? Yes, hold on one moment. What is the stock number on that? [VEHICLE_ID] [VEHICLE_ID]. It's black. Hold on. [VEHICLE_ID] [VEHICLE_ID]. Oh. [VEHICLE_ID]. Okay, where are you calling from? I'm calling from a [ORGANIZATION] near [LOCATION]. Oh, okay. Okay, let me see here. And what kind of bike is that? It's a street ride. Oh, okay. One second. Is flx hx. All right. That particular street glide, we no longer have it. But what I can tell you is we have about. I'm looking at at least 20 street glides that we do have in stock. Okay. We are having a red tag shelf if you want to come on out and check this out. Okay. Do you have any? I had a [DATE_INTERVAL] street light, it was all blue. It was a great bike. And I traded it in for a limited [ORGANIZATION] and then I traded that limited [ORGANIZATION] in for a Subaru. But I got the ditch to get a new bike. So I mean if it's been used, it's been well maintained and I wouldn't mind to use one either. But I was just curious on what price range am I going to be at. Oh gosh, those bikes again, because of their. We are having a sale right now, that red tag sale. So prior to the sale we're looking at anywhere between [MONEY_AMOUNT]. [MONEY_AMOUNT], but that's before the sale. And if you come out, this sale is going on [DURATION] [DURATION], [DURATION] the way till Sunday. So would you be able to come out on this Sunday and check out what we do have? Well, you're [DURATION] [DURATION] away from me, so I don't know. Oh, you're [DURATION] [DURATION]? Well, you can drive [DURATION] [DURATION] and save a crap ton of money, my friend. Well, I'm hoping, I mean if that's the case, I mean I'm willing to drive. I just, you know, I mean around here we're paid, you know, [MONEY_AMOUNT] to [MONEY_AMOUNT], [MONEY_AMOUNT]. And that's for new and pre owned and they got a lot of miles on the bike. I'm looking for a low mileage bike. It's been well maintained. I have one that is gunship gray, 156 miles, [MONEY_AMOUNT] [MONEY_AMOUNT] prior to the sale. And I have a black one. 19,000 miles. I have another black one. 3,100 miles. Let me see the one with 19,000 miles. You're looking at less than that, right? So, yeah, a 9,000 mile one. It's wicked red. It's 23,000 before the. Before the sale. Let me see here. That was like the second one you named. You're looking at a black one with less. With less miles. I thought you said you had a one with 383 miles. I have 1,000 miles. 3,000 miles is black. Before the sale, it's about 24,000 and we're slashing those prices this [DURATION] [DURATION]. So I mean, if I don't hold you to the price, could you tell me what kind of teach me and tell me what I can get one for and I'll drive the [DURATION] [DURATION]. Tell you what you can get it for. I don't have that information in front of me. I would. I mean, that's fine. Okay, well, I'll talk to my [MARITAL_STATUS] and see if she wants to go for a ride. And that way. Oh, I'm telling you, [PERSON_NAME] will totally make it your worth both your while. We are the number one dealership in the world. And when we have these sales, it's a beautiful thing because a lot of people come to us and they're like, I could not believe these prices were so low. Okay, okay, okay. All right, we'll see you soon, [PERSON_NAME]. You have a great day. Do you want to email me your name and, you know, and. And if you have a picture of that bike you can send me? Okay, yeah, give me your. Your limit. I have your phone number. You can text me, whatever. What's an email address for you, [PERSON_NAME]? The number underscore what? Father? Yeah. Okay. Okay, Got you. Fl. All right. All right, I'll go ahead and. You need to. You want a black one, right? Yeah. Okay. Black or blue? Okay. All right, [PERSON_NAME], give me just maybe about [DURATION] [DURATION] [DURATION] and I'll be able to get that up to you. Okay. Don't hurry. And thank you for your time. I really appreciate it. Not a problem, [PERSON_NAME]. We'll talk soon. Have a good day. Bye. Bye.",386.0,0.94305027,810,4372,50,DATE_INTERVAL|DURATION|LOCATION|MARITAL_STATUS|MONEY_AMOUNT|ORGANIZATION|PERSON_NAME|VEHICLE_ID,"OPENING, FEE_DISCUSSION, CURIOUS_EXPLORATION, NEEDS_ANALYSIS, PRODUCT_PITCH",0.6577,tfidf_word_char_lr_threshold,True,"OPENING, CURIOUS_EXPLORATION, PRODUCT_PITCH, FEE_DISCUSSION",0.9,True,"Greeting, customer inquiring about a specific vehicle, agent pitching alternative stock and a sale, and discussion of price ranges."
callcenteren,10ef1d293f014b7088b3173824277e6a_transcript,0df8671f5ae4859dc5498ca2dfe07e0836e8e41484eef1b448446db2e243c30a,medicare_inbound.zip,medicare_inbound/10ef1d293f014b7088b3173824277e6a_transcript.json,medicare,inbound,"The [ORGANIZATION] [ORGANIZATION]. This is not an [ORGANIZATION]. Can I ask you to hold for a moment? Yes, ma'am, thank you. Thank you very much for calling. Please continue to hold and we will be with you shortly. Holding, this is [PERSON_NAME]. How can I help you today? Sa? I got a quick question. I have a dog that has adn'disease for past [DURATION] [DURATION] and I recently got [MARITAL_STATUS] and moved back to [LOCATION] right here in [LOCATION] and all right now I have called [PERSON_NAME], the one that used to be treated for [MEDICAL_CONDITION] because I give her [MEDICAL_PROCESS] once a [DURATION] every [DURATION] because I travel all over because my job as since I got [MARITAL_STATUS], I'm kind of stable now for a little bit. But anyway her hind legs are gotten so weak [DURATION] [DURATION] [DURATION] ago even after her [MEDICAL_PROCESS] from her [DRUG] she still hasn't got her strength back. Told him for late and I know he's going to want her to be seen because I used to get my prescription sent to me through the mail to give to her. But I'm worried about her because she's not. I have to kind of sometimes kind of get her on her feet for her to go walk in. Just go PP or whatever. I got know. You brought her here before or was it a different. No, it was under a different [OCCUPATION]. I was last one was in [LOCATION]. But like I said I'm a [OCCUPATION] so I travel all over the place and I got [MARITAL_STATUS] [DATE_INTERVAL] [DATE_INTERVAL] [DATE_INTERVAL] [DATE_INTERVAL] so now I'm kind of like stable here and beautif for a while with my [MARITAL_STATUS] and so I used to just give her [MEDICAL_PROCESS] because I've done it for know a while so I just have it delivered to me but she's just not her. She's just very weak in the hind legs. So I know that [PERSON_NAME] [PERSON_NAME] is going to say hey, you need to find a [OCCUPATION] close to you to take her to and I won't use my [MARITAL_STATUS] yet because I don't like my [MARITAL_STATUS] bett. Okay, well that's all right. I do have some availability tomorrow actually I have a [TIME] if that would work. I'm sorry, [TIME] if that would work for you. [TIME] Oay, where are you located at? I was trying to find one close as I could to where we live at. Well, we're on [LOCATION] [LOCATION], we're in [LOCATION], we're past the [ORGANIZATION] [ORGANIZATION] [ORGANIZATION] and we're right next to the [ORGANIZATION] [ORGANIZATION]. Oh my gosh. I live in [LOCATION]. That's what I want to hear. So as you get off the interstate, you pass the [ORGANIZATION] [ORGANIZATION] in [LOCATION]. No, no, no. So when you get off the inter you're going to take a left and you're going to go towards [LOCATION], [LOCATION]. Closer you're going to go towards [LOCATION] [LOCATION] versus going down closer to the other side of [LOCATION] [LOCATION] [LOCATION]. So you're going to take a left and you got the interstate and you're going to pass the [ORGANIZATION] [ORGANIZATION] [ORGANIZATION]. It's huge. You'll see it. And then there will be a large. Yeah, you will brought by it. All right, keep on going and you're going to hit an intersection that's going to have the publicix all of that McDonald's. Keep going past that intersection, you will see a [ORGANIZATION] [ORGANIZATION]. We'the white and blue billing right to next to it, right to the left of it. Okay. I've been down that road [DURATION] [DURATION] times. I've never seen a [ORGANIZATION] [ORGANIZATION], but I think I know where that's that. Okay, that sounds great. Okay. Tomorrow. It's [PERSON_NAME]. Yes. And what's her name again? [PERSON_NAME]. [PERSON_NAME] [PERSON_NAME] [PERSON_NAME] [PERSON_NAME]. Okay. You happen. Do you happen to have any records from her past visit? No, I don't. That's the thing. I her [OCCUPATION] is going to call me back this afternoon and I can actually give you the phone number to that [OCCUPATION] office to see if they can wire all that to you or email it to you. That'd be wonderful. Yes. Or if they could just. I could give you our email and they can just send it to me. Would that be okay? Well, let me get a pen real quick. All right, One secondee. Because I know he's going to tell me to get her in it just. Okay. Because I've never been stable, you know, long enough in one place to get her regular. Okay, go ahead. All right. So it's a boy. Yes, ma'am. So j home. That's it. And what's the name of your clinic? [ORGANIZATION] [ORGANIZATION]. Ofua. I just want to make sure I'm here. Oh, the phone is break. Okay. They might be trying to call me back because she was supposed to get the [OCCUPATION] to call me back. Okay. All right, sounds good. So if you see what's going on with her, I've already given her her [MEDICAL_PROCESS] probably about [DURATION] [DURATION] [DURATION] [DURATION], [DURATION] [DURATION] ago. My [MARITAL_STATUS], we thought about giving her like another just one now, but I'm too afraid to because I know that they can't overdose on that. Okay. Okay. As long as we make sure that I will notate when did you give it again? I think around the [DATE] or [DATE] I used to try to give it to or within those [DURATION] that period of time just [MEDICAL_PROCESS] [MEDICAL_PROCESS], you know, [DURATION] [DURATION] but she was kind of wa before that but this time she just't come out of it and there's the child where she was just absolutely collapse and I'd have to rush her from mobile to root you know hopefully that does not happen but yeah, I had I took her into [ORGANIZATION] and mobile and they wanted to [MEDICAL_PROCESS] [MEDICAL_PROCESS] [MEDICAL_PROCESS] I kept telling no no no you don't know what it is well she needs to put down said not and they didn't understand and that kind of scared me so I don't take her I m Phra Somed's going to chop it [MEDICAL_PROCESS] [MEDICAL_PROCESS] well I understand all right we will get you seen tomorrow at [TIME]. Okay, sounds great thank you you're welcome Bye.",472.0,0.866366,1054,5921,99,DATE|DATE_INTERVAL|DRUG|DURATION|LOCATION|MARITAL_STATUS|MEDICAL_CONDITION|MEDICAL_PROCESS|OCCUPATION|ORGANIZATION|PERSON_NAME|TIME,"OPENING, NEEDS_ANALYSIS, ACTIVE_LISTENING",0.7012,tfidf_word_char_lr_threshold,True,"OPENING, NEEDS_ANALYSIS",0.8,True,Agent greets the customer and asks how to help; customer provides extensive details about their dog's medical situation.
callcenteren,2021-08-18-14-23-16_32ae98f7-ba5b-4356-9373-144e9e28587a_v2sh_TORzzPOZamU13WcNK3Tf-rWQNEbAt1u4g936IyQ-cvF0_WtUlPA_transcript,cb17643ee9e11f40921aca8b38615d1099aa3ff80c9639901da0aa36e7d4abd3,automotive_and_healthcare_insurance_inbound.zip,automotive_and_healthcare_insurance_inbound/2021-08-18-14-23-16_32ae98f7-ba5b-4356-9373-144e9e28587a_v2sh_TORzzPOZamU13WcNK3Tf-rWQNEbAt1u4g936IyQ-cvF0_WtUlPA_transcript.json,insurance,inbound,"Call may be recorded. Hello. Good morning. My name is [PERSON_NAME] [PERSON_NAME]. I'a [OCCUPATION] [OCCUPATION]. How can I help you today? I don't know. Okay, well, let me see what I can do to help you, Ma am, My name is [PERSON_NAME] [PERSON_NAME]. I'a [OCCUPATION] [OCCUPATION] with [ORGANIZATION] [ORGANIZATION] [ORGANIZATION] [ORGANIZATION]. And we're on a recorded line. How are you doing this morning? Pretty good. Good. All right, good to hear. Who do I have the pleasure of speaking with this morning? What's your first nameA Nice to meet you. [PERSON_NAME]. [PERSON_NAME]. Let me start by saying thank you, [PERSON_NAME]. I do appreciate your time here with me today. What we do here is to make sure that you're receiving all your Medicare benefits that are available to you. I just need to verify a few items with you. That way I can start to pull up the available options for you in your area. Now, [PERSON_NAME], you are currently enrolled in Medicare Part A and Part B, correct? Correct. Okay, great. And [PERSON_NAME], what is your zip code where you live? [LOCATION] Oay. All right. And [PERSON_NAME], I do need to verify that you make your own healthare decisions when it comes to your plan choices about your Medicare options. Yeah. Okay, great. I have you in [LOCATION] [LOCATION], [LOCATION]. Is that right? Yep. Okay, greatgh. Now, do you currently have a plan that goes along with your Medicare Part A and part B/A? No, but they said that I'm supposed to get C and D this month'supposed. To get C and D this [DURATION]. Okay. Now, do you happen to have your red, white and blue Medicare card available? [PERSON_NAME], I can pull you up. We can see exactly what you qualify for here today. Okay. Okay, Im ready for you when you have it. They are available. I'll get it. Sure. Take your time, ma'am. Okay. All right. I'm ready for you, [PERSON_NAME]. You want my Medicare number? Your Medicare card there? Yes, ma'am, please. [HEALTHCARE_NUMBER] thank you. [PERSON_NAME]. Okay. Yeah, I do see. See, starting this [DURATION], let's take a look here. I do see you've had Medicare. Your Medicare started back in [DATE_INTERVAL] [DATE_INTERVAL] [DATE_INTERVAL]. Okay. Here it looks to me like you just talked to somebody recently and they got you set up with a new plan. [DATE_INTERVAL] [DATE]. Here, [PERSON_NAME]. [PERSON_NAME]. Do you also have Medicaid in your state? Do you have Medicaid also? I have a Medicaid number I go by, but I don't have a card. Okay, I got you. All right. Now, [PERSON_NAME], let me take a look and look at your plan here. [HEALTHCARE_NUMBER] [HEALTHCARE_NUMBER]. Now, [PERSON_NAME], in the past, have you ever been diagnosed with [MEDICAL_CONDITION] or [MEDICAL_CONDITION] [MEDICAL_CONDITION] [MEDICAL_CONDITION]? No. No. Okay. I do see that they got you going in [ORGANIZATION] Medicare Assured HMO DSMP plan starting [DATE_INTERVAL] [DATE], right? Looks to me like you talked to somebod a couple [DURATION] ago. So they got you going in that for the [EVENT] [EVENT]. So your next available time to take a look at your Medicare option score is actually going to be during the open or annual enrollment period, rather [DATE_INTERVAL] [DATE] through [DATE] [DATE] of each year because they just went ahead and took care of this for you for this [DURATION] that we just got into now in [DATE_INTERVAL]. So your next available time to look at this again would be in [DATE_INTERVAL]. What I can do is mark your account, [PERSON_NAME]. That way we can reach out to you in [DATE_INTERVAL] to see what your plan choices will be at that time because they're going to come out with new and exciting things on [DATE_INTERVAL] [DATE] for the [EVENT] [EVENT], but they're not available yet. And right now you just made a change. So that kind of ties my hands from doing anything else with you here today further. But I do want to thank you for your time and wish all the best for you. You have a great day. Thank you.",337.0,0.9131476,680,3952,62,DATE|DATE_INTERVAL|DURATION|EVENT|HEALTHCARE_NUMBER|LOCATION|MEDICAL_CONDITION|OCCUPATION|ORGANIZATION|PERSON_NAME,"OPENING, NEEDS_ANALYSIS, PRODUCT_PITCH, PASSIVE_AGREEMENT",0.6887,tfidf_word_char_lr_threshold,True,"OPENING, PRODUCT_PITCH, NEEDS_ANALYSIS",0.9,True,"Contains a greeting, a pitch regarding Medicare benefit optimization, and verification of the customer's current plan and eligibility."
callcenteren,2020-03-27-20-26-06_3185c3ec-7069-11ea-9fd5-0eec45eb3237_2f6779b6-7069-11ea-93d5-1111a3f3bc1f_transcript,db0438b00e5037c1922cb32f54f0830a25a76ee40fc1e70dc501590f5e0a5bb1,auto_insurance_customer_service_inbound.zip,auto_insurance_customer_service_inbound/2020-03-27-20-26-06_3185c3ec-7069-11ea-9fd5-0eec45eb3237_2f6779b6-7069-11ea-93d5-1111a3f3bc1f_transcript.json,insurance,inbound,"Thank you for calling. This call is being recorded for quality and training purposes. If you're currently insured and looking for a great new quote, please press [PHONE_NUMBER]. If you're currently uninsured and looking for a quote, please press if you're currently insured by [ORGANIZATION]. Please enter your 5 digit zip code now so we can connect you with the best local provider in your area. 2, [PHONE_NUMBER], [PHONE_NUMBER]. Please enter your 5 digit zip. If you're looking to insure one car, please press [PHONE_NUMBER]. If you are looking to insure more than one car. Thank you. I'm now connecting you to [ORGANIZATION] [ORGANIZATION]. Connecting. Sir, your call is. Connecting. Your call may be monitored or recorded for quality assurance and other purposes. Learn more about our privacy policy@libertymutual.com privacy I really appreciate your time, sir. Just connecting. I'm looking for Best [OCCUPATION] [OCCUPATION] for you. Connecting, sir. Customer, your call is important to us. Our [OCCUPATION] do know you are waiting and will be with you as soon as possible. Thank you. I'm looking for best one [OCCUPATION]. Mr. [PERSON_NAME], are you there? Yes. Yes, sir. I'm looking for you. Sir. You have reached us during a high call volume period. Please continue to hold. Your patience is appreciated. [PERSON_NAME]. Hello and welcome to the [ORGANIZATION] [ORGANIZATION] [ORGANIZATION] quote line. We appreciate your business and apologize for this delay. Currently, all of our [OCCUPATION] [OCCUPATION] are assisting other customers. Your call is very important, so please leave us a detailed message including your full name, telephone number with area code and the reason for your call. Please note any voicemails recorded after [TIME] [TIME] [TIME] [TIME] will not be returned until the next business day or you are welcome to call us again later in the day or evening when our [OCCUPATION] [OCCUPATION] will be able to assist you. Once again, thank you for your patience and for calling [ORGANIZATION] [ORGANIZATION] [ORGANIZATION]. We look forward to assisting you with all your insurance needs. Record your message after the tone. When you've finished, you can hang up or press [PHONE_NUMBER] for more options. Yes, my name [PERSON_NAME] [PERSON_NAME]. My telephone number [PHONE_NUMBER] to they wake y' all call me about. You can provide me with a cheaper rate of insurance and I want to know more about it. You can give me a call back, let me know. I got [DATE_INTERVAL] [ORGANIZATION] Ultima.",289.0,0.96273214,403,2515,33,DATE_INTERVAL|OCCUPATION|ORGANIZATION|PERSON_NAME|PHONE_NUMBER|TIME,"OPENING, NEEDS_ANALYSIS, CURIOUS_EXPLORATION",0.7387,tfidf_word_char_lr_threshold,True,"OPENING, NEEDS_ANALYSIS",0.7,False,The transcript consists of an IVR greeting and automated prompts asking for insurance status and zip code to determine provider fit.
callcenteren,8594316149_transcript,a4d3c68f7dbd09ad05e56aa133ea1bcd9ea0e084f19a7caea0cadcdadf81ab50,insurance_outbound.zip,insurance_outbound/8594316149_transcript.json,insurance,outbound,"Hi, my name is [PERSON_NAME], how are you doing today? Okay, that sound great, ma' am. God bless you. So I'm calling from [ORGANIZATION] [ORGANIZATION] [ORGANIZATION]. The reason of my call, to let you know your medicare is getting upgrade and you are receiving some additional medicare benefits at no cost to you. I hope that's good to you, honey. Yes, yes, yes. What kind of good benefits am I getting? Yeah. So the benefit that you are eligible to Receive include your [PERSON_NAME]. [PERSON_NAME], your specialist copay. It will also cover your glasses, hearing, vision and transportation benefits. And the best part, after this, after this update, whenever you visit your drugstore, you don't have to pay anything. This will be [MONEY_AMOUNT] [MONEY_AMOUNT] freedom to you. Sound good to you? Okay, sounds good. Okay, so far this update I do believe you have medicare part A and B. Both are active. Yes. Okay, so ma' am, just a verification, can you help me out? What is your first name? [PERSON_NAME]. [PERSON_NAME] [PERSON_NAME] [PERSON_NAME] [PERSON_NAME] [PERSON_NAME] [PERSON_NAME] [PERSON_NAME]. [PERSON_NAME] [PERSON_NAME] [PERSON_NAME] [PERSON_NAME] [PERSON_NAME]. Last name is spelled [PERSON_NAME] [PERSON_NAME] [PERSON_NAME] [PERSON_NAME] [PERSON_NAME] [PERSON_NAME]. Okay, thank you so much ma' am. So ma' am, your zip code is [LOCATION], is it right? That's right. Okay, I got it ma' am. So for last confirmation, ma' am, do you receive any employment or retirement benefits like from your previous job? No. No. Oh yeah, that sounds great. So congratulation to you [PERSON_NAME]. As I can see here, you are totally qualified to receive all this benefit at [MONEY_AMOUNT] [MONEY_AMOUNT] freedom to you. So now without your wasting time, what I will do, I will quickly get connect to my [OCCUPATION] [OCCUPATION] who is from your own city with the same zip code. Zip code is [LOCATION] and he is the nearby you so he can let you know when and how you. No, no. My zip code is [LOCATION], is that right? Yes, that's right. He said [LOCATION] before so I thought. Oh, better crush you there. Yeah, ma' am, sorry for that. So ma' am, the verification from your own city with the same zip code. So he's nearby you so he can let you know when and how you receive the paperwork about benefit. Okay, ma' am. Okay ma' am, before your call connected, I do believe. Do you have the blue, white and red medicare card with you, ma' am? The red, white and blue medicare card? Yes, I do. That sounds great. God bless you. So ma' am, have you made any kind of changes in your medicare plan in last [DURATION] [DURATION]? No. No. Okay, that sounds great. So ma' am, as I can see here you are Totally eligible to receive all these benefits at $[MONEY_AMOUNT]. Freedom to you. So, ma' am, the [OCCUPATION] [OCCUPATION] will ask you what's the Medicare ID number so you can provide him so he can check what more benefit you are receiving in your existing plan and when and how you receive the paperwork about benefit. Okay. Okay. Okay. So, ma' am, can you help me out? What's your date of birth? Your Data was like [DATE_OF_BIRTH] [DATE_OF_BIRTH], [DATE_OF_BIRTH]. Is it right? [DATE_OF_BIRTH] [DATE_OF_BIRTH], [DATE_OF_BIRTH]. [DATE_OF_BIRTH] [DATE_OF_BIRTH], [DATE_OF_BIRTH]. Okay, so ma' am, your voice not like a [DATE_OF_BIRTH]. Your voice so young over the phone, to be honest. Yeah, man. Seriously. Okay, thank you. Thank you. Okay. So ma' am, the [OCCUPATION] [OCCUPATION] asked you what's the Medicare ID number so you can provide him so he can check what more benefit you are receiving in your existing plan. Okay. Okay. You want me to go get my card and give you the number? Yeah. No, no. The [OCCUPATION] [OCCUPATION] ask you, then you will be provide him. Okay. Okay. Your date of birthday, like [DATE_OF_BIRTH] [DATE_OF_BIRTH], [DATE_OF_BIRTH]. Is it right? [DATE_OF_BIRTH] [DATE_OF_BIRTH], [DATE_OF_BIRTH]. Second means [DATE_OF_BIRTH]. [DATE_OF_BIRTH]. [DATE_OF_BIRTH]. [DATE_OF_BIRTH] [DATE_OF_BIRTH], [DATE_OF_BIRTH]. Okay. [DATE_OF_BIRTH]. [DATE_OF_BIRTH]. Okay, I got it. Thank you so much, ma' am, giving all this information. I really appreciate your patience, ma' am. So, ma' am, before your call getting connected, I do believe you totally understood this call is all about your additional Medicare benefit. Okay. Okay. The [OCCUPATION] [OCCUPATION] asked you what's the Medicare ID number so you can provide him. Okay. Okay, here we go. I really appreciate your patience. And this is the perfect number to reach you, ma' am. Yes. This number right here, this is home number. Yeah, that sounds great. So, ma' am, how was your day so far? So far. Okay, that sounds good. So, ma' am, to be honest, you are very kind lady. Ma, seriously, Ma, you are the first person. So sweet. Thank you. So, ma' am, here we go. I really appreciate your patience. Your call getting connected in [DURATION] [DURATION]. Be online. Okay. Okay, Okay. I. I introduced you, my verification to you. Okay. Okay, here we go. Be online. Your call getting connected in [DURATION] [DURATION]. Hello, [PERSON_NAME]. Thank you for your interest about Medicare. Hello? Hello, this is [PERSON_NAME] from [ORGANIZATION] [ORGANIZATION] [ORGANIZATION] [ORGANIZATION]. Am I speaking with [PERSON_NAME] [PERSON_NAME]. [PERSON_NAME]? Yes. All right. So can I please confirm your age now? Is it [PERSON_AGE]? [PERSON_AGE] is correct. Thank you for confirming. Now, for quality and training purposes, this call may be recorded. And before I connect you with a [OCCUPATION] [OCCUPATION] in your state for a no obligation code, I just need to validate a few pieces of information. Alright. Okay. So let me start by asking, are you currently enrolled with Medicare A and B or Medicare Advantage plan? I've got a Medicare card that you know, but I guess you call that enrolled. I've got a Medicare card. Okay, so thank you so much for confirming that, ma' am. And are you also enrolled with a second.",467.0,0.9518915,988,5973,88,DATE_OF_BIRTH|DURATION|LOCATION|MONEY_AMOUNT|OCCUPATION|ORGANIZATION|PERSON_AGE|PERSON_NAME,"OPENING, NEEDS_ANALYSIS, PRODUCT_PITCH, FEE_DISCUSSION, PASSIVE_AGREEMENT",0.7184,tfidf_word_char_lr_threshold,True,"OPENING, PRODUCT_PITCH, FEE_DISCUSSION, NEEDS_ANALYSIS",0.95,True,"Greeting present, agent pitches specific benefits, mentions 'no cost', and verifies customer identity and employment status."
callcenteren,d97d559168264dd69123fe804aadef2f_transcript,3ef8337e8ade2c6c6475098a7d30b40698a59f64aad4411e397db6ca82e752c8,automotive_inbound.zip,automotive_inbound/d97d559168264dd69123fe804aadef2f_transcript.json,automotive,inbound,"Thank you for calling [ORGANIZATION] [ORGANIZATION]. How can I help you? Sure, what's your name? [PERSON_NAME] [PERSON_NAME] with [ORGANIZATION] [ORGANIZATION] [ORGANIZATION] [ORGANIZATION] [ORGANIZATION]. [PERSON_NAME]. Okay, give me one moment. Yes, ma' am. Thank you. Welcome to [ORGANIZATION] [ORGANIZATION], [LOCATION] fastest growing dealership for [DURATION] [DURATION] and counting. Be sure to visit with our state of the art [ORGANIZATION] [ORGANIZATION]. Open Monday through Friday, [TIME] to [TIME] and Saturday [TIME] to [TIME] Also extended hours on Wednesday, [TIME] to [TIME] Ask for your special price on a computerized vehicle alignment for most vehicles at only [MONEY_AMOUNT]. [ORGANIZATION] [ORGANIZATION] State of the art sales and service facility is just [DURATION] from downtown, [LOCATION] [ORGANIZATION] [ORGANIZATION], [LOCATION] [LOCATION], [LOCATION] [LOCATION] and [LOCATION]. We're located at [LOCATION] [LOCATION] [LOCATION] [LOCATION] at the corner of [LOCATION] [LOCATION] and [LOCATION] [LOCATION] in [LOCATION]. Did you know that our [ORGANIZATION] [ORGANIZATION] is open Wednesday evening until [TIME] at [ORGANIZATION] [ORGANIZATION], we offer convenient sales hours that accommodate your busy lifestyle. We're open from [TIME] to [TIME] Monday through Saturday. Come out and test drive the car, truck or SUV you've been dreaming about. Check us out at [URL]. [ORGANIZATION] [ORGANIZATION] offers a full lineup of new vehicles. Our tremendous selection includes fuel efficient sedans, rugged and roomy SUVs, family friendly vans and a full lineup of mid to full size trucks. Speaking of trucks, they are our specialty with one of the largest selections in [LOCATION]. Come see for yourself today or check us out at [URL]. speaking of service, [ORGANIZATION] [ORGANIZATION] [ORGANIZATION] [ORGANIZATION] is open [DURATION] [DURATION] a [DURATION], even on Saturday. Our factory certified professionally trained [OCCUPATION] are standing by to service your vehicle with service hours from [TIME] to [TIME] Monday through Friday and [TIME] to [TIME] on Saturday with extended hours Wednesday, [TIME] to [TIME] At [ORGANIZATION] [ORGANIZATION], our customers tell us our selection and great prices on new trucks. Absolutely embarrass other [OCCUPATION]. Don't make a $[MONEY_AMOUNT] mistake. Find out more on our website at [URL]. we realize we may only get one opportunity at earning your business. So you better believe we're going to make a trip to [LOCATION] worth your time. No matter how far or close you live, [ORGANIZATION] [ORGANIZATION] is worth your consideration. Don't make a [MONEY_AMOUNT] [MONEY_AMOUNT] [MONEY_AMOUNT] mistake. Getting a low price means little if you don't get all the money for your trade. That's why [ORGANIZATION] [ORGANIZATION] is the home of the better total deal. We need your trade to build up our used car inventory and we're Willing to pay above market value to get it. We are an official true car buying center where you can even sell us your old car if you prefer. Did you know that [ORGANIZATION] [ORGANIZATION] installs accessories from window tent to complete 4x4 lift kits, [ORGANIZATION] [ORGANIZATION] can make your vehicle into the perfect vehicle. We have what we advertise and our discounts are on our most popular vehicle. At [ORGANIZATION] [ORGANIZATION]. We want you to pay less for the vehicle that you want. That's [ORGANIZATION] [ORGANIZATION]. [URL] With hundreds of new trucks and SUVs on our lot every day, you know you're going to find the one that you want and not the one you have to settle for at another [OCCUPATION]. Check us out at [ORGANIZATION] [ORGANIZATION] at [LOCATION] [LOCATION] [LOCATION] [LOCATION] at the corner of [LOCATION] [LOCATION] and [LOCATION] [LOCATION] in [LOCATION], just [DURATION] from downtown [LOCATION] [ORGANIZATION] [ORGANIZATION], [LOCATION] [LOCATION], [LOCATION] [LOCATION] and [LOCATION]. Don't forget about our tremendous selection of certified and programmed vehicles. [ORGANIZATION] [ORGANIZATION] keeps a great inventory of late model low mileage cars. To help you get a newer car on a lot less budget. Check us out at [URL]. with all of our tremendous selling volume comes incredible financial strength. With dozens of [OCCUPATION] on hand fighting for your business every day, it's easy to get you financed. Even if you have great good, bad or totally bad credit you, you are guaranteed approval here. Getting you financed is just part of our culture. [ORGANIZATION] [ORGANIZATION] [URL] Were you aware that we partner with most businesses in [LOCATION] and the surrounding area offering you employee pricing? Ask us how to qualify for this discount at [ORGANIZATION] [ORGANIZATION]. Did you know you can do your entire shopping online? Go to our website at [URL] where you can submit your vehicle request, complete your credit application and have your new purchase delivered directly to you. Or use our popular curbside delivery that is at [ORGANIZATION] [ORGANIZATION] located [DURATION] from anywhere in [LOCATION] off of [LOCATION] and [LOCATION] [LOCATION]. Tired of paying maintenance on your vehicle? At [ORGANIZATION] [ORGANIZATION], the maintenance is on us. With any new vehicle purchased, your maintenance is covered for [DURATION] [DURATION] or 25,000 miles. Let our certified [OCCUPATION] [OCCUPATION] give you all the details so you can start saving money. Today. You will appreciate the professional and courteous [OCCUPATION] [OCCUPATION] at [ORGANIZATION] [ORGANIZATION]. Each are certified by [ORGANIZATION] and are driven to give you excellent customer service. Our bilingual team is here to assist you with your vehicle purchase. Come see the newest and latest [ORGANIZATION] dealership in [LOCATION], [ORGANIZATION] [ORGANIZATION], located right here in [LOCATION] at [LOCATION] [LOCATION] [LOCATION] [LOCATION] at the corner of [LOCATION] [LOCATION] and [LOCATION] [LOCATION]. Over 20 acres of new Toyotas and pre owned vehicles. You are starting to find the vehicle of your dreams right here at [ORGANIZATION] [ORGANIZATION], the new [ORGANIZATION] [OCCUPATION] [OCCUPATION] in the [LOCATION] area. Hello, [PERSON_NAME] [PERSON_NAME]. How my [OCCUPATION] call? Yes, I've been waiting for a while for Mr. [PERSON_NAME]. Where? [PERSON_NAME]? Okay, one moment. Hello, Mr. [PERSON_NAME], this is [PERSON_NAME] [PERSON_NAME] with [ORGANIZATION] [ORGANIZATION] [ORGANIZATION] [ORGANIZATION] [ORGANIZATION]. I was calling because Mr. [PERSON_NAME] is buying. He's purchasing two units from you and just. Yeah, I know, I know. Yeah, he wants to come in and purchase two. Yes, sir. So do you have a complete purchase order for him on both vehicles? Well, I gave him two buyers orders yesterday, so he should have them in his hand. And then he was. And he said he was coming in today to look at a different vehicle. So I'm gonna make sure before I do another buyer's order that these are the two that he wants because he asked about another car. So. And keep making buyers on it. So I want to make sure. But I gave them two yesterday. Yes, and I do have those two, but that's the reason I was asking because I know like, you know, they have to be completely filled out. So I'm glad that you said that. And then. Okay, so then I'll go ahead and wait for that and then do y' all accept auto draft? Yes, ma' am. Yes, we do. Okay. All right, so this is what I'm gonna do. I'm gonna say reply, but I'm gonna. Can I get your. Your email address? Yes. Where. See where huh.com. okay. So that I'm sure that I calm. That's correct. Okay, awesome. So I'll just go ahead and just, you know, send you an email so you have my information so that when we're. It's time for me to send you the auto draft, I'll have your information already in hand. Okay. And that way when you have the purchase, you could email them to me. Thank you. Okay. You're welcome. All right, thank you. Bye Bye.",693.0,0.96841174,1242,7928,175,DURATION|LOCATION|MONEY_AMOUNT|OCCUPATION|ORGANIZATION|PERSON_NAME|TIME|URL,"OPENING, NEEDS_ANALYSIS, CURIOUS_EXPLORATION, FEE_DISCUSSION, PRODUCT_PITCH",0.6395,tfidf_word_char_lr_threshold,True,"OPENING, PRODUCT_PITCH, FEE_DISCUSSION",0.85,True,Greeting followed by a recorded pitch for dealership services and a specific price for vehicle alignment.
callcenteren,c1ac3e30af0f4fb7a40fbd9a7b49c937_transcript,b3fd8b08b0f1d84d533a15064e822ea5868184c7c74268f85af1f0098abe8e7b,home_ervice_inbound&telecom _outbound.zip,home_ervice_inbound&telecom _outbound/c1ac3e30af0f4fb7a40fbd9a7b49c937_transcript.json,home_service_telecom,outbound,"Thank you for calling [ORGANIZATION] [ORGANIZATION] [ORGANIZATION] [ORGANIZATION]. We fix your pains. If you know your party's extension, dial it now. For existing customers inquiring about an order status or scheduled appointment, press [PHONE_NUMBER] to receive an estimate or place a new order for your home or business. To speak with the [ORGANIZATION] [ORGANIZATION], press [PHONE_NUMBER]. If you have received an estimate you would like to fix the paint. This is [PERSON_NAME]. How may I help you? Hi. My [MARITAL_STATUS] car window was broken, so I'm looking for someone who can replace it. Yeah, of course. And you said this is for your vehicle? Yeah. What's the year making can model the vehicle, Sir? It's a [DATE_INTERVAL] [ORGANIZATION] Q3. Q3? Yes. Okay, and quick question, sir. When the vehicle was first purchased, was there any privacyent on it or There was no privacy tent. There was no privacy tent. No, I'THINK so.",101.0,0.9050739,152,934,12,DATE_INTERVAL|MARITAL_STATUS|ORGANIZATION|PERSON_NAME|PHONE_NUMBER,"OPENING, CURIOUS_EXPLORATION, NEEDS_ANALYSIS, PASSIVE_AGREEMENT",0.6265,tfidf_word_char_lr_threshold,True,"OPENING, NEEDS_ANALYSIS",0.9,True,"Agent greets the customer and asks for specific vehicle details (year, make, model) to assess the repair need."
callcenteren,05b9ab1f000146d3ab18468bb2370edf_transcript,eb5593941c4bef87f23a597fafe6660353ee607509f72d931ffdd987e08d4d9b,automotive_and_healthcare_insurance_inbound.zip,automotive_and_healthcare_insurance_inbound/05b9ab1f000146d3ab18468bb2370edf_transcript.json,insurance,inbound,"[ORGANIZATION] [ORGANIZATION], this is [PERSON_NAME]. Can I help you? Hi. I wanted to get some information on one of your pre owned vehicles. Yeah, I can help you with that. All right. It's the 2021Lexus RX50, the one that thirtyes. Do you have what the left four of the stock number [MONEY_AMOUNT]. Yes, we still have it T. Okay, can you tell me a little bit about it? I'm showing what is the price looking at right now it is [MONEY_AMOUNT] is the one on the car certified for owned? Yeah, certified so in service date when they original was? [DATE] [DATE]. So the cars will be almost [DURATION] [DURATION] old. So you get additional [DURATION] [DURATION] [DURATION] after that. So [DURATION] [DURATION] [DURATION] [DURATION] [DURATION] warranty come with it. Unlimit mileage? Yeah. Okay. Is there any damage wear and teir that's obvious or to be concerned about? Well, this is clean cost fact no accident. But I can go outside and walk around so I can find something. But most of the time that we repair before we put out a lot like do iting we fix that some scratch and we buff it out. Okay, let me ask you. I know interest rates are kind of crazy right now and I know going through like a credit union or maybe getting our own financing might be the best way to go. Do you all have any offers that you're running for these? No, we don't have any RF special what kind of interest rate your credit UN offer you? About 6%. Yeah, yeah that s probably that's what most banks or credit union around that. So right now we're sitting at 6%. Yeah. I can send you credit application filling out. This is up to the ban what they come back with and how much money you borrow and depend on how much down payment as well. Okay. There's no one they can tell you what exactly. Right. Unless we submit a to theing holder. Right, right. Okay. And you know say we were to want to purchase this. Would this be something we'd be able to do? Like we could call you through and look at it through FaceTime. You'd be able to deliver it Delivered to where? [LOCATION]. Okay. I live in [LOCATION]. It's not that far another hour. Oh, from [LOCATION] only [DURATION] [DURATION] probably. Okay. Yeah. So I live I know why I hadtch you there. Okay. Possibility I'm off tomorrow I probably ask my [MARITAL_STATUS] can help me out and drive it there. Well yeah, I mean that'd be great. I mean I'd like to definitely look at it. I would be interested. What am I send the package. That way you can see the picture better. And let me see something here. Yeah. Okay. What is your phone number? Okay. First name? [PERSON_NAME]. [PERSON_NAME] [PERSON_NAME] [PERSON_NAME] [PERSON_NAME] [PERSON_NAME] [PERSON_NAME]. [PERSON_NAME] [PERSON_NAME]. I'm sorry, somebody'talking I couldn't hear. That's okay. [PERSON_NAME] [PERSON_NAME] [PERSON_NAME] [PERSON_NAME]. [PERSON_NAME] [PERSON_NAME] [PERSON_NAME] [PERSON_NAME] [PERSON_NAME] [PERSON_NAME] [PERSON_NAME] [PERSON_NAME] [PERSON_NAME]. [PERSON_NAME] [PERSON_NAME] [PERSON_NAME] [PERSON_NAME] [PERSON_NAME]. Okay. [PERSON_NAME]. [PERSON_NAME]. Okay. All right. I just sent to you right now. Hopefully you were able to see it. And you click the picture very clear. And plus I can go out and take a walk and see if I find something wrong with it. Black with bige interior. That bamboo wood were to I guess do my application or whatever. Then y'all search around for the best ratece or what? That's correct. Yeah. And then you tell us how much you want to put down and how long you want to finance it for. And then we submit it to the bank. And I will tell you exactly payment and the term and the rate before we do any contract. Yeah, I'm sorry. All you have is theetic. Is that what it's supposed to be? But all we carry here is a pool at [MONEY_AMOUNT]. Can you hear me? No, I couldn't hear you. I thought you talked to someone else. Can hear me? Yeah. Now. I can hear your voice now. Okay, good. Sorry, my airpod is disconnected. I'm getting my oil Change while I'm T.R. o. Okay. Yeah, yeah. So I mean we're interested. So as far as. Right. No trade ins. No trade ins. This would be a second vehicle. ###ay so obviously interest rates are biggest concern right now. With everything going on. I don't want to pay over rate possible. But if you're saying that interest rates are about 6, you know, between 5, 5 and 6. I cannot say that. Let's submit it. Let's work on it. We try to get the lowest price on the rates we have Texasit UN they locate in [LOCATION]. What's the name of your credit union? Well, I have one of my cars through [ORGANIZATION]. Yeah, we have [ORGANIZATION] here. Yeah. So what did you say? One of the lowest ones is where in [LOCATION]? Yeah, we have [ORGANIZATION] [ORGANIZATION] and you have an [ORGANIZATION]. Okay, so which one? What are they running right now? It like [LOCATION] it either one of them that is the lowest. Around [TIME]. Yeah, probably aroundute [TIME] is nothing loading that. Okay. And price is negotiable, I'm guessing. No, this the one is we run online. So they put sale price online. That's the lowest one that we put on there. Okay. All right. No, no, I guess. I mean our exit. We have great credit. Okay. What kind of. What kind of payment would we be looking at? Just roundabout. Because if Just give me kind of a guesstimate one second. I need to go back and look it up. What is your zip code? Where you at? [LOCATION]. And you want to finance for [DURATION] [DURATION] or [MONEY_AMOUNT] [DURATION]? [PERSON_NAME], what is your zip code? 75165kay. And I don't want any surprises, you know what I mean? I want to know like pull in, you know, after everything. Oh, yeah. If we were to go forward. Right? Yeah, that's correct. Yeah. So look at the payment of [DURATION] [DURATION]. [MONEY_AMOUNT]. [DURATION] [DURATION]. Okay, what about the [DURATION] [DURATION]? [MONEY_AMOUNT]. [MONEY_AMOUNT]. And what's the interest rate on that? I'm just do some number. I said none of us know what kind of rent until we were submitted. So I'm based on [MONEY_AMOUNT] for [DURATION] [DURATION] because extend the term if they come back lower. Would be lower. If this is higher, will tell you [MONEY_AMOUNT]. [MONEY_AMOUNT]. Okay. That's quite a bit. That's more than we really wanted to pay [DURATION] [DURATION]. What are the lowest interest rates you're seeing for [DURATION] [DURATION] right now? I haven't got done with anybody from [DURATION] [DURATION]. Normally [DURATION] [DURATION], but we can request for [DURATION] [DURATION]. [DURATION] [DURATION]. What's the lowest you've seen for [DURATION] [DURATION]? A [MONEY_AMOUNT]. Okay, that would make our payments probably [MONEY_AMOUNT] [MONEY_AMOUNT]. Yeah. A little bit higher. So [MONEY_AMOUNT] [MONEY_AMOUNT], you said? Yes. You can call [ORGANIZATION]. [ORGANIZATION] yourself and see what they offer. Yeah, yeah. So that way you know what kind of rate and then on that. Yeah. Would you say who's giving the best interest rates right now? What credit union? We have [ORGANIZATION] [ORGANIZATION] [ORGANIZATION] [ORGANIZATION]. [ORGANIZATION] [ORGANIZATION]. Yeah. Okay, let me write that down. Okay, sir, I will be giving you a call back. Okay. All right. Thank you. Thank you.",813.0,0.85818774,1244,7194,110,DATE|DURATION|LOCATION|MARITAL_STATUS|MONEY_AMOUNT|ORGANIZATION|PERSON_NAME|TIME,"OPENING, FEE_DISCUSSION, NEEDS_ANALYSIS, CURIOUS_EXPLORATION, PRODUCT_PITCH",0.6596,tfidf_word_char_lr_threshold,True,"OPENING, PRODUCT_PITCH, FEE_DISCUSSION, NEEDS_ANALYSIS",0.9,True,"Contains greeting, details about the vehicle and warranty, discussion of price and interest rates, and inquiry into the customer's financing options."
callcenteren,bc70143d725449f390af42e130406d28_transcript,2638afa17b5fc5b759633c53613ff6a2693a19209db25445a02f2d5f106c6f08,medicare_inbound.zip,medicare_inbound/bc70143d725449f390af42e130406d28_transcript.json,medicare,inbound,"[PERSON_NAME] [PERSON_NAME] office. This is [PERSON_NAME]. How may I help you? Hey, [PERSON_NAME], this is [PERSON_NAME], and I'm calling the [ORGANIZATION] [ORGANIZATION], and I have a member on the line. The name is [PERSON_NAME] [PERSON_NAME]. And we're calling because she's trying to schedule an appointment with [PERSON_NAME]. [PERSON_NAME]. Yeah, of course. I can definitely make that appointment for her. All right, give me one second. Let me conference her in because she said she'been calling and could not get no one. So let me comfort her in really quick. Okay. And what was your name again? I'm sorry. My name is [PERSON_NAME]. [PERSON_NAME]. All right, thank you. Hey, Mrs. [PERSON_NAME]. Yes. All right. I was able to get someone. I have [PERSON_NAME], and she's at the front desk, and she says she'll assist us with scheduling your appointment. All right. Ni let us know what you need. Yeah, of course. And Ms. [PERSON_NAME], how did you hear about us? Okay. I'm hoping I'm the right white. You buy a honey bake on airport? Yes. U. Huh? Okay, so you're the right one. We are ye. But yeah. Just want to know, have you Heard about it, Ms. [PERSON_NAME]? Okay. It was a young lady do my haveir. I think her name was [PERSON_NAME]. [PERSON_NAME]. Okay, perfect. I think I know you were talking about did schedule. Did you prefer mornings or afternoons make at a difference? All right, let's see here. Let check this schedule real quick. Would you prefer next available? It looks like it'be [DATE] [DATE] [DATE] at [TIME]. Or that'be good. [DATE] [DATE]. You said [DATE] [DATE]. [DATE] [DATE]. Okay, that [TIME]. And spell your first name for me. [PERSON_NAME] [PERSON_NAME] [PERSON_NAME] [PERSON_NAME] [PERSON_NAME]. And last name? [PERSON_NAME]. [PERSON_NAME] [PERSON_NAME] [PERSON_NAME] [PERSON_NAME] [PERSON_NAME] [PERSON_NAME] [PERSON_NAME] [PERSON_NAME] [PERSON_NAME]. And Your date of birth? [DATE_OF_BIRTH]. And what's your best phone number? My cell phone. All right, so you said [PHONE_NUMBER]. [PHONE_NUMBER]. Yes. All right, so we have you reserved for [DATE] [DATE], [TIME]. If your schedule changes and you're not able to make the appointment, will you let us know at least [DURATION] [DURATION] in advance to avoid the broken appointment fee? Okay. All right. And I will text you the link for the paperwork. Okay, we just ask that spe that prior to coming in. Okay. All right, thank you. And then, [PERSON_NAME], I have a quick question. You guys do accept [ORGANIZATION] [ORGANIZATION]? We plan correct. All right. Just wanted to confirm the that as well. And she does have a Medicaid as well, so she'll be bringing both cards as well. Okay, that's fine. We'll be able to accept the United healthare. All right. Thank you. Awesome. All right. Thank you. You have a great day. You too.",212.0,0.85229063,462,2811,56,DATE|DATE_OF_BIRTH|DURATION|ORGANIZATION|PERSON_NAME|PHONE_NUMBER|TIME,"OPENING, NEEDS_ANALYSIS, ACTIVE_LISTENING, PASSIVE_AGREEMENT",0.624,tfidf_word_char_lr_threshold,True,"OPENING, NEEDS_ANALYSIS, CURIOUS_EXPLORATION, PASSIVE_AGREEMENT",0.8,True,"Includes opening greeting, gathering scheduling preferences and referral source, and agreement on an appointment time."
callcenteren,2020-09-16-23-40-12_a0adc6a1-49c0-4877-b91c-747da788a017_v2dSze3IcjjYdjVBq7ppIzMQl5hE0Bt75740UaGLwknRQCpY7u71pTIw_transcript,a77441eca02b39138a2ae0ec9ca16e9df673d01d244de3c5a1abd899d2c787f6,auto_insurance_customer_service_inbound.zip,auto_insurance_customer_service_inbound/2020-09-16-23-40-12_a0adc6a1-49c0-4877-b91c-747da788a017_v2dSze3IcjjYdjVBq7ppIzMQl5hE0Bt75740UaGLwknRQCpY7u71pTIw_transcript.json,insurance,inbound,"This call may be recorded for quality assurance. Hi, this is [PERSON_NAME] with [ORGANIZATION]. It looks like you were connected to me to compare rates on auto insurance. Correct. Somebody called me and they said, you are this person. You gonna explain it, but do you speak [LANGUAGE]? Let me get you over to an [OCCUPATION] that speaks [LANGUAGE]. Okay. Okay. Thank you. Thank you. Thank you. Please stay on the line while we connect you. Please stay on the line while we connect you. Okay. Okay. No. Okay. You have been kicked from this conference.",340.0,0.95723265,96,550,5,LANGUAGE|OCCUPATION|ORGANIZATION|PERSON_NAME,"OPENING, NEEDS_ANALYSIS, FEE_DISCUSSION, OBJECTION_HANDLING",0.6478,tfidf_word_char_lr_threshold,True,"OPENING, SUDDEN_HANG_UP, MISUNDERSTANDING",0.85,True,"Starts with a greeting, involves a language barrier misunderstanding, and ends with an abrupt disconnection from the conference."
callcenteren,7c7c4528af8d4d8186692d5e14b1ec3a_transcript,cac93b8c138f893405dbac9d5b0a924469e2ca023e8ad0c0487ac799b03d8f35,medicare_inbound.zip,medicare_inbound/7c7c4528af8d4d8186692d5e14b1ec3a_transcript.json,medicare,inbound,"Thank you for calling [ORGANIZATION] [ORGANIZATION] in the [ORGANIZATION] [ORGANIZATION] for [LANGUAGE]. For [LANGUAGE]. Thanks for calling [ORGANIZATION] [ORGANIZATION] in this [ORGANIZATION] [ORGANIZATION]. My name Isisi. How may I help you Smile today? Hi, I just have a quick question. I have an [MEDICAL_PROCESS] appointment on [DATE] [DATE]. Is there another with the another [DURATION] that Theor [ORGANIZATION] [ORGANIZATION] comes in on a Saturday? Okay, I can look for you. What's the location that you're going to for your [MEDICAL_PROCESS]? Yes, at the one on [LOCATION] [LOCATION] is the one on [LOCATION] [LOCATION], [LOCATION]. [LOCATION] [LOCATION]. All right, let me see here. So the next available Saturday they have is going to be [DATE] [DATE] of next [DURATION]. It's going to be [DURATION] [DURATION] from now, [DURATION] [DURATION]. Do they have anything this Thursday? Thursday. And you're coming in to get your braces adjusted, correct? Yes, my monthly [OCCUPATION] appointment. Oay. All right, so unfortunately, the next available appointment they have will be [DATE], [DATE] 20thMod. And that's going to be at [TIME] and at [TIME] if you're interested in one of those times. Okay, can I. Do I have it on the same [DURATION]? I have it on [DATE] [DATE] at [TIME]. Can I change it at [TIME] instead of [TIME]? Sure, of course. What's your first and last name? [PERSON_NAME] [PERSON_NAME], [PERSON_NAME]. [PERSON_NAME]. Okay. [PERSON_NAME] [PERSON_NAME]. No, it's just your meal DS oh, I'm sorry. O I see you here for [TIME] and you want to change it to [TIME], correct? Correct. All right, one second. Go ahead and address this for you. All right, ma'am. Thanks for your patience. Could you just confirm your date of birth for me, please? Yes. Thank you. I have you rescheduled for that location, that [LOCATION] [LOCATION] location Monday for your adjustment. The [OCCUPATION] will be in to speak with you too, just to make sure that you don't need a hygiene check up for your braces. Okay. Thank you so much. You're very welcome. And thank you for calling [ORGANIZATION] [ORGANIZATION]. You enjoy the rest of your [DURATION]. You too. Bye.",313.0,0.86808366,351,2166,56,DATE|DURATION|LANGUAGE|LOCATION|MEDICAL_PROCESS|OCCUPATION|ORGANIZATION|PERSON_NAME|TIME,"OPENING, NEEDS_ANALYSIS, ACTIVE_LISTENING, PASSIVE_AGREEMENT",0.6666,tfidf_word_char_lr_threshold,True,"OPENING, NEEDS_ANALYSIS, PASSIVE_AGREEMENT, CURIOUS_EXPLORATION",0.85,True,"Greeting present, agent analyzes appointment needs and location, customer explores Saturday options and agrees to a time change."
callcenteren,39ec7604111d4c0e95512d7addd5b0e6 (5)_transcript,51d01aad5b749af1276c899e44926230f19f406a20bcc7c3743cd5ad69ee63ca,home_service_inbound.zip,home_service_inbound/39ec7604111d4c0e95512d7addd5b0e6 (5)_transcript.json,home_service_telecom,inbound,"Hi [OCCUPATION], this is [PERSON_NAME]. How can I help you? Hi, I called the other day to get a quote possibly and they came yesterday and they said they were give me me call about the price but I didn't get a call so I was wondering what happened. What's the phone number? It's under [PHONE_NUMBER] [PHONE_NUMBER]. What state are you in? State [LOCATION]. Okay, let me get you over to [PERSON_NAME]. He would be the one to help you with that. Give me just a second. Oh, sure. Okay. Thank you. The last [OCCUPATION] replaces all types of glass for your home auto Even at your business there's never been a better time to beautify your heart home with glass. Exquisite decorative glass insert for your entry door. A custom design shower enclosure glass tabletops and mirrors. [OCCUPATION] [OCCUPATION] can do more than fix your paint. We can help beautify your home and bath with luxurious glass shower and topub enclosures designed to fit any style or size. Mostes can be installed in a single day. Or update your entry doors with elegant decorative glass. Visit [URL]. [URL] and see an amazing selection of glass patterns. And thank you for choosing [ORGANIZATION] [OCCUPATION] this markr. How can I help you? Yep, hi. So I just was wondering if I. If you have the price because I got the. They came by to. To take a look and they would be able to replace it but they would call me back with the price. Just waiting for that. Yeah, let me look at your quote and see if it's in there. Here, One second. All right. What was your telephone number? [PHONE_NUMBER]. All right. Can out yester sir. Yeah, let me find out if they get the est. I'm going to have them here shortly. Okay, I'll have and pull the quote. Sure. Okay, thanks. All right, appreciate it. Yes, bye.",172.0,0.8955678,321,1764,14,LOCATION|OCCUPATION|ORGANIZATION|PERSON_NAME|PHONE_NUMBER|URL,"OPENING, NEEDS_ANALYSIS, SOFT_REJECTION",0.6901,tfidf_word_char_lr_threshold,True,"OPENING, PRODUCT_PITCH, FEE_DISCUSSION, NEEDS_ANALYSIS",0.9,True,"Greeting included, recorded pitch for glass services, customer requesting a price quote, and agent verifying customer details."
callcenteren,09af2c7f5e70494e8123d75fdb8ee96136379580_transcript,390acbe78098b83f1c59998b8f1695821809a1d115b1c46c3af29e6bd93fd68f,medicare_inbound.zip,medicare_inbound/09af2c7f5e70494e8123d75fdb8ee96136379580_transcript.json,medicare,inbound,"Hi, thank you for calling [ORGANIZATION] [ORGANIZATION] [ORGANIZATION] [ORGANIZATION] [ORGANIZATION] [ORGANIZATION]. My name is [PERSON_NAME]. How may I help you? I was just looking for some information to possibly for my dog next [DURATION] it would be like [DATE] [DATE] through [DATE] [DATE] and I didn't know if you had any openings at all. Yeah, let me double check for you really quick. And what were the dates again? I'm sorry, it was [DATE], [DATE] [DATE] through [DATE], [DATE] [DATE]. Perfect. All right. And we do have availability. Okay. And then from what I was looking at online, I would have to put specific packages to know what it would be for [DURATION]. Yes. We have three different types of packages. We have the bronze, [PERSON_NAME] and gold. The gold has a picture included and an extra potty walk. It also has two [PERSON_NAME] within it. The [PERSON_NAME] has two play times. Just the only difference is no potty walk and no fogage report photo. And then the bronze has one play time during the day it will either be AM or PM and that's like the main difference between all of them. Again, then price. But your dog also could be evaluated, which would change the price a little bit. So there's a lot of steps in the process. And you. It could be a group playtime if your dog gets along with other dogs or individual, right? Yeah. For the group playtime, they would have to get evaluated. You could either do that prior to the day or during the stay. Okay. And then when you say extra patty walk in the evening. What if I didn't choose that? What is the latest time that you would letter out? It would be around [TIME] ish. And then what would be the earliest in the morning? [TIME] [TIME] [TIME]. Oh, so then they have to go [DURATION] [DURATION] without going to the bathroom. Yeah. Is that a ye. Okay. Sorry. That's all right. And then what are your times like if we wanted to drop off early Friday morning and let's say. Let's just say I picked the [PERSON_NAME] package. Did I see that? That was $[MONEY_AMOUNT] [DURATION] [DURATION]. Yeah. That is for. Let me make sure the individual present. Yes. Okay. But we could still. You guys would evaluate if she could play with others. But she's a friendly dog. She does like to play with other dog. During the evaluation, she would meet three different types of dogs. One high energy, one medium energy and one low energy. And as long as she does well with those dogs and performs well in group relatively, then that pricing would change into that group pricing. Just as long as you pass that evaluation. And you would do that Friday when we dropped her off, right? Yeah. As long as you'here before [TIME] she would be there before sending them. Then Tuesday, because we're going to be up in [LOCATION], we won't be home. I what is your time to pick her up by. As long as you pick her up by [TIME] oh, okay, okay. All right. Let me talk to my [MARITAL_STATUS] and see. So you can't really give me a price on the [PERSON_NAME] until she's been evaluated because you said the price goes up. Yeah, if she's evaluated, the price actually goes down as long as she passes. Okay, so what is the price that she doesn't pass? That would be $[MONEY_AMOUNT] [DURATION] [DURATION]. Also, all of our packages are optional. If you're not staying in a luxury suite, there's a lot, there's a lot of information. I mean, I saw the largery suite, like their own college, their own television, that kind of thing. Yeah. And if I. That's the gold though, right? No, that is $[MONEY_AMOUNT] alone, like for the room. And then you would have to add an additional upgrade package to it as well. You could either do the bronze, [PERSON_NAME] or gold or you could just do the classic and you wouldn't have to add an upgrade package. But we do highly recommend it, like their own little wee or whatever. So if I did the [PERSON_NAME], where would she be sleeping? And if I could upgrade her to her own little suitet. Well, all of our sweets are like one on one. So it would only be that one dog or that one dog and their siblings in the suite. But you have the option of the classic or the luxury for any of our packages. You don't need the package for the classic, if that makes sense. Okay. The cyilver though. Do I need to an additional package? No, it would be the cost of the [PERSON_NAME] package on top of the cost of the room. And the room would be what? So we have the classic for $[MONEY_AMOUNT] [DURATION] [DURATION] or the luxury for [MONEY_AMOUNT] [DURATION] [DURATION]. So if I did the classic. So you callbing me it'dollar [MONEY_AMOUNT] [DURATION] [DURATION]. If I fix the [PERSON_NAME] and the room, it's $[MONEY_AMOUNT] [DURATION] [DURATION]. Yeah. For an individual dog. Right. She would be by herself. It's only one doll. So the whole entire thing would be $[MONEY_AMOUNT] [DURATION] [DURATION]? Yes. For [DURATION] [DURATION] plus tax, right? Yes. Now for the packages, the individual pricing and the group pricing is only in regards to [PERSON_NAME]. So it would be group [PERSON_NAME]. All of our rooms just come one dog per room. All right, So I guess you're not giving me what the total not. Am I right in assuming it would be $[MONEY_AMOUNT] [DURATION] [DURATION] for the [PERSON_NAME] and for her to sa by herself? Well, she would stay by herself either way is what I'm kind of saying. But she would just not be in a [PERSON_NAME] with other dogs. Are there any additional charges if I pick the [PERSON_NAME] on top of the $[MONEY_AMOUNT] [DURATION] [DURATION]? Only if you add like a bath, nail trim, something like that. No, I think we'd be okay with that. And then she's up to date with all of her shop. Is there anything that there's no required. Just so I know we do require the [MEDICAL_CONDITION] [MEDICAL_CONDITION], but we do have a one time [DURATION] [DURATION] [OCCUPATION]. If you're not able to get it within that time span before the stay. I don't know if she had that because. And we would be leaving [DURATION] [DURATION] from today, so we would have to waive that. And there's a fee for that. There is no fee for that. Okay. But everything else is just the normal sot, right? Yeah. The [MEDICAL_PROCESS] [MEDICAL_PROCESS], the [MEDICAL_CONDITION] and the [DATE_INTERVAL]. Okay. All up to date. And then we would just wren those papers in on the day that we dropped off. Yeah, you could either do it that way or you could text us over a copy or email us whatever you're comfortable with. I could give you our textable phone number because it's not the same as the one you're calling right now. And then when would I have to make a decision? Can I make a decision by tomorrow? Yeah, you can go ahead and make a decision by tomorrow. Okay. But you would still have room for her. Yes. Okay. Let me talk to my [MARITAL_STATUS] and we'll figure it out and I will give you a call back. Okay, perfect. Thank you so much. Thanks for the information. Of course. Have a good [DURATION]. Thank you. You too. Bye.",540.0,0.8991179,1268,6994,86,DATE|DATE_INTERVAL|DURATION|LOCATION|MARITAL_STATUS|MEDICAL_CONDITION|MEDICAL_PROCESS|MONEY_AMOUNT|OCCUPATION|ORGANIZATION|PERSON_NAME|TIME,"OPENING, NEEDS_ANALYSIS, FEE_DISCUSSION, PRODUCT_PITCH",0.6837,tfidf_word_char_lr_threshold,True,"OPENING, PRODUCT_PITCH, NEEDS_ANALYSIS, FEE_DISCUSSION",0.95,True,"Contains greeting, agent describes specific service packages (Bronze, Silver, Gold), asks for dates/needs, and mentions pricing."
callcenteren,ed9b6ce5c6c8493db3d0f59f626a72bf36745323_transcript,37523726fd91fd458ad43cf0434d03d4142844700efdffaa277c828fc0e78b17,medicare_inbound.zip,medicare_inbound/ed9b6ce5c6c8493db3d0f59f626a72bf36745323_transcript.json,medicare,inbound,"Thank you for calling. [ORGANIZATION] [ORGANIZATION] [ORGANIZATION] [ORGANIZATION]. How can we help you? Hi, I'm calling because I had an appointment at another [OCCUPATION] and it was just to get a [MEDICAL_PROCESS] [MEDICAL_PROCESS] [MEDICAL_PROCESS] and they had to cancel because the new [OCCUPATION] there doesn't know how to do them. So I was calling to see if I could get an appointment to get it removed with you. Okay. Are you reg a patient to our office? I have been there before. Okay, Can I get your name? It's [PERSON_NAME] [PERSON_NAME]. [PERSON_NAME] [PERSON_NAME] [PERSON_NAME] [PERSON_NAME] [PERSON_NAME] [PERSON_NAME] so do they, do they explain it? Is it something that a regular [OCCUPATION] can do or do you have to be referred to a specialist? No, no, I was going to be able to go to another [OCCUPATION] in [LOCATION], but I just wasn't able to make that appointment. Okay, so it was just the [OCCUPATION] there doesn't do [MEDICAL_PROCESS] [MEDICAL_PROCESS] apparently. He just said he doesn't do [MEDICAL_PROCESS] [MEDICAL_PROCESS]. Okay, we do have someone who does do that, but like we'll have to start with the consol with her. Okay, well I need to see that like right now. Okay, so it depends because like your record losses, do they have any extrayys taken for you? They do. Okay, so can you collect the excray from them? Because in case we need it here. Is it a recent [MEDICAL_PROCESS] [MEDICAL_PROCESS]? I can't collect them because they're in [LOCATION], but they f them to you. You can youither a digital copy then they you can just ask them to email it to you. Okay, yeah, you can try that. If that doesn't work, then you have to sign a consent form with us. Like it is a care release form, extra release form. We have to email it to them. Okay. Okay. Okay. Just give me a minute. I can book you for an emergency exam for around [TIME] [TIME] tomorrow. No, I need an emergency food school so I need an emergency trth for yes. So I can see you tomorrow at [TIME]? Yeah, you said exam. Last time I went for an exam they just looked at my mot and made an appointment. Another time? Yeah, it depends on your situation. How hard hard it like if it can be pulled like it a wisom tooth, it can be different. That's why I'm asking if they did they recommend you go to a specialist? Well, no, they didn't. That's what I mean. I really need it help and the guy only said he doesn't do wisdom. The other lady was going to pull it, but she doesn't work there anymore. Okay. Yeah, so we'll have to as I said, because we haven't seen you in [DURATION]. Like we haven't seen you in [DURATION] [DURATION]. So we don't have any [MEDICAL_PROCESS] [MEDICAL_PROCESS] with us. If we had any, I could have just shown to our [OCCUPATION] and asked her if she's okay to do it. If it's okay. Like, I know it's painful. Like, are you in real bad pain? Yeah, like I can't leave my bathroom without like. Like I can't leave my bathroom. I have to run my mouth underwater. I'm about to go to an [ORGANIZATION] [ORGANIZATION]. Like I needa this. Does they at [TIME] [TIME] work for you? I'm sorry? Does's the [TIME] [TIME] work for you? If say I'ming you for tomorrow to get it out for you? Yes. Ye. Yeah. As I said, I cannot just book you for an actg like for an appointment to [MEDICAL_PROCESS] [MEDICAL_PROCESS] [MEDICAL_PROCESS] [MEDICAL_PROCESS], the [OCCUPATION] will have to see it first. Right? So. And I'm looking with someone who actually do it. So if she feels like she's comfortable doing it at the moment when you're here, like in the same appointment, she will go for it. If she feels something like a more complicated, then she will have to rougher you out. That's why I'm asking this question. Yeah. I don't have benefits, so. It's okay. One second. Sorry. I got very good.",392.0,0.8665788,686,3795,48,DURATION|LOCATION|MEDICAL_PROCESS|OCCUPATION|ORGANIZATION|PERSON_NAME|TIME,"OPENING, NEEDS_ANALYSIS, ACTIVE_LISTENING",0.7358,tfidf_word_char_lr_threshold,True,"OPENING, NEEDS_ANALYSIS, CURIOUS_EXPLORATION",0.9,True,"Contains greeting, agent asks for patient history and medical records (needs analysis), and customer is inquiring about a specific procedure."
callcenteren,b097f7e41a834252b31f89022285ab4c_transcript,550bdad0cdf3a59b8d4a658ef30a215adc5bbeff2b7cf76f28ca905510e4c07a,medicare_inbound.zip,medicare_inbound/b097f7e41a834252b31f89022285ab4c_transcript.json,medicare,inbound,"Thank you for calling [ORGANIZATION] [ORGANIZATION] [ORGANIZATION], technology leaders in [MEDICAL_PROCESS] [MEDICAL_PROCESS]. If you know your party's extension, please dial it now. If you are a referring position, please press [PHONE_NUMBER]. For appointments, please. For [MEDICAL_PROCESS] [MEDICAL_PROCESS], please press [PHONE_NUMBER]. If you have questions about your bill, please. For the [ORGANIZATION] [ORGANIZATION], please. For all other calls, please. I go do. Thank you for calling [ORGANIZATION] [ORGANIZATION] [ORGANIZATION], technology leaders in [MEDICAL_PROCESS] [MEDICAL_PROCESS]. If you know your party's extension, please dial it now. If you are a referring [OCCUPATION], please press [PHONE_NUMBER]. For appointments. For [MEDICAL_PROCESS] [MEDICAL_PROCESS], please. If you have questions about your bill, please press [PHONE_NUMBER]. For the [ORGANIZATION] [ORGANIZATION], please press [PHONE_NUMBER]. Your call may be recorded for quality assurance and training purposes. Thank you for calling. Quigly is [PERSON_NAME]. How can I help you? Yes, my name is [PERSON_NAME] [PERSON_NAME], and I wanted to find out if someone made an appointment for me. Okay, ma'am, can you spel your last name for me, please? [PERSON_NAME] [PERSON_NAME] [PERSON_NAME]. [PERSON_NAME] [PERSON_NAME] yes. [PERSON_NAME], as in [PERSON_NAME]. And your first name, ma'am? [PERSON_NAME]. [PERSON_NAME] [PERSON_NAME], [PERSON_NAME], [PERSON_NAME] [PERSON_NAME] [PERSON_NAME]. [PERSON_NAME] [PERSON_NAME], [PERSON_NAME], [PERSON_NAME], [PERSON_NAME] [PERSON_NAME]. Yes. Okay, and your date of birth, ma'am? [DATE_OF_BIRTH], [DATE_OF_BIRTH]. Okay, so it looks like you have a [MEDICAL_PROCESS] [MEDICAL_PROCESS]. Okay. Okay, I need to change that, but I have to call you back also. Cancel it for now. Do you take insurance? What? Insurance, ma'am? Medicare? Yes, ma am. We do. Okay, that's the red. The red, white and blue, correct? Yes. Yeah, ma, we do accept that. Then. I see you have mutual [LOCATION] Medicare Advantage. Yes. Vantageage? No. Is just Medicare. No, we. I have neutral of [LOCATION]. But it's not Advantage. But it's Medicare. Correct. We have. The secondary is mut. Oha. Okay. Can I call you back? You want me just cancel this then? For now? Yes. Thank you. Okay, ma'am. All right.",194.0,0.89160335,324,2295,53,DATE_OF_BIRTH|LOCATION|MEDICAL_PROCESS|OCCUPATION|ORGANIZATION|PERSON_NAME|PHONE_NUMBER,"OPENING, NEEDS_ANALYSIS, PASSIVE_AGREEMENT, ACTIVE_LISTENING",0.677,tfidf_word_char_lr_threshold,True,"OPENING, NEEDS_ANALYSIS, CURIOUS_EXPLORATION",0.85,True,"Contains greeting, agent collects identifying information (DOB, name) to locate an appointment, and customer is inquiring about a booking."
callcenteren,36ce18349c544d3c9ea10f3021ecbdca3680030_transcript,7114cf48bed7eb41fa67dad2fdb02b1c0e355c045a2d5b768fc9f25f5b375025,medicare_inbound.zip,medicare_inbound/36ce18349c544d3c9ea10f3021ecbdca3680030_transcript.json,medicare,inbound,"For calling [ORGANIZATION] [ORGANIZATION] [ORGANIZATION] [ORGANIZATION]. I'm sorry. Hello? Can you hear me? Can hear you? Oh, hi. My name is [PERSON_NAME] [PERSON_NAME] and [PERSON_NAME] called earlier about an inquiry [PERSON_NAME] had on my credit report that was reporting that [PERSON_NAME] was being. [PERSON_NAME] was cutting delinquent with [ORGANIZATION]. So [PERSON_NAME] called [ORGANIZATION] and they said that the account has been closed. Look it you guys spok to earlier maybe? No, it's for like. Give me one second. Let me the call and [PERSON_NAME] have your name as well. [PERSON_NAME] [PERSON_NAME]. Okay, give me one second. Good afternoon, this isike. Can [PERSON_NAME] help you? Hi, this is [PERSON_NAME] calling back again. [PERSON_NAME] think we spoke earlier about my account. Were you able to find anything out? Okay, no. So like [PERSON_NAME] had mentioned to you, [PERSON_NAME] have to report this all to my original. Once she gets the chance to look at it, she'll get back with me. As soon as she does, I'll give you a call and let you know what's going on. Okay. You said your original. What is that mean? My orig. [OCCUPATION] [OCCUPATION]. Yes, ma'am. Oh, [OCCUPATION] [OCCUPATION]. Okay, great. Yeah, because like [PERSON_NAME] said, [PERSON_NAME]. [PERSON_NAME] don't remember doing anything towards that. So another thing, if [PERSON_NAME] don't answer, could you just leave me a message? Do you guys have an extension? No, this is our straight line to our location. Sometimes when our lines do get all busy, they get transferred automatically to the calling center. Just take a mom calling, speak with someone here. Okay. Can you rem me your name again by [PERSON_NAME]? Yes, ma'am, [PERSON_NAME]. [PERSON_NAME] did. Thank you so much. Do you think it'll take about [DURATION] [DURATION] [DURATION]? Is that she does get a lot of email. Sometimes it's pretty hard to get to her. She's pretty busy. But I'll keep pushing and I'll keep sending until she respond. Would [PERSON_NAME]. Should [PERSON_NAME] send her an email? No, ma'am, [PERSON_NAME]. I'm the one that has to reach out to her. Regard. Oay. Yes. So let's just say can we do like a daily email until she gets a response? Just a reminder like tomorrow once a today tomorrow. Okay. Send as many times as [PERSON_NAME] can. Okay. Okay, great. Thank you so much. My pleasure. By Bye. Okay, bye.",208.0,0.8640673,391,2385,39,DURATION|OCCUPATION|ORGANIZATION|PERSON_NAME,"OPENING, NEEDS_ANALYSIS",0.7651,tfidf_word_char_lr_threshold,True,"OPENING, NEEDS_ANALYSIS, STALLING_FOR_TIME",0.8,True,"Contains greeting, agent verifies identity and account, and uses stalling phrases while waiting for a colleague to review the file."
callcenteren,436de9ca91dc4cd993bacfd841f96f86_transcript,e73bb8029a1e97453c939f44bb8f6a640387e5bc5298af0011c089933ce8d505,medicare_inbound.zip,medicare_inbound/436de9ca91dc4cd993bacfd841f96f86_transcript.json,medicare,inbound,"Thank you for calling [ORGANIZATION] [ORGANIZATION] [ORGANIZATION] [ORGANIZATION]. You have reached our [ORGANIZATION] [ORGANIZATION] location. Please listen carefully as our options may have changed. To request the copy of your Petst'reCords or to get information on upcoming low cost vaccine clinics in your area. To schedule your pet an appointment or to speak to a team member, please press [PHONE_NUMBER] to repeat these options. Thank you for calling [ORGANIZATION] [ORGANIZATION] [ORGANIZATION] [ORGANIZATION] [ORGANIZATION]. This is [PERSON_NAME]. How may help you? Hi [PERSON_NAME], my name is [PERSON_NAME] [PERSON_NAME]. In my animal seat. They come to [ORGANIZATION]. I adopted a puppy yesterday and I need to get her in no to get looked at. Okay, what's the phone number to your account? [PHONE_NUMBER]. Okay. And what's new? The new puppy's name? [PERSON_NAME]. And do you know how old she is? She's [PERSON_AGE] [PERSON_AGE]. They gave me a paper. I'm sorry? They gave me. Oh, she's a shepherd retriever. Mixkay. And what color? She's brown and she's got some black and white in her tan. Black and white here. Okay, and what were you gonna say? O'm, sorry. They gave me a paper that had bets in the AR because I got it from the [ORGANIZATION] [ORGANIZATION] and they gave me a paper that had [OCCUPATION] that would see her for free her first time because she was an adopted pet. But I wanted to bring her with to you guys because I use you guys for my cats. Do you guys offer that same service? If not, that's fine. I still want to bring her. They just told me I could ask. We don't. I've asked before for the city over here and they said no, we don't offer that. Okay, that's fine. I still want to get her established with you guys because all my other ones go there. My cat. Is there a particular [DURATION] that works better for you? Do you have. Are you open Friday afternoon? Yes. Okay. I get off at [PHONE_NUMBER] on Friday. Let's see. So this Friday is already full. Is there a different [DURATION]? O do you have. Let's go what you have open and I'll just kind of trying back into that. Well, I do have like two appointments left today. If you wanted to come today it would be. I have an [TIME] or [TIME] or I have a [TIME] o it's my first [DURATION] back from vacation. I'm trying to think we can do next [DURATION] if you want or Thursday. I have openings. What do you have openings on Thursday? I have a [TIME] or a [PHONE_NUMBER] left on [TIME] Let me take the [PHONE_NUMBER] because then it guarantees I'm off work. Yeah, let's do that. Okay. That's tomorrow, right? Yes. Okay. And then we do require non refundable deposits for the appointment. So you'd be paying $[MONEY_AMOUNT] today over the phone. And then that covers the exam when you come in. Okay. Let me get my purse. Sw Oay I baby girl. Yes. Okay, let's. She likes to play the cat. We support cats. Don't know what to think of. I think they're kind of mad at me. You leave me for [DURATION] [DURATION], then you come back and you bring a dog. Oay suspicious. Next time you leave, they are. I'm like, you ain't going nowhere. Okay, so it's a visa, [PERSON_NAME]. No expiration. It is. No, no, hold on. On [OCCUPATION] [OCCUPATION], she just. I m like, come on, go. Come on, get my expiration. Come on, [PERSON_NAME]. Come on, let's go. Come on. It's four of Let Squ side, baby. No. Your p. Puppy. I'm sorry. That was my fault. Come on. Come on. 25. Okay, go. No. [PERSON_NAME]. And then what's the zip code to your card? [LOCATION]. Let me get that. No. Okay, so that was processed and applied to your account. And I have you all set for Thursday at [PHONE_NUMBER]. Okay. Thank you. You're welcome. All right.",416.0,0.8637463,665,3698,46,DURATION|LOCATION|MONEY_AMOUNT|OCCUPATION|ORGANIZATION|PERSON_AGE|PERSON_NAME|PHONE_NUMBER|TIME,"OPENING, NEEDS_ANALYSIS, ACTIVE_LISTENING",0.7011,tfidf_word_char_lr_threshold,True,"OPENING, NEEDS_ANALYSIS, FEE_DISCUSSION, SOFT_REJECTION",0.9,True,"Contains greeting, agent asks for puppy details, customer asks about a free service (fee discussion), and agent declines the request."
callcenteren,recording-public_918_transcript,45fcfc60ec022099414a9195db0489167c99e8ef988368c42ddf399677bc8051,customer_service_general_inbound.zip,customer_service_general_inbound/recording-public_918_transcript.json,customer_service,inbound,"Hello, this is [PERSON_NAME] [PERSON_NAME] with [ORGANIZATION] [ORGANIZATION]. Hi, [PERSON_NAME]. Hi, [PERSON_NAME]. This is [PERSON_NAME], and this is [ORGANIZATION] call and I have Ms. [PERSON_NAME] [PERSON_NAME] with me on the line. Date of birth is [DATE_OF_BIRTH] [DATE_OF_BIRTH]. [DATE_OF_BIRTH] zip code is [LOCATION]. From [LOCATION]. And she's just [PERSON_AGE] years old and she don't have life insurance policy at the moment. She is interested to get. I give the course and she's interested to get [MONEY_AMOUNT] coverage. Proclamation, plan and just [MONEY_AMOUNT] [MONEY_AMOUNT]. All right. So can you please her? You both have a wonderful day. Thank you. Okay, great. Thank you very much. Hello. How you doing, man? Fine, thank you. All right, good. What was your first name again? I missed your first name. [PERSON_NAME]. How do you spell that? [PERSON_NAME], [PERSON_NAME], [PERSON_NAME], [PERSON_NAME], [PERSON_NAME], [PERSON_NAME]. Oh, [PERSON_NAME]. Okay. Sorry about that. I didn't catch that. Yeah, my name's [PERSON_NAME] [PERSON_NAME]. I'm a [OCCUPATION] [OCCUPATION] and I just want to help you see if a final expense plan will work for you. So it sounds like this would be your first policy. Is that correct? Yes. Okay, excellent. And you're looking as far as final arrangements, you're looking at a cremation. Is that what we're looking at? Yes. Huh. Okay. All right. I could definitely, definitely help you out with that. See, looking at around $[MONEY_AMOUNT] coverage. What is your. When's your birthday, [PERSON_NAME]? [DATE_OF_BIRTH]. [DATE_OF_BIRTH]. [DATE_OF_BIRTH], [DATE_OF_BIRTH], [DATE_OF_BIRTH], [DATE_OF_BIRTH]. Okay. All right. All right. What did you say your approximate height and weight is? Just to get a rough idea. [PHYSICAL_ATTRIBUTE], [PHYSICAL_ATTRIBUTE], [PHYSICAL_ATTRIBUTE], [PHYSICAL_ATTRIBUTE], [PHYSICAL_ATTRIBUTE]. Okay. All right. Are you a smoker or a non smoker, [PERSON_NAME]? None. None. Okay, excellent. Okay. And currently you have any health conditions, anything major, [MEDICAL_CONDITION], [MEDICAL_CONDITION], kidneys, anything like that? No. No. Okay. [MEDICAL_CONDITION]. Oh, [MEDICAL_CONDITION]. Okay. All right. You currently take anything. [DRUG]? [DRUG]. [DRUG]. Okay. Take that down here. Okay. Now, you have [MEDICAL_CONDITION] [MEDICAL_CONDITION] as well, or. No. No, no. Okay. No complication. Excellent. All right. Are you taking any other medications? No. Okay, great. All right, let's see here. Okay. $[MONEY_AMOUNT] policy. We look to try to get you approved for just like the [OCCUPATION] said, $[MONEY_AMOUNT]. And this is first day coverage with $[MONEY_AMOUNT] and that never expires. Okay. That's last your whole life there. So that's really good. That's a really good rate. Let me ask you just a few more health questions here and see what we can do here for you. Get you started. Bear with me one second. Okay? Just put some additional information here. Okay. I'm just wanting to make sure we get the quote and the proper information here. Okay? Yeah, I think I can get you approved here. What we're going to do right now, [PERSON_NAME], okay, is we're going to transfer over, conference over to the carrier, [ORGANIZATION], all right? And they're going to do. It's called a voice recording. Basically, they bring me on for [DURATION] [DURATION], okay? And they just verify my [OCCUPATION] information, my, you know, my license information, things like that. And then you're gonna be on hold for less than [DURATION] [DURATION]. About [DURATION] [DURATION]. And then I'll conference you through, and there'll be an [OCCUPATION] from [ORGANIZATION], the carrier, and she'll get your voice. Signature, signature. So we can run the authorizations and things like that. Takes about [DURATION] [DURATION]. It's, you know, real boring. They just read the disclosures out to you, you know, you consent, you know, agree, and then we can move forward with the application, like, again. Again, it's boring. Just bear with it and, you know, it'll be done. Okay. You still there? [PERSON_NAME]? Hello? [PERSON_NAME]? Hello? Hello? [PERSON_NAME]? Hello? Hello? Hello? [PERSON_NAME]? Hello? Hello?",464.0,0.9423774,628,4170,75,DATE_OF_BIRTH|DRUG|DURATION|LOCATION|MEDICAL_CONDITION|MONEY_AMOUNT|OCCUPATION|ORGANIZATION|PERSON_AGE|PERSON_NAME|PHYSICAL_ATTRIBUTE,"OPENING, NEEDS_ANALYSIS, PRODUCT_PITCH, FEE_DISCUSSION, OBJECTION_HANDLING",0.6972,tfidf_word_char_lr_threshold,False,,,,
callcenteren,72b4e144f7034dcb97179967bbaf19df_transcript,730ad55171dc4ebefea45ee18ad8b08ee61ce474acd91a512106cb31595e3269,home_ervice_inbound&telecom _outbound.zip,home_ervice_inbound&telecom _outbound/72b4e144f7034dcb97179967bbaf19df_transcript.json,home_service_telecom,outbound,"Thank you for calling the [ORGANIZATION] [ORGANIZATION]. A neighborly company. We fix your pains for quality assurance. This call may be recorded. [ORGANIZATION] [ORGANIZATION] can do more than fix your pains. We can help beautify your [ORGANIZATION] [ORGANIZATION]. Do I fixure PA this is [PERSON_NAME]. Hey, my name is [PERSON_NAME] [PERSON_NAME]. I'm a [OCCUPATION] [OCCUPATION] [OCCUPATION] in [LOCATION] [LOCATION]. Do you guys service to [LOCATION] area? I believe so. What's the zip code? I can double check. [LOCATION]. Yes, we do. Okay. I thank you guys that helped one of my clients [DURATION] [DURATION] [DURATION] [DURATION] ago. But anyway, I've got a house that we were selling over in [LOCATION] [LOCATION] in [LOCATION] and the [OCCUPATION] indicated that three of the windows have broken seals. Now, I'm assuming, I mean it's a newerehouse. It's like built in [DATE_INTERVAL] or something. I'm assuming those are double pane windows. Is that something you would replace the whole entire or replace the glass in the frame or can you replace the seal or what does that entail? Yeah, so we would just change out the glass in the frame. There's really no good way to get in there and clean it out once the seal has failed. It's pretty much failed. So we would replace the ins inflated glass unit. It would have a new seal and there's a warranty on our windows as well. If you want to send over. If you're just kind of looking for an idea of the priceize, like for negotiating purposes, you can send over the inspection report if you want and I can get you a ballpark based off that. That would be great. Okay. Yeah, they're going to want it done, but we're trying to. They just want to get a price first so we can negotiate with the buyer. Okay. Yeah, so you can either text me or email it to me, whichever is easiest for you. Email would probably be easiest. Okay. Our email whenever you're ready. Yep. And if you just want to put in the title Attention [PERSON_NAME], like a group email. And if you want to put also just like your contact information on there, I'll send you a quote over just, you know, in ballpark here in a few minutes. Okay. Yeah, my phone number and email address or if my phone number and stuff will be on the signature. So perfect. All right, I'll send this over shortly. Sounds good. Thank you. All right, thank you. Bye.",170.0,0.90130067,419,2360,26,DATE_INTERVAL|DURATION|LOCATION|OCCUPATION|ORGANIZATION|PERSON_NAME,"OPENING, NEEDS_ANALYSIS, CURIOUS_EXPLORATION, FEE_DISCUSSION",0.6685,tfidf_word_char_lr_threshold,False,,,,
callcenteren,9c87cec5af624c2bab5cbbee77dd82c5_transcript,56a73ca4904fb3f0faa82cf03e390192cb1ed7d17861651d71be3288c8092f91,medicare_inbound.zip,medicare_inbound/9c87cec5af624c2bab5cbbee77dd82c5_transcript.json,medicare,inbound,"Thank you for choosing [ORGANIZATION] [ORGANIZATION]. How to continue Good afternoon. Thank you for calling [ORGANIZATION] [ORGANIZATION]. This is [PERSON_NAME] speaking. How may I help youment? My daughter has on Thursday. She's not going to be able to make it. I don't want to see if you have anything later during the [DURATION] or next [DURATION], please. I can take a look. Can you confirm her date of birth? I'm sorry, can you repeat that she scheduled and why I'm missing. Let me see what our next appointment might be. So we're going to be looking in [DATE_INTERVAL] for her next appointment because this is a [DURATION] [DURATION] appointment so these slots are limiteday. Can you go to another location? Do you have an opening? I can check in [LOCATION]. Give me one second. O and do you typically need afternoon ye Whatever you have at this point next [DURATION] or this [DURATION] over there please. Let me take a look. Give me one second. Let me confirm with a [OCCUPATION] that we have an available appointment in timeas o Are you familiar with [ORGANIZATION]? The braces? You can't see their comfortable custom brackets. Hi, thank you for holding. So in [LOCATION] we have an appointment [DATE], [DATE] [DATE] at [TIME]. Would you be able to make that Let see. Yeah, that's fine. Okay, so I will change her appointment from this Thursday to next [DATE], [DATE] [DATE] at [TIME] in [LOCATION]. Do you need our. They don't happen to have anything tom mo like by insurance today? Tomorrow? Let me just double check. I know it's [DURATION] [DURATION] [DURATION] for them so I'm just going to del. Okay, actually tomorrow. I do have a [TIME] Tomorrow in [LOCATION]. Okay, I'll take that. All right, I will put her in for [TIME] tomorrow in [LOCATION]. Do you need our address for that office? Close. Okay, so that address is going to be [LOCATION] [LOCATION] [LOCATION] [LOCATION] [LOCATION]. And that's going to be [LOCATION], [LOCATION]. All right, so then we will see [PERSON_NAME] Tomorrow at [TIME]. You're welcome.",245.0,0.87940496,347,2030,41,DATE|DATE_INTERVAL|DURATION|LOCATION|OCCUPATION|ORGANIZATION|PERSON_NAME|TIME,"OPENING, NEEDS_ANALYSIS, ACTIVE_LISTENING, SUCCESSFUL_SALE",0.6585,tfidf_word_char_lr_threshold,False,,,,
callcenteren,6e2cdb8a759c4ca4a52e97337d9f0b08_transcript,27387507c204ac4e10077db7463973b35af20cb7e47802bf9db42f017cc4bbb8,automotive_inbound.zip,automotive_inbound/6e2cdb8a759c4ca4a52e97337d9f0b08_transcript.json,automotive,inbound,"[ORGANIZATION] [ORGANIZATION] [ORGANIZATION] [ORGANIZATION]. This is [PERSON_NAME]. How may I help you? How late are you open today? Till [TIME] and then you're closed Monday, right? Correct. Okay. Were you thinking about stopping by? Yes, we live in [LOCATION]. Gotcha. Yeah, we're going to be back on Tuesday. And what are your normal hours? Mondays and Thursdays we're here till [TIME] to [TIME] the rest of the [DURATION] till [TIME] and then on Saturdays from [TIME] to [TIME] okay. All right. Good to know you're open until [TIME]. I work in [LOCATION] and so we might stop by on some night when you're open till [TIME], so. Okay, awesome. So can I get your first name? My first name is [PERSON_NAME]. Okay. And your last name? My last name is [PERSON_NAME]. [PERSON_NAME], [PERSON_NAME], [PERSON_NAME], [PERSON_NAME], [PERSON_NAME]. Okay. And what's the best phone number for you? [PHONE_NUMBER]. You said? Yes. Okay. And you think that you can stop by, you said on late nights on Thursday maybe? Yeah, I think so. Okay, let me see. I can do a tentative appointment on Thursday and then if anything changes, once I text you your confirmation, you can send me a text. If that [DURATION] doesn't work for you, we can always reschedule. Okay. How long from work? Oh, how long from work? Drive up, man. Could you meet me there, do you think? [DURATION] [DURATION]? I'll do that, but maybe. Okay. Maybe someone could drive you. Well, we'll try to work it out. It's only Saturday. We have till Thursday to figure it out. I think that could work. And what vehicle were you looking at? Or any kind of vehicle specifically we're interested in a [ORGANIZATION] Escape. And I have a. A code. A discount code. You mean like the at A or. Yeah, the plan. Okay, awesome. Yeah, I'll go ahead and update that family member. Yeah. Nice. Yeah. So. Yes, awesome. So I'll go ahead and update that on your profile and then you're all set for Thursday. I just need to know a time that would work for you guys. Just a [TIME] at a time. I work till [TIME] and then I can do like a [TIME] and then if you know, like you come earlier or later, that's totally fine. You can just. Like I said, I'll text you and then you can text me when you guys are on your way. Okay, that sounds great. That works. Okay, awesome. So you're all set for Thursday. Okay, thank you so much. No problem. You enjoy your weekend. You as well. Thank you.",244.0,0.9609701,436,2410,31,DURATION|LOCATION|ORGANIZATION|PERSON_NAME|PHONE_NUMBER|TIME,"OPENING, NEEDS_ANALYSIS, CURIOUS_EXPLORATION, SUCCESSFUL_SALE",0.6469,tfidf_word_char_lr_threshold,False,,,,
callcenteren,1e0bf5e862754afabe716f840a073010_transcript,c7097ab1273f801aa144f243889bb790cb89d08d89dd75eddac292c2eeefbf20,automotive_inbound.zip,automotive_inbound/1e0bf5e862754afabe716f840a073010_transcript.json,automotive,inbound,"Thank you for calling [ORGANIZATION] [ORGANIZATION] [ORGANIZATION]. Would you like sales service or parts? Yes, ma' am. I'm sorry, who? Sales, please. Oh, okay. Are you talking with anybody in particular over here right now? No, ma' am. All righty. And are you interested in a new vehicle or a pre owned? New. All right, let me get you someone. Thank you for calling [ORGANIZATION] [ORGANIZATION] [ORGANIZATION]. This is [PERSON_NAME] speaking. I may help you. Yes, My name is [PERSON_NAME] [PERSON_NAME]. I'm helping out a friend. He's looking for a [ORGANIZATION] Corolla and I see on your website now you got a [ORGANIZATION] Corolla search and I don't know if it was still available. It doesn't show in transit. Okay, let me see if it's still in stock. And who'd have a. Hell. I'm sorry, Mr. [PERSON_NAME], what's your best contact number? [PHONE_NUMBER] [PHONE_NUMBER]. All right, you have a specific stock number on the vehicle you're looking for. It shows on your website. [VEHICLE_ID]. All right, let me put you on a brief. Hope. Let me see if that vehicle's still in stock. Yes, sir. Thank you. Hey, Mr. [PERSON_NAME]. Yes, sir. Yeah, I'm seeing that vehicle is available in stock. What time would you like to come in today to look at it? Let me turn the specs on it. I'm going to share the specs with him because he wanted an le, he's looking for an Air Lee and I don't see. Do you happen to have any air lease, not in transit? No, sir, we. Yeah, we don't have any on the lot as of right now. Okay, let me share this with him. Actually, correction, I do have one. I do have one. Just arrived. Yes, it's in underground gray. Underground gray? Yeah, it's a dark gray color. Is that the Celeste? He wanted a Celeste. Tight color. Is that it? Less tight? No, sir, that's not. It's. It's darker than that. That's a different color. Could you send me the specs on that one? Unless you can navigate me on your website here. Probably not loaded yet, huh? She went to G, gave him a shitty ass attitude. So he said. And everyone knows me as a straight shooter, says. And they said, can you help me? Yeah, oh yeah, definitely. I will take care of you guys. My Internet's running really slow right now, sir, I'm going to forward you a business card. We can forward it to your friends. But I do have an [ORGANIZATION] in the [ORGANIZATION] called and available as of today. Okay. Because he's ready. I think he's Ready to buy. We don't need a lot of junk. Just want to come and buy a car. And he's out of there. Correct. Okay. Mr. [PERSON_NAME], did you receive my business card? She texted to me. Yes, sir. Okay. Would you have a pen and paper handy that we could take my information down? Okay, I'm ready. It's going to be. My number is [PHONE_NUMBER] [PHONE_NUMBER]. Let me take you back real quick. Yeah, my name is [PERSON_NAME]. Oh, okay. Okay. I came upon. I came over there. So. [PERSON_NAME] [PERSON_NAME]. Okay. Received it. Yep. Okay. Yes. But yeah. What time should I be expecting your friend to head in on over here? Send me some specs. Location 1 on an @ least I can send to him because we. You guys are in [LOCATION] [LOCATION]. I'm over on the [LOCATION] [LOCATION] by [ORGANIZATION]. Am I coming down on [LOCATION] past [LOCATION] for you guys? Past where? [ORGANIZATION] [ORGANIZATION] [ORGANIZATION] [ORGANIZATION]? Yes. Correct. Yeah, we're [DURATION] [DURATION] [DURATION] past [LOCATION], going in that direction. Okay, I think I know where you guys are at. There's a [ORGANIZATION] place. You guys know that [ORGANIZATION] place? No, what exactly? I helped a friend buy a [ORGANIZATION] from a [ORGANIZATION] place on [LOCATION]. I thought. Oh, yeah, I think we're a little bit further down. Yeah, we're about [DURATION] [DURATION] from them, but yeah, I see the Corolla I talked to you about, it's. It says it's in transit, but it's actually arriving here. But yeah, I see it on the website as well. Hold on, you got. Man, let me find it here so I can. Because we live further up. So we. And I. I'm sorry to tell you, but I'm a straight shooter. I've been to. We come places and people don't have the car we ask for. I don't waste my time. You know, I've done this many times. I've done it now I ain't here. Listen, let me just explain to you. I'm not here to try to beat you at your game. I'm here to get my job, my thing done. Now you guys got many suckers got all the stuff, but I want to get in there and help my young. Help my friend out with a car and I'm out your hair. Wait for the next sucker to come in and I'll just be. There you go. Okay. So don't waste my time and I won't waste your time. I can get the guy to buy a car without no problem because he usually want me to help him. All I want is just a fear. The best you can take him in on wasting time. 100%. Yeah, I'm on board with that, sir, but. Yeah, you have my business card. Do you have a time that should be ready for you guys to come in? So that way have everything ready your website, because I can click on your. I'm looking on your website now. Okay. Yeah, it should be on our website under Corolla. [ORGANIZATION] Corolla. In transit and Transit. Yeah, it's going to say in transit still. Oh, okay. Which color would it be, sir? It's underground. Underground gray. And the stock is going to be [MONEY_AMOUNT]. Click on this one here because it doesn't show the stuff. Oh, I got the first one. I got it right. There you go. [PHONE_NUMBER], [PHONE_NUMBER]. And [PERSON_NAME], you got that in stock, right? Yes, sir. Okay, let me share this one with him. And then the SC you called in on is available as well. All right. All right, come on. Come. Okay, I see it right here. All right, I'm calling him and I'll be probably calling you right back and texting you. Okay, sounds good, sir. Thank you for calling it. Thanks, sir. Take care. Bye.",495.0,0.9287649,1083,5834,51,DURATION|LOCATION|MONEY_AMOUNT|ORGANIZATION|PERSON_NAME|PHONE_NUMBER|VEHICLE_ID,"OPENING, NEEDS_ANALYSIS, FEE_DISCUSSION, PRODUCT_PITCH",0.6535,tfidf_word_char_lr_threshold,False,,,,
callcenteren,20211015-210229_2544204153-all_transcript,9a79ebc12fdd0f5794bcc5d151b2318a3581e2158c2ec9f9caece18593bf98e0,home_ervice_inbound&telecom _outbound.zip,home_ervice_inbound&telecom _outbound/20211015-210229_2544204153-all_transcript.json,home_service_telecom,outbound,"You gonna happier? Hey, this is [PERSON_NAME] again. Can you. [PERSON_NAME] again. Can you please provide me that nine digit. I barely hear you. Can you please provide me the nine digit number on your fiber Internet modem? I cannot hear you. Sir, the phone pay helpful here. All right, so you don't have your current band in front of you. So when my [OCCUPATION] comes, they will be installing a new fiber model at your business premises. Because currently you do have a consumer ban. So they will believe as it is on the way they will be installed new fiber model match your business. You got it. The phone, we cannot hear the phone, we cannot hear you. Now you can hear me. No, we cannot hear anything. Yes, so we will be. We can hear but we don't know what you're talking about. We are talking about Internet connection 300x300. We are installing a new fiber Internet. I spoke with [PERSON_NAME] [PERSON_NAME] and she scheduled this appointment with me. We don't have a let later right now they say they add about [PHONE_NUMBER] number but we don't have a letter because put on the top there. Yes, you't be a [PHONE_NUMBER] number right there. Yes, I understand that you don't have any Internet business account. Do you have a basic account consumer account. So when my [OCCUPATION] comes, they will be installed a new model and taking your [DURATION] [DURATION] for the installation of fiber Internet model. So you can assist my [OCCUPATION] on the date and time we discuss on this call. So we will be see you on the D and time. And you will be getting new speed of Internet 300 uploaded 300 download and your price remains the same $[MONEY_AMOUNT]. And also you will be getting $[MONEY_AMOUNT]. Right now I pay how much [DURATION] [DURATION]? Right now you are paying more than $[MONEY_AMOUNT] right now. How much i5amonth. Right now your bill is to be going more than $[MONEY_AMOUNT]. So we can reduce on your bill just [MONEY_AMOUNT] [MONEY_AMOUNT] per [DURATION]. If I update on how much I pay you for [DURATION] [DURATION], you have to pay $[MONEY_AMOUNT] per [DURATION] for the services. You will be getting 300 by 300 for [DURATION]. Yeah, [DURATION]. And you don't have to pay any [MONEY_AMOUNT] [MONEY_AMOUNT] for the [OCCUPATION]. And what we do. You can assist my [OCCUPATION] on [DATE] [DATE] [DATE], same [DURATION] next [DURATION] on Friday. Or can I send out [OCCUPATION] on Monday? Monday is fine. Actually I will send out [OCCUPATION] on [DATE] [DATE] [DATE] [DATE]. Yeah, they come in here and they do it. They will be come to your business, they will be meet you and they will be start working to installing a new modem Internet and just finish this work within [DURATION] [DURATION] so you can accommodate with them on [DATE] [DATE] [DATE]. So your bill is to be going $[MONEY_AMOUNT] and your Internet is spe 300 by 300. And you will also receive $[MONEY_AMOUNT] [ORGANIZATION] reward card from [ORGANIZATION] to compens a [OCCUPATION] [MONEY_AMOUNT] $[MONEY_AMOUNT] on [ORGANIZATION]. So you don't have to pay any single [MONEY_AMOUNT] for the [OCCUPATION] when comes. You forgot your phone phone lines. Yeah. And you say you call back on a Monday. You need to call me back on Monday. Yeah, because we don't have a they ad me about [PHONE_NUMBER] number but we don't have a [PHONE_NUMBER] number right now. Yeah, don't worry the [PHONE_NUMBER] number I don't need it. We are checking our systems. So you don't have Internet connection with [ORGANIZATION]. It's a consumer account so we don't need to change this one. We will be installing a new Internet fiber Internet and we don't need your consumer account. Then we have done for the new account. So you understand my I [LANGUAGE] new I don't understand what you're talking. I'm sorry ma'am, I could lubing [LANGUAGE]. I didn't get your point. Yeah, at the Monday my daughter come in and they can talk with you. Okay, it's fine. I will call back on Monday morning and then I will talk to the. Thank you. You'welme. Have a good [DURATION].",309.0,0.8842014,701,4016,63,DATE|DURATION|LANGUAGE|MONEY_AMOUNT|OCCUPATION|ORGANIZATION|PERSON_NAME|PHONE_NUMBER,"OPENING, FEE_DISCUSSION, NEEDS_ANALYSIS",0.7715,tfidf_word_char_lr_threshold,True,"OPENING, PRODUCT_PITCH, NEEDS_ANALYSIS, SUCCESSFUL_SALE",0.8,True,"Agent opens the call, analyzes the current modem/account, pitches fiber speeds, and confirms a scheduled installation appointment."
callcenteren,recording-public_887_transcript,c7fadf2e8b657908be231003c77ba1f3d0d7328d2c742e4da3b6f8f9833f5285,customer_service_general_inbound.zip,customer_service_general_inbound/recording-public_887_transcript.json,customer_service,inbound,"Hello, this is [PERSON_NAME]. Hey, [PERSON_NAME]. Our name is [PERSON_NAME] [PERSON_NAME] [PERSON_NAME] on the line. Zip code is [LOCATION] [LOCATION]. [DATE_OF_BIRTH]. No, no, no, it's okay, [PERSON_NAME]. That's your zip code, right? No. No, it isn't. [LOCATION] [LOCATION]. That's my birthday. That's okay. That's okay. Hey. Hey, [PERSON_NAME]. My name is. I'm a [OCCUPATION] [OCCUPATION] here in the [ORGANIZATION] [ORGANIZATION] [ORGANIZATION]. How are you? I'm okay, but if they're trying to sell me life insurance, I don't want any. Final expense is okay, but. Okay. This is for [ORGANIZATION] [ORGANIZATION], actually. Do you currently have. Do you currently have a policy in place right now, or. No. No. Okay, so our rates range anywhere between, like, $[MONEY_AMOUNT] [DURATION] [DURATION] up to $[MONEY_AMOUNT] [DURATION] [DURATION], depending on how much coverage you select. Is that something that would be within your budget? Yeah. Okay. And, [PERSON_NAME], we do ask that you have an active checking or savings account, just in case. Okay. Just in case you did want to move forward with the application, we do require that information. Okay. Now, your date of birth. [DATE_OF_BIRTH]. What year? [DATE_OF_BIRTH]. [DATE_OF_BIRTH]. Thank you for that. And are you a smoker or non smoker? Non smoker. Okay. And are you currently taking medications for any medical conditions at all? Yes. Okay, what are you taking medications for? [MEDICAL_CONDITION] [MEDICAL_CONDITION] [MEDICAL_CONDITION], cholesterol, [MEDICAL_CONDITION]. Okay. [DRUG] [DRUG]. [DRUG] [DRUG] or [MEDICAL_CONDITION]. Okay. And the [MEDICAL_CONDITION], are you on [DRUG] or just [DRUG]? No [DRUG]. No [DRUG]. Good. All right, so let's. Let's take a look here. I'll start off with $[MONEY_AMOUNT] of coverage. [PERSON_NAME]. And then we'll go from there, depending on your budget. So, [MONEY_AMOUNT] would be $[MONEY_AMOUNT] [DURATION] [DURATION], 7,000 would be $[MONEY_AMOUNT] [DURATION] [DURATION], and 10,000 is $[MONEY_AMOUNT] [DURATION] [DURATION]. So out of those three, which one do you feel would best fit your needs and your budget? Probably [MONEY_AMOUNT] or 7,000. Okay. You know, I just live on a fixed budget. Just [ORGANIZATION] [ORGANIZATION]. Yeah, I completely understand. So that's why, I mean, I can kind of go in the middle and maybe do like, 6,000. If you're contemplating between the two, 6,000 would be $[MONEY_AMOUNT] [DURATION] [DURATION]. How does that sound? I could probably do that. Okay, sounds good. So, well, what we can do is start the application process to see if we can get you approved for the coverage. Usually the process takes about [DURATION] [DURATION] [DURATION] [DURATION]. You don't need to make a payment today. We just have to schedule a future payment date. So if you want to set it up for, like, the [DATE] of every month. Like whenever you get your [ORGANIZATION] [ORGANIZATION] deposit, we can set it up for you. That way you would have to complete like a voice authorization. So that takes about [DURATION] [DURATION]. It's basically your voice signature. Let me ask you, do you receive text messages on this phone? Not this phone. No. Do you have a cell phone where you get text messages or no? Yes. Okay. So as long as you can receive a text message, because what's going to happen is they're going to send you a link to your phone. You just have to acknowledge that you received it. You don't have to open it. You can do that at a later time. But they're going to go over that link that they sent you, all the terms and disclosures of the application, and then they're going to ask if you agree to it. Once you give the okay and we hang up with them, we get a decision whether you got approved for the policy or not. Okay, does that might be okay? Okay, perfect. Perfect. Okay, [PERSON_NAME], so what I'm going to do is take down your application and then we'll go from there. I am going to need the bank routing and account number. So if you want to gather that information while I start on your application. Okay, and then what, what is your last name? [PERSON_NAME] [PERSON_NAME]. Okay, so it's [PERSON_NAME] apostrophe. Is it [PERSON_NAME] [PERSON_NAME] [PERSON_NAME] [PERSON_NAME] or [PERSON_NAME] [PERSON_NAME], [PERSON_NAME] [PERSON_NAME]. [PERSON_NAME] [PERSON_NAME] [PERSON_NAME] [PERSON_NAME]. Okay. And it's [PERSON_NAME] [PERSON_NAME] [PERSON_NAME], [PERSON_NAME] [PERSON_NAME]. Correct? Yes. Okay, perfect. Could you send me some. Whoa, whoa, just a second here. Could you send me some information about this? So, yeah, policy. Yeah. So here's the. With, with them, how they do it is actually you have what's called a [MONEY_AMOUNT] [DURATION] free look period. So once you get approved, hopefully you do get approved for the policy. Once you get approved, what they're going to do is email the policy over to you. So that way you can look everything over. You have what's called a [MONEY_AMOUNT] [DURATION] free look period to review the policy, make sure that you are happy with it. If for whatever reason you are not, what I'm going to do is give you my personal cell phone number and my name and I want you to call me and just say, hey, I'm not. Whatever, I'm not happy with the policy for whatever reason. And then, you know, everything will just get canceled. But this way you actually have the policy to review. Do you know what I'm saying? Do you have an email, [PERSON_NAME]? Yes. Okay, perfect. So the email, you'll get it within the next like [DURATION] [DURATION] [DURATION] [DURATION] for you to review everything. Okay. Okay. What is your email? That might be better. Okay, what is your email? Oh, geez. It is kind of silly. It's [EMAIL_ADDRESS]. Okay, so [EMAIL_ADDRESS] [EMAIL_ADDRESS] [EMAIL_ADDRESS]. I think that's what my [OCCUPATION] [OCCUPATION] put down. Hold on a second. Okay, see if I can find it in my cell phone. It. [PERSON_NAME]. Hello?",499.0,0.9691426,968,5912,107,DATE|DATE_OF_BIRTH|DRUG|DURATION|EMAIL_ADDRESS|LOCATION|MEDICAL_CONDITION|MONEY_AMOUNT|OCCUPATION|ORGANIZATION|PERSON_NAME,"OPENING, NEEDS_ANALYSIS, FEE_DISCUSSION, PRODUCT_PITCH, OBJECTION_HANDLING",0.684,tfidf_word_char_lr_threshold,True,"OPENING, PRODUCT_PITCH, NEEDS_ANALYSIS, FEE_DISCUSSION, OBJECTION_HANDLING",0.9,True,"Contains greeting, pricing discussion, health/policy screening questions, and agent pivoting after customer expresses initial reluctance to life insurance."
callcenteren,2021-08-18-14-23-16_32ae98f7-ba5b-4356-9373-144e9e28587a_v2sh_TORzzPOZamU13WcNK3Tf-rWQNEbAt1u4g936IyQ-cvF0_WtUlPA_-_Copy_transcript,5171e007528638a9335994522e8f6aff21c93b297b8cdbeb71d0ba40084d0653,automotive_and_healthcare_insurance_inbound.zip,automotive_and_healthcare_insurance_inbound/2021-08-18-14-23-16_32ae98f7-ba5b-4356-9373-144e9e28587a_v2sh_TORzzPOZamU13WcNK3Tf-rWQNEbAt1u4g936IyQ-cvF0_WtUlPA_-_Copy_transcript.json,insurance,inbound,"Call may be recorded. Hello. Good morning. My name is [PERSON_NAME] [PERSON_NAME]. I'a [OCCUPATION] [OCCUPATION]. How can I help you today? I don't know. Okay, well, let me see what I can do to help you, ma am, My name is [PERSON_NAME] [PERSON_NAME]. I'a [OCCUPATION] [OCCUPATION] with [ORGANIZATION] [ORGANIZATION] [ORGANIZATION] [ORGANIZATION]. And we're on a recorded line. How are you doing this morning? Pretty good. Good. All right, good to hear. Who do I have the pleasure of speaking with this morning? What's your first namea Nice to meet you. [PERSON_NAME]. [PERSON_NAME]. Let me start by saying thank you, [PERSON_NAME]. I do appreciate your time here with me today. What we do here is to make sure that you're receiving all your Medicare benefits that are available to you. I just need to verify a few items with you. That way I can start to pull up the available options for you in your area. Now, [PERSON_NAME], you are currently enrolled in Medicare Part A and Part B, correct? Correct. Okay, great. And [PERSON_NAME], what is your zip code where you live? [LOCATION] Oay. All right. And [PERSON_NAME], I do need to verify that you make your own healthare decisions when it comes to your plan choices about your Medicare options. Yeah. Okay, great. I have you in [LOCATION] [LOCATION], [LOCATION]. Is that right? Yep. Okay, greatgh. Now, do you currently have a plan that goes along with your Medicare Part A and part B/A? No, but they said that I'm supposed to get C and D this month'supposed. To get C and D this [DURATION]. Okay. Now, do you happen to have your red, white and blue Medicare card available? [PERSON_NAME], I can pull you up. We can see exactly what you qualify for here today. Okay. Okay, I ready for you when you have it. They are available. I'll get it. Sure. Take your time, ma'am. Okay. All right. I'm ready for you, [PERSON_NAME]. You want my Medicare number? Your Medicare card there? Yes, ma'am, please. [HEALTHCARE_NUMBER] thank you. [PERSON_NAME]. Okay. Yeah, I do see. See, starting this [DURATION], let's take a look here. I do see you've had Medicare. Your Medicare started back in [DATE_INTERVAL] [DATE_INTERVAL] [DATE_INTERVAL]. Okay, here it looks to me like you just talked to somebody recently and they got you set up with a new plan. [DATE_INTERVAL] [DATE]. Here, [PERSON_NAME]. [PERSON_NAME]. Do you also have Medicaid in your state? Do you have Medicaid also? I have a Medicaid number I go by, but I don't have a card. Okay, I got you. All right. Now, [PERSON_NAME], let me take a look and look at your plan here. [HEALTHCARE_NUMBER] [HEALTHCARE_NUMBER]. Now, [PERSON_NAME], in the past, have you ever been diagnosed with [MEDICAL_CONDITION] or [MEDICAL_CONDITION] [MEDICAL_CONDITION] [MEDICAL_CONDITION]? No. No. Okay. I do see that they got you going in [ORGANIZATION] Medicare Assured HMO DSMP plan starting [DATE_INTERVAL] [DATE], right? Looks to me like you talked to somebod a couple [DURATION] ago. So they got you going in that for the [EVENT] [EVENT]. So your next available time to take a look at your Medicare option score is actually going to be during the open or annual enrollment period, rather [DATE_INTERVAL] [DATE] through [DATE] [DATE] of each year because they just went ahead and took care of this for you for this [DURATION] that we just got into now in [DATE_INTERVAL]. So your next available time to look at this again would be in [DATE_INTERVAL]. What I can do is mark your account, [PERSON_NAME]. That way we can reach out to you in [DATE_INTERVAL] to see what your plan choices will be at that time because they're going to come out with new and exciting things on [DATE_INTERVAL] [DATE] for the [EVENT] [EVENT], but they're not available yet. And right now you just made a change. So that kind of ties my hands from doing anything else with you here today further. But I do want to thank you for your time and wish all the best for you. You have a great day. Thank you.",337.0,0.91316074,680,3951,62,DATE|DATE_INTERVAL|DURATION|EVENT|HEALTHCARE_NUMBER|LOCATION|MEDICAL_CONDITION|OCCUPATION|ORGANIZATION|PERSON_NAME,"OPENING, NEEDS_ANALYSIS, PRODUCT_PITCH, PASSIVE_AGREEMENT",0.6886,tfidf_word_char_lr_threshold,True,"OPENING, NEEDS_ANALYSIS, WARM_LEAD",0.9,True,Agent opens the call and conducts a thorough needs analysis regarding Medicare eligibility and current plan status with a cooperative customer.
callcenteren,2e44b6f48f8e4efcb9ec2c0245852e78_(5)_transcript,f38d5b5ddafc9c777388121fd9c2204cb24db356ee34eec44371ca1be8c83fe2,home_service_inbound.zip,home_service_inbound/2e44b6f48f8e4efcb9ec2c0245852e78_(5)_transcript.json,home_service_telecom,inbound,"Thanks for calling [ORGANIZATION]. We fix your pains. This call is being recorded. For new [ORGANIZATION] service, press [PHONE_NUMBER]. For an update on an existing [ORGANIZATION] order, press [PHONE_NUMBER]. For new service for your home or business. For an update on an existing order for your home or business. For all other inquiries, press [PHONE_NUMBER]. For dial by name directory, press how [OCCUPATION]. We f your pains. This is [PERSON_NAME] is [PERSON_NAME] [PERSON_NAME] with [ORGANIZATION] [ORGANIZATION]. I'm giving you a call because we had a attempted break in at one of our healthcare clinics and they threw a rock through our front door knocking out the blast panin and was hoping you guys could fix it for me. Okay, yeah, we would love to help. Is it a single pane in class or part of a double pane unit? Single pane. And then when it broke, did it break into sharp shards or tiny little pebbles? Tiny little pebbles. Okay, so it sounds like tempered safety glass. So that is a two trip process. So first we'll come on site, get the exact measurements and installation conditions and then we will take a 50% deposit to get the glass ordered. And then once it's manufactured, will come back out for the installation. Perfect. And I've already got some guys on site temporarily boarding it up. Okay. So whatever you guys have to do to get your measurements. Totally fine with that. Okay. But yeah, definitely want to get started. Perfect. And then what your. You said it was [PERSON_NAME]. Yeah. Your first name and what's your last name? [PERSON_NAME] [PERSON_NAME] [PERSON_NAME] [PERSON_NAME]. And then what is the name of the company? [ORGANIZATION] [ORGANIZATION] [ORGANIZATION] [ORGANIZATION]. Perfect. And then what is the address will be coming to? The address is [LOCATION] [LOCATION] [LOCATION] [LOCATION] [LOCATION] [LOCATION] [LOCATION]. And that'Centervville, Illinois zip code is [LOCATION]. Okay, let me look at my map and just make sure that we go there. Give me one second. Oh yeah. Okay. Not a problem. Thank God. Right, and then what is a good cell phone number that we could have on fil? Yeah, this one. And then an email address for any estimates or receipts we may need to send. Yeah, email. Oay, give me one second. Let me just take a look at my schedule here. We can get someone out today. Awesome. It'll be this afternoon. I don't have an exact time frame, but we do call [DURATION] [DURATION] [DURATION] [DURATION] prior to our arrival. And then he'll call and he'll go over pricing with you on site and then we'll go from there. Okay, perfect. Do you know what the typical lead time is once you guys get measurements and place the glass order? Once we get the glass ordered. It's anywhere from about [DURATION] [DURATION] [DURATION] [DURATION] [DURATION]. Okay. That's all right, right? Perfect. That's all I need. Thank you. Appreciate it. My pleasure. Bye.",275.0,0.8976161,493,2902,38,DURATION|LOCATION|OCCUPATION|ORGANIZATION|PERSON_NAME|PHONE_NUMBER,"OPENING, NEEDS_ANALYSIS",0.8267,tfidf_word_char_lr_threshold,True,"OPENING, NEEDS_ANALYSIS, FEE_DISCUSSION, PRODUCT_PITCH",0.9,True,"Agent opens the call, analyzes the glass damage, pitches the two-trip service process, and discusses the 50% deposit requirement."
callcenteren,9e63413d6d184e41bb9e98481f2c7879_(4)_transcript,c3edeede58e5f71d5a0971cab7d82e2735c0587427e53862f9da47f551c23012,home_service_inbound.zip,home_service_inbound/9e63413d6d184e41bb9e98481f2c7879_(4)_transcript.json,home_service_telecom,inbound,"All calls are recorded for quality and training purposes. You have reached [OCCUPATION] [OCCUPATION]. All of our lines are currently tied up assisting other customers. Please stay on the line and an [OCCUPATION] will be with you shortly. Call the best [OCCUPATION] will f your pain. [OCCUPATION] [OCCUPATION] replaces all types of glass for your home auto Even at your business, there's never been a better time to beautify your home with glass. Exquisite decorative glass inserts for your entry door, a custom design shower enclosure, glass tableops and mirrors. [OCCUPATION] [OCCUPATION] can do more than fix your pain. We can help beautify your home and bath with luxurious glass show and topub enclosures designed to fit any style or size. Most can be installed in a single [DURATION]. Or update your entry doors with elegant decorative glass. Visit [URL] and see an amazing selection of glass patterns and finishes. We can also change the look of any room with a mirrored wall or protect your wood furniture with custom made glass tops. With [OCCUPATION] [OCCUPATION] you'll always know the price up front before we start Call the grass doctor'll fix your pain. We can handle all of your insurance claimes we the quickest cure whenever your glast breaks Gl [OCCUPATION] [OCCUPATION] [OCCUPATION] call the [OCCUPATION] [OCCUPATION] we'll fit your pain Call the [OCCUPATION]. [OCCUPATION] will fit your pain. Oh yeah. The choice is clear in windshield replacement. [ORGANIZATION] believes your safety is more important than price. We only recommend original equipment quality crash tested windshield and use the same adhesives the car makers do. Only [OCCUPATION] [OCCUPATION] guarantees your new windshield for [DURATION] [DURATION] [DURATION] against breakage plus a lifetime against leaks and defects. Don't put your safety at risk. Get the best guarantees in the business. [OCCUPATION] [OCCUPATION] understands your business can't close if a window breaks. That's why we offer [DURATION] [DURATION] emergency boardup service for your business. We'll measure the window or door opening and expedite the replacement glass order with priority service. Or we can help you prepare for potential emergencies through our advanced pre measurement plan so your business is ready before glass breaks. [ORGANIZATION] provides a wide range of specialty commercial glass, fire rated bullet resistant, reflective, energy efficient or even two way mirrors. Visit [URL] whether it's storefro frontts dividing walls, tabletops, display cases, [OCCUPATION] [OCCUPATION] can meet your business glass needass [OCCUPATION]. [OCCUPATION] [OCCUPATION] call the last [OCCUPATION] will fix your pain. You can handle all of your insurance plane we're the quickest cure whenever your la breaks last doer last [OCCUPATION] call the [OCCUPATION] [OCCUPATION] will fix your pain. Call the [OCCUPATION] [OCCUPATION] we'll fix your pain. Oh yeah [OCCUPATION] [OCCUPATION] Replaces all types of glass for your home Auto Even at your business, there's never been a better time to beautify your home with glass. Exquisite decorative glass inserts for your entry door, a custom design shower enclosure, glass tabletops and mirrors. There's never a good time for glass debras, but you can plan in advance for savings and Service with [ORGANIZATION] [OCCUPATION]. Advantage Plan Advantage Plan members save 15% on all future repairs for the home and receive priority service response in emergencies. Plus, any glass replaced in the home of an Advantage Plan member is guaranteed against breakage for the term of the membership, excluding natural disasters. If you sell your home, the Advantage Plan protection even transfers to the new homeowners. Visit [URL] or ask your [ORGANIZATION] [OCCUPATION] [OCCUPATION] [OCCUPATION] about our Advantage Gland today. Call the [OCCUPATION] [OCCUPATION]. We'll fix your pain. You can handle all of your insurance claim where the quickick is sure whenever you're done breaks last [OCCUPATION] Best [OCCUPATION] Call the classass [OCCUPATION]. We'll fix your pain. Call the class [OCCUPATION] Will f your pace oh yeah. Your windshield does more than keep out wind and rain during an accident. The windshield helps keep you in the car, supports the roof over your head and even holds the passenger airbag in place. For your next windshield, help protect everyone in your car. Call the [OCCUPATION]. [ORGANIZATION] [OCCUPATION]. We recommend original equipment manufacturer quality glass and the same adhesives that car makers use. Only [OCCUPATION] [OCCUPATION] guarantees your new windshield for a full [DURATION] [DURATION] against breakage plus a lifetime against leaks and defects. Fast and friendly service. We even handle your insurance claim. Visit [URL] for more details. When Glass breaks, call the [OCCUPATION]. [ORGANIZATION] [OCCUPATION]. We've got the prescription for all types of glass for your home, auto or business. We're accepted by all major insurance companies so you can insist on [ORGANIZATION] [OCCUPATION]. [ORGANIZATION] [ORGANIZATION]. Thank you for calling [ORGANIZATION] [OCCUPATION]. [ORGANIZATION] [ORGANIZATION]. [ORGANIZATION] [ORGANIZATION] we fix your pains. How may I help you today? Hi, I was calling to see if you what time are you all close today? We are generally Monday through Thursday [TIME] to [TIME] and Friday [TIME] to [TIME] but we answer [DURATION] [DURATION]. How can I help you? Well you tell them yes sir. We spoke to someone other [DURATION] about getting a glass countertop for don table and they told [PERSON_NAME], can you hear me? Yes sir. Okay. And we were trying to get a glass countertop and I spoke to a young lady the other [DURATION] and she talked about coming down to get a I guess to give you all the size or whatnot. She said it be the 48 I think or 62 or something like that. Okay. O. I'm with their answering service, sir. If you like to leave your information that give give you a call during normal hours, we're generally Monday through Thursday, [TIME] to [TIME], and Friday [TIME] to [TIME]. But we do answer [DURATION] [DURATION] a [DURATION]. Okay, so we need to call back during that time. Correct. Or you can leave your information with me. Whatever you'd like to do, sir. Okay. Yeah, have them give me a call. Let them know on the website. The website don't have any hours on it? Well, they are. We're located all over the country in [LOCATION]. I'm not sure if's the local. What is your name, please? [PERSON_NAME] [PERSON_NAME] [PERSON_NAME]. [PERSON_NAME] [PERSON_NAME] [PERSON_NAME] [PERSON_NAME] [PERSON_NAME] [PERSON_NAME]. Yes, sir. [PERSON_NAME] [PERSON_NAME], [PERSON_NAME], [PERSON_NAME] [PERSON_NAME]. Is that [PERSON_NAME] [PERSON_NAME] [PERSON_NAME] [PERSON_NAME] [PERSON_NAME] [PERSON_NAME], [PERSON_NAME] [PERSON_NAME]? No, [PERSON_NAME] [PERSON_NAME] [PERSON_NAME] [PERSON_NAME]. Oh, I'm sorryister [PERSON_NAME], [PERSON_NAME] and [PERSON_NAME] [PERSON_NAME]. A good phone. You sir. Your code first. Area code? 1, 2, 3. Excellent, thank you. Your zip code? [LOCATION]. Thank you. [LOCATION], [LOCATION]. Any address? [LOCATION] [LOCATION]. [PERSON_NAME] [PERSON_NAME] [LOCATION] [LOCATION] [LOCATION] [LOCATION] [LOCATION]. [LOCATION]. [LOCATION]. Thank you very much, sir. [LOCATION] [LOCATION]. [PERSON_NAME] [PERSON_NAME] [LOCATION] [LOCATION] [LOCATION] [LOCATION] [LOCATION] [LOCATION]. [LOCATION], [LOCATION] [LOCATION]. Thanks for calling [ORGANIZATION] [ORGANIZATION] [ORGANIZATION] [ORGANIZATION], Mr. [PERSON_NAME]. I will have dispatch give you a call on Monday. And there's not something else I can help you with? You have a great weekend. All you too. Take care.",508.0,0.8996412,1165,7676,157,DURATION|LOCATION|OCCUPATION|ORGANIZATION|PERSON_NAME|TIME|URL,"OPENING, NEEDS_ANALYSIS",0.8622,tfidf_word_char_lr_threshold,True,"PRODUCT_PITCH, FEE_DISCUSSION",0.7,False,The transcript is an IVR recording pitching various glass services and mentioning upfront pricing.
callcenteren,843b0bd3b544497097ad8bbf3ce0b94b36379576_transcript,78ef0fdb748244340d78a292791409033dd6765b7ab7b71cdf391882485c473c,medicare_inbound.zip,medicare_inbound/843b0bd3b544497097ad8bbf3ce0b94b36379576_transcript.json,medicare,inbound,"Hi, thank you for calling the [ORGANIZATION] [ORGANIZATION] in [LOCATION] [LOCATION]. This is [PERSON_NAME] speaking. How can I help you today? Hi, I'm trying to make an appointment for my first baby for tomorrow. It said was there was a time available at [TIME] but it was giving me a hard time of setting an appointment. It what's the name of the pet? [PERSON_NAME] [PERSON_NAME] [PERSON_NAME] [PERSON_NAME] [PERSON_NAME] [PERSON_NAME] Gotcha. And it does not look like. Are you able to bring in the [DRUG] when you come tomorrow? Because it does not can. It wouldn't let me upload it online either. Gota. But I have it alghty. And then what were you were wanting her to just come for daycare tomorrow? No, I was trying to get her grooming done tomorrow. Oh, grooming, Gotcha. I will have to see if we have availability. Let me check for you. Yeah, I said there was one at [TIME] with a [PERSON_NAME]. Something like that. Yeah. Oh [PERSON_NAME]. [PERSON_NAME]. Our computer is having like issues so it's really slow. So just bear with me. You're fine. You said for tomorrow, is that correct? Yes ma'am. Allghty. So that will work. Did you have any special instructions you wanted her to know? Just nothing that doesn't have like any mint like peppermint, like any products. Oh, gotcha. Did you have any groom instructions? I mean I want to keep her. Oh, sorry, go ahead. Oh no, go ahead. I'm sorry, what were you about to say? I was just going toa say if you're not entirely sure, they will also ask you at check in tomorrow. So if you needed to think, you would still have until tomorrow. Okay, that works. I have pictures in mind. I don't know if I should just bring that tomorrow. You can do that or I can send you a text from our text number and then you can also send them there if that's okay. Okay, I'll do that. Okay, perfect. So I'll go ahead and set that up for you for [TIME] tomorrow. Just bring in her vaccine records when you come as well as send the reference photos just whenever you get a second. Okay. And then this is like the groom package or something like that because on her recent one the way how they put it in the system is different in the way how when I try to book it online it just says groom washing nail services with full haircut. Yeah. So that's going to be our groom package which includes the bath dry the brush out with the haircut as well as the nails and trimming the nails and cleaning the ears. If there is any of that you don't want us to do, you can also just let us know. Oh, no, that's perfectly fine. She needs all of that. O. Gotcha. Thank you so much. No, that we all thank you. This is my first time taking her to this location. I'm excited. O, we're excited to meet her. Thank you. You're welcome.",285.0,0.8918298,515,2750,18,DRUG|LOCATION|ORGANIZATION|PERSON_NAME|TIME,"OPENING, NEEDS_ANALYSIS, ACTIVE_LISTENING",0.6766,tfidf_word_char_lr_threshold,True,"OPENING, NEEDS_ANALYSIS, SUCCESSFUL_SALE",0.8,True,"Agent opens the call, analyzes the pet's grooming needs and instructions, and successfully schedules the appointment."
callcenteren,b124ad3b4e9443839fa4eb4f6e3ae2ea_transcript,76baf302366c61660b665cbc23da6d68b17adb55a27805cad914dd7a87672699,home_ervice_inbound&telecom _outbound.zip,home_ervice_inbound&telecom _outbound/b124ad3b4e9443839fa4eb4f6e3ae2ea_transcript.json,home_service_telecom,outbound,"Thank you for calling [ORGANIZATION], [ORGANIZATION] [ORGANIZATION] [ORGANIZATION]. For [ORGANIZATION], please press [PHONE_NUMBER]. For all other inquiries. Thank you for calling [ORGANIZATION] [ORGANIZATION]. Please hold for the next available [OCCUPATION]. Thank you for calling [ORGANIZATION], [ORGANIZATION]. [ORGANIZATION] [ORGANIZATION]. This is [PERSON_NAME], how can I help you? Yes, how's it going? I was trying to see if I was getting back window on the paage side for 2017nissan ma. All right. Is this [PERSON_NAME] [PERSON_NAME]? Yes. All right, I must already spoke with you. You did? I know I called this number. I called a different number. Okay, then see if we can get it. Looks like it's been [DURATION] [DURATION] [DURATION], so let me see if we can get it for you. [DATE_INTERVAL] [DATE_INTERVAL] [DATE_INTERVAL] [ORGANIZATION] Maxima. Yes, ma'am. All right. And what was the door glass? You needed the rear passenger. Okay, rear passenger. All right, hang on one second. I'm going to see if I can find this for you, okay? Unfortunately no, we can't get it. None of my [OCCUPATION] have it. All right, thank you, ma'all. Right. I'm sorry we couldn't help you. Thank.",259.0,0.86610085,188,1186,24,DATE_INTERVAL|DURATION|OCCUPATION|ORGANIZATION|PERSON_NAME|PHONE_NUMBER,"OPENING, NEEDS_ANALYSIS",0.7834,tfidf_word_char_lr_threshold,True,"OPENING, NEEDS_ANALYSIS, CURIOUS_EXPLORATION",0.8,True,"Contains a greeting, agent asks for specific part details to check availability, and customer is inquiring about a product."
callcenteren,bb12ae57-fae9-4004-862e-25d13a830550_transcript,66f4fa2432730a70118cfe7c6e09f59bd4166cfb15276ae3b235aa46f1ad7425,home_service_inbound.zip,home_service_inbound/bb12ae57-fae9-4004-862e-25d13a830550_transcript.json,home_service_telecom,inbound,"Thank you for choosing [ORGANIZATION] [ORGANIZATION]. If you need glass for your car or truck, please press [PHONE_NUMBER] to speak with our [ORGANIZATION] [ORGANIZATION] [ORGANIZATION] for all other services and we will be happy to help you. Thank you for calling [ORGANIZATION] [ORGANIZATION]. Can you please hold? Thank you. Even why lay down. [PERSON_NAME], look at me. Okay. All right. You know your on a laptop. No, no, no. Good girl. Hello, sorry for the hold. How can I help you? Hi, I'm calling to find out if you guys offer full screen replacements for Windows. When you say full screen replacement, do you mean like you need a new frame and screen or do you mean you just want the screen fixed? I want all scre. No, I want ye frames are bent, screens are trash. Just want. Are you in [LOCATION]? We'd honestly have to have someone come out there and take a look at it and see if it's something that we could get for you. Okay. There Polo Windows. I would send someone else that and see if it's something that we could get for you because a lot of times some of the certain hardware we may not be able to get or some of the certain thickness. So it would be something I'm not sure we can do until I send a [OCCUPATION] out there to look at it. Okay. Would that be a free consultation? It would be, but it wouldn't be until [DATE_INTERVAL]. I believe it's [DATE_INTERVAL] [DATE]. For booking to right now. Okay, I'll schedule it but if I need to cancel it, I'll call back. It's [DATE_INTERVAL] [DATE] at [TIME]. Does that work for you? [TIME] yes. What's the address? [LOCATION] [LOCATION]. [LOCATION] [LOCATION] [LOCATION] [LOCATION] [LOCATION] [LOCATION] [LOCATION]. [LOCATION]. Your name? [PERSON_NAME]. Again? [ORGANIZATION] [ORGANIZATION] [ORGANIZATION] [ORGANIZATION] [ORGANIZATION] [ORGANIZATION] [ORGANIZATION] [ORGANIZATION] [ORGANIZATION] [ORGANIZATION] [ORGANIZATION] [ORGANIZATION] How many screens are there that you need? God, just the ballpark. So I know how long to book in there for? 10. Yes. So 9, 10, 11, 12, 13, 14, 15, 16. What's a good phone number for you? Your email for pricing. Okay. If you need to cancel, just please give us a call back as soon as you know. Absolutely. Thank you so much. All right, thank youe. Bye.",457.0,0.90003836,388,2253,41,DATE|DATE_INTERVAL|LOCATION|OCCUPATION|ORGANIZATION|PERSON_NAME|PHONE_NUMBER|TIME,"OPENING, NEEDS_ANALYSIS, CURIOUS_EXPLORATION",0.7382,tfidf_word_char_lr_threshold,True,"OPENING, NEEDS_ANALYSIS, PRODUCT_PITCH, FEE_DISCUSSION, SUCCESSFUL_SALE",0.9,True,"Greeting present, agent analyzes window needs, pitches a consultation, discusses if it is free, and schedules the appointment."
callcenteren,ede17310a180453790c5924785e56a14_transcript,43e0f6f8392f2da4eb76cdc7513ae3bab645ce84af196a8517a02b53c91860df,automotive_inbound.zip,automotive_inbound/ede17310a180453790c5924785e56a14_transcript.json,automotive,inbound,"Have reached [ORGANIZATION] [ORGANIZATION] [ORGANIZATION]. One of our [OCCUPATION] will be with you shortly. [ORGANIZATION] [ORGANIZATION], this is the [ORGANIZATION] [ORGANIZATION], [PERSON_NAME] speaking. How can I help you? Hi, this is [PERSON_NAME] [PERSON_NAME]. Do you, do you have. Do you know if [PERSON_NAME] is working today? Yeah, you transfer to [PERSON_NAME] for you. Yeah, man, I'm gonna. I need to talk to him real bad. No worries. Give me one second. Let me connect you to him. Okay. Okay, thank you. [ORGANIZATION] [ORGANIZATION], how can I direct your call? I. Can I talk to [PERSON_NAME], please? I beg your pardon? You'd like to speak to who? Oh, I don't know. But are you [PERSON_NAME]? [PERSON_NAME], is it? Do you need. You need somebody Sales or. He's on sales and he just. I just bought a truck from him and I'm having trouble with the truck. Okay, what was his name again, sir? [PERSON_NAME]. [PERSON_NAME]. Can you spell it for me? If I can understand it for me. [PERSON_NAME] [PERSON_NAME], [PERSON_NAME], [PERSON_NAME]. Well, [PERSON_NAME] [PERSON_NAME], [PERSON_NAME], [PERSON_NAME], [PERSON_NAME], [PERSON_NAME]. [PERSON_NAME]. [PERSON_NAME]. It's. It's last name is [PERSON_NAME] [PERSON_NAME], [PERSON_NAME], [PERSON_NAME], [PERSON_NAME], [PERSON_NAME], [PERSON_NAME], [PERSON_NAME], [PERSON_NAME], [PERSON_NAME], [PERSON_NAME]. Okay, let me see if I can read get it for you just a moment. See if he's in his desk. It. All of our [OCCUPATION] are. Sir, he's not answering. Let me see if I can reach his. His [OCCUPATION] [OCCUPATION]. Okay. Okay, that will be perfect. Thank you so much. Okay. Huh. All of our [OCCUPATION] are assisting other callers at this time. Your call is very important to us. Please stay on the line and your call will be handled in the order it was received. [ORGANIZATION] [ORGANIZATION], this is [PERSON_NAME]. Hey, [PERSON_NAME] this is [PERSON_NAME] [PERSON_NAME]. I'm trying to reach [PERSON_NAME]. I reached a service that they were not very helpful. So I just bought a truck from you from [PERSON_NAME] like last week and he has about 85 miles and it won't start, man. It doesn't. I disconnected the battery for [DURATION] [DURATION] to see if it resets something, but it doesn't do anything. It just flashes the panel and that's it. Oh man. Do you need a brought over tar dealership? Yeah, and I guess I need to put it in service, but I need a loaner because I don't have any other vehicle because they told me that they won't be able to touch it until Tuesday. Yeah, that's probably right. Just on Saturdays everyone have crew and on Monday they're closed. But if you want to work on getting the vehicle here, you know you can hit the OnStar button and they have roadside assistance for you. They can bring it over. But if the truck doesn't, does the OnStar will work because it doesn't do anything it should because it's got, like, an emergency fail safe. If not from your application, if you download the My Chevy app, it has the phone number you can fit on there, too. Okay, I definitely can do that. But what about the loaner? This is. This is the most critical part of it. Yeah, that'd be a question for service. They have a [ORGANIZATION] [ORGANIZATION] over there, and they can let you know, see what the status is on their inventory. No, they told me I took the service, and they told me that's a sales problem, so that's why I call [PERSON_NAME]. No. Yeah, I can send you over to the actual [ORGANIZATION] [ORGANIZATION], and that way they can help you out there. Yeah, because we have a whole department that just handles that. Okay. And in your opinion, this is something I can get because if not, I just bought this truck to work, and I won't be able to work on Tuesday. Yeah, I really don't know. I don't kind of keep up with their availability on those. But like I said, even if you want, I can walk this information over them and have them reach out to you. If you don't feel comfortable with me transferring it over. Okay, please transfer me to them and see what I can do. But I'm very disappointed at this point. So. Yeah, transfer me to then, please. Okay, no problem. Exactly. All of our [OCCUPATION] are assisting other callers at this time. Your call is very important to us. Please stay on the line and your call will be handled in the order it was received. Mr. [PERSON_NAME]. Hey. Hey. It looks like I'm on the other line with somebody else. I don't want to just send you over blindly. I'm going to jot down your info, and I'm going to just have them reach out to you. That's okay. I'm sorry. What time do they close? That's my main concern right now. I think they close at [TIME], if I'm not mistaken. Around the other stores. Yeah, I don't really know. I don't live there right now. Okay. Okay. Yes. If you. If you can. If you can help me with this, man. I can. I really appreciate it. Yeah, definitely. I'll try my best. What's your phone number? [PHONE_NUMBER]. [PHONE_NUMBER]? Yes, sir. Okay, let me walk this over to them. I'll have them reach out to you. Okay, thank you, [PERSON_NAME]. I appreciate it. Yes, sir. No problem. Thank you. Bye.",502.0,0.9485149,897,5139,68,DURATION|OCCUPATION|ORGANIZATION|PERSON_NAME|PHONE_NUMBER|TIME,"OPENING, CURIOUS_EXPLORATION, NEEDS_ANALYSIS",0.6854,tfidf_word_char_lr_threshold,True,"OPENING, MISUNDERSTANDING, STALLING_FOR_TIME",0.7,True,"Greeting present, confusion over the spelling of the salesperson's name, and agent asks for time to check the desk."
callcenteren,0fc75c7c172b4e1aa4c894a5a93dc45c_transcript,ed30ff797d291fde3cef0efd0758117b34a81187ff8f276f00bea73d46a25165,medicare_inbound.zip,medicare_inbound/0fc75c7c172b4e1aa4c894a5a93dc45c_transcript.json,medicare,inbound,"Good afternoon. That's [ORGANIZATION] [ORGANIZATION]. Hi, My name is [PERSON_NAME]. [PERSON_NAME]. I'm calling because I call all the referrals that you guys told me about to get a. A [MEDICAL_PROCESS] [MEDICAL_PROCESS]. They're all, like, booked out until, like, [DATE_INTERVAL] through, like, [DATE_INTERVAL]. And I've called 50 other places on my own and they're all booked out pretty far. I was wondering if you guys could contact someone for me. You guys get a [OCCUPATION] there, right? So you would have to tell them you're in pain so that they could see you right away. I. I promise you. What's your la themlo? Can you spell that for me? [PERSON_NAME] [PERSON_NAME], [PERSON_NAME], [PERSON_NAME] [PERSON_NAME] [PERSON_NAME]. E, [PERSON_NAME], [PERSON_NAME]. Siern. Okay. Okay, I have you. I think I have you coming in this [DURATION]. Yeah, I have you coming Thursday for your [MEDICAL_PROCESS]. [TIME]. Yes. Still. Is that still okay? I mean, I'm still going. It's just I was wondering if you guys could call, like, an oral facility to see if they could take me in sooner because I'm an excruciating pain. They don't do anything. They pretty much don't care. Let me see where they gave you the referral to. They gave it to you for the [MEDICAL_PROCESS] [MEDICAL_PROCESS] [MEDICAL_PROCESS]. That one has five offices. The one they gave it. The one they gave you. I called, not on the top of my head, but I called majority, all four, all three of the numbers on the paper. And they're all booked out pretty far. I promise you. I'm not lying here. Okay. I'm not sure what to do at this point because we can call them, but they might just tell us the same thing. I don't know. Let me see. I believe her name is [PERSON_NAME]. It might be incorrect on the name, but she told me to let you guys know if no [OCCUPATION] [OCCUPATION] or any place that's able to take me to contact you guys. Okay, well, I'll leave this for her because maybe she knows someone that she can refer to you. Because, I mean, these are the people that we refer to and they usually take people in, like, right away. I don't know why they're saying no to you, usually for any emergency. Yeah. You know, what's the best number to reach you, honey? Okay, I'm going to have [PERSON_NAME] call you, okay? Okay. Thank you so much. You're welcome by. Bye. Have a great day.",226.0,0.8938715,414,2343,27,DATE_INTERVAL|DURATION|MEDICAL_PROCESS|OCCUPATION|ORGANIZATION|PERSON_NAME|TIME,"OPENING, NEEDS_ANALYSIS, PRODUCT_PITCH, ACTIVE_LISTENING",0.6249,tfidf_word_char_lr_threshold,True,"OPENING, NEEDS_ANALYSIS, OVERWHELMED_CONFUSION",0.8,True,"Greeting present, agent verifies patient identity and appointment, and customer expresses distress and pain regarding medical referrals."
callcenteren,20211028-174815_6145771611-all_transcript,565ec3ee5a45d9a4915687c2c7bd403f30e9d761bff0212b1327b0959725fbaa,home_ervice_inbound&telecom _outbound.zip,home_ervice_inbound&telecom _outbound/20211028-174815_6145771611-all_transcript.json,home_service_telecom,outbound,"Hi, this is [PERSON_NAME] [PERSON_NAME]. I'm looking for [PERSON_NAME]. [PERSON_NAME]. Perfect. [PERSON_NAME], this is [PERSON_NAME] [PERSON_NAME], the [OCCUPATION] from [ORGANIZATION] [ORGANIZATION]. How are you doing today? Good, perfect. Remember we had a conversation [DURATION] [DURATION] [DURATION] [DURATION] ago and I told you that. Yes. So actually we just have a looked into every single thing and we were just like working all the things over your account and every single thing is good to go now. And we sorted out most of the things and we can proceed with the appointment now. So our [OCCUPATION]. So you'overshoot this time they can give me like opt fiber line. Yes. I'm making sure that this time they will be able to provide you the fiber optic lines. Yes. Okay. Can you put it on Monday? On Monday I can see their [OCCUPATION] will be around on [DATE] [DATE] [DATE]. Monday after next [DURATION]. Yeah. What is the [DURATION]? [DATE]. [DATE] [DATE] [DATE]. What is the [DURATION] on this one? On Monday. It's a Monday. Monday. Okay, it's fine. What time to what time? We have two different times. [DATE] to [TIME]. [TIME] to [TIME]. You can pick the one that you. [TIME] is fine. Open it [TIME] [TIME]. I understand, I understand. Okay, so let me just make it quick, like quick recap with you. I got most of the information with me. So it is for the [ORGANIZATION] [ORGANIZATION] [ORGANIZATION] [ORGANIZATION] [ORGANIZATION]. Yeah. And you are? [PERSON_NAME], I build the [OCCUPATION]. And you're located at [LOCATION] [LOCATION] [LOCATION] [LOCATION] with the zip code [LOCATION]. Okay, so we'll be providing you Internet of [MONEY_AMOUNT] by [MONEY_AMOUNT] megabits and new Internet of 100100 megabits and your online going to the digital network. And you will be able to use local and long distance calls unlimitedly. Free 20 calling features five times better with quality. [PERSON_NAME] will be [MONEY_AMOUNT] per [DURATION]. You know the details already, right? Perfect sir. And the email with me bill like yesterday it'two [MONEY_AMOUNT] [MONEY_AMOUNT] [MONEY_AMOUNT]. I don't know why is this crazy? [PERSON_NAME], I have to. Well, yes, reason being you guys are currently on analog services and the bill fluctuate like randomly depending on the usage. That's the reason [ORGANIZATION] [ORGANIZATION] [ORGANIZATION] is trying to get rid of the copper buys now and trying to go to the digital network. Okay, sure. Actually, sure. And one more thing, [PERSON_NAME]. It's not going to be [MONEY_AMOUNT] do. It's going to be [MONEY_AMOUNT] do. Sorry for that. It's going to be $[MONEY_AMOUNT] per [DURATION]. And there is the good news for the installation. There is no charge out of your pocket as [ORGANIZATION] [ORGANIZATION] [ORGANIZATION] will be sending you the [MONEY_AMOUNT] [MONEY_AMOUNT] [ORGANIZATION] card to offset the [MONEY_AMOUNT] [OCCUPATION] charges. Means everything is on [ORGANIZATION]. Everything is free of charge from your side. So you will be getting all the information at Your email address that is [EMAIL_ADDRESS] [EMAIL_ADDRESS]. [EMAIL_ADDRESS]. You will be getting all the information that how you can redeem that card online. Okay misterdul? Okay, perfect. Lastly, I just need your permission to place this order on your behalf. That includes signing a letteral authorization that only allows us to add this new discount to your account and grant the [OCCUPATION] to Visit you on [DATE] [DATE] [DATE]. So do I have your permission to send them out? Yes. Perfect. All right. Thanks for time and I have a good [DURATION]. We'll see you there sir. Have a good [DURATION]. Blessk. Bye.",272.0,0.8748172,586,3635,80,DATE|DURATION|EMAIL_ADDRESS|LOCATION|MONEY_AMOUNT|OCCUPATION|ORGANIZATION|PERSON_NAME|TIME,"OPENING, NEEDS_ANALYSIS, FEE_DISCUSSION",0.7532,tfidf_word_char_lr_threshold,True,"OPENING, PRODUCT_PITCH, SUCCESSFUL_SALE, CLOSING_NEGOTIATION",0.9,True,"Greeting present, agent pitches fiber optic installation, negotiates the specific time slot, and confirms the appointment."
callcenteren,a13b7ff912424f3aba11ce7e958663a7_transcript,a4c5031cdd0cc1caac7c0351424aaa851df2b1e7e4e6841e56e57fd476dcebe7,automotive_inbound.zip,automotive_inbound/a13b7ff912424f3aba11ce7e958663a7_transcript.json,automotive,inbound,"[PERSON_NAME] [PERSON_NAME] calling [ORGANIZATION] [ORGANIZATION]. [ORGANIZATION]. My name is [PERSON_NAME]. How may I help you? Hey, how's it going? Do you guys have any like lease specials going on for [EVENT] [EVENT]? Lease specials? Yeah, we got a ton of lease specials. What type of car you looking for? Not too certain. Really off the top of my head. I'm just trying to get out of the vehicle and now do you guys still do this leases for [DURATION] [DURATION] [DURATION] [DURATION] [DURATION]? Say one more time, I couldn't hear you. Sorry. Trying to get out of the vehicle that I'm in right now. Do you guys still do leases for like [DURATION] [DURATION] [DURATION] [DURATION] [DURATION] or so? I leased with you guys in the past. I mean that's what I did before. I don't know if. Rather like a frontier or something like that, kind of. Okay. [ORGANIZATION], [ORGANIZATION] [ORGANIZATION]. [ORGANIZATION], really anything you're looking for for the frontier is for the SB4X2. It's an [DURATION] [DURATION] lease. So it's [DURATION] [DURATION] [DURATION] [DURATION] [DURATION]. [MONEY_AMOUNT] duet signing and your payment is gonna be 285amonth. Yeah, I was trying to look at like something like not putting anything down that's possible. I don't have anything. Any specials for zero down. Do you know if there's any deals coming up like later in this month? Not. Yeah, they want. As soon. As soon as it comes out is when I know I can write your name down. If they come up with something, I can call you. Yeah, like I said, I'm just trying to. I was going to trade in my [ORGANIZATION] and just try leasing. What kind of car are you driving now, man? [ORGANIZATION] [ORGANIZATION]. It's [DATE_INTERVAL]. And you're trading that in? I'll tell you what, man, we really want that. So you get a really good deal on just bringing that in to us. What's your name? [PERSON_NAME]. Last name? [PERSON_NAME]. [PERSON_NAME] [PERSON_NAME]. And is it like your phone number? Yep. All right, cool. I got you, man. As soon as I find out anything, and it shouldn't be much longer than what, next week or something, I'll let you know and try to get you to come up here so we can at least try to get you out of that [ORGANIZATION]. Yeah. All right. Is. Is the market still decent to like use vehicles and stuff like that? They're a lot better. It's still a [OCCUPATION] market though, so if you to trade in your vehicle, you're coming in a little bit better as opposed to just straight up buying one. It's starting to level out a little bit. More with the new cars coming out and the chips being used a little bit more, but it's still upside down with the interest rates all over the country. Oh, yeah. I'm just trying to get a good deal on the truck. Honestly. Absolutely. I'll talk around and see what I can find out, and I'll call you back. Really? Probably Monday. Is that okay? Yeah, that's fine. Okay. All right. Thank you, Mr. [PERSON_NAME]. Yeah, I'll be free Monday, so if you just give me a call Monday, let me know. Okay, perfect. Talk to you soon, man. I appreciate it. Thanks.",234.0,0.9392065,549,3077,41,DATE_INTERVAL|DURATION|EVENT|MONEY_AMOUNT|OCCUPATION|ORGANIZATION|PERSON_NAME,"OPENING, CURIOUS_EXPLORATION, FEE_DISCUSSION, NEEDS_ANALYSIS, PRODUCT_PITCH",0.6143,tfidf_word_char_lr_threshold,True,"OPENING, NEEDS_ANALYSIS, PRODUCT_PITCH, FEE_DISCUSSION",0.95,True,"Contains greeting, agent asks for car preference, provides a specific lease quote, and discusses down payment options."
callcenteren,2067810144_transcript,5ae1bffe9f6ed0f7a6121595d61229822b3a4a8b05018fde63baa79e850ab332,insurance_outbound.zip,insurance_outbound/2067810144_transcript.json,insurance,outbound,"Hello? Hello. Hi ma' am, my name is [PERSON_NAME]. How are you doing today? Okay, that's good to know. Ma' am, like this call is just to inform me that like today your Medicare is getting upgraded. So that's why you are getting some extra benefits from your medicare at zero additional cost to you. Hope that sounds good to you, ma' am. So ma' am like the benefits you will be receiving after this, you don't have to pay anything for your medications or prescriptions. You don't have to pay no co pays when you visit to your [OCCUPATION] or the [OCCUPATION]. And you will receive some wide range of coverages like dental, vision, hearing, transportation services. And also you will receive like $[MONEY_AMOUNT] money back to your Social Security check every month at zero additional cost to you. So like to get these benefits I will just ask you two to three qualifying questions like is your Medicare part A and part B is active right now. That's good to know. And like for the confirmation can you please like confirm me? Do you make your own decisions about your Medicare? Yes, I do. That's good to know. So ma' am, like you are qualified to get this extra benefits. So right now ma' am, and ma' am, along with Medicare, like do you have Medicaid as well? Yes, I do. Okay, so ma' am, you are qualified to get these benefits. So right now ma' am, what I will do, I will just like connect your call to the [OCCUPATION] [OCCUPATION] [OCCUPATION], ma' am, like who is from your same area ma' am, from the same zip code. He will just going to like explain you in detail what are the benefits you are receiving, ma' am. And he will just going to let you know when you will be receiving the paperwork about this benefits so you can read about the benefits as well. Okay. Okay. So ma' am like before connecting a call for the confirmation, ma' am, can you please like confirm me? Ma' am, what's your, what's your zip code? Okay, it's [LOCATION], correct. Okay. Okay, it's [LOCATION], Correct? [LOCATION]. [LOCATION]. Okay, thank you so much for that ma' am. So like for the confirmation. Ma' am, you live in [LOCATION], [LOCATION], correct? Yes, I do. Okay, that's good too. And I'm like, how's your day? So [OCCUPATION], I was going down for breakfast other than I'm okay. Okay. And like I have your address with me. It's like a [LOCATION] [LOCATION] [LOCATION] [LOCATION], [LOCATION] [LOCATION] is that correct? Yeah. Okay. And ma' am, for the confirmation, like, I have your full name with me, ma' am. It's like [PERSON_NAME] [PERSON_NAME] [PERSON_NAME]. [PERSON_NAME]. Is that correct? Yeah. Okay. And ma' am, can you please like, inform me, what's your date of birth? Your birth date. Okay. It's like [DATE_OF_BIRTH] [DATE_OF_BIRTH], [DATE_OF_BIRTH], correct? Yeah. [DATE_OF_BIRTH] [DATE_OF_BIRTH]. Okay, thank you so much for that. [DATE_OF_BIRTH] [DATE_OF_BIRTH], [DATE_OF_BIRTH]. Okay, ma' am, so as I told you, it will take like only [DURATION] [DURATION] to connect your call, ma' am. And the [OCCUPATION] will take like a minimum [DURATION] [DURATION] [DURATION] [DURATION] to explain you everything and I will introduce you to them. Okay? So just give me [DURATION] [DURATION]. Ma' am, I'm connecting your call. Okay, Please be on the line. Okay. And like, you only have Medicare, correct? You don't have Medicare, correct? Medicare. Oh, you. Okay, that's good to know. And like, how's the weather out there, ma' am? It's overcast right now, but not raining. Like, do you like rain? No, I rather have weather like [LOCATION]. Okay, so just [DURATION] [DURATION] more, ma' am, your call is getting connected. I appreciate your patience. Okay. And Your apartment is [LOCATION], correct? What? Your apartment number is [LOCATION], correct. Okay, here we go. I appreciate your patience. Thank you for your interest about Medicare Advantage or Medicare Supplement health insurance plans. If you are interested in speaking with a [OCCUPATION], please press [PHONE_NUMBER] and remain. Hello. Hi. Hi. My name is [PERSON_NAME]. This call will be monitored and recorded for quality and training purposes. Do you have Medicare.",345.0,0.95793325,704,4123,49,DATE_OF_BIRTH|DURATION|LOCATION|MONEY_AMOUNT|OCCUPATION|PERSON_NAME|PHONE_NUMBER,"OPENING, NEEDS_ANALYSIS, PRODUCT_PITCH, FEE_DISCUSSION, PASSIVE_AGREEMENT",0.7186,tfidf_word_char_lr_threshold,True,"OPENING, PRODUCT_PITCH, NEEDS_ANALYSIS",0.9,True,"Greeting present, agent pitches Medicare benefits and asks qualifying questions to determine eligibility."
callcenteren,4beb2c21d4984cd790bd47f8248ca532_transcript,e5b2367a1e2f7fa075a8648e415c5812c632b641473e77dfb79be408893f5241,home_service_inbound.zip,home_service_inbound/4beb2c21d4984cd790bd47f8248ca532_transcript.json,home_service_telecom,inbound,"This call is being recorded for quality assurance. [OCCUPATION] [OCCUPATION] can do more than fix your pains. We can help beautify your home and bath with luxurious glass shower and tub enclosures designed to fit any style or size. Most can be installed in a single day. Or update your entry doors with Elegan. Good morning [OCCUPATION] [OCCUPATION] we fix your pains. Can you please hold? Yes. Call the class doctor'll fix your pain y Call the [OCCUPATION] [OCCUPATION] will'make your pain down Call the glass doctor'getix your pain down Call the [OCCUPATION] [OCCUPATION] we'll mix your pain now. Call the [OCCUPATION] [OCCUPATION] will fix your pain down Call the glad [OCCUPATION] you will m your pace down Call the classass [OCCUPATION] we'll fix your pain Call the [OCCUPATION] [OCCUPATION] we'll make your pain Call the glass down [OCCUPATION] Will make your pacee Call the [OCCUPATION] [OCCUPATION] will'make your pain Call the [OCCUPATION] [OCCUPATION] will m your pain down the [OCCUPATION] [OCCUPATION] will fix your pain Call [OCCUPATION] Pa Call the [OCCUPATION]. Thank you for holding [ORGANIZATION] [ORGANIZATION]. How can I help you? Yes, I need to replace the windshield on my car and wanted to get an estimate and timing on that. Yeah, let's get a quote together. What's your first name? [PERSON_NAME]. And [PERSON_NAME] last name? [PERSON_NAME]. [PERSON_NAME] [PERSON_NAME] [PERSON_NAME] [PERSON_NAME] [PERSON_NAME] [PERSON_NAME] [PERSON_NAME] and a good phone number for you? [PERSON_NAME]. All right, and what is the vehicle your making and model? It is a [DATE_INTERVAL] [ORGANIZATION] Sol EX. So you have seven different windshields that populate for that you're making model. So I'm going to ask a few questions and if you know it that's great. If not what we can do also is just get the VIN and narrow it down. Do you know I have the right in front of me if you. Okay, yeah, let's do that then. Ready And I'm ready when you are. [VEHICLE_ID] [VEHICLE_ID] [VEHICLE_ID] [VEHICLE_ID] [VEHICLE_ID] [VEHICLE_ID] well computers are great when they work great but it saying it cannot match that then to a particular windshield up this time. So what I have to do is just decode it one more time with our corporate office but I can probably figure out which one it is off of. You'll probably know this answer. Do you have the lane departure warning system? I it would and then the only other one I had a question on is you may not know this if you have the camera bracket up by your rear view mirror. I mean I have a camera up there. I don't think it was a camera because it, you know, doesn't show me that on the screen. The thing that show me the screen is from the back, but I have something up there that senses, you know, like I'm going to run into something and I've heard it call the camera. Whether that's exactly where it's located or not, I don't know. I think it is. Well, most. Yeah, the most popular one I've already. I'm going to pick that one. It gives me four stars for that one. So I think I can narrow it down from that. So with you having the lane departure warning system when we replace the windshield, it has to have a recalibration done on that as well. Okay. I didn't know if you called around yet, so. And anybody explained it, so I wanted to let you know that. All right. It's thinking here, let me put the tax on and give you it without the recalibration. Then I can give you with the recalibration. Do you know what your deductible is on insurance? I'm not worried about that right now. Okay. Think I'll. I don't think I'll be using insurance. Okay. So without the recalibration, [OCCUPATION] [OCCUPATION] has a price of [MONEY_AMOUNT], [MONEY_AMOUNT]. And then I can add. That doesn't include the recalibration and [ORGANIZATION] [ORGANIZATION] does do mobile recalibration. So we can still come to you with doing the recalibration. Let me put. That's the information I needed and that's'm so I'm in a hurry, so I'm going to go ahead and go now. Okay. All right, thank you.",449.0,0.8823906,703,4018,50,DATE_INTERVAL|MONEY_AMOUNT|OCCUPATION|ORGANIZATION|PERSON_NAME|VEHICLE_ID,"OPENING, NEEDS_ANALYSIS, CURIOUS_EXPLORATION, FEE_DISCUSSION, SOFT_REJECTION",0.6293,tfidf_word_char_lr_threshold,True,"OPENING, NEEDS_ANALYSIS",0.9,True,"Greeting present, agent collects customer personal details and vehicle information to prepare a quote."
callcenteren,9035763562_transcript,75b48ac130511219b6ba25f3aa8e80a772bd0c0631f842f8aa0fd4c034586cf6,insurance_outbound.zip,insurance_outbound/9035763562_transcript.json,insurance,outbound,"Hello? Hello. Hi, my name is [PERSON_NAME]. How are you doing today? Fine. You? That's good to know, sir. I'm fine. Thank you so much for asking. Like this call is just to inform you that like today your Medicare is getting upgraded. So that's why you are getting some extra benefits from your Medicare at zero additional cost to you. Hope that sounds good to you, sir. Sir, turn the TV down. Can you hear me? Yeah, I can hear you now. Okay, sir, so as I told you, you are getting some extra benefits from your Medicare at zero additional cost to you. Hope that sounds good to you, sir. I'm a ma' am. Oh, I'm so sorry about that, ma' am. Hope that sounds good to you, ma' am. Yes, sir. Okay, so ma' am, like the benefits you will be receiving after this, ma' am, you don't have to pay anything for your medications or prescriptions. You don't have to pay? No CO pays when you visit to your [OCCUPATION] or the [OCCUPATION] and receive some wide range of coverages like dental, vision, hearing, transportation services, ma' am. And also you will receive like $[MONEY_AMOUNT] money back to your Social Security check every month at zero additional cost. So, ma' am, like, to get this benefit, I will just ask you two to three qualifying questions like is your Medicare part A and part [PERSON_NAME] is active right now? Yes, but I got my new Medicaid card somewhere in the mailbox. I can't give it to you. That's fine. That's fine. I don't need your Medicare ID number. Okay. Okay, so like for the confirmation can be like confirming. What's your zip code? [LOCATION] [LOCATION] [LOCATION]. Okay. It's like [LOCATION], correct? Yes. Okay, so like you live in [LOCATION], [LOCATION], correct? Yeah. Okay. And like canvas, like confirming. Do you make your own decisions about your Medicare? Yes. Okay, so like you are qualified to get this extra benefits. So right now what I will do, I will just like connect your call to the Medicare [OCCUPATION] [OCCUPATION] who is from the same area from the same zip code. People just going to like explain you in detail what are the benefits you will be receiving. And it's going to let you know when you will be receiving the paperwork about this benefit so you can read about the benefits as well. Okay. Okay, so like before connecting, the call for the confirmation can be like confirm me, what's your date of birth? Your birth date [DATE_OF_BIRTH] [DATE_OF_BIRTH]. [DATE_OF_BIRTH]. Okay. It's like [DATE_OF_BIRTH] [DATE_OF_BIRTH], [DATE_OF_BIRTH], correct? [DATE_OF_BIRTH]. Okay. Okay. I like, for the confirmation, can you Please like confirm me. What's your exact full name? My exact word? Your name? Your exact full name? Oh, [PERSON_NAME] [PERSON_NAME] [PERSON_NAME] [PERSON_NAME] [PERSON_NAME]. [PERSON_NAME] [PERSON_NAME] [PERSON_NAME] [PERSON_NAME], [PERSON_NAME] if okay, so your first name is [PERSON_NAME] [PERSON_NAME] [PERSON_NAME] [PERSON_NAME] [PERSON_NAME] [PERSON_NAME]. Correct? Yes. And your last name is [PERSON_NAME]. It's like [PERSON_NAME] [PERSON_NAME] [PERSON_NAME], [PERSON_NAME], [PERSON_NAME] [PERSON_NAME]. Correct? Yeah. Okay, so like for the confirmation, do you remember your address? Your street address? Like [LOCATION] [LOCATION] [LOCATION], [LOCATION] [LOCATION]. Oh, [LOCATION]. It's like [PERSON_NAME] [LOCATION] [LOCATION] [LOCATION], correct? Yes. Okay. [LOCATION] [LOCATION]. Correct. [LOCATION]. Yeah. Okay. I like. How's your day so far? It's cold. It snowed a little bit last night. Do you like cold too? Cold. I don't like cold. Okay. Okay. It's like [LOCATION] [LOCATION] [LOCATION]. [LOCATION] [LOCATION] [LOCATION]. Can you, can you spell it for me, please? [LOCATION] [LOCATION]. It's [PERSON_NAME] [ORGANIZATION] [ORGANIZATION] [PERSON_NAME] [ORGANIZATION] [PERSON_NAME] [ORGANIZATION]. Let's [ORGANIZATION], [PERSON_NAME] [ORGANIZATION] [ORGANIZATION] [ORGANIZATION] [ORGANIZATION] [ORGANIZATION] [ORGANIZATION] [ORGANIZATION] [ORGANIZATION] [PERSON_NAME] [ORGANIZATION] [ORGANIZATION]. [PERSON_NAME] [PERSON_NAME]. Okay. Okay. It's [PERSON_NAME] [ORGANIZATION] [ORGANIZATION] [ORGANIZATION] [ORGANIZATION] [ORGANIZATION] [ORGANIZATION]. Okay, I got it. Thank you so much for that. Okay, so like as I told you, it will take like only [DURATION] [DURATION] to connect your call and the [OCCUPATION] will take like a minimum [DURATION] [DURATION] [DURATION] [DURATION] to explain everything and I will introduce you to them. Okay, so here we go. Your call is getting connected. I appreciate your time and patience. Please be on the. Just [DURATION] [DURATION] more. Thank you so much for holding the line. My name is [PERSON_NAME], [OCCUPATION] [OCCUPATION]. Hi, I have Ms. [PERSON_NAME] [PERSON_NAME] on the line with me. She lives in [LOCATION]. Her zip code is [LOCATION]. She's on the line. You may take over the call. Thank you so much. Okay, thank you. So thank you for holding the line. My name is [PERSON_NAME], [OCCUPATION] [OCCUPATION]. How are you doing? How are you? I'm doing good. Thank you for asking. Okay, so as you stated here, Ms. [PERSON_NAME], you have a Medicare A and [PERSON_NAME], right? It's a. Yes. No. Do you have part A and part [PERSON_NAME]? Part A for hospital, part [PERSON_NAME] for medical? Yes. Okay, so since you have a Medicare part A and part [PERSON_NAME], I would like to inform you that you are qualified to get the additional and upgraded Medicare benefits like dental, vision, hearing coverage. You may lower down your co phase premium prescription cost up to $[MONEY_AMOUNT]. And also you may get the $[MONEY_AMOUNT] money back on your social. That will definitely help you to save your money every month. So before I provide you the additional and upgraded medic benefits for this year [DATE_INTERVAL], let me verify quickly your information. Okay, I can see your first name is [PERSON_NAME]. The last name is [PERSON_NAME]. Right. Spelling? [PERSON_NAME], [PERSON_NAME], [PERSON_NAME], [PERSON_NAME], [PERSON_NAME], [PERSON_NAME], [PERSON_NAME], [PERSON_NAME]. Spelling. Okay, then. All right. Thank you so much. I got it here. And you are born in. On [DATE_OF_BIRTH] [DATE_OF_BIRTH], [DATE_OF_BIRTH]. Correct? [DATE_OF_BIRTH]. [DATE_OF_BIRTH]. All right. And I can. I'm sorry, is next.",524.0,0.94020224,967,6222,135,DATE_INTERVAL|DATE_OF_BIRTH|DURATION|LOCATION|MONEY_AMOUNT|OCCUPATION|ORGANIZATION|PERSON_NAME,"OPENING, NEEDS_ANALYSIS, PRODUCT_PITCH, FEE_DISCUSSION, PASSIVE_AGREEMENT",0.7071,tfidf_word_char_lr_threshold,True,"OPENING, PRODUCT_PITCH, NEEDS_ANALYSIS",0.9,True,"Greeting present, agent presents Medicare benefits and asks qualifying questions regarding Medicare and Medicaid status."
callcenteren,2020-09-16-16-20-08_28ed0a62-61d9-47e7-91e0-e195ef8ec116_v2k_RT_ghBurFfqfs8KPKM9kqjNSZaqRtFF1JOan20AwBNaNW7hzBlGw_transcript,fb016f2e2641c1f7502281992487ccf182b62584dff897509ace57569c0eaf96,auto_insurance_customer_service_inbound.zip,auto_insurance_customer_service_inbound/2020-09-16-16-20-08_28ed0a62-61d9-47e7-91e0-e195ef8ec116_v2k_RT_ghBurFfqfs8KPKM9kqjNSZaqRtFF1JOan20AwBNaNW7hzBlGw_transcript.json,insurance,inbound,"This call may be recorded for quality assurance. Hi, this is [PERSON_NAME] with [ORGANIZATION]. It looks like you were connected to me to compare rates on auto insurance today. Cl. Correct. Okay. Okay. And in order to connect you to the right [OCCUPATION], I just need to quickly verify some of your information. Okay? Okay. All right. May I have your name, please? You have it right there in front of you on your computer, sweetheart. No, I do apologize. It didn't populate on my side. I just have your zip code and your birth date. Yeah, you already know that. I told you that [DURATION] [DURATION] ago. Well, it was a different woman. Wasn't you? So I couldn't understand the other one. She's so foreign or something. I. She has an accent that I couldn't understand what she's talking about. Okay, no problem. Well, I do apologize. She didn't get a chance or the name didn't populate. So I just want to put it in so we can have the correct information when we find your best match. Okay? Okay. Okay. So can I please have your first and last name? Yes, sir. Your computer, right in front of you. Sweetheart, you already know all that stuff. Okay, I do apologize. It's not showing up on my end. I'm not seeing your first and last name. That's why I'm asking for it. Well, I just told that other girl that all that stuff we don't know. Okay, all right, no problem. So are you currently insured? Yes. Okay, and who is your current insurance provider? I just told her the other girl's [ORGANIZATION] [ORGANIZATION]. [ORGANIZATION] [ORGANIZATION]. Okay, no problem. And how long have you been with [ORGANIZATION] [ORGANIZATION]? Say that again. Around. How long have you been insured with [ORGANIZATION] [ORGANIZATION]? Oh, probably [DURATION] [DURATION], maybe [DURATION]. All right, and how much are you paying monthly for your fire trip? I have it bundled with the house. I got homeowners with it. Okay, and while you're looking for a full today, would you like to see if you can bundle home and auto insurance? Yeah, that's what I have. Yeah. Okay, no problem. I just want to update that. All right, So I wanted to confirm your birth date. That's [DATE_OF_BIRTH]. Is that correct? No. [DATE_OF_BIRTH]. [DATE_OF_BIRTH]. So it's [DATE_OF_BIRTH] [DATE_OF_BIRTH]. [DATE_OF_BIRTH]. [DATE_OF_BIRTH]. Okay. [DATE_OF_BIRTH]. All right, no problem. And in the past [DURATION] [DURATION], have you had any DUIs or at fault accidents? No, because I don't drive. You don't drive right now, but you are trying to get in. Hell, no. [PERSON_AGE] years old, I can't see to drive. Okay, so no problem, sir. You're not looking for auto insurance, are you? Well, I've already insured. Why do I need another one? Unless you give me a lower quote. Okay, so you are looking for auto insurance. No problem. I just wanted to make sure. I just didn't want to waste your time. Okay. Okay. All right. All right. So that's all the information I'm going to need. I'm searching now for your best match. Okay. Okay. All right. One moment. Oh. Unfortunately, it doesn't look like we have an [OCCUPATION] in your area at the moment, and I don't want to keep you on hold. So while your consent is not required to receive a quote, may we have your permission to send you automated text messages with a link to request your rate online? Okay. Okay. Normal data rates may apply. I'll send that out right away. Okay. You have a great day. Okay. Okay.",283.0,0.9651669,600,3413,28,DATE_OF_BIRTH|DURATION|OCCUPATION|ORGANIZATION|PERSON_AGE|PERSON_NAME,"OPENING, NEEDS_ANALYSIS, FEE_DISCUSSION, PRODUCT_PITCH, OBJECTION_HANDLING",0.6634,tfidf_word_char_lr_threshold,True,"OPENING, DEFENSIVE_POSTURE, NEEDS_ANALYSIS",0.85,True,"Greeting present, customer is irritable and resistant to repeating information, while agent asks for insurance provider details."
callcenteren,2021-08-30-20-37-10_90237ad7-35ae-472d-9d8a-34502eb7143a_RGBC893749CED56DB84E055B1A1EF482D19EE39BB95PJ2M001_-_Copy_transcript,a5b6e9d7017d4f9b64d6ca9ae7599b5617d409ab0601b0d8534d916728056638,automotive_and_healthcare_insurance_inbound.zip,automotive_and_healthcare_insurance_inbound/2021-08-30-20-37-10_90237ad7-35ae-472d-9d8a-34502eb7143a_RGBC893749CED56DB84E055B1A1EF482D19EE39BB95PJ2M001_-_Copy_transcript.json,insurance,inbound,"This call may be recorded. Okay. Yes, hi, this is [PERSON_NAME]. Lnse age and how can help you? Hi, Sir, I have Mr. [PERSON_NAME] on the line and he is s interested in some additional benefits. His zip code is [LOCATION] and he is s [PERSON_AGE] years old. So take over the call. Thank you. All right, so. Hello, [PERSON_NAME]. Yeah. My name is [PERSON_NAME]. [PERSON_NAME] [PERSON_NAME]. All right, Mr. [PERSON_NAME], you said your zip code is [LOCATION]. Did I catch that correctly? [LOCATION]? Yes. Okay, what state are you in, [PERSON_NAME]? I'm in [LOCATION]. Okay. All right, perfect. Again, my name is [PERSON_NAME]. Will be your [OCCUPATION] [OCCUPATION] with [ORGANIZATION] [ORGANIZATION] [ORGANIZATION] [ORGANIZATION]. And we're on a recorded line. Let me start by saying thank you. We do appreciate your time today. Now, what we do here is make sure you'receiving all of your Medicare benefits that are available to you. I just need to verify a few items. We can start pulling a call if your available options in your area. And just to confirm, you do have Medicare part A and part B, right? Yes. Okay. All right. And what is your date of birth, [PERSON_NAME]? [DATE_OF_BIRTH] [DATE_OF_BIRTH]. All right, sir, the last name is [PERSON_NAME]. Okay, [PERSON_NAME], if you will go ahead and grab your red, white and blue card. I need the Medicare number off card, please. All right, let me see if I can get it out of here. Yeah, I got it. All right, sir, what is the Medicare number for you, [PERSON_NAME]? The Medicare number. Is that what you wanted? [HEALTHCARE_NUMBER] [HEALTHCARE_NUMBER] [HEALTHCARE_NUMBER] Oay. I think I got that right. So [HEALTHCARE_NUMBER] [HEALTHCARE_NUMBER] [HEALTHCARE_NUMBER] [HEALTHCARE_NUMBER], [HEALTHCARE_NUMBER] [HEALTHCARE_NUMBER] [HEALTHCARE_NUMBER] [HEALTHCARE_NUMBER], [HEALTHCARE_NUMBER], [HEALTHCARE_NUMBER] [HEALTHCARE_NUMBER] [HEALTHCARE_NUMBER] [HEALTHCARE_NUMBER], [HEALTHCARE_NUMBER] [HEALTHCARE_NUMBER] [HEALTHCARE_NUMBER] [HEALTHCARE_NUMBER], [PERSON_NAME] [HEALTHCARE_NUMBER] [HEALTHCARE_NUMBER] [HEALTHCARE_NUMBER] [HEALTHCARE_NUMBER] [HEALTHCARE_NUMBER] [HEALTHCARE_NUMBER]. Correct. All right, perfect. [PERSON_NAME], thank you for that. And how's everything going today? Fine. All right, and do you have part A and part B? [PERSON_NAME], do you have anything goes along with it? Do what? So do you have anything that goes along with your Medicare, sir, like an advantage plan? No, no, no, no, I don't have anything, no. Really? You went all this time without advanceagement or supplement? Well, we'll definitely see what you have here. And you know, you have dent or vision or anything like that right now. I don't have any problems. No, not that I know of. Ask if any problems. I mean, you have denal ENV vision with your plan right Now. I didn't understand what you said. Do you have dental and vision with your plan, sir? Not that I know of. Okay. Okay. You don't receive any, like, over the counter help, like buying stuff at like [ORGANIZATION] or [ORGANIZATION] or anything like that? No, no, my daughter handles all that sort of stuff. Okay. Is your daughter your power of [OCCUPATION]? Does she take care of these things for you? Yes. Huh. Yeah, but she's in. And she's up in U hel's. She's somewhere. She's not here. She's not in [LOCATION]. Okay. Okay. Think. She's up in [LOCATION]. Is it better that we speak with her? Yes. Okay, you want her telephone better? Well, you'd have to be there as well, sir. We can't just speak with just her. But I mean, there'no way she's in [LOCATION]. I'm in [LOCATION]. Okay, well, maybe that's why you're not getting the extra help that you need, you know? Okay. You can't help me, right? Okay, well, I can absolutely help you. It's just if she's the power of [OCCUPATION] for you and you don't do the things yourself. Yeah, she's just [OCCUPATION]. All right, then. Have a good day then. Care I can give.",303.0,0.8691919,627,3914,64,DATE_OF_BIRTH|HEALTHCARE_NUMBER|LOCATION|OCCUPATION|ORGANIZATION|PERSON_AGE|PERSON_NAME,"OPENING, NEEDS_ANALYSIS, PRODUCT_PITCH, PASSIVE_AGREEMENT",0.6961,tfidf_word_char_lr_threshold,True,"OPENING, NEEDS_ANALYSIS, WARM_LEAD",0.9,True,"Contains greeting and extensive verification of Medicare eligibility and personal details, showing a cooperative customer."
callcenteren,2020-09-15-20-23-12_a0229647-2133-4c2f-a2ae-9b2ef08cc709_v2JY5dK-1s1kzXDEDd-38IwHwk_KOgQrLG55DkRgIkC2lPBH_TeyILoA_transcript,20b5e4c52e8e2640cf2f2f0f44088f7fcb6a57d95e2718be814b9c6cd0f6b2b4,auto_insurance_customer_service_inbound.zip,auto_insurance_customer_service_inbound/2020-09-15-20-23-12_a0229647-2133-4c2f-a2ae-9b2ef08cc709_v2JY5dK-1s1kzXDEDd-38IwHwk_KOgQrLG55DkRgIkC2lPBH_TeyILoA_transcript.json,insurance,inbound,"This call may be recorded for quality assurance. Hi, this is [PERSON_NAME] with [ORGANIZATION], and it looks like you were connected to me to compare rates on auto insurance today. Correct. I'm looking for some guys that's giving away free codes today. Okay, well, sir, we're not affiliated with that, but I can't give you a free quote. Okay, what kind of code? No, a quote. What you gonna quote me? Oh, well, it looks like you were connected to me for auto insurance today. Oh, well, I've already got auto. All right, sir, well, this is solid quote. And we are affiliated with several of the top national carriers, so let's see if we can find you some statements today. Okay. Hello? Okay, so in order for me to connect you to the right [OCCUPATION], I need to quickly verify some of your information. May I have your name, please? That's [PERSON_NAME]. And, [PERSON_NAME], what is your last name? [PERSON_NAME]. All right. And who is your current auto insurance provider? That's our [ORGANIZATION] man. Okay, and what is your zip code? [LOCATION]. Okay, you said [ORGANIZATION]. How long have you been insured with [ORGANIZATION]? [DURATION] [DURATION]. All right. And do you own your home, sir? What's that got to do with. Well, we do offer home. We do offer home and auto insurance together if you would like to receive a free quote. Okay, so we're going to go ahead and finish taking these questions in, and I'll get you over to a [OCCUPATION] [OCCUPATION] who can provide you with that answer. Okay? Okay. Can you please confirm your date of birth? [DATE_OF_BIRTH] [DATE_OF_BIRTH], [DATE_OF_BIRTH]. All right. In the past [DURATION] [DURATION], have you had any DUIs, SR22s, or at fall accidents? Oh, no, I don't drink when I'm driving. Okay. And have you had two or more tickets in the past [DURATION] [DURATION]? Oh, no, I don't get no ticket. And have you or your [MARITAL_STATUS] ever honorably served in [ORGANIZATION] [ORGANIZATION] [ORGANIZATION]? Not yet. Not yet. All right. All right. Thank you, [PERSON_NAME]. That is all the information that I need. I'm searching now for your best match. Also, while your consent is not required to receive a quote, may we have your permission to send you an automatic text message to this number to ensure that you are satisfied with the coverage options you receive and to provide you with other quote options? No, I don't need no text, ma' am. Not a problem. One moment, please. All right, [PERSON_NAME], this should take [DURATION] [DURATION] [DURATION] [DURATION] to go over the coverage options available. One moment while I connect you. Please stay on the line while we connect you. You have been kicked from this conference. Okay. Thank you.",254.0,0.9609866,463,2700,31,DATE_OF_BIRTH|DURATION|LOCATION|MARITAL_STATUS|OCCUPATION|ORGANIZATION|PERSON_NAME,"OPENING, NEEDS_ANALYSIS, FEE_DISCUSSION, OBJECTION_HANDLING, PRODUCT_PITCH",0.7066,tfidf_word_char_lr_threshold,True,"OPENING, SOFT_REJECTION, OBJECTION_HANDLING, NEEDS_ANALYSIS, MISUNDERSTANDING",0.95,True,"Includes greeting, a misunderstanding about 'codes' vs 'quotes', a soft rejection regarding existing insurance, and agent's attempt to pivot to needs analysis."
callcenteren,7832d58def964bd08d503754d9b9ab8e_transcript,7b0e96d88fc2ad2160f5022ff8918342ada2ee2487e69b9306dc82dc7934bcc8,automotive_inbound.zip,automotive_inbound/7832d58def964bd08d503754d9b9ab8e_transcript.json,automotive,inbound,"Thank you for calling. [ORGANIZATION] [ORGANIZATION] [ORGANIZATION] [ORGANIZATION] [ORGANIZATION] speaking. How can I help you? How you doing, sir? You guys have like a [DATE_INTERVAL] SLA, so give me one second. Okay, let me see. He says a [DATE_INTERVAL]. Yeah, give me one second. Who are the [OCCUPATION]? We're speaking with [PERSON_NAME] [PERSON_NAME]. [PERSON_NAME] [PERSON_NAME]. Okay, let's see here. Comment [PERSON_NAME]. And you said it's a [DATE_INTERVAL] [ORGANIZATION] Escalade. All right, and what's your number in case we get disconnected, Sir? Let me give you this number. Hold on. [PHONE_NUMBER], you know. Oh, let me get. Let me give my work number. One sec. [PHONE_NUMBER]. So you. Me to call you at work. Is that okay? I said if I need to call you back. Call you at work. No, it's my. It's my personal phone, but I'm at work. I just. I'm at work. Oh, okay. Which was your personal. The one you gave? Yeah. Okay, cool. I thought that was your work number. I was like, wait a minute. I was like, I don't want to call your work. [DATE_INTERVAL] Escalade. We do have it inside. Did you want to come down, take a look? Okay, this. This is what I'm. I got a. I got a mobile on. [ORGANIZATION] [ORGANIZATION] [ORGANIZATION]. Hi. Hungry? I'm out of town. So I'm getting them getting, you know, meeting stuff. I go back and forth from [LOCATION] [LOCATION], [LOCATION] [LOCATION]. So what I'm really looking for. I'm looking for. I don't even care what year it is, really. I'm looking for a band to put my meat in, like, refrigerator and stuff, and then a van to put all my grills and. And all my. My. My cooking stuff in and going back and forth. Mobile restaurant. That's what I'm really looking for now. I'm trying to get an Escalade to pull one or to figure it out. So my credit score is [NUMBER_SEQUENCE]. I'd invented like two or three dealerships and then ran my credit already. So I'm kind of like, you know, I'm just paying attention to that now. Cause I want to keep running my credit, man. I mean, I know you got to run it if we go do something, but my credit score is [NUMBER_SEQUENCE]. So what I'm asking up front, you pretty much know if you can, if you can't, if you can do an E sign or do I need to have somebody come down to sign for whatever. And then I cosign because I'm out of town or could you send me whatever and can I send it back? And then whenever I get. I'm trying to get it with no money down. My money is tied up into my company. I'm out of town because I need a truck to get here so I can get back. So if I don't get it here, I gotta call somewhere else and get it because I need a truck to put the meat and stuff in to get back to [LOCATION]. Okay. All right, let's see here. Okay, so let's see. But you. You want the escalator. You want, like, you want a truck. What. What exactly are you looking for? If I can get an Escalade with no money down first. Let me just try to try that first. Okay. All right, give me one second here. No, I don't. I don't see. I live in [LOCATION]. Okay. In [LOCATION] [LOCATION]. Yeah. Okay, gotcha, gotcha, gotcha. All right, let's see here. You were looking for the [DATE_INTERVAL] escalate. Let's see. And is it going to be under your business name or is it going to be under your name? No. Yeah, it's going to be my thing. I seen. I'm gonna send you everything right now. Paste up license, social, everything. Know. I just want to know if you. It's okay. Don't. Don't know. You said it's a [DATE_INTERVAL]. What color is it? I don't care what color you got. I don't want. No, want black. I know that everybody got. Do you got a white one or a gray one? Something. Let's see. Give me one second. Give me second. I feed [OCCUPATION] and the [OCCUPATION]. I work for the city. And then on the side, I go up and down [LOCATION] on the strip, you know, football games, you know, I got like 12 employees. I just opened up another mobile spot in [LOCATION]. So I'm stuck out here now because we didn't sold out. And she. I got. I gotta get a truck now and then, you know, just for the look to it, I just up my game. I got a black one, I got a white one. Let's see. I mean, you know, [DATE_INTERVAL]. [DATE_INTERVAL]. I mean, around this, around that area, it's just a [DATE_INTERVAL]. I'm trying to stay in my budget. What's your budget? [MONEY_AMOUNT] for that. Okay, let me see here. Okay. If I can. I'm trying to get that. And if I can wiggle, whatever, whatever type of little van put my refrigerator and stuff in. All right, let me see here. Give me one second. Yeah, give me one second. It Yeah, I got it. Okay, thank you. Email, please. Okay, hold on, hold on. Okay, you just text me, right? Yes, sir. I thought I seen that [DURATION] come through. All right. Yeah, let me go to my. Okay, let me see. Let me see. You check the [PHONE_NUMBER]. The [PHONE_NUMBER], [PHONE_NUMBER], [PHONE_NUMBER] number, right? Yeah, [PHONE_NUMBER] [PHONE_NUMBER], [PHONE_NUMBER], [PHONE_NUMBER] [PHONE_NUMBER] [PHONE_NUMBER]. What's the number? [PHONE_NUMBER] [PHONE_NUMBER]. What's your work number? No, no, it might protect your email. Okay, I got it right here. Okay. Okay. Can I please. Okay, email. Bam. Okay, send my email. Right. What's your email? I just had to see. Okay, and the. Like the other places, what are they saying? Why. Why aren't you getting approved? No, I got approved, but they tell me one thing. Just. Okay, one of them I didn't like. I just, you know, I thought I would like the deal, but at the end if the tax was just, you know, too high, then they wanted. They wanted [MONEY_AMOUNT] just in registration fees when everything worked out. And then they. They sprung that on me at the end. So basically being slick and tried to just. Okay, well, we need. Probably. We already talked about that. You said everything was zero down, blah, blah, blah. So that's what that was. So that's why I've been clear. You know, I'm saying, hey, my money's tied up in. In the company. I got a [MONEY_AMOUNT]. I'm gonna go. I'm gonna get something with no money down somewhere. So I. I don't. I'm not gonna be going back and forth. I know I can get something because I'm not particular. I'm just trying to get something to drive back and forth to do what I'm doing. Right. I got you. Okay, let me send you this. Cool. Check your email. Fill that out and send it back to me, please. Yes, sir. All right, thank you. Okay. [PERSON_NAME]. And then my name is [PERSON_NAME]. How you spell your name? [PERSON_NAME] [PERSON_NAME] [PERSON_NAME] [PERSON_NAME] [PERSON_NAME] [PERSON_NAME] [PERSON_NAME] [PERSON_NAME] [PERSON_NAME]. And. And you. Okay, you. And then I'll text you. Hold on. Give me one second. Okay. With my credit score. [NUMBER_SEQUENCE]. I mean, realistically, what. What are my chances of getting the Escalade with no money down and an esau. Yeah. What do you want to do, son? Because I'm. I'm in [LOCATION]. What are you saying? In [LOCATION]. No, I live in [LOCATION]. Oh. At this moment. So either I can have my family member come down there and sign for the Escalade and then I can co. Sign. Right. I mean, that's the option. Or you can just do that thanks to me, and I just sign it okay. Okay, so. But let's do this. Let's get your poo first. Let's not go. Let's try to do that. So fill it out for me and send it back to me, and then I'll try to get you, all right?",671.0,0.92923635,1366,7352,71,DATE_INTERVAL|DURATION|LOCATION|MONEY_AMOUNT|NUMBER_SEQUENCE|OCCUPATION|ORGANIZATION|PERSON_NAME|PHONE_NUMBER,"OPENING, NEEDS_ANALYSIS, FEE_DISCUSSION, CURIOUS_EXPLORATION",0.6803,tfidf_word_char_lr_threshold,True,"OPENING, NEEDS_ANALYSIS, CURIOUS_EXPLORATION",0.85,True,Greeting is present; agent and customer discuss vehicle availability and the customer explores specific requirements for a van.
callcenteren,64a92d2bbe9946f99adb5147c541df66_transcript,c016adc9deae32864a6695940d2a5ece6801c73203f049f394c3ff2832f76754,automotive_inbound.zip,automotive_inbound/64a92d2bbe9946f99adb5147c541df66_transcript.json,automotive,inbound,"Thank you for calling, [ORGANIZATION]. [ORGANIZATION] [ORGANIZATION] [ORGANIZATION], how can I help you? Yeah, how you doing? Can I speak to somebody in [ORGANIZATION] through [ORGANIZATION] or [ORGANIZATION] [ORGANIZATION] or used [ORGANIZATION]? [ORGANIZATION] [ORGANIZATION] will work. Okay, new or used? New is good. Okay. Or [ORGANIZATION] [ORGANIZATION]. Correct. Sir? Yeah, how you doing? I'm just looking to talk to somebody in [ORGANIZATION]. Yeah. [ORGANIZATION] [ORGANIZATION]. Correct. [ORGANIZATION] [ORGANIZATION]. Yes. Okay, thank you. [ORGANIZATION] [ORGANIZATION]. Yes. How you doing today? Good. What can I do for you? Actually, I was looking to talk to somebody in [ORGANIZATION]. I was kind of looking to get rid of my car and kind of see if I can get another one. Yeah, absolutely. Give me one second, I'll get you online with someone. Hold on one second. [PERSON_NAME] [PERSON_NAME], [ORGANIZATION]. [ORGANIZATION] [ORGANIZATION] [ORGANIZATION], how can I help you? How you doing today? What was your name? [ORGANIZATION] [ORGANIZATION] [ORGANIZATION]. [ORGANIZATION]. [PERSON_NAME], how you doing? My name is [PERSON_NAME]. Hi there, [PERSON_NAME]. What can I help you with? So listen, this is. Yeah, this is what I'm looking to do. I'm looking to see. I have a loose traverse. A1. I was just trying to see if there was any equity in it. I know one. What [DURATION] is it? What is it? The [DATE_INTERVAL]. [DATE_INTERVAL]. What? Traverse. Traverse. Okay. Yeah, I'm leasing it right now. I just want to see if there's any equity in it that I can use to get into. I would like to get into a [ORGANIZATION] Explorer. I guess there's a three seater, right? Seven passenger. Yeah, yeah. There's a third seat next for. But you're in a lease now. When's your lease up? I got about another, I think [DURATION] [DURATION] on it. Right. But I want to see if there's any type of equity in it. To where? Sell it back to you and you know, get something else. Okay. What's Your phone number? [PHONE_NUMBER], [PHONE_NUMBER]. What I'm going to do is I'm going to call you on my cell phone and you're going to have to send me the VIN number to the vehicle and a picture of the odometer with the miles on it. Because I need the VIN number to get any kind of idea what it's worth. I mean, unless you want to bring it down here. Yep. Do you want to bring it down here? Okay, let's see if it's practical over the phone first to see if you're interested in making that move. Because I'm. I kind of want to be around between 400 and 450amonth on. At least on an Explorer. Please, finance, whatever. Okay, well, let me. Let me get a value of your car first. I mean, we're gonna do one step at a time. I don't know what the payment's going to be until you come in and pick one out, you know? All right. It was the. [PERSON_NAME]. [PERSON_NAME]. Yeah. Okay. [PERSON_NAME], my name is [PERSON_NAME]. I'm going to call you on my cell. This way you could send me a picture of the registration and the odometer of the car. Okay. The registration and the odometer are the two things. Yeah. Something with the VIN number on. All right, that's what I need. I need the VIN number, [PERSON_NAME]. Okay. Yeah, I got it right here. All right. Okay. All right, I'll call you right now. All right, bye.",309.0,0.9480121,574,3286,47,DATE_INTERVAL|DURATION|ORGANIZATION|PERSON_NAME|PHONE_NUMBER,"OPENING, CURIOUS_EXPLORATION, NEEDS_ANALYSIS",0.7024,tfidf_word_char_lr_threshold,True,"OPENING, NEEDS_ANALYSIS, WARM_LEAD",0.9,True,"Greeting is present; customer is actively seeking to trade in a vehicle and check equity, indicating a warm lead."
callcenteren,2020-09-16-20-37-59_549c0127-1032-4b42-8030-2ae4c95d80e8_v2-GuXboEto1FU5Ua2-2-FkUWJNQ2VR7TnRwx2HBcdT6X1Q8OEtzFaWQ_transcript,3304defc97fb2cc3bafbc575ffda7ae41aa62810a535654d019574132b3585fc,auto_insurance_customer_service_inbound.zip,auto_insurance_customer_service_inbound/2020-09-16-20-37-59_549c0127-1032-4b42-8030-2ae4c95d80e8_v2-GuXboEto1FU5Ua2-2-FkUWJNQ2VR7TnRwx2HBcdT6X1Q8OEtzFaWQ_transcript.json,insurance,inbound,"This call may be recorded for quality assurance. Hi, this is [PERSON_NAME] with [ORGANIZATION]. It looks like you were connected to me to compare rates on auto insurance. Is that correct? Yes, ma' am. Okay, in order to connect you to the right [OCCUPATION], I just need to quickly verify some of your information, okay? Yes, ma' am. Can I please have your first name? [PERSON_NAME]. [PERSON_NAME]. And your last name? [PERSON_NAME]. You said [PERSON_NAME] [PERSON_NAME]. Okay, can you spell that for me? [PERSON_NAME], [PERSON_NAME], [PERSON_NAME], [PERSON_NAME], [PERSON_NAME]. [PERSON_NAME]. Oh, [PERSON_NAME]. Okay. All right. Can I Please have your zip code? [LOCATION]. Okay. And who is your current insurance provider? [ORGANIZATION]. I did all of this with him. I got a quick question before you go through any trouble. Can y' all be [MONEY_AMOUNT] full coverage? Everything? If y' all can't find Nobody to be [MONEY_AMOUNT] full coverage, I'm. You're just wasting your time because I'm not gonna leave my insurance company. Yeah, I do understand that. So with solid quote, pretty much all I do on my side, I basically verify your information and I can connect you to anyone like [ORGANIZATION], [ORGANIZATION]. And it's pretty much based on what you. On the information that you give me. So if you're paying [MONEY_AMOUNT], all depending on who comes up in my slot, who can probably beat the price for [MONEY_AMOUNT]? And like I said, that can be all [ORGANIZATION] [ORGANIZATION], [ORGANIZATION], [ORGANIZATION], [ORGANIZATION]. That is the [OCCUPATION] [OCCUPATION] I'm going to transfer you to. Now, when it comes to numbers and quotes, I won't be able to give you the exact number and quote that they're. That they can offer, because like I said, it just pulls up who basically can beat that quote for you. But I don't have a listing of like, what their actual price is listed as. Okay, that's no problem. Okay. All right. And in the past [DURATION] [DURATION], have you had any DUIs at all? Accidents? More than two tickets, ma' am. Okay. All right. And do you own your home? No, ma' am. I rent. Okay. All right, can you just confirm your date of birth for me? [DATE_OF_BIRTH]. Okay. And have you or yourself served in the military? No, ma' am. Okay. All right, so that's all I need to verify with you. And while your consent is not required to receive a quote, can I send you a text message to this number? This is just to make sure you're satisfied with your quote options and to also provide you with other quote options. Yes, ma' am. Okay. So if you give me one moment, I'm going to see if I can get a [OCCUPATION] [OCCUPATION] that's available in your area. Let me see. All right, and just so you know, it's going to take about [DURATION] [DURATION] [DURATION] [DURATION] to go over coverage options available. And right now I'm seeing that [ORGANIZATION] [ORGANIZATION] is the best available option. So if you hold on one moment, I can transfer you to them. Okay. Mm. Please stay on the line while we connect you. Hello, [PERSON_NAME]. All right, thank you for holding. I have your [OCCUPATION] [OCCUPATION] on the line from [ORGANIZATION]. Have a great day. Hi, [PERSON_NAME]. How are you? My name is [PERSON_NAME]. I'll be doing good. Let me take a look at everything here. Can I get your address? It didn't pull up. My what? My house address. Your address. Oh, my goodness. This is taking a long time. I'm still at work. If I knew this was going to be this long, I'd have just had the guy call me back because I don't get up. Yes, ma' am. Call me back after [TIME]. That'll be great. Well, I can't call you after [TIME], but I can do the quote and email it to you, and then you can follow up with me. Okay. What is the year, make and model of the vehicle? Third person. It's a [ORGANIZATION] Journey [DATE_INTERVAL]. And what is your address? Oh, my goodness. [LOCATION] [LOCATION] [LOCATION], [LOCATION], [LOCATION] [LOCATION]. Okay, and then what is your email? So I can email you the quote. It's [EMAIL_ADDRESS] [EMAIL_ADDRESS] [EMAIL_ADDRESS] [EMAIL_ADDRESS] [EMAIL_ADDRESS] [EMAIL_ADDRESS] [EMAIL_ADDRESS] [EMAIL_ADDRESS] [EMAIL_ADDRESS] [EMAIL_ADDRESS] [EMAIL_ADDRESS] [EMAIL_ADDRESS] [EMAIL_ADDRESS]. So that was [EMAIL_ADDRESS], [EMAIL_ADDRESS] [EMAIL_ADDRESS] [EMAIL_ADDRESS] [EMAIL_ADDRESS] [EMAIL_ADDRESS] [EMAIL_ADDRESS] [EMAIL_ADDRESS]. No, no, no, ma' am. No, ma' am. It's [EMAIL_ADDRESS] [EMAIL_ADDRESS] [EMAIL_ADDRESS] [EMAIL_ADDRESS] [EMAIL_ADDRESS] [EMAIL_ADDRESS] [EMAIL_ADDRESS]. [EMAIL_ADDRESS] [EMAIL_ADDRESS] [EMAIL_ADDRESS] [EMAIL_ADDRESS]. [EMAIL_ADDRESS] [EMAIL_ADDRESS]. [EMAIL_ADDRESS] [EMAIL_ADDRESS] [EMAIL_ADDRESS] [EMAIL_ADDRESS]. Okay, got it, got it. And do you want full coverage? Yes, ma' am. Okay. $[MONEY_AMOUNT] deductibles is good. Yes, ma' am. Like I told the lady, if y' all can't find nobody to be [MONEY_AMOUNT], full coverage with everything, I'm. I'm not budging from my insurance company. Okay, sounds good. I'll work it out and then email you the quote. Mr. [PERSON_NAME]. Yes, ma' am. Hey, thanks. Have a good one. Okay. What's your name again? My name is [PERSON_NAME]. [PERSON_NAME]. Okay. You have a great day. You, too. Bye.",427.0,0.95386493,844,5199,100,DATE_INTERVAL|DATE_OF_BIRTH|DURATION|EMAIL_ADDRESS|LOCATION|MONEY_AMOUNT|OCCUPATION|ORGANIZATION|PERSON_NAME|TIME,"OPENING, NEEDS_ANALYSIS, FEE_DISCUSSION, PRODUCT_PITCH, OBJECTION_HANDLING",0.6644,tfidf_word_char_lr_threshold,True,"OPENING, NEEDS_ANALYSIS, FEE_DISCUSSION, OBJECTION_HANDLING",0.9,True,"Contains greeting, verification of customer details, discussion of specific price targets, and agent addressing the customer's reluctance to switch providers."
callcenteren,779560f120364dc897fab924589660dd_transcript,8a86cc571345097b1f601a3ba36f6a2e305df9a388b4d3ebfe9938b42302d307,home_service_inbound.zip,home_service_inbound/779560f120364dc897fab924589660dd_transcript.json,home_service_telecom,inbound,"Class [PERSON_NAME]. [PERSON_NAME], your pain. This is [PERSON_NAME]. I need to get a quote on a windshield replacement. Okay, just one moment. What's your phone number? What's your first name? [PERSON_NAME]. What's your last name? [PERSON_NAME]. What's the your make and model to [DATE_INTERVAL] [ORGANIZATION] F450 [DATE_INTERVAL] F150. 4502020 F450. Is it the two door standard cab, two door supercabb or four door crew cab? Super cab. Okay. By any chance do you have your VIN number with you? Yes. You ready for it? Just one moment. Just one moment. Okay. Okay, all and I'm ready for that VIN number. If you can please say each letter with the word please. It's [VEHICLE_ID] [VEHICLE_ID] [VEHICLE_ID] [VEHICLE_ID] [VEHICLE_ID] [VEHICLE_ID] [VEHICLE_ID] [PERSON_NAME] [VEHICLE_ID] [VEHICLE_ID] [VEHICLE_ID] [VEHICLE_ID]. [VEHICLE_ID] [VEHICLE_ID] [VEHICLE_ID] [VEHICLE_ID]. This is an extended cab truck. Two door supercb I think's what they call them. Okay, well when I run the VIN number it says for or crew cab. It'an xl. Okay, just one moment. Okay. [PERSON_NAME], do you know if you have the lane departure warning system? I do not. Do you have a rain sensor? No, it's just a work truck. It's not going to have no fancy options. Okay, so you just have a plain Jane windshield. Yep. It's an EXCL package if that helps you out at all. So this is just for the plain Jane windshield with no sensors at all. If you decide you want to move forward and we do find a sensor, we would have to just order the right windshielding stock. But after taxes and everything, you're looking at [MONEY_AMOUNT] [MONEY_AMOUNT]. Cool. Can you email that quote to me? You be able to do that? Okay. What's your email address? Yes, ma'am. You'll do that mobile or do you have to bring it to you? We would have to. We could come out mobile or you could bring it in shop. But if you do have a sensor and like we have to recalibrate it, you would have to bring it in shop. I don't believe has any sensors. Okay, well if it doesn't have any sensors we can come out and do it mobile. If you look like. Okay, yeah, I just send that quote to me. I'll have my boss look at. They'll probably want to see a quote before we go forward, so. Okay, sounds good. I'm sending that over to you right now. Right. I appreciate it. You're welcome. Have a good day. You too. Thank you. Bye.",553.0,0.87506336,419,2352,27,DATE_INTERVAL|MONEY_AMOUNT|ORGANIZATION|PERSON_NAME|VEHICLE_ID,"OPENING, FEE_DISCUSSION, NEEDS_ANALYSIS, CURIOUS_EXPLORATION, PRODUCT_PITCH",0.6424,tfidf_word_char_lr_threshold,True,"OPENING, NEEDS_ANALYSIS, FEE_DISCUSSION, PRODUCT_PITCH",0.95,True,Greeting is present; agent performs detailed needs analysis on the vehicle and provides a specific price quote for the service.
callcenteren,73fd16fd8dd6428595f27d2eb812a940_transcript,875220493a7755ed2b77266f6a5e60b63b7541cd2b4ba5a400f43158ecf1ff05,home_service_inbound.zip,home_service_inbound/73fd16fd8dd6428595f27d2eb812a940_transcript.json,home_service_telecom,inbound,"It's a great day at [ORGANIZATION] [ORGANIZATION]. My name is I. [PERSON_NAME]. Are you calling for service? Yeah, I'm trying to find out if there's a way I could have somebody come out on Friday. And our fan on our furnace doesn't stop running. So I don't know if it's just the thermostat itself, because if I put it in auto where it shouldn't come on until, you know, the furnace or air conditioner kicks on, it stays running no matter what setting it's under. Okay. What is Your address, please? [LOCATION] [LOCATION] [LOCATION] [LOCATION] [LOCATION]. Okay. Under [DATE_INTERVAL]. Yes. Right. And you don't have it set for your fantasy on all the time? No, through the thermostat. I said it to auto. I've set it to ye. And it doesn't matter what we do, it just stays running over time. Okay, so I can go ahead, get you on the schedule for Friday just because I don't know what's going on? I do have to quote that service charge of the $[MONEY_AMOUNT], but of course, if it falls under warranty, we will be fair and treat you right with that. And I have your phone number. [PHONE_NUMBER]. Is that a good phone number to call? Yeah. Or, well, call [PHONE_NUMBER]. That's my phone number. Okay. I'll be home [DURATION] [DURATION] Friday. I'm going to get you on the schedule, and then I will. And then what is. What's your name? [PERSON_NAME]. [PERSON_NAME], you said? [PERSON_NAME]. [PERSON_NAME]. [PERSON_NAME]. Okay. Yeah. We only have [DATE_INTERVAL] on the account, so I will get you added. And then if you could give me your phone number one more time, [PHONE_NUMBER]. And call you when we're on our way. Yep. Perfect. All right, [PERSON_NAME], I have you on the schedule for Friday, and we'll give a call when we're ready to head over. Okay? All right. Thank you. Ye. You're welcome. Have a good day. You, too. Bye. Thanks. Bye.",195.0,0.89741236,326,1835,22,DATE_INTERVAL|DURATION|LOCATION|MONEY_AMOUNT|ORGANIZATION|PERSON_NAME|PHONE_NUMBER,"OPENING, NEEDS_ANALYSIS, FEE_DISCUSSION",0.7278,tfidf_word_char_lr_threshold,True,"OPENING, NEEDS_ANALYSIS, FEE_DISCUSSION, SUCCESSFUL_SALE",0.95,True,"Contains greeting, diagnostic questions about the furnace, a quoted service charge, and a confirmed appointment scheduling."
callcenteren,08cb117bb8d3476da6e51f2240a67cd7_transcript,5c0373d4694348625f516b730e2043099185c4b253ddbbb2460097b7be4e8c89,medicare_inbound.zip,medicare_inbound/08cb117bb8d3476da6e51f2240a67cd7_transcript.json,medicare,inbound,"Thank you for choosing [ORGANIZATION] [ORGANIZATION] [ORGANIZATION]. This is [PERSON_NAME]. Can you hold please? Sure. Thank you, [PERSON_NAME]. Hello? Hi. How can help feel? Hi. I was going to make an appointment as a new patient. Okay, and what do you need to be seen for the annual? I haven't been to a [OCCUPATION] probably in [DURATION] [DURATION]. Okay, no problem. And I have two insurances. All right. I'm just seeing what your earliest opportunity is this [DURATION]. Yeah, I have. Let me get to our schedule. Are you available on Thursday? What time is available? I have the morning times, I have a [TIME] and [TIME] and then I have a [TIME] [TIME] as well. [TIME] would be good. Okay. And I'm just making. Are you still doing your free [MONEY_AMOUNT] gift card with first visit? Yes, we are. Okay, and what do you need from me? All right, let's start with your date of birth. And what is your first and last name? First name is [PERSON_NAME]. [PERSON_NAME] [PERSON_NAME] [PERSON_NAME] [PERSON_NAME], [PERSON_NAME], [PERSON_NAME], [PERSON_NAME]. Last name is [PERSON_NAME] [PERSON_NAME] [PERSON_NAME] [PERSON_NAME] [PERSON_NAME] [PERSON_NAME] [PERSON_NAME] [PERSON_NAME]. And I go by [PERSON_NAME] [PERSON_NAME], [PERSON_NAME] [PERSON_NAME]. And [PERSON_NAME], what is a good contact number for you is a cell number. I have. Go ahead. We have two. Okay. And may I have your mailing with us? Sure. [LOCATION] [LOCATION] [LOCATION]. [LOCATION]. All right, just sa that real quick. All right. And then you said you had two insurances, is that correct? Correct. What is your primary insurance? It. I don't always remember if it's [ORGANIZATION] [ORGANIZATION], but it's through [ORGANIZATION] [ORGANIZATION]. Okay. Yep. [ORGANIZATION] [ORGANIZATION]. [PERSON_NAME], what's your dental insurance? Okay, and then the secondary is through [ORGANIZATION] [ORGANIZATION] [ORGANIZATION]. Okay, do you know if that's [ORGANIZATION] [ORGANIZATION] as well? If that's [ORGANIZATION] [ORGANIZATION] [ORGANIZATION] as well? Ye. Okay. Put a different account. And is that your [MARITAL_STATUS] policy? May I have his name and date? Bir [PERSON_NAME] [PERSON_NAME]. Think [PERSON_NAME] with [PERSON_NAME] [PERSON_NAME]. And his date of birth is [DATE_OF_BIRTH] [DATE_OF_BIRTH]. Do you know your ID number and his ID number? I could look them up or I could bring them in. Do you need to pre authorize something? It would just be easier. Yeah, we usually verify before you come in. Sometimes there's a wait time with the insurances. Okay, [PERSON_NAME], you can give me a call back forth too. Oh no, I have to get my purse. I have his first. Okay, and you need the ID number or group number? I can take both. That would be great. ID number [HEALTHCARE_NUMBER] group number is [NUMBER_SEQUENCE]. [NUMBER_SEQUENCE] [TIME]. Perfect. Okay. And sometimes you need Social Security numbers. Do you need That. I can take that if you're comfortable providing. I can take that. If you don't know yoursau, I'll just bring that in. [ORGANIZATION] [ORGANIZATION] [ORGANIZATION]. Those are not them. If you get busy, you just me and I will call you back. No, you're okay. Look at that to you. And how long have you guys been open? Oh, we've been here for [DURATION] [DURATION] [DURATION] been like, I believe, [DURATION] [DURATION]. All right, here's one more place to look. I can find all my medical stuff, but I'll have to get online to get my A.D. [ORGANIZATION] [ORGANIZATION]. Your ID? Yeah, no's okay. You can always give me a call back too. That's fine. Okay. And your first name again? My name is [PERSON_NAME]. Good. [PERSON_NAME] or [PERSON_NAME] [PERSON_NAME]. All right. Oh, thank you for asking. [PERSON_NAME]. I get [PERSON_NAME] all the time. Right. Yes. I have you scheduled [LOCATION] for the [DATE] at [TIME] and we'll do a full exam. We'll take some [MEDICAL_PROCESS] [MEDICAL_PROCESS]. If there's any treatment, we'll drop a treatment plan for you as well. And you have our fly here, so you see where we're located. If you have any questions or if you need to move your appointment, just give us a call, okay? Okay. And then I would have to do a separate appointment then for [MEDICAL_PROCESS]. We'do your [MEDICAL_PROCESS]. [MEDICAL_PROCESS]. Full exam, [MEDICAL_PROCESS] [MEDICAL_PROCESS]. We'do that all in. And how long should I put aside for that all? I would say [DURATION] [DURATION]. Perfect. All right, we'll see you then. Thank you. All right. You're welcome. Have a great day. You too. Bye.",548.0,0.8840263,725,4498,96,DATE|DATE_OF_BIRTH|DURATION|HEALTHCARE_NUMBER|LOCATION|MARITAL_STATUS|MEDICAL_PROCESS|MONEY_AMOUNT|NUMBER_SEQUENCE|OCCUPATION|ORGANIZATION|PERSON_NAME|TIME,"OPENING, NEEDS_ANALYSIS, PASSIVE_AGREEMENT, MISUNDERSTANDING, DEFENSIVE_POSTURE",0.4585,tfidf_word_char_lr_threshold,True,"OPENING, NEEDS_ANALYSIS, PRODUCT_PITCH, SUCCESSFUL_SALE",0.9,True,"Includes greeting, patient intake questions, mention of a free gift card incentive, and booking an appointment."
callcenteren,44e46082117f46b5b5cfe6eb4a7a0e1d36702065_transcript,3aeb22761bcf3ed1b268ac3870fff6635da73bc5d80cc706d906e53f714c0368,medicare_inbound.zip,medicare_inbound/44e46082117f46b5b5cfe6eb4a7a0e1d36702065_transcript.json,medicare,inbound,"Is [PERSON_NAME] speaking. How can I help you? Hi, I am inquiring about your puppy preschool. All right, what kind of questions are you looking for me to answer? Well, I guess the first question is is this an [DURATION] [DURATION] thing? For daycare and forwarding we have an [DURATION] [DURATION] play which runs essentially [DURATION] [DURATION] for $[MONEY_AMOUNT]. For docy daycare, for boarding. It depends on what kind of package you get. Depending on the price, of course. This is for a puppy. For puppies. Okay. Sorry about that. For puppy preschool for [DURATION] [DURATION] [DURATION] is $[MONEY_AMOUNT]. Puppy preschool runs from [PERSON_AGE] [PERSON_AGE], [PERSON_AGE] [PERSON_AGE] and [PERSON_AGE] [PERSON_AGE]. So anything between then that is definitely turn old. Well, she, she just turned [PERSON_AGE]. Well, she. Her [PERSON_AGE] [PERSON_AGE] birthday is today. She's all. She's current on all. She's current on all her [MEDICAL_PROCESS] and let's see, I can't remember did she ye know she had her. She had her [MEDICAL_PROCESS] [MEDICAL_PROCESS] and I think the only thing that we're working on right now is a [DRUG] for [DRUG] and they ran out. They ran out of puppy and. Or they ran out of [DRUG] [DRUG]. So we haven't done that yet. But other than have people all. You can continue. Sorry. Oh, sorry. Yeah, so anyway, other than that she, she's all. She's all caught up with whatever. Whatever she's supposed to have at this point. Oay. So let's see. Yeah, so she's [PERSON_AGE] [PERSON_AGE] today. Oh, and we would need Thursday and Friday of this coming week and it's [DURATION] [DURATION]. So. Yeah, so it's [DURATION] [DURATION]. Is that okay? For puppies preschool, we do day waring for them essentially, which is they have their own suite. And the reason we do that is because we have. For puppy preschool there's three. They get three play times within the day. They're all separate times because puppies will come in, they'take. They'll take a nap and then they'll go play. They'll go back to their feed to take puppy n go play and then same thing with their last play as well. Okay. Okay, well that's so we can. So we can. So we can. We would be able to drop her off in the morning and then pick her up some, you know, at like [TIME] [TIME] or something like that in the evening. Yes, that's correct. You already have an account with us? No. Okay. No, I just wanted to find out about the puppy stuff first. Okay, perfect. I can go online and. Yeah, you can go online and you can make an account from there. Her [MEDICAL_PROCESS], you can Actually, if you have them, you can take a picture, or if you have them on your phone, you can upload them to her file or send them in by text to the [ORGANIZATION] [ORGANIZATION] [ORGANIZATION]. And we can upload them there. But from there. From there, you'll make a request, and then we can accept your reservation, and then you guys will be all set. O. Okay, so that sounds. That sounds fine. Then I will go ahead and do it all online. I'll probably need to get something from. From the [OCCUPATION] and then have them email it to me. That you have already done anyway. I'll figure that out. Okay, then I'll go do that later today. Great. Thank you very much. Yes, of course. Have a good day. Okay, bye.",225.0,0.88291174,579,3275,41,DRUG|DURATION|MEDICAL_PROCESS|MONEY_AMOUNT|OCCUPATION|ORGANIZATION|PERSON_AGE|PERSON_NAME|TIME,"OPENING, NEEDS_ANALYSIS, FEE_DISCUSSION, PRODUCT_PITCH, ACTIVE_LISTENING",0.6035,tfidf_word_char_lr_threshold,True,"OPENING, PRODUCT_PITCH, FEE_DISCUSSION, NEEDS_ANALYSIS",0.9,True,"Greeting present, agent pitches preschool packages with specific pricing, and asks about the puppy's age and health."
callcenteren,f86687a5e6c14559ac12c2a2003858ed_transcript,7c259ab2e05f74444e17284bd386178fa2037d3bff8b4666132c3e1dfd0cf9ea,home_service_inbound.zip,home_service_inbound/f86687a5e6c14559ac12c2a2003858ed_transcript.json,home_service_telecom,inbound,"It's a great [DURATION] at [ORGANIZATION]. [ORGANIZATION] [ORGANIZATION] [ORGANIZATION]. This is [PERSON_NAME]. How can I help you today? Hi. My refrigerator, it's a [ORGANIZATION]. It's just. It's. I think it's a thermostat. It's just the freezer is minus 21 and it's freezing up in my refrigerator side so it's very cold that it's just non stop. Okay, sure I can help you with the process. I'm sorry for inconvenience. Just I need to confirm what is your first name, last name? My [PERSON_NAME]. [PERSON_NAME]. Thank you. And I need to confirm also the number you're calling, you know is that the best number to reach you? Yeah, this is my. Okay, perfect, perfect. And what is your zip code orit code [LOCATION] I mean [LOCATION], [LOCATION] [LOCATION]. Thank you, that's perfect. And one more question. Have you used our service before? No, I just touched out online. You know usually I would call our [OCCUPATION] but I know you're a small business person so I fig. What the hell. Oh okay, okay good. Perfect, perfect. What is the address where the service is going to be for [LOCATION] [LOCATION] [LOCATION], [LOCATION], [LOCATION] [LOCATION] Polyok thr would youself right, right. Sometimes people write [LOCATION] [LOCATION] or [LOCATION]. Yeah because that's what I'm Check right here actually it says [LOCATION] okay but good if it says robo [LOCATION] it's okay yeah its weird get the thing is dry but the [LOCATION] [LOCATION] road okay I will put it here I wrote and. Because probably is what you tell me so that's the right one. Okay, got it. Perect. Perfect. And I have a question. Can you telluch your last name please? It's [PERSON_NAME]. It's [PERSON_NAME] [PERSON_NAME] [PERSON_NAME] [PERSON_NAME]. Got it. Perfect. So now one more question. Do you have an email that I can use to send you a confirmation of the appointmenty. Okay, perfectect. Just one more question. Is this for residential or commercial property? Residential. Residential. I wasnna ask one of the guys at work. Refrigeration. Let me just get the. You know, get you guys in. I'm not dealing with them. Ok because most likely you probably have the parts and everything, you know. Yeah, actually let me tell you that we just in case that we need to replace the parts or something like that. That's what we have to check first we have to do the not okay and then we're going toa check if we have to replace some parts some in some cases we have it with in our system so that's pretty good because we can f it faster but in some cases we have to ask for the Portkay can be directly for the manufacturer or can be just like a replacement and that's it but we can fix it don't work for that so [PERSON_NAME], let me tell you we will send one of our [OCCUPATION] to your home they will they announ the problem and they're going to give you an exact quote if you choose not to have the repair done you will pay [MONEY_AMOUNT] but if you choose to have the repair done you will pay only the trip I'm sorry you will pay only the amount the [OCCUPATION] [OCCUPATION] quarter Right, right. Well I figured I want to get my. I don't feel like buying a new one it's cold we know the compressor everything work it's just that the temperature thing yeah, just the temperature like you said is exactly that's in some cases just that we need to adjust or replace on parts and that would be all yeah, we can so don't worry for that Also let me tell you I have the preferred [DURATION] I'm sorry I have the time frame here that the soonest one available is going to be for tomorrow morning so is that okayay? Oh, that's fine. That's finefect perfect and also let me tell you that you would receive the confirmation of this appointment by email It'going to be directs you to the email that you provide me and confirm that it is the best one yes, that's the and we have perfect and we have the application that is Nameoli with that application you will be able to check the appointment there just to let you know for future preferences so tell me after this process we did today is there anything else or concern about the service that I can help you with? No, no, no Just want to get the refrigerator fix and then it's always good to know somebody take future appliances with other things, right? Yeah, yeah actually you're totally right and I want to tell you also just for this process and just to let you know before we about the don't write promise these don't write promise is based on all work formed by all [ORGANIZATION] [ORGANIZATION] [ORGANIZATION] brand is backed by our neighborly Donrigh promise if you need more information about Dongh promise you can Visit the website [URL] and you can find all the information about promties like a warranty about our service so at the end of this call just let me tell you that there is a two question survey about my service today that I would Appreciate your feedback that. Oh, okay. Yeah. You're very nice. You answered the phone properly. I like that. Appreciate it. I didn't have to talk to a machine. No, no. Did I get you a to an [OCCUPATION] that we can fix? We cansced an appointment to get a fix with the best way possible. Don't worry for that. Okay, so. So he'll call me. You got my number. He'll call PR to coming. Well, I'll be here in the morning anyway, so. Oh yeah, I have all your information here, so don't worry for that we confirm that what is the best number to reach you. So the same way, don't worry, we're going to be checking all the information and confirming. Okay. Should I empty up my refrigerator? Just have a look at it first. Yes, yes. It's going to be a dnostic fee. I m sorry, it's going to be at the no fir first and then they will tell you what we have to do. You can choose to go with us or if you don't want to go with us. Same way we're going to give you all the information about the refrigerator. Oh yeah, I'm sure. Well, get it fixed. Well, thank you very much. My pleasure. My pleasure is easy with this process. Just to hope you have a wonderful [DURATION], [PERSON_NAME] and thank you for all your time. What's the pleasure too. Okay, thank you. Bye bye bye bye bye bye. Your feedback is.",523.0,0.8501489,1131,6149,45,DURATION|LOCATION|MONEY_AMOUNT|OCCUPATION|ORGANIZATION|PERSON_NAME|URL,"OPENING, NEEDS_ANALYSIS",0.8212,tfidf_word_char_lr_threshold,True,"OPENING, NEEDS_ANALYSIS, ACTIVE_LISTENING",0.85,True,"Greeting present, agent collects customer details and problem description, using affirmative markers like 'perfect' and 'got it'."
callcenteren,3ffd40967dca4d25bb4a1524c4160338_transcript,d6a146d907ab347bce521cce1714e782df2faffa7fda6e705718bf99e9a9701b,automotive_inbound.zip,automotive_inbound/3ffd40967dca4d25bb4a1524c4160338_transcript.json,automotive,inbound,"Thank you for choosing [ORGANIZATION] [ORGANIZATION] [ORGANIZATION]. This is [PERSON_NAME] [PERSON_NAME]. How can I help you? Hi, [PERSON_NAME], I am looking for a [ORGANIZATION] Elantra N. I see you guys. I don't know if it's sold. No, I have two of them right now on my lot. Did you want to come in and take it for a test drive? I have a blue one and a black one. Are they both automatic? Let me double check. I know the blue one is automatic and then let me see the other one. So the black one is actually automatic and then the other one is manual. So the black is automatic. I want to make sure I'm hearing you correctly. So I have. Here, let me just double check one more thing. I have two of them that are manual and I have one that's automatic. The one that's automatic is actually still in transit. But the ones that are manual are on my law. Which ones and which ones? I don't want to drive a stick shift. Which one is automatic? What color is it? It's the black one, but the one, the automatic one, it's still not here yet. It's going to be here. Here, let me double check for you. Let me double check. Give me a second. Okay. Because on the other two, I received them the day before yesterday and their ETA was supposed to be on the [DATE]. So let me just check on this one if it's be going to, to come in the next couple days as well. Okay. It says that it's there. Actually, it might be, but that's why I'm checking because I know yesterday we got a delivery and we just got a delivery right now. So that's how I want to double check for you. Give me a second. Okay? Oh, no worries. [PERSON_NAME], are you [OCCUPATION]? Yes, I am. I assist the [OCCUPATION] [OCCUPATION] and the [ORGANIZATION] [ORGANIZATION] here. But I'm a [OCCUPATION]. But give me a moment. Okay, I'm checking for you now. Okay. Okay, so it's showing that I received it last night. So let me just confirm real quick one thing and then I'll be right with you. Okay, no problem. Okay, it's here. Okay. The reason I asked, I was just. I'm in the business, I work for [ORGANIZATION]. I don't want to buy any of our. I would, I would, if I liked any of them, get a great deal. I was just one of the stores in the family, the [ORGANIZATION] stores, and they tried to sell me that car and transfer it from your store. We would not even dealer trade our any of our ends, to be honest. So I'm not sure what they're doing, but we would not dealer trade any of our ends. Perfect. Because I would like to. I would like to buy from you. You're a lot more pleasant to deal with so far. But my only problem. My only problem is I don't want to pay a matching markup. I don't want to pay ads and markup. So the way. The way I had that deal constructed, which I probably was buying a car that they. They're probably going to get it from out of state or something. I don't know if it was from your car or what. Or maybe they were going to switch the car. I don't know. I told them I was in the business, so I don't know what. What. What links they're willing to go to try to get me into a car. But anyways, okay, I'm gonna finance through you guys. Okay. And I'm willing to pay for, like an accessories. I don't. I don't want to pay a market adjustment. I don't. By the time you put a market adjustment in now, now we're encroaching on more expensive cars. So if I'm being obnoxious or too maybe I'm off filter a little bit. That's cool. I don't have to have the car that badly. I do like the car, but. Okay. I'm not sure what you guys are doing as far as pricing on them. So we do have a markup on them. Okay. You guys aren't super close to me, so I want to be sure before. Okay, so what. I'm sorry, I never got your first name. My name is [PERSON_NAME]. [PERSON_NAME]. Okay, [PERSON_NAME]. So we do have markups on the cars. Okay. But if you're willing to. We do have markups and we have accessories. Let me talk to my dear friend, see what he's willing to do. I'll let him know you're in the business. I'll let him know everything. But I can't promise anything. I don't want to promise you something, and then you tell me, oh, but you told me this or that, and you know how that goes. Obviously, you know, so let me. Yeah, so let me talk to him, see what he's willing to do for you and see what I can do for you. And then I will call you back in just a [DURATION] [DURATION]. The best phone number I can reach you back. That's right. I have another. I have another question for you. Sure, go ahead. My [MARITAL_STATUS] is buying a car in the next [DURATION] [DURATION] as well. She has a [ORGANIZATION] Lease that she's selling back to them. There's some equity. She loves the pallet. Do you have Palisades for us to look at on the lot? I have used one. I have used ones. I don't have new ones. My new one here, I have 2020s. All my 2022s and 2023s got sold yesterday. And then in transit, I have 2023s coming in, but they're not going to be here until the [DATE] and then [DATE]. Okay. All right. Well, tell your [OCCUPATION] [OCCUPATION] I need two cars whenever he has, whenever we're blessed with the [ORGANIZATION] gods to give us them. I know these cards, these cars are hard to come by right now, but I get it. Trust me, I understand. So if your [MARITAL_STATUS] likes the Palisade, okay, what I can do. If she likes it, we pre contract here. Okay. If she likes it, we can pre contract it under her name because they sell fast, to be honest with you. And I'm sure you know that. Yeah, I'm sure you know that. So they. I can do a pre contract for her and then once the car's here, you guys can either come pick it up or we can just send a quarter to deliver it to your house. Let me guess though, there's a market adjustment on that too. There is, but on this one, I'm willing to work a little bit more on it. On the Palisades, they work a little bit more than they do on the ends N line and Palisade. N n line and Palisades have markups on them and then [LOCATION] and everything else. They don't have any markups on them. We usually work on those. Ionic five. Ionic six. Yeah, we work on those as well. But because the Palisade and the end, the. There's not too many inventory on them. They're a little bit more expensive. I totally understand what you're saying. Yeah. For me, I'll be honest with you. I'm ready to buy the car tonight. I drove a Kona and I loved it. The only reason I don't want that is I need a little bit more in the back seat. So the deal is like tonight I'm headed home, I need to grab a bike, and if you call me back and say, let's do it, then I can shoot over and be there in [DURATION] [DURATION] [DURATION]. Okay. What city do you. What city would you be coming from? I'm in [LOCATION]. [LOCATION]. Yeah, [LOCATION]. Let me talk to. Yeah, if you want to do payment or whatever. It's [DURATION] [DURATION]. I have $[MONEY_AMOUNT] of great equity put in the deal if he wants. However he wants to do it. The bottom line is, I would love to avoid markup. I know that's wishful thinking, but whatever we can do. Okay. Okay. Let me talk to him first about the markup, and then the rest we'll do in person. What do you think? That's perfect. Sounds great to me. Okay. Okay, awesome. Let me talk to him, and I'll get right back to you soon. Okay. [PERSON_NAME], right? Yes, but with a [PERSON_NAME]. So it's [PERSON_NAME], actually. [PERSON_NAME]. Okay, cool. Yes, [PERSON_NAME]. So I get it. Okay. Okay, perfect. Yeah, I'm [NATIONALITY] [NATIONALITY], but my name is usually [PERSON_NAME], and a lot of people don't know how to pronounce it, so we just go by [PERSON_NAME]. Yeah, no one can say my last name either. If we make a deal, I'll tell you what it is. I like it. Okay. All right. Let me talk to him and then see what I can do for you. Okay. All right. Thank you so much. All right. Of course. You're welcome. Of course. Bye. Bye.",510.0,0.95983535,1530,7832,51,DATE|DURATION|LOCATION|MARITAL_STATUS|MONEY_AMOUNT|NATIONALITY|OCCUPATION|ORGANIZATION|PERSON_NAME,"OPENING, CURIOUS_EXPLORATION, FEE_DISCUSSION, NEEDS_ANALYSIS, PRODUCT_PITCH",0.6135,tfidf_word_char_lr_threshold,True,"OPENING, NEEDS_ANALYSIS, PRODUCT_PITCH, CURIOUS_EXPLORATION",0.9,True,"Greeting present, agent identifies car preferences, pitches available inventory, and customer explores options regarding transmission and color."
callcenteren,d91b24b45425422183eb359bc9ff2622_transcript,cf60fe4a888ff32e384f52171d4a3d16999af8c8a80e765ae50421f1e153d4fa,home_service_inbound.zip,home_service_inbound/d91b24b45425422183eb359bc9ff2622_transcript.json,home_service_telecom,inbound,"Good morningt [ORGANIZATION] [ORGANIZATION]. Hey, good morning. I put in a request to the website yesterday to have my hot water heater looked at and it scheduled and said they were going to come out in the afternoon, but I never heard or got a text or anything. Okay, hold on. What is your address? Address is [LOCATION] [LOCATION] [LOCATION] [LOCATION] [LOCATION] [LOCATION] [LOCATION] [LOCATION] [LOCATION] [LOCATION] [LOCATION]. Okay, so. So they gave you a call. They said that they called several times and no one answered. I got like one call that was like [DURATION] [DURATION] long that like I couldn't even get to the phone before. It was from like the last four I or something. I thought maybe that could have been them. But basically I only got one call and it was a partial call and I didn't get any text or anything like that. Yeah, because the dispatch oay she would have gave you a call know, I guess to let you know the [OCCUPATION] was on his way. And the number we have for you is. That's correct. Okay. All right. Is there any schedul something for tomorrow? Let me see. And you said that it was for your. For a water heater? Yeah, and I'm sorry about that. I mean I was working in my basement and it's possible that I don't have great signal down there, but I thought they would send an email or a text or something. Okay. All right. And [LOCATION] [LOCATION], where is that? Near. Do you know [LOCATION]? [LOCATION] [LOCATION]. [LOCATION]. Okay. Guess that's what we're calling it now. That's what the hip people call it. You know, it'd be one thing and then they come and change everything around like. Okay, ro [LOCATION] [LOCATION]. No, they don't like that. [LOCATION] [LOCATION]. Like that. [LOCATION] [LOCATION]. Okay. All right. I can put it on in midday mid morning between it'be later on [TIME] and [TIME] tomorrow. Yes. Yeah, that'be perfect. Okay. All right. So I will reschedule that and theyll give you a call on that number when theyre on their way. Okay, I appreciate. What number should I be. Do you know what the number is that I should be looking for on my phone? I don't know exactly because we have different numbers. But it is the one that I saw yesterday, just briefly. So I will keep an eye out for that and if I miss it, I'll call him back. Okay. All right. Thank you so much. All right. You're welcome. Good morning. All right, you tooe. Bye.",215.0,0.87835515,435,2389,30,DURATION|LOCATION|OCCUPATION|ORGANIZATION|TIME,"OPENING, NEEDS_ANALYSIS, ACTIVE_LISTENING",0.6902,tfidf_word_char_lr_threshold,True,"OPENING, NEEDS_ANALYSIS, ACTIVE_LISTENING",0.9,True,"Contains a greeting, agent verifies the customer's address and the specific service needed (water heater), and acknowledges the customer's frustration."
callcenteren,recording-public_1130_transcript,bcec4312182eef5429e7f4d00d452d3d55f1308df1fa8d8339238fcaad82d7c5,customer_service_general_inbound.zip,customer_service_general_inbound/recording-public_1130_transcript.json,customer_service,inbound,"Good afternoon, this is [PERSON_NAME]. Hi. I have a guest, [PERSON_NAME] from the state of [LOCATION]. Looking from all the plans in [MEDICAL_CONDITION]. He is currently [PERSON_AGE] years old. Please take it from here and both of you have a great day. Good afternoon. My name is [PERSON_NAME]. I'll be the [OCCUPATION] [OCCUPATION]. Who do I have the pleasure of speaking with? Because they didn't introduce us? [PERSON_NAME] [PERSON_NAME]. Hi, [PERSON_NAME]. So again, my name is [PERSON_NAME]. I'll be your [OCCUPATION] [OCCUPATION]. Do you have final expense policy or something to pay for burial or cremation? Currently, no. Okay, so what I'm going to do is gather some information. I will ask quick health questions so I can give you an accurate rate. And then I will search across all the final expense carriers for you so we can make sure you're getting the most for the least amount of money. There are no [MEDICAL_PROCESS], there's no [MEDICAL_PROCESS] [MEDICAL_PROCESS]. If you do get a policy, just so you know, there are a few things that they do require. One of them is they will require your Social Security number. They have to verify you are a [LOCATION]. citizen. The that's how they pull your prescription check and medical history. You must be able to make your own financial decisions without a power of [OCCUPATION]. And the preferred payment method is checking or savings. Any issues with that so far? It would depends on how things go, but yeah. No, you mean the rate. Of course. Of course, yeah. But I was just letting you know, you know, if you find something you like, that's. That's what's required. And we don't expect a payment today. You can tell us when you want to start it. So. All right. So what is your date of birth? [DATE_OF_BIRTH], [DATE_OF_BIRTH], [DATE_OF_BIRTH]. All right, how tall are you? [PHYSICAL_ATTRIBUTE]. And how much do we. [PHYSICAL_ATTRIBUTE]. All right. And do you use tobacco or [DRUG]? No. Okay, great. Do you take any prescriptions? Yes. All right. What are you taking from God? List is too long. Oh, no. All right. I guess I only. I only take one. I take a [DRUG] for cholesterol, like [DRUG] or something. But I do have some [MEDICAL_CONDITION]. That medicine I take, is that prescription or over the counter? Yeah, prescription. Okay. Is it like an [DRUG] [DRUG]? It's [DRUG] and yes, the [DRUG] [DRUG]. Okay, that's all right. Is her [MEDICAL_CONDITION] or [MEDICAL_CONDITION]? [MEDICAL_CONDITION]. Do you. Have you been [MEDICAL_PROCESS] for it or any issues with your organs? No. Okay. All right. What was the name of the drug you said for that I take? [DRUG]. [DRUG]. That one. [DRUG], [DRUG], [DRUG], [DRUG], [DRUG]. Thanks. All right. That's where it says [MEDICAL_CONDITION] [MEDICAL_CONDITION]. Yes. Okay, gotcha. All right. And how long you been taking that? Like ballpark? [DURATION] [DURATION] [DURATION] [DURATION]. Okay. All right. All right. And no [MEDICAL_CONDITION] [MEDICAL_CONDITION] [MEDICAL_CONDITION]. You're not [MEDICAL_PROCESS], you're not in any kind of facility. No history of alcohol or drug abuse in the last [DURATION] [DURATION]. Nope. Okay. And are you thinking of something for like, burial or more cremation or you want to leave a little extra money behind? Cremation. Yeah. Okay. All right, so I'll tell you what. I'll tell you where we can start here. So your [MONEY_AMOUNT], you're going to be around [MONEY_AMOUNT]. So do you like that one or do you want to go higher or lower? $[MONEY_AMOUNT] [DURATION] [DURATION]? Yes, sir. Lower. Okay, let's go [MONEY_AMOUNT]. What should be your 7,000 is [MONEY_AMOUNT]. Is that any better? No, I tell you what. I. I'm. I was just curious on what it was going to cost, so. Thank you. All right.",321.0,0.9533681,624,3732,63,DATE_OF_BIRTH|DRUG|DURATION|LOCATION|MEDICAL_CONDITION|MEDICAL_PROCESS|MONEY_AMOUNT|OCCUPATION|PERSON_AGE|PERSON_NAME|PHYSICAL_ATTRIBUTE,"OPENING, NEEDS_ANALYSIS, PRODUCT_PITCH, FEE_DISCUSSION, OBJECTION_HANDLING",0.6955,tfidf_word_char_lr_threshold,True,"OPENING, NEEDS_ANALYSIS, PRODUCT_PITCH, FEE_DISCUSSION",0.95,True,"Greeting present; agent asks about existing policies, pitches a search for the best carrier, and discusses obtaining an accurate rate."
callcenteren,332305180023969long_transcript,453bb0f72349b9cf1dd20bc8e4967be47323709e12f5ae121b198dae96e9ff48,medicare_inbound.zip,medicare_inbound/332305180023969long_transcript.json,medicare,inbound,"Hello. Thank you for calling [ORGANIZATION] [ORGANIZATION]. If you are experiencing a medical emergency, please hang up and dial [PHONE_NUMBER] or go to your nearest [ORGANIZATION] [ORGANIZATION]. To schedule, cancel or reschedule an appointment, please press [PHONE_NUMBER]. You can also book. Thank you. A [OCCUPATION] [OCCUPATION] will assist you shortly. [ORGANIZATION] [ORGANIZATION]. This is [PERSON_NAME] speaking. How can I help you? Yes, my name is [PERSON_NAME] [PERSON_NAME] and I'm calling. My daughter [PERSON_NAME] has an appointment scheduled for [DATE] [DATE], and it turns out that we are going to be out of town and I was wondering if I could potentially reschedule that. She had it with [PERSON_NAME]. [PERSON_NAME]. Okay. It looks like we actually tried to reach out back in [DATE_INTERVAL] to let you know that the appointment does need to be rescheduled. So let me see here. Well, that's even better. Yeah. So if it went directly to her, then it maybe is understandable because she's out of the country until. Got it. Okay. Y. And you wanted. That was [PERSON_NAME]. [PERSON_NAME] in the [LOCATION] office? Yes, that'd be great. Okay. And when is she going to be available? So I don't know in terms of. In terms of insurance, whether it matters. If it has to be [DURATION] [DURATION] out from her last visit. I don't entirely know what. How that works. If that was. Why the [DATE] [DATE] date? I don't recall exactly when she last was in the office. Yeah, so, I mean, it's usually a yearly [MEDICAL_PROCESS], but it. I mean, it depends. And so I guess it would make sense to do it after that then. Do you have anything in [DATE_INTERVAL] [DATE_INTERVAL], [DATE_INTERVAL] [DATE_INTERVAL]? Yeah, I could do [DATE] [DATE]. [DATE] [DATE]. Ye. I think that should work. Why don't we go ahead and. So what times do you have available? Let's see here. Do you prefer morning or afternoon? Why don't we say morning? That's probably So. I have [TIME]. I could do [TIME]. I also have a [TIME] and then the next is [TIME]. Why don't we do [TIME]? Okay. See her. All right, so she's all set then for [DATE] [DATE] at [TIME]. And that's still with [PERSON_NAME]. [PERSON_NAME] in [LOCATION]. Perfect. Thank you so much. I appreciate it. No problem. You have a great day. You as well. Thank you. Hi. For me? [ORGANIZATION]. This is [PERSON_NAME] speaking. How can I help you? Yes, my name is [PERSON_NAME] [PERSON_NAME] and I'm calling. My daughter [PERSON_NAME] has an appointment scheduled for [DATE] [DATE], and it turns out that we are going to be out of town and I was wondering if I could potentially reschedule that. She had it with [PERSON_NAME]. [PERSON_NAME]. Okay. It looks like we actually tried to reach out back in [DATE_INTERVAL] to let you know that the appointment does need to be rescheduled. So let me see here. Well, that's even better. Yeah. So if it went directly to her, then it maybe is understandable because she's out of the country until. Got it. Okay. And you wanted that with [PERSON_NAME]. [PERSON_NAME] in the [LOCATION] office? Yes, that'd be great. Okay. And when is she going to be available? So I don't know in terms of insurance, whether it matters. If it has to be [DURATION] [DURATION] out from her last visit, I don't entirely know how that works. If that was why the [DATE] [DATE] date, I don't recall exactly when she last was in the office. Yeah, so, I mean, it's usually a yearly [MEDICAL_PROCESS], but I mean, it depends. And so I guess it would make sense to do it after that then. Do you have anything in [DATE_INTERVAL] [DATE_INTERVAL], [DATE_INTERVAL] [DATE_INTERVAL]? Yeah, I could do [DATE] [DATE]. [DATE] [DATE]. Yeah, I think that should work. Why don't we go ahead and so what times do you have available? Let's see here. Do you prefer morning or afternoon? Why don't we say morning? That's probably okay. So I have M. [TIME]. I could do [TIME]. I also have a [TIME] and then the next is [TIME]. Why don't we do [TIME]? Okay, let's see here. All. So she's all set then for [DATE] [DATE] at [TIME] [TIME]. And that's still with [PERSON_NAME]. [PERSON_NAME] in [LOCATION]. Perfect. Thank you so much. I appreciate it. No problem. You have a great day. You as well. Thank youe.",298.0,0.9167776,733,4234,84,DATE|DATE_INTERVAL|DURATION|LOCATION|MEDICAL_PROCESS|OCCUPATION|ORGANIZATION|PERSON_NAME|PHONE_NUMBER|TIME,"OPENING, NEEDS_ANALYSIS, ACTIVE_LISTENING, PASSIVE_AGREEMENT",0.674,tfidf_word_char_lr_threshold,True,"OPENING, NEEDS_ANALYSIS, ACTIVE_LISTENING",0.9,True,Greeting present; agent analyzes the scheduling conflict and verifies the patient's appointment details and office location.
callcenteren,47d097d14a1446109bc14e6443c872ed36379594_transcript,e6c1e2717dd41517dc56c3c67074b2424bc5c031d89849d932d949bfca058717,medicare_inbound.zip,medicare_inbound/47d097d14a1446109bc14e6443c872ed36379594_transcript.json,medicare,inbound,"[ORGANIZATION] [ORGANIZATION] [ORGANIZATION] [ORGANIZATION] [ORGANIZATION]. This is [PERSON_NAME]. How can I help you? Yes, good morning. I have other questions. Yeah, I still have a credit for [ORGANIZATION] [PERSON_NAME] before and we use the credit for [PERSON_NAME] grooming. I want to know if I can still use [ORGANIZATION] [ORGANIZATION] grooming for him. So yes, if you have a credit on your account, you can use [ORGANIZATION] [ORGANIZATION] any of our goods and services, whether that's boarding overnight or daycare, or for grooming as well. Yeah, and when is you available for programming? All right, we're booking out in towards the [DATE_INTERVAL] [DATE_INTERVAL] [DATE_INTERVAL] right now. I can look at the calendar and find the [DATE] of date o. So you don't have any this to [DURATION]? I'm afraid not. Our [OCCUPATION] are absolutely booked full this [DURATION]. I'm checking our calendar now to see the soonest that we could get you in. And every now and then we do have some cancellation. Somebody who can't make their appointment or somebody needs to change their appointment. We do oftenimes have cancellation. So in that case, we could put you on the waitlist and if anything opens up, we could give you a call. Sure. If I don't answer the phone, you can leave some message on my phone. Okay. All right. Do you have a preference for who does the grooming or for what [DURATION] it's on the [DURATION]? Next [DURATION]? I'm. Okay. [PERSON_NAME], will you please come up here and talk? All right, so the [DATE] available date we have is [DATE_INTERVAL] [DATE]. [DATE_INTERVAL] [DATE]. Okay, just in case, just put on the schedule and then just in case, because my work schedule is different as every month, so if this conflict on my schedule, I call you back. But for now, just put on the schedule. Would you? Me so sorry. Would you remind me what [PERSON_NAME] last name is? Was it. Was it [PERSON_NAME]? I'm sorry, Would you remind me what the last name is? Is it [PERSON_NAME]? Last payment. Think [PERSON_NAME] [PERSON_NAME]? Correct. No, no, no. [ORGANIZATION]. [PERSON_NAME]. [ORGANIZATION]. Okay, my mistake. So, yeah, so we have a credit for [ORGANIZATION] and then we use that for mos grooming. Okay. Okay, so I see [PERSON_NAME] account here. I'll go ahead and book that appointment for [DATE_INTERVAL] [DATE] and then if anything opens up sooner, we'll give you a call. Yeah, but that's for [PERSON_NAME]. I mean, the credit is for [ORGANIZATION], but we use [ORGANIZATION] [ORGANIZATION] anos'grooming okay. You know what I mean? I'm. Yeah, I think I'm getting a little confused. Is it [PERSON_NAME] who needs to be groomed? Yes, that's what we'did last time. Yes, okay, so I will book the appointment for [PERSON_NAME], and then we'll use the credit from [ORGANIZATION] to pay for it. That yese. Yeah. Okay. Very good. Yeah, Very good. And like I said, my schedule every month is different, so I don't have any schedule for [DATE_INTERVAL]. So for now, it's okay to put that on [DATE_INTERVAL] [DATE] just in case comes on my schedule. When I got my schedule on [DATE_INTERVAL], I will call you back. Okay. All right, then if anything up, we'll give you a call. Yes, ma'am. Thank you. All right. You have a good [DURATION], Ms. [PERSON_NAME]. Bye. Bye. You too. Bye.",247.0,0.8775922,558,3300,54,DATE|DATE_INTERVAL|DURATION|OCCUPATION|ORGANIZATION|PERSON_NAME,"OPENING, NEEDS_ANALYSIS",0.8151,tfidf_word_char_lr_threshold,True,"OPENING, NEEDS_ANALYSIS, ACTIVE_LISTENING",0.9,True,Greeting present; agent analyzes the customer's request to use a credit for grooming and checks the calendar for availability.
callcenteren,2020-09-15-23-39-12_32038182-3493-4f66-9df0-d03487e21776_v2nnxCNoF6BRWjv9OevthICnwtq5MfFw9tNWAsXJlDtrQ1qNm4u9kcTw_transcript,914863ce48a8af81be5bcf0eaf1c10d365a029a385f87ade502ecc58bcd1daf1,auto_insurance_customer_service_inbound.zip,auto_insurance_customer_service_inbound/2020-09-15-23-39-12_32038182-3493-4f66-9df0-d03487e21776_v2nnxCNoF6BRWjv9OevthICnwtq5MfFw9tNWAsXJlDtrQ1qNm4u9kcTw_transcript.json,insurance,inbound,"How's it going? This call may be recorded for quality assurance. My girlfriend and I are about to split up. Hi, this is [PERSON_NAME] with [ORGANIZATION] [ORGANIZATION]. It looks like you were connected to me to compare rates on auto insurance. How are you today? Okay. Okay. In order to connect you to the right [OCCUPATION], I just have to verify a couple of things. Okay? Okay. All right. Can I please have your first name? [PERSON_NAME]. [PERSON_NAME]. [PERSON_NAME] [PERSON_NAME] [PERSON_NAME] [PERSON_NAME] [PERSON_NAME]. And your last name please? [PERSON_NAME]. [PERSON_NAME] [PERSON_NAME] [PERSON_NAME] [PERSON_NAME] [PERSON_NAME] [PERSON_NAME]. Okay. And if you can also let me know your zip code. Hello? Are you still there? Hello? Hello? Hi. I think your phone was going in and out there. Can you provide me with your zip code, please? What? Can I please have your zip code? [LOCATION]. All right. Are you currently assured with anyone? Yes. [ORGANIZATION]. [ORGANIZATION]. Okay. And about how many [DURATION] have you been with [ORGANIZATION]? This is my first [DURATION]. I just finished my first term, my first policy. Okay. Okay, gotcha. All right. All right. So that's going to be all the information I need to verify with you. I'm going to go ahead and see if I can search for an [OCCUPATION] for you. And while your consent is not required to receive a quote, may have your permission to send a text message to this number. It's just to make sure you're satisfied with options that you receive and to provide you with other quote options today. Sure. Okay, so if you hold one moment, I'll see if I have an [OCCUPATION] available. Oh, I thought you were the [OCCUPATION]. No, I am basically solid quote. And what we do is verify your information and then I see if I can transfer you to auto insurance. And it can range from [ORGANIZATION], [ORGANIZATION] [ORGANIZATION], [ORGANIZATION] [ORGANIZATION]. It could be any auto insurance that I have listed here. And then once I transfer you to that [OCCUPATION], they will go over all the quotes and numbers for you. Okay? Okay. So if you'd like to continue, I do have independent that's available to speak with you and I can transfer you to them. All right. All right. Please stay on the line while we connect you. I'm going to ask. Can you be a little more compromising? Please stay on the line while we connect you. Good hands. Para [LANGUAGE] O prima el [PHONE_NUMBER]. This call may be monitored or recorded for quality assurance purposes. To save time and get you to the right person, I need to ask you a few quick questions. Alright? What kind of coverage are you looking for? You can say things like auto insurance or a homeowner's policy. Please tell me what kind of policy you're looking for now, Auto insurance. Come on to me a little more. And what's the zip code where you need that coverage? Once again, what's the zip code? You can also say I don't have it. [LOCATION]. That was [LOCATION], right? Yes. Great. Give me one second to see what I can find. If we can help you with quotes for insurance today, please know that we may need to gather information from other sources. One, driving record based on state motor vehicle reports and loss information reports. Two, your prior insurance record, if any, which will be obtained from your current or prior carriers and three, claim history based on loss information reports for you or other members of your household. By requesting these quotes, you authorize the sharing of information among affiliates of [ORGANIZATION] [ORGANIZATION] [ORGANIZATION] so we can offer additional insurance policy options to consider that will help meet the protection needs of your entire household. Please know that [ORGANIZATION].",354.0,0.96919346,637,3743,41,DURATION|LANGUAGE|LOCATION|OCCUPATION|ORGANIZATION|PERSON_NAME|PHONE_NUMBER,"OPENING, NEEDS_ANALYSIS, FEE_DISCUSSION, OBJECTION_HANDLING",0.6795,tfidf_word_char_lr_threshold,True,"OPENING, NEEDS_ANALYSIS, PRODUCT_PITCH, PASSIVE_AGREEMENT",0.95,True,"Greeting present; agent pitches auto insurance rate comparison and collects lead data (zip, current provider); customer agrees to a text."
